obs_id,taxon_name,n_usable_heads,min_dimension_median,sharpness_median,involucre_projection_roughness,involucre_spread_fraction,spine_relative_length_max_proxy,coordinate_precision_tier,env_chelsa_bio01_native,env_chelsa_bio04_native,env_chelsa_bio12_native,env_chelsa_bio15_native,log_min_dimension,log1p_sharpness,resolution_stratum
357636,Cirsium pringlei,1,185.0,2094.916377050344,0.1217205952777046,0.3627450980392157,0.3303557564730269,high_le_1km,2826.0,3438.0,824.0,675.0,5.220355825078324,7.647746148199602,150_199
689742,Cirsium tancitaroense,1,166.0,2903.256718859155,0.061306227528007,0.2555555555555555,0.1166570984242132,moderate_1_to_10km,2840.0,1857.0,1978.0,1022.0,5.111987788356544,7.973932773848481,150_199
689745,Cirsium tancitaroense,1,319.0,592.198625929637,0.0779806210110325,0.1839080459770115,0.226659905316742,unknown,2840.0,1857.0,1978.0,1022.0,5.765191102784844,6.3855292938916355,300_plus
746801,Cirsium andrewsii,1,180.0,2203.648774285787,0.1096193520905584,0.3421052631578947,0.2444052780563882,moderate_1_to_10km,2862.0,1948.0,707.0,917.0,5.19295685089021,7.698323489155387,150_199
791785,Cirsium bicentenariale,1,229.0,673.7283228130741,0.0708565387579243,0.1935483870967742,0.2715813170198984,unknown,2892.0,3036.0,715.0,751.0,5.43372200355424,6.514310125132443,200_299
876845,Cirsium oaxacanum,2,276.5,1052.3048676594503,0.08126342690651275,0.30465258025193004,0.1696072604246407,unknown,2831.0,1708.0,1751.0,723.0,5.6222108209623896,6.959687993173744,200_299
1517235,Cirsium pinetorum,1,219.0,2340.669359708776,0.2598680417370798,0.3302752293577982,0.7551460743300056,high_le_1km,2878.0,2432.0,737.0,797.0,5.389071729816501,7.758619355586745,200_299
1606869,Cirsium subcoriaceum,1,342.0,1086.0022175582694,0.1203742369849961,0.3489062726350862,0.2725041298361361,high_le_1km,2875.0,1778.0,1384.0,886.0,5.834810737062605,6.991178927191133,300_plus
1701793,Cirsium texanum,1,333.0,1100.0547505793788,0.1245984543134148,0.41,0.2867947233042385,high_le_1km,2917.0,7272.0,1346.0,168.0,5.808142489980444,7.0040238635329475,300_plus
1866404,Cirsium candelabrum,1,318.0,4211.701807660273,0.1927841193000872,0.4175824175824176,0.4701467507627983,high_le_1km,2841.0,7618.0,722.0,141.0,5.762051382780177,8.345859480376093,300_plus
1945350,Cirsium nuttallii,1,204.0,2178.5757677491765,0.0984583423554514,0.3153153153153153,0.2718461770179777,high_le_1km,2925.0,6013.0,1697.0,134.0,5.318119993844216,7.686885534895799,200_299
1951910,Cirsium repandum,1,180.0,1294.445632142857,0.1107618660805669,0.3444444444444444,0.2588843188814361,moderate_1_to_10km,2895.0,7271.0,1236.0,211.0,5.19295685089021,7.166610032423628,150_199
1991555,Cirsium grahamii,1,229.0,3564.569234358449,0.1116683319747305,0.3176470588235294,0.2463986669480424,high_le_1km,2869.0,6485.0,614.0,853.0,5.43372200355424,8.179078993133837,200_299
2180452,Cirsium novoleonense,1,174.0,6687.594561506365,0.0665472177654216,0.1919191919191919,0.1868086971339657,high_le_1km,2816.0,2890.0,728.0,655.0,5.159055299214529,8.808159050559954,150_199
3538246,Cirsium alsophilum,1,151.0,1482.9576618521846,0.0841566634514501,0.3111111111111111,0.1563969801179848,high_le_1km,2797.0,6566.0,1477.0,300.0,5.017279836814924,7.302467893571143,150_199
3685492,Cirsium undulatum,1,245.0,1734.9796324933477,0.0626952937567817,0.196078431372549,0.209827170960191,high_le_1km,2875.0,3324.0,555.0,706.0,5.501258210544727,7.459327162716763,200_299
3693782,Cirsium griseum,2,420.5,1635.8558835307012,0.12694163375087258,0.26915981888311247,0.30993234341240056,unknown,2730.0,8107.0,1164.0,172.0,6.041444479413003,7.400532536556561,300_plus
3720999,Cirsium scopulorum,2,188.5,1821.6952122249324,0.06657176379854746,0.22224489795918365,0.18038370133386333,unknown,2702.0,8735.0,878.0,285.0,5.2390980068880655,7.508071570478622,150_199
3731811,Cirsium andrewsii,1,272.0,7171.396792130702,0.1182595689921249,0.2544603033006244,0.2589006372244636,high_le_1km,2864.0,2158.0,750.0,926.0,5.605802066295998,8.877995158366241,200_299
3897781,Cirsium conspicuum,2,200.0,231.09393183098277,0.12588323716508024,0.3466702470461869,0.41131537372385363,high_le_1km,2845.0,2006.0,1595.0,615.0,5.298317366548036,5.447142168306916,200_299
4077120,Cirsium spinosissimum,1,263.0,2151.446462813153,0.1519885502384435,0.4235294117647059,0.3929004847271447,moderate_1_to_10km,2710.0,7094.0,3196.0,249.0,5.572154032177765,7.674360363896474,200_299
4093866,Cirsium sairamense,1,262.0,4027.218631810109,0.0827006181510471,0.3097345132743362,0.1964031062458544,unknown,2742.0,8285.0,512.0,626.0,5.568344503761097,8.301079530371936,200_299
4098341,Cirsium virginianum,1,250.0,1036.9797881513002,0.1035303326611017,0.3505154639175257,0.279164053279946,unknown,2915.0,5804.0,1480.0,280.0,5.521460917862246,6.945031591620358,200_299
4192880,Cirsium grahamii,2,299.0,457.39711805789665,0.07190623371105395,0.19947479443798694,0.23486821471520503,high_le_1km,2851.0,5437.0,1031.0,932.0,5.700443573390687,6.127735878421554,200_299
4194278,Cirsium subuliforme,1,167.0,2848.3603804964537,0.0854302771025446,0.25,0.2215586751182106,unknown,2891.0,1533.0,1050.0,918.0,5.117993812416755,7.954849820179006,150_199
4194974,Cirsium subuliforme,1,240.0,2315.2201199424285,0.1048082885851812,0.3644859813084112,0.3698117883309229,unknown,2891.0,1533.0,1050.0,918.0,5.480638923341991,7.747691877329606,200_299
4599588,Cirsium coahuilense,1,172.0,2072.70730565828,0.1648203754326152,0.4166666666666667,0.7126609489023701,moderate_1_to_10km,2961.0,5408.0,303.0,619.0,5.147494476813453,7.637093253303945,150_199
4766115,Cirsium rhaphilepis,1,210.0,583.6104990282677,0.0946676834532514,0.3541666666666667,0.1680123313822037,moderate_1_to_10km,2890.0,2103.0,508.0,794.0,5.3471075307174685,6.370945811852635,200_299
4844633,Cirsium peckii,1,367.0,4302.534721242702,0.1497379025346829,0.3975903614457831,0.3461359754024123,high_le_1km,2766.0,8677.0,657.0,381.0,5.905361848054571,8.367191992197496,300_plus
4892677,Cirsium discolor,1,229.0,1707.2276076275743,0.0688537468258544,0.2333333333333333,0.1791388935688588,high_le_1km,2887.0,7678.0,1550.0,164.0,5.43372200355424,7.443211625205339,200_299
5203149,Cirsium acrolepis,1,337.0,4007.8828979394975,0.0621861868016062,0.2058823529411764,0.1968873071627882,high_le_1km,2882.0,3389.0,788.0,689.0,5.820082930352362,8.296267902422802,300_plus
5230737,Cirsium ehrenbergii,1,275.0,1613.3058666610134,0.0644157024607446,0.2413793103448276,0.1475410280193018,high_le_1km,2843.0,1941.0,1222.0,1005.0,5.616771097666572,7.386660339339506,200_299
5481089,Cirsium subcoriaceum,1,207.0,2765.3222693774333,0.1201089785772559,0.3536585365853658,0.2675418940907794,low_gt_10km,2868.0,1664.0,632.0,879.0,5.332718793265369,7.925274016420268,200_299
5482536,Cirsium oaxacanum,1,226.0,2052.183939478186,0.1286778801888172,0.3666666666666666,0.3300869383074911,low_gt_10km,2858.0,1707.0,662.0,881.0,5.420534999272286,7.627147008464918,200_299
5482688,Cirsium muticum,1,356.0,3289.7762337370023,0.1034116762575609,0.2376237623762376,0.260699663841813,high_le_1km,2828.0,9813.0,914.0,320.0,5.87493073085203,8.098878753236669,300_plus
5501522,Cirsium scopulorum,1,190.0,1122.1436848336873,0.1164603022557028,0.3846153846153846,0.3256614105010823,moderate_1_to_10km,2705.0,8091.0,1055.0,303.0,5.247024072160486,7.0238868938679415,150_199
5626842,Cirsium jaliscoense,1,346.0,1505.4103854122982,0.1145662218305512,0.3793103448275862,0.2774412491271262,high_le_1km,2885.0,1516.0,1605.0,1090.0,5.846438775057725,7.317484871512153,300_plus
6447466,Cirsium acrolepis,1,289.0,2805.099274947611,0.1166473049140198,0.3222222222222222,0.2191800536909554,unknown,2897.0,4183.0,788.0,789.0,5.666426688112432,7.9395506395617295,200_299
6539168,Cirsium neomexicanum,1,176.0,4179.56812657713,0.1498334393651866,0.375,0.4394427173322099,moderate_1_to_10km,2828.0,8091.0,447.0,510.0,5.170483995038151,8.338202431732208,150_199
6574219,Cirsium muticum,1,277.0,4637.2996614678505,0.1442246211699486,0.27,0.3568609219583392,high_le_1km,2807.0,9580.0,835.0,221.0,5.6240175061873385,8.4421031257904,200_299
7025291,Cirsium conspicuum,1,202.0,666.528881694223,0.0679251904967943,0.16,0.2721124834238511,unknown,2891.0,1681.0,777.0,871.0,5.308267697401205,6.503582657794117,200_299
7199273,Cirsium hygropodum,1,186.0,1974.247042828873,0.1559063985141671,0.3814432989690721,0.3255578814031674,high_le_1km,2837.0,3320.0,1301.0,825.0,5.225746673713202,7.588448754489393,150_199
7303817,Cirsium velatum,1,207.0,2479.0852416348607,0.0677899704033136,0.2018348623853211,0.252193475672571,high_le_1km,2859.0,1659.0,1087.0,919.0,5.332718793265369,7.816048210195297,200_299
7312552,Cirsium acrolepis,1,171.0,2714.872487553187,0.1345034102413743,0.25,0.536451322993623,high_le_1km,2848.0,3027.0,899.0,672.0,5.14166355650266,7.906868538958347,150_199
7409090,Cirsium texanum,1,234.0,1573.8599219254615,0.1121363937875798,0.3717948717948718,0.2312171281848165,unknown,2897.0,3372.0,411.0,592.0,5.455321115357702,7.361921608844449,200_299
7588981,Cirsium scariosum,2,201.0,4053.1611641320105,0.1476156705042568,0.3641970549687765,0.33397931297920513,unknown,2757.0,8502.0,637.0,618.0,5.303304908059076,8.30749908057105,200_299
7678322,Cirsium muticum,1,173.0,2191.907443642041,0.0807273253647668,0.2441860465116279,0.1751286315187285,unknown,2843.0,9036.0,1000.0,222.0,5.153291594497779,7.6929835421656305,150_199
7694800,Cirsium novoleonense,1,183.0,2709.481696729716,0.0767688437946906,0.3009708737864077,0.1334949228769745,high_le_1km,2827.0,3426.0,816.0,671.0,5.209486152841421,7.904881645949209,150_199
7802224,Cirsium anartiolepis,3,429.0,350.4029050280099,0.117782905967543,0.3835616438356164,0.2755184712591998,unknown,2853.0,1709.0,822.0,743.0,6.061456918928017,5.861933442730805,300_plus
7826696,Cirsium altissimum,1,310.0,2789.254284935485,0.1065763810752441,0.4024390243902439,0.1801867053378786,unknown,2893.0,7124.0,1487.0,125.0,5.736572297479192,7.93388801221621,300_plus
7842054,Cirsium townsendii,1,185.0,2548.823522926933,0.0860853808944012,0.3181818181818182,0.2283374607331824,unknown,2866.0,6477.0,623.0,851.0,5.220355825078324,7.843779429062257,150_199
7888507,Cirsium oaxacanum,1,188.0,3046.2609748376985,0.1258108855599123,0.2921348314606741,0.3071010683946197,high_le_1km,2843.0,1569.0,1266.0,789.0,5.236441962829949,8.021998425084206,150_199
7968496,Cirsium tracyi,1,326.0,4714.256361767907,0.133714427629854,0.4019607843137255,0.409160043111657,high_le_1km,2816.0,8855.0,298.0,305.0,5.786897381366708,8.458558565120319,300_plus
8330756,Cirsium magdalenense,1,221.0,5836.034471053334,0.0450833736290761,0.1914893617021276,0.119302052772348,high_le_1km,2954.0,3358.0,144.0,915.0,5.3981627015177525,8.671978150797683,200_299
8609650,Cirsium acrolepis,1,229.0,6468.751057247714,0.0482574698916388,0.1855670103092783,0.1294534582703326,high_le_1km,2913.0,4315.0,767.0,792.0,5.43372200355424,8.77489291028604,200_299
8715437,Cirsium pinetorum,1,253.0,1224.7850132442577,0.1142409663151802,0.4415584415584415,0.2153391780137871,high_le_1km,2858.0,2401.0,698.0,785.0,5.53338948872752,7.111336744874965,200_299
8888090,Cirsium altissimum,1,160.0,1238.0976400202655,0.0987054250997561,0.4382022471910112,0.1720812976945005,high_le_1km,2874.0,8190.0,1285.0,200.0,5.075173815233827,7.122138684028805,150_199
9221014,Cirsium brevifolium,2,281.0,820.3616528376634,0.0575923137329096,0.27688172043010745,0.13020655676407233,high_le_1km,2784.0,7999.0,740.0,343.0,5.638354669333745,6.710963515306869,200_299
9271936,Cirsium coloradense,1,303.0,535.070746833231,0.0694986321375085,0.2647058823529412,0.209747803175036,high_le_1km,2781.0,7592.0,575.0,637.0,5.713732805509369,6.284266142721346,300_plus
9285225,Cirsium subuliforme,1,302.0,1849.7593781531764,0.1821319842071132,0.2631578947368421,0.5113112172927828,unknown,2862.0,1746.0,692.0,740.0,5.71042701737487,7.523351308528079,300_plus
9544882,Cirsium anartiolepis,1,172.0,787.570925936055,0.1225417904459856,0.3595505617977528,0.3902857616001443,high_le_1km,2892.0,1971.0,853.0,976.0,5.147494476813453,6.670222352815694,150_199
9960172,Cirsium jaliscoense,2,255.0,2305.8102290626466,0.1114809272335961,0.3261637239165329,0.31230412824168435,moderate_1_to_10km,2922.0,1632.0,1707.0,1121.0,5.541263545158426,7.743620996039839,200_299
10065008,Cirsium anartiolepis,1,326.0,1407.993474387874,0.0741196183197569,0.2871287128712871,0.1797003992186102,high_le_1km,2850.0,2884.0,1777.0,1008.0,5.786897381366708,7.250630880509584,300_plus
10336714,Cirsium wheeleri,1,346.0,423.6262110566049,0.1407213617009487,0.3298969072164948,0.3926151574066284,unknown,2840.0,6885.0,572.0,720.0,5.846438775057725,6.051209278538159,300_plus
10679297,Cirsium ehrenbergii,1,215.0,1502.8198011594104,0.0759820079932623,0.3414634146341463,0.1533927712081332,low_gt_10km,2856.0,2065.0,621.0,754.0,5.3706380281276624,7.315763684272724,200_299
10732793,Cirsium brevicaule,1,317.0,2673.8299895117043,0.0537158290947082,0.2511045655375552,0.0949390818692317,high_le_1km,2977.0,2365.0,2332.0,891.0,5.75890177387728,7.891641101987655,300_plus
10822835,Cirsium discolor,1,297.0,1785.1871655454083,0.0697378374086439,0.2916666666666667,0.1519912918492577,moderate_1_to_10km,2787.0,10281.0,836.0,433.0,5.6937321388027,7.487838551883812,200_299
11020531,Cirsium subcoriaceum,1,200.0,3483.6774293163203,0.0782198856900194,0.2631578947368421,0.2348120572864702,high_le_1km,2878.0,1502.0,2854.0,495.0,5.298317366548036,8.15613075917364,200_299
11559073,Cirsium quercetorum,1,441.0,2533.865992347848,0.1366366679041289,0.3364485981308411,0.3306820922168643,high_le_1km,2856.0,2336.0,988.0,936.0,6.089044875446846,7.837896051648834,300_plus
11969467,Cirsium andrewsii,1,371.0,2654.7510746519583,0.1241508730649213,0.4059405940594059,0.275154147747617,high_le_1km,2866.0,2177.0,754.0,927.0,5.916202062607435,7.884482784311065,300_plus
12058362,Cirsium texanum,1,154.0,5235.364374466341,0.0602272527562501,0.2444444444444444,0.1279599743139389,high_le_1km,2949.0,6439.0,684.0,341.0,5.0369526024136295,8.563382714842716,150_199
12275109,Cirsium anartiolepis,2,193.5,1089.317717942506,0.12338542340556945,0.3603584382334115,0.3040249776709665,high_le_1km,2856.0,3389.0,645.0,1010.0,5.2652775124698366,6.994224417100802,150_199
12646598,Cirsium carolinianum,1,174.0,1325.5003344728989,0.1146812011980838,0.3295454545454545,0.2286654813808673,high_le_1km,2897.0,7340.0,1377.0,134.0,5.159055299214529,7.19029942572469,150_199
12667974,Cirsium douglasii,1,353.0,1610.5520446429098,0.1888853272853572,0.3473684210526316,0.5377397320747788,high_le_1km,2871.0,4955.0,1132.0,913.0,5.8664680569332965,7.3849529965099245,300_plus
13239853,Cirsium tracyi,1,257.0,3514.9328770615307,0.0773874580679251,0.2110091743119266,0.233048369139979,moderate_1_to_10km,2797.0,7788.0,346.0,282.0,5.54907608489522,8.165060167912237,200_299
13261275,Cirsium texanum,1,268.0,1454.9066689334825,0.1052828762645079,0.2828282828282828,0.2293482631297468,high_le_1km,2879.0,8531.0,482.0,519.0,5.5909869805108565,7.28338412569485,200_299
13347171,Cirsium arisanense,2,201.5,1073.0922708985383,0.1062546937158133,0.32001042209484104,0.2708239373264884,high_le_1km,2861.0,3988.0,3677.0,605.0,5.305789381386738,6.979231184691823,200_299
13405367,Cirsium cymosum,1,171.0,2870.107037371023,0.1415820883394334,0.3037974683544304,0.4943280668816659,unknown,2870.0,5908.0,1230.0,941.0,5.14166355650266,7.96245296168699,150_199
13526148,Cirsium acrolepis,1,176.0,3759.0554285944886,0.1115325061947079,0.3863636363636363,0.2626633225146535,high_le_1km,2950.0,4990.0,588.0,777.0,5.170483995038151,8.232188977922753,150_199
13585445,Cirsium canescens,1,468.0,381.6274258284817,0.1052624743444674,0.4059405940594059,0.2260891155264991,high_le_1km,2826.0,10136.0,538.0,621.0,6.148468295917647,5.947061737208842,300_plus
13820367,Cirsium ochrocentrum,1,194.0,4103.8251802156565,0.1199278780724037,0.3663366336633663,0.2785577649403656,moderate_1_to_10km,2832.0,8802.0,388.0,463.0,5.267858159063328,8.319918433943295,150_199
13896646,Cirsium parryi,1,184.0,9216.324913192724,0.0716899627397772,0.2525252525252525,0.165195107970377,high_le_1km,2760.0,7530.0,606.0,656.0,5.214935757608986,9.128840134885062,150_199
14352732,Cirsium jaliscoense,1,231.0,964.2610625613808,0.0866391459698012,0.3076923076923077,0.2270752130985298,moderate_1_to_10km,2893.0,2039.0,1012.0,1063.0,5.442417710521793,6.872398595903722,200_299
14406003,Cirsium hesperium,1,212.0,2177.6037525429056,0.1038878473589777,0.2736842105263158,0.2999850388947951,unknown,2704.0,7675.0,1222.0,254.0,5.356586274672012,7.686439470102983,200_299
14576496,Cirsium subcoriaceum,1,345.0,4219.148163591149,0.0797661757142948,0.2191780821917808,0.155460651806634,moderate_1_to_10km,2862.0,2407.0,935.0,1012.0,5.84354441703136,8.347625516269444,300_plus
14831807,Cirsium ownbeyi,1,251.0,3516.703662346409,0.0740974899985115,0.2526315789473684,0.1545669981907848,unknown,2819.0,10693.0,299.0,338.0,5.5254529391317835,8.165563687055535,200_299
14924183,Cirsium grahamii,1,323.0,1667.7903239753116,0.1138411026629664,0.425287356321839,0.2603657166441699,unknown,2803.0,7012.0,653.0,635.0,5.777652323222656,7.419854286036572,300_plus
15077402,Cirsium anartiolepis,2,190.0,3217.1101010059742,0.08152451251855711,0.24454087346024633,0.21980485275132872,unknown,2870.0,2904.0,728.0,1023.0,5.247024072160486,8.076549541077037,150_199
15093538,Cirsium arizonicum,1,298.0,754.0325642838642,0.0801603131446888,0.2524271844660194,0.2238214736462329,high_le_1km,2726.0,8957.0,964.0,743.0,5.697093486505405,6.626760879820695,200_299
15162399,Cirsium remotifolium,1,190.0,3315.245054711911,0.0739191584417583,0.2840909090909091,0.1839877114408806,high_le_1km,2773.0,6140.0,1996.0,573.0,5.247024072160486,8.106588414221862,150_199
15981539,Cirsium drummondii,1,229.0,3618.090410954275,0.0562292279938889,0.264367816091954,0.1209478551529013,high_le_1km,2763.0,8699.0,584.0,607.0,5.43372200355424,8.193978005554612,200_299
16119762,Cirsium arvense,1,213.0,2835.228223617747,0.0942443071733875,0.3085106382978723,0.2278702418685099,high_le_1km,2767.0,11692.0,706.0,527.0,5.3612921657094255,7.950230358186303,200_299
16718870,Cirsium grahamii,2,300.0,2877.1595932850087,0.08350424442319504,0.26922284065141205,0.27386054464407955,high_le_1km,2884.0,6512.0,503.0,867.0,5.703782474656201,7.964906338753853,300_plus
17112257,Cirsium anartiolepis,3,273.0,1615.5045301859975,0.1203548665115973,0.3155339805825242,0.4217694630244947,high_le_1km,2867.0,1975.0,996.0,968.0,5.60947179518496,7.38802139962738,200_299
17138672,Cirsium neomexicanum,1,209.0,2443.156297761622,0.0875178708093192,0.3814432989690721,0.1574606110890019,high_le_1km,2890.0,7277.0,132.0,606.0,5.342334251964811,7.801455269867627,200_299
17483654,Cirsium texanum,1,211.0,798.5892133725115,0.0495267523134409,0.2,0.0884029901892124,high_le_1km,2891.0,3036.0,414.0,600.0,5.351858133476067,6.684098112505878,200_299
17731277,Cirsium mexicanum,1,200.0,670.1263808808152,0.0849615941907278,0.4,0.2244922383454716,moderate_1_to_10km,2928.0,848.0,1982.0,923.0,5.298317366548036,6.508957466301898,200_299
17931047,Cirsium oligophyllum,1,158.0,2326.1214708929947,0.099817760675889,0.3296703296703296,0.1865781699879862,unknown,2867.0,7811.0,1451.0,508.0,5.062595033026967,7.752387362581482,150_199
18555486,Cirsium falconeri,1,317.0,1073.7372049394396,0.1293381579092782,0.1408450704225352,0.3746760781507775,low_gt_10km,2894.0,4724.0,2498.0,1119.0,5.75890177387728,6.979831450154967,300_plus
18851639,Cirsium arisanense,1,158.0,3834.52479076792,0.13483235617249,0.3902439024390244,0.2361446310093328,high_le_1km,2769.0,3561.0,4768.0,666.0,5.062595033026967,8.252061546882027,150_199
19340428,Cirsium horridulum,1,199.0,1847.7570799458176,0.061219684264773,0.2727272727272727,0.170766444570329,unknown,2949.0,4578.0,1359.0,551.0,5.293304824724492,7.522268843602974,150_199
19407347,Cirsium inamoenum,1,176.0,3257.968807361166,0.1003314807112632,0.3033707865168539,0.2139502240130725,unknown,2804.0,9240.0,409.0,365.0,5.170483995038151,8.089166107561676,150_199
19613185,Cirsium hupehense,1,172.0,1628.8375571781423,0.1076715106274887,0.2954545454545454,0.2202803701733199,high_le_1km,2950.0,4101.0,2228.0,787.0,5.147494476813453,7.396235630661684,150_199
19654983,Cirsium obvallatum,1,187.0,3541.2506688713224,0.1216534431692203,0.3977272727272727,0.3202847833414046,high_le_1km,2760.0,7081.0,3031.0,158.0,5.231108616854587,8.172517586271002,150_199
19799325,Cirsium rivulare,2,177.0,879.7335164626891,0.11101896158974205,0.21049859550561795,0.3400037502670633,low_gt_10km,2811.0,8153.0,632.0,434.0,5.176149732573829,6.78075510170439,150_199
20020301,Cirsium brevifolium,1,181.0,510.0305834078357,0.1464507650171912,0.3416666666666667,0.5486629283621172,high_le_1km,2822.0,8287.0,395.0,334.0,5.198497031265826,6.236429438525939,150_199
20251234,Cirsium alatum,1,169.0,1335.0764958048164,0.0910393057137226,0.3012048192771084,0.2220003661790235,high_le_1km,2771.0,13131.0,298.0,408.0,5.1298987149230735,7.197492609796386,150_199
20287341,Cirsium macrocephalum,1,299.0,9565.903250074494,0.0668656168445308,0.2061855670103092,0.1854637950210391,high_le_1km,2709.0,8334.0,988.0,334.0,5.700443573390687,9.166064842746765,200_299
20507207,Cirsium conspicuum,1,237.0,1632.43421286616,0.091092557903178,0.2151898734177215,0.2288366883583257,moderate_1_to_10km,2880.0,1836.0,1703.0,1182.0,5.4680601411351315,7.398439956502636,200_299
21844429,Cirsium conspicuum,1,272.0,1309.5789056985843,0.1399483397812458,0.4487179487179487,0.2927775458116797,moderate_1_to_10km,2883.0,2857.0,843.0,1097.0,5.605802066295998,7.178224231327527,200_299
22672852,Cirsium bicentenariale,1,372.0,1833.223596989715,0.0882922296989788,0.2307692307692307,0.2306230488424568,moderate_1_to_10km,2898.0,2737.0,637.0,784.0,5.918893854273146,7.514376563045752,300_plus
22962912,Cirsium pinetorum,1,345.0,3827.593980667482,0.0773635629159479,0.2705882352941176,0.1571974757582619,unknown,2838.0,2448.0,555.0,835.0,5.84354441703136,8.250252907899135,300_plus
23099099,Cirsium pacificum,1,180.0,2200.013688725662,0.0979817885756463,0.3010752688172043,0.2929428529109207,moderate_1_to_10km,2940.0,2170.0,1273.0,1161.0,5.19295685089021,7.696673300828186,150_199
23127766,Cirsium conspicuum,1,162.0,1633.8676378224177,0.1490244740360933,0.3452380952380952,0.3229317763314024,high_le_1km,2887.0,1777.0,1651.0,779.0,5.087596335232384,7.399317124593988,150_199
23799551,Cirsium andrewsii,1,366.0,5164.940165123445,0.0996751792393366,0.2190323520839405,0.439664850436081,high_le_1km,2866.0,2177.0,754.0,927.0,5.902633333401366,8.549842391150351,300_plus
23860105,Cirsium pacificum,1,163.0,9302.292035509212,0.0871542692079791,0.3076923076923077,0.2593399880908556,high_le_1km,2940.0,2162.0,1296.0,1162.0,5.093750200806762,9.138123598817208,150_199
24896106,Cirsium engelmannii,1,192.0,4897.724402197432,0.0763214223790692,0.247191011235955,0.1593037539214938,high_le_1km,2921.0,7615.0,919.0,274.0,5.2574953720277815,8.496730124125845,150_199
24950772,Cirsium texanum,1,192.0,4123.78260320425,0.0766714133695429,0.3146067415730337,0.1677721773696072,high_le_1km,2931.0,6435.0,847.0,299.0,5.2574953720277815,8.324768595126454,150_199
25084306,Cirsium brevistylum,1,330.0,6340.297215907432,0.1312654494149045,0.3067714917825537,0.4422526542750914,high_le_1km,2830.0,3168.0,4075.0,553.0,5.799092654460526,8.754838634689163,300_plus
25088132,Cirsium texanum,1,206.0,3487.243739505483,0.0767874145768286,0.3152173913043478,0.1642576630501903,high_le_1km,2891.0,8780.0,690.0,455.0,5.327876168789581,8.157153662032794,200_299
25231729,Cirsium occidentale,1,161.0,1944.034342824964,0.1192106852819584,0.4444444444444444,0.2318872566895984,unknown,2876.0,1480.0,494.0,1041.0,5.081404364984463,7.57303491287608,150_199
25310629,Cirsium brevicaule,1,370.0,4825.454042991539,0.0478983260420663,0.145631067961165,0.0852721189737425,unknown,2966.0,3505.0,1142.0,745.0,5.91350300563827,8.481867324434893,300_plus
25442700,Cirsium horridulum,2,236.5,3044.1405505319817,0.10299395131597991,0.2727272727272727,0.2941170949302577,high_le_1km,2924.0,5749.0,1286.0,322.0,5.465948207931988,8.021302336888933,200_299
25484483,Cirsium carolinianum,1,313.0,2164.977102775521,0.0789056434685465,0.3333333333333333,0.2394178091551614,high_le_1km,2874.0,7547.0,1493.0,190.0,5.746203190540153,7.680626856302623,300_plus
25836920,Cirsium carolinianum,1,281.0,1258.6836351519985,0.1439693939969306,0.3829787234042553,0.3815221558363607,high_le_1km,2883.0,7712.0,1170.0,112.0,5.638354669333745,7.138615885206157,200_299
26087204,Cirsium remotifolium,1,157.0,8560.341865847278,0.0551716575676097,0.1881188118811881,0.1282898787670577,high_le_1km,2832.0,5082.0,2097.0,725.0,5.056245805348308,9.055012216879106,150_199
26272814,Cirsium subuliforme,1,209.0,1083.0724222847932,0.0700057839804343,0.2448979591836734,0.1839848796756079,moderate_1_to_10km,2870.0,1771.0,827.0,828.0,5.342334251964811,6.988479989993712,200_299
26627103,Cirsium acrolepis,2,304.5,1658.1171553917352,0.09075821116324584,0.32021739130434784,0.2008427830944406,high_le_1km,2932.0,3815.0,831.0,681.0,5.718671087149952,7.414040905775306,300_plus
27640746,Cirsium canescens,1,267.0,3734.487138359711,0.0519027905547559,0.253012048192771,0.0920042658385889,unknown,2822.0,8511.0,419.0,647.0,5.58724865840025,8.225633514325926,200_299
27909998,Cirsium lecontei,1,240.0,1945.4014686987584,0.1544400940834542,0.4299065420560747,0.3994857244375687,high_le_1km,2908.0,6300.0,1440.0,295.0,5.480638923341991,7.573737546040935,200_299
27920716,Cirsium roseolum,1,365.0,7561.993668634856,0.0599854460465397,0.15,0.2286863405468739,high_le_1km,2814.0,9561.0,575.0,210.0,5.8998973535824915,8.93102237870572,300_plus
27953835,Cirsium texanum,1,202.0,2411.397593179354,0.0675398933355815,0.2688172043010752,0.1737409399948271,high_le_1km,2955.0,4855.0,762.0,689.0,5.308267697401205,7.788376383889116,200_299
28122427,Cirsium horridulum,1,294.0,2230.865216559908,0.0854984954480991,0.320754716981132,0.2035871622330545,high_le_1km,2938.0,5584.0,2023.0,203.0,5.683579767338681,7.710592934831923,200_299
28244456,Cirsium rhizocephalum,1,333.0,1667.8185063636824,0.0995244949780175,0.3411764705882353,0.1937800331563753,moderate_1_to_10km,2742.0,8150.0,820.0,339.0,5.808142489980444,7.41987117380851,300_plus
28577825,Cirsium vulgare,1,155.0,3273.56289275836,0.2003504699282882,0.4067796610169492,0.4566406108091867,high_le_1km,2873.0,7638.0,699.0,251.0,5.043425116919247,8.093939671301682,150_199
28619918,Cirsium heterophyllum,1,278.0,3532.2834437684974,0.0972443038140821,0.3516483516483517,0.2581029839382285,high_le_1km,2744.0,12565.0,490.0,382.0,5.627621113690637,8.169982871644203,200_299
28624349,Cirsium ukranicum,1,242.0,4440.294543100847,0.0691912944887474,0.2365591397849462,0.1126923167460842,high_le_1km,2806.0,9337.0,598.0,213.0,5.488937726156687,8.398701176691269,200_299
28719936,Cirsium acrolepis,1,207.0,6080.055628645377,0.0525298867235024,0.1684210526315789,0.1482146068090912,moderate_1_to_10km,2904.0,3573.0,841.0,686.0,5.332718793265369,8.712933583021924,200_299
28719937,Cirsium pringlei,2,185.5,2106.3554014044366,0.0812656606279243,0.2548090935587292,0.19257288783779664,high_le_1km,2896.0,3500.0,880.0,684.0,5.22305488204749,7.653189076088894,150_199
28780064,Cirsium edule,1,283.0,2208.34634512057,0.073716395394164,0.2783505154639175,0.1893480895745587,unknown,2767.0,6515.0,2990.0,557.0,5.645446897643238,7.700451979324144,200_299
28807507,Cirsium hookerianum,1,190.0,1159.258530712363,0.1416206973626073,0.4588235294117647,0.2157583400862049,high_le_1km,2738.0,9330.0,900.0,316.0,5.247024072160486,7.056398130572052,150_199
28825377,Cirsium inamoenum,1,190.0,4971.177167119887,0.0781508165716659,0.2117647058823529,0.2505040921281296,high_le_1km,2775.0,8696.0,505.0,393.0,5.247024072160486,8.511613084964365,150_199
28980248,Cirsium clavatum,1,167.0,2934.479493366487,0.1079052763022311,0.2886597938144329,0.3411419920298973,moderate_1_to_10km,2764.0,8541.0,749.0,91.0,5.117993812416755,7.984626089741972,150_199
29093521,Cirsium tukuhnikivatzicum,1,304.0,3527.2513433651347,0.0611509419984252,0.2176470588235294,0.1837060733686556,high_le_1km,2786.0,9628.0,424.0,256.0,5.717027701406222,8.168557657039495,300_plus
29098123,Cirsium esculentum,1,206.0,3167.820599508672,0.1128751336759088,0.3205128205128205,0.2941697720288418,high_le_1km,2704.0,12770.0,160.0,964.0,5.327876168789581,8.061114747015141,200_299
29428699,Cirsium andersonii,1,221.0,3794.037852214328,0.0612905418985975,0.1604938271604938,0.1712311657971876,high_le_1km,2786.0,6856.0,1548.0,724.0,5.3981627015177525,8.241449664013013,200_299
29581515,Cirsium roseolum,1,364.0,6088.662585215135,0.0836180349072769,0.282051282051282,0.1399279369329163,high_le_1km,2817.0,9607.0,536.0,186.0,5.8971538676367405,8.714347954442465,300_plus
29761788,Cirsium rhaphilepis,1,277.0,3814.230149950277,0.1439169088787824,0.3666666666666666,0.3609597299215407,high_le_1km,2855.0,2118.0,615.0,753.0,5.6240175061873385,8.246756269539882,200_299
30262206,Cirsium roseolum,1,370.0,6679.007576057912,0.1331091801958556,0.1910112359550561,0.3665399653541449,high_le_1km,2817.0,9607.0,536.0,186.0,5.91350300563827,8.806874400670454,300_plus
30350553,Cirsium occidentale,1,223.0,993.801823763298,0.1212224148545198,0.2765957446808511,0.3412512237514288,unknown,2860.0,5847.0,1317.0,931.0,5.407171771460119,6.902543545224009,200_299
30428959,Cirsium tymphaeum,1,167.0,5807.79553159516,0.0960925128535746,0.3506493506493506,0.1805770724466966,high_le_1km,2818.0,7096.0,1046.0,443.0,5.117993812416755,8.667128518818247,150_199
30495480,Cirsium turkestanicum,1,305.0,2769.368258065239,0.1424655305181114,0.2711864406779661,0.7851415714368206,high_le_1km,2771.0,8776.0,1298.0,346.0,5.720311776607412,7.926735535494867,300_plus
30718922,Cirsium undulatum,1,152.0,1151.3768553830264,0.0922198461285701,0.3625,0.2229544236419116,unknown,2794.0,11127.0,395.0,660.0,5.0238805208462765,7.049581919168901,150_199
30756080,Cirsium coahuilense,1,162.0,1666.0939971442506,0.1425638426081901,0.4166666666666667,0.316340656011564,unknown,2962.0,5347.0,269.0,604.0,5.087596335232384,7.418837268170255,150_199
30947964,Cirsium flodmanii,1,199.0,2391.3114663198285,0.0898981362381113,0.3229166666666667,0.2383093067100106,high_le_1km,2795.0,11399.0,766.0,522.0,5.293304824724492,7.780015318265887,150_199
31013956,Cirsium scariosum,1,236.0,3844.2322230663767,0.0662049351760437,0.3157894736842105,0.133480056274559,high_le_1km,2812.0,6843.0,639.0,621.0,5.4638318050256105,8.254589276232066,200_299
31059589,Cirsium macrocephalum,2,324.5,4192.772870311867,0.0671897958805415,0.2276080084299262,0.16502398893972414,high_le_1km,2694.0,8401.0,1060.0,331.0,5.782285536144145,8.34135605413269,300_plus
31180293,Cirsium inamoenum,1,297.0,2938.7786230012625,0.1401592547973749,0.42,0.3361451955279184,high_le_1km,2752.0,7159.0,1660.0,704.0,5.6937321388027,7.986089559198778,200_299
31391959,Cirsium aomorense,1,170.0,2598.842413975649,0.0940405663321513,0.3372093023255814,0.2977338634420198,high_le_1km,2838.0,8702.0,1627.0,214.0,5.135798437050262,7.863206112163347,150_199
31392012,Cirsium aomorense,1,195.0,5278.822612903546,0.0829591257965935,0.3703703703703703,0.1659223181984307,high_le_1km,2838.0,8702.0,1627.0,214.0,5.272999558563747,8.571647780094953,150_199
31437109,Cirsium pitcheri,1,255.0,7937.956140117298,0.073389016000021,0.1752577319587628,0.250333397831185,high_le_1km,2788.0,9998.0,836.0,206.0,5.541263545158426,8.97953707709936,200_299
31580662,Cirsium rhaphilepis,1,181.0,2533.196111987235,0.0900786759684591,0.3409090909090909,0.1757116696907592,high_le_1km,2882.0,2120.0,593.0,800.0,5.198497031265826,7.837631750146614,150_199
32008027,Cirsium repandum,1,183.0,1242.054292464646,0.1295825731765247,0.3269230769230769,0.3741518944587398,high_le_1km,2909.0,7007.0,1076.0,245.0,5.209486152841421,7.125326769128549,150_199
32054492,Cirsium clavatum,1,170.0,2455.2784427109023,0.0577296214125259,0.2,0.1970502429110563,high_le_1km,2736.0,8136.0,695.0,270.0,5.135798437050262,7.806402655280157,150_199
32401018,Cirsium macrocephalum,1,317.0,5815.835285106722,0.1104265281345852,0.3263157894736842,0.361725813403579,unknown,2729.0,7966.0,1143.0,651.0,5.75890177387728,8.668511627385858,300_plus
32891702,Cirsium texanum,1,204.0,1524.582598669176,0.0779264953625053,0.2989690721649484,0.1789504389287318,high_le_1km,2874.0,5209.0,581.0,991.0,5.318119993844216,7.330131648000115,200_299
33468869,Cirsium hygropodum,1,167.0,1841.6105906509504,0.1095347080976946,0.3113207547169811,0.2373536813826174,high_le_1km,2857.0,3445.0,833.0,924.0,5.117993812416755,7.5189386443251705,150_199
33581547,Cirsium falconeri,1,319.0,2836.4624848076646,0.1324141861058019,0.2886597938144329,0.5012155337297808,high_le_1km,2787.0,6058.0,1696.0,748.0,5.765191102784844,7.950665440489099,300_plus
33609862,Cirsium kosmelii,1,179.0,6082.699723429975,0.0541480547152519,0.2179487179487179,0.106305426160682,high_le_1km,2766.0,7775.0,810.0,415.0,5.187385805840755,8.713368297037901,150_199
33692191,Cirsium falconeri,1,256.0,3005.1112165032205,0.1134407998268344,0.3277310924369748,0.288315769368777,unknown,2804.0,5823.0,1696.0,733.0,5.545177444479562,8.008402567799902,200_299
34065133,Cirsium semenowii,1,228.0,5672.0875598116045,0.0900804382980857,0.2840909090909091,0.2278952779449566,high_le_1km,2678.0,9003.0,1207.0,538.0,5.429345628954441,8.643488791688615,200_299
34086025,Cirsium simplex,1,265.0,4229.805066247056,0.1003408429161402,0.1976744186046511,0.3501875913798554,unknown,2746.0,7319.0,3210.0,215.0,5.579729825986222,8.35014757692105,200_299
34275699,Cirsium subuliforme,2,214.5,2541.8355225349205,0.1152921065425969,0.35678239272880996,0.2678489754312316,unknown,2871.0,1711.0,651.0,770.0,5.368309738368072,7.84103508481481,200_299
34306350,Cirsium engelmannii,1,227.0,6020.14623257765,0.1513816667271803,0.2125,0.5812968067331268,high_le_1km,2894.0,8126.0,1343.0,163.0,5.424950017481403,8.703032924260976,200_299
34568043,Cirsium edule,1,175.0,2039.3883304793665,0.0714228403225501,0.2555555555555555,0.1963727340732531,unknown,2732.0,6733.0,3112.0,461.0,5.1647859739235145,7.620895426800583,150_199
35011266,Cirsium pinetorum,1,238.0,3084.109444502066,0.1306969261921437,0.3134328358208955,0.4291258788186514,unknown,2855.0,2789.0,549.0,707.0,5.472270673671475,8.034342412048003,200_299
35472115,Cirsium murdockii,1,209.0,1084.715169777725,0.1030830076036937,0.3555555555555555,0.166993834086031,moderate_1_to_10km,2708.0,9789.0,867.0,336.0,5.342334251964811,6.989994191487734,200_299
35903179,Cirsium wheeleri,1,205.0,3902.05641852819,0.0723069147705026,0.1789473684210526,0.18763744708094,unknown,2825.0,6951.0,598.0,619.0,5.3230099791384085,8.269515222246058,200_299
36028855,Cirsium purpuratum,1,310.0,2023.192969484224,0.1800562446412982,0.3434343434343434,0.7120029201965005,high_le_1km,2829.0,7947.0,3208.0,435.0,5.736572297479192,7.6129263665169855,300_plus
36132633,Cirsium ferum,1,334.0,2114.0099605323912,0.1033011505120238,0.2905982905982906,0.3111906255903258,high_le_1km,2876.0,3880.0,3197.0,674.0,5.811140992976701,7.656814800940869,300_plus
36221447,Cirsium scariosum,1,370.0,4594.652538312073,0.0997922738309358,0.1958762886597938,0.2252468726475507,high_le_1km,2754.0,9588.0,1057.0,147.0,5.91350300563827,8.432866035221302,300_plus
36375534,Cirsium simplex,1,312.0,4366.443030040776,0.1093430251939278,0.391304347826087,0.2229697390525187,high_le_1km,2710.0,7661.0,1877.0,225.0,5.7430031878094825,8.381932997856914,300_plus
37058510,Cirsium appendiculatum,1,183.0,5065.526801638152,0.1110384405105499,0.325,0.2797387596755438,moderate_1_to_10km,2731.0,7149.0,1071.0,163.0,5.209486152841421,8.530410812845396,150_199
37214338,Cirsium tracyi,1,324.0,1537.7572609021029,0.0694442999288272,0.2895611702127659,0.1249512774507534,unknown,2814.0,8063.0,391.0,186.0,5.780743515792329,7.33873039618914,300_plus
38476699,Cirsium repandum,1,344.0,6016.584111815448,0.0811763252720569,0.263638147566719,0.1929605134847085,high_le_1km,2892.0,7269.0,1290.0,204.0,5.840641657373398,8.702441147426667,300_plus
38628642,Cirsium pendulum,1,351.0,6348.478695244722,0.1783565560630179,0.2475247524752475,0.7815989286440587,high_le_1km,2828.0,10435.0,594.0,1052.0,5.860786223465865,8.756127993279687,300_plus
38806149,Cirsium pacificum,1,292.0,1084.344077116824,0.0626369453694564,0.2808988764044944,0.1241440680971255,high_le_1km,2981.0,2734.0,942.0,1142.0,5.676753802268282,6.989652337468739,200_299
38818633,Cirsium jaliscoense,1,296.0,2975.631217603919,0.0694110827162672,0.2613636363636363,0.1972841064393181,moderate_1_to_10km,2920.0,1589.0,1429.0,1091.0,5.69035945432406,7.9985474761518764,200_299
39118708,Cirsium arizonicum,1,172.0,3929.386685945314,0.0787998830687181,0.2921348314606741,0.223117484161094,high_le_1km,2881.0,6787.0,465.0,713.0,5.147494476813453,8.276493093393306,150_199
39270296,Cirsium grahamii,1,273.0,1578.7164171836268,0.1287767793300612,0.3229166666666667,0.3505656372508269,high_le_1km,2825.0,7039.0,655.0,459.0,5.60947179518496,7.365000627116875,200_299
39830278,Cirsium ehrenbergii,2,253.5,2075.3274992729594,0.1434127762679322,0.361318118304611,0.37582198166577063,high_le_1km,2800.0,1808.0,1199.0,1011.0,5.535363823031238,7.638355986792215,200_299
39983402,Cirsium horridulum,1,162.0,8136.248540669352,0.0979306667383154,0.3522727272727273,0.1851177054053762,high_le_1km,2944.0,4669.0,1324.0,418.0,5.087596335232384,9.004207384739136,150_199
40084712,Cirsium occidentale,1,286.0,2444.061360609748,0.0819688737676823,0.3048780487804878,0.2015057824717437,high_le_1km,2872.0,1347.0,443.0,1023.0,5.655991810819852,7.801825497957969,200_299
40132178,Cirsium ehrenbergii,1,240.0,2521.7995721984075,0.0920383175036813,0.3333333333333333,0.2392617332581186,unknown,2842.0,2168.0,655.0,762.0,5.480638923341991,7.833124505215361,200_299
40404680,Cirsium texanum,1,200.0,685.7942165441666,0.0979921280449631,0.2233009708737864,0.3421124633145218,high_le_1km,2964.0,4295.0,677.0,667.0,5.298317366548036,6.532034708114491,200_299
41214085,Cirsium esculentum,1,188.0,3967.824219088776,0.065593747482223,0.3191489361702128,0.1609532924229196,high_le_1km,2730.0,9481.0,1076.0,692.0,5.236441962829949,8.286225163338905,150_199
41214736,Cirsium sairamense,1,207.0,3349.300325735137,0.0744838882999077,0.2604166666666667,0.1751998867283305,high_le_1km,2668.0,8920.0,937.0,621.0,5.332718793265369,8.116805270274014,200_299
41405590,Cirsium remotifolium,1,318.0,5283.597224297751,0.1663072206328888,0.3083333333333333,0.3122192663127473,high_le_1km,2836.0,5213.0,1526.0,641.0,5.762051382780177,8.572551684292792,300_plus
41741750,Cirsium carolinianum,1,192.0,1989.1217045296337,0.1180697060268018,0.3894736842105263,0.2175844033451427,high_le_1km,2865.0,7301.0,1530.0,166.0,5.2574953720277815,7.595951073903553,150_199
41804209,Cirsium pendulum,1,324.0,1982.889089855927,0.1104807225640053,0.3038903061224489,0.3539962778444673,high_le_1km,2710.0,15899.0,569.0,945.0,5.780743515792329,7.592814383991867,300_plus
42090391,Cirsium italicum,1,331.0,2462.99315239452,0.0798459777470865,0.3663366336633663,0.1471609277131322,high_le_1km,2842.0,6196.0,1027.0,379.0,5.802118375377063,7.809538545588883,300_plus
42312840,Cirsium esculentum,1,331.0,1399.2825731565017,0.1691351740945543,0.3391304347826087,0.4733211715009702,high_le_1km,2704.0,16605.0,491.0,953.0,5.802118375377063,7.244429333205737,300_plus
42952137,Cirsium pendulum,1,297.0,554.8823250600112,0.1432734245944362,0.4299065420560747,0.4693009777839624,high_le_1km,2700.0,16438.0,525.0,974.0,5.6937321388027,6.3205566262749775,200_299
44511988,Cirsium pinetorum,1,327.0,1719.0448856141752,0.1347722914910252,0.3255813953488372,0.3024168664307425,moderate_1_to_10km,2841.0,2434.0,557.0,834.0,5.7899601708972535,7.450105665754307,300_plus
44849231,Cirsium horridulum,1,367.0,1256.5737780284155,0.1204196303414785,0.413527397260274,0.2121062521167846,high_le_1km,2899.0,8335.0,1133.0,251.0,5.905361848054571,7.136939570653184,300_plus
45825590,Cirsium carolinianum,1,156.0,2735.3284135564527,0.0831765826146717,0.3076923076923077,0.140638782396107,unknown,2889.0,8174.0,1352.0,176.0,5.049856007249537,7.914372305733523,150_199
45857651,Cirsium pendulum,1,333.0,4666.845625990229,0.0834197308181337,0.293103448275862,0.2029586180539127,high_le_1km,2743.0,15792.0,534.0,982.0,5.808142489980444,8.448452922163419,300_plus
46589228,Cirsium serrulatum,1,300.0,2201.869949805117,0.1267319587548808,0.3271028037383177,0.3840387263564525,moderate_1_to_10km,2805.0,9897.0,592.0,214.0,5.703782474656201,7.697516311834719,300_plus
46667481,Cirsium repandum,1,211.0,995.0171751962048,0.1061449551071117,0.3461538461538461,0.2154709722260442,unknown,2902.0,7022.0,1158.0,189.0,5.351858133476067,6.903764501608816,200_299
46946646,Cirsium helenioides,1,191.0,1650.6002014055557,0.1074151373330341,0.388235294117647,0.18071612608509,high_le_1km,2725.0,12396.0,639.0,390.0,5.25227342804663,7.4094999159576505,150_199
47052652,Cirsium undulatum,1,281.0,922.3829870849472,0.1468089382761382,0.3263157894736842,0.3722096626015705,high_le_1km,2838.0,6825.0,565.0,703.0,5.638354669333745,6.82804408569366,200_299
47680182,Cirsium edule,1,158.0,1638.3012427092149,0.1454815530775109,0.3289473684210526,0.4992960372703686,moderate_1_to_10km,2731.0,8258.0,1080.0,286.0,5.062595033026967,7.402025358505212,150_199
47752172,Cirsium neomexicanum,1,308.0,1444.216372657779,0.1001180995772145,0.3294117647058823,0.2570083815485771,high_le_1km,2777.0,9697.0,498.0,161.0,5.730099782973574,7.2760143282003025,300_plus
48761128,Cirsium canescens,1,282.0,659.0740882731502,0.0870779360860058,0.2470588235294117,0.1766614088877414,high_le_1km,2825.0,10430.0,754.0,509.0,5.641907070938114,6.492352083679673,200_299
48816754,Cirsium rivulare,2,192.0,890.8583951310851,0.08603320771073156,0.2669956140350877,0.200495551169433,low_gt_10km,2811.0,8153.0,632.0,434.0,5.2574953720277815,6.793307370124874,150_199
48959221,Cirsium subcoriaceum,1,336.0,5561.454721924001,0.0725711271987862,0.1739130434782608,0.2516308920195624,high_le_1km,2791.0,574.0,5245.0,470.0,5.817111159963204,8.623794786562536,300_plus
49161315,Cirsium lecontei,1,235.0,3289.1485299310784,0.111652493681639,0.4123711340206185,0.2649279056421277,high_le_1km,2923.0,6023.0,1768.0,198.0,5.459585514144159,8.098687988616081,200_299
49363299,Cirsium maritimum,1,178.0,3672.4701913555296,0.0718637996093465,0.3052631578947368,0.1279596909546668,high_le_1km,2901.0,6231.0,2188.0,358.0,5.181783550292085,8.20889205051959,150_199
49868134,Cirsium tuberosum,1,365.0,1567.8587653439763,0.0925635826330323,0.3414634146341463,0.2970521016961063,high_le_1km,2831.0,4301.0,941.0,216.0,5.8998973535824915,7.358103732966892,300_plus
49998348,Cirsium nuttallii,1,200.0,2374.515515204678,0.1074895387536983,0.2980769230769231,0.2423724403358871,unknown,2942.0,5056.0,1547.0,378.0,5.298317366548036,7.772969751948387,200_299
50156530,Cirsium pyrenaicum,1,163.0,1995.4889655068328,0.1531117251672731,0.3474576271186441,0.4743838916098626,unknown,2838.0,5266.0,738.0,320.0,5.093750200806762,7.599145399569311,150_199
50179035,Cirsium pumilum,1,210.0,5508.56678718527,0.0577718576498088,0.25,0.1389666885165149,moderate_1_to_10km,2846.0,8814.0,1271.0,124.0,5.3471075307174685,8.614241276040632,200_299
50364146,Cirsium undulatum,1,158.0,3893.323506268764,0.0570559561647916,0.1881188118811881,0.1364575555331981,unknown,2831.0,10101.0,436.0,267.0,5.062595033026967,8.267275260619192,150_199
50656660,Cirsium ciliatum,1,390.0,5951.686403762697,0.0514984498444534,0.2352941176470588,0.1504323816619735,unknown,2796.0,8161.0,747.0,503.0,5.966146739123692,8.691597893076535,300_plus
50705549,Cirsium simplex,1,170.0,1894.1077229541288,0.0744264825661712,0.2448979591836734,0.2344151563008625,high_le_1km,2754.0,7105.0,2813.0,144.0,5.135798437050262,7.547030961786945,150_199
50813356,Cirsium alsophilum,2,259.0,1867.3951643089674,0.06621908187794401,0.17155425219941345,0.18943907565613122,high_le_1km,2824.0,6898.0,1692.0,368.0,5.556828061699537,7.532835140479114,200_299
51463411,Cirsium palustre,1,293.0,648.1971074694454,0.0996178632186918,0.3444444444444444,0.2909830811601053,high_le_1km,2816.0,5696.0,780.0,200.0,5.680172609017068,6.475736380099773,200_299
52069831,Cirsium pitcheri,1,152.0,3630.42978368201,0.0711673560395973,0.3,0.1173793263799849,unknown,2808.0,9107.0,1087.0,219.0,5.0238805208462765,8.197381729510816,150_199
52073464,Cirsium novoleonense,1,160.0,5411.403531489464,0.1194306854399686,0.4042553191489361,0.2248170530708709,high_le_1km,2828.0,3565.0,706.0,736.0,5.075173815233827,8.596448548870516,150_199
52177672,Cirsium anartiolepis,2,253.0,973.152952220766,0.07919579687396705,0.27264150943396226,0.21774989163149372,high_le_1km,2898.0,1449.0,898.0,933.0,5.53338948872752,6.881568326448066,200_299
52183190,Cirsium muticum,1,206.0,2168.626595555128,0.0798839422727233,0.2571428571428571,0.2080785081922027,high_le_1km,2821.0,8133.0,1402.0,150.0,5.327876168789581,7.682310355946722,200_299
52240296,Cirsium carniolicum,1,302.0,284.9849946619195,0.1129305830232572,0.3424657534246575,0.2648370045759773,high_le_1km,2838.0,7192.0,1292.0,340.0,5.71042701737487,5.655939343226388,300_plus
52353223,Cirsium hookerianum,1,156.0,3629.4453101466106,0.15856280908477,0.3452380952380952,0.370587839352358,high_le_1km,2701.0,8659.0,923.0,255.0,5.049856007249537,8.197110594706455,150_199
52627338,Cirsium edule,1,155.0,2512.7988370218504,0.0991990877802133,0.2564102564102564,0.2351361502183448,low_gt_10km,2768.0,7892.0,530.0,205.0,5.043425116919247,7.82955036885313,150_199
53283798,Cirsium esculentum,1,345.0,4737.211597067901,0.1336695335994005,0.2242990654205607,0.5664531239032009,moderate_1_to_10km,2755.0,11335.0,565.0,489.0,5.84354441703136,8.463415043296848,300_plus
53752274,Cirsium cymosum,1,353.0,2242.340408127319,0.1066772557199706,0.3571428571428571,0.1821632753944885,high_le_1km,2751.0,10541.0,394.0,262.0,5.8664680569332965,7.715721287662861,300_plus
53767161,Cirsium edule,1,179.0,2330.6241300006,0.0776725711086272,0.2291666666666666,0.2495511502022096,unknown,2746.0,6682.0,2039.0,494.0,5.187385805840755,7.7543203552345865,150_199
53852743,Cirsium pumilum,1,151.0,6937.220357265135,0.0679899115741256,0.2948717948717949,0.1408803700408625,unknown,2831.0,8543.0,1130.0,154.0,5.017279836814924,8.844800587945642,150_199
53867895,Cirsium undulatum,1,343.0,1158.5528923638722,0.1335249085163581,0.3218194254445964,0.4088879514492226,high_le_1km,2898.0,7691.0,1441.0,209.0,5.8377304471659395,7.055789772182887,300_plus
53917918,Cirsium zamoranense,1,152.0,3470.046207481916,0.1062944078863984,0.3663366336633663,0.2021549281629208,moderate_1_to_10km,2841.0,2434.0,557.0,834.0,5.0238805208462765,8.152211328213948,150_199
54032875,Cirsium oleraceum,1,159.0,3004.5585017908707,0.0887542912182591,0.2747252747252747,0.2412307231591271,unknown,2785.0,9642.0,680.0,287.0,5.0689042022202315,8.008218687201063,150_199
54322696,Cirsium ochrocentrum,1,205.0,3374.8869318480247,0.078386164542628,0.3571428571428571,0.1514685461763521,high_le_1km,2792.0,7980.0,708.0,443.0,5.3230099791384085,8.124413363403809,200_299
54899718,Cirsium hookerianum,2,248.0,1250.160683933269,0.16606766773155984,0.2703548410070149,0.6498541341086688,unknown,2758.0,8129.0,1002.0,199.0,5.5134287461649825,7.131826946609739,200_299
54968588,Cirsium oaxacanum,1,160.0,3260.9660815245084,0.1709974252340629,0.430379746835443,0.3671901768572006,high_le_1km,2842.0,1427.0,878.0,883.0,5.075173815233827,8.090085385065743,150_199
55311772,Cirsium novoleonense,1,193.0,4473.775812792418,0.0824439847995424,0.3263157894736842,0.1885188416589142,high_le_1km,2806.0,3570.0,811.0,664.0,5.262690188904886,8.406211531754005,150_199
55477569,Cirsium heterophyllum,1,174.0,2379.646765151552,0.1091635194109713,0.3804347826086957,0.2455268229147521,high_le_1km,2750.0,7206.0,1238.0,429.0,5.159055299214529,7.775127479811837,150_199
55912769,Cirsium hookerianum,1,279.0,2377.89052881102,0.0975247166788787,0.3141760762173606,0.3214448635438111,high_le_1km,2724.0,8834.0,966.0,290.0,5.631211781821365,7.774389493612016,200_299
56113897,Cirsium otayae,1,212.0,711.3483428038787,0.1098972884781719,0.3979591836734694,0.2408963849953927,high_le_1km,2733.0,9328.0,3765.0,211.0,5.356586274672012,6.568567037281477,200_299
56410820,Cirsium rivulare,1,324.0,7654.536759839756,0.079968474444913,0.2828282828282828,0.1638963789415001,high_le_1km,2796.0,8093.0,734.0,222.0,5.780743515792329,8.943184424489191,300_plus
56445557,Cirsium lecontei,1,261.0,519.4198850104788,0.0847631871719917,0.2345679012345679,0.1812838459752306,unknown,2929.0,5635.0,1868.0,354.0,5.564520407322694,6.254635956920009,200_299
56457675,Cirsium chokaiense,1,215.0,2424.8668945600507,0.0916152885062079,0.2948717948717949,0.1820060752068622,unknown,2763.0,9634.0,4929.0,240.0,5.3706380281276624,7.793944221782817,200_299
56490334,Cirsium otayae,1,187.0,1452.8636064729344,0.1610680027188523,0.4125,0.4447978039733705,high_le_1km,2742.0,9298.0,3774.0,210.0,5.231108616854587,7.2819798479664275,150_199
56498566,Cirsium palustre,1,208.0,3028.8426522824984,0.1173901073525173,0.3617021276595745,0.2120113322505159,high_le_1km,2800.0,7238.0,1353.0,299.0,5.337538079701318,8.01626596721524,200_299
56501862,Cirsium pannonicum,1,188.0,777.7895980580549,0.0635735524651066,0.2528735632183908,0.1337020629246537,unknown,2817.0,6784.0,1914.0,200.0,5.236441962829949,6.657740917037578,150_199
56559182,Cirsium ukranicum,1,209.0,2368.59307972939,0.0873318983496449,0.3232323232323232,0.223549255971743,high_le_1km,2808.0,9462.0,599.0,203.0,5.342334251964811,7.770473523070963,200_299
56641213,Cirsium murdockii,1,161.0,4846.12465536443,0.0569982542057113,0.2133333333333333,0.1232316162114532,high_le_1km,2707.0,8075.0,1000.0,298.0,5.081404364984463,8.486140953559739,150_199
56646440,Cirsium murdockii,1,335.0,5943.758769680552,0.0778927812112892,0.3424908424908425,0.1815852771600617,high_le_1km,2697.0,8285.0,1066.0,303.0,5.814130531825066,8.690265231292454,300_plus
56840453,Cirsium ciliatum,1,253.0,4035.7835787395647,0.0744476250168564,0.304265626846272,0.1855858370573918,high_le_1km,2851.0,8741.0,737.0,181.0,5.53338948872752,8.303203509988004,200_299
56965190,Cirsium verutum,2,254.0,1013.8581392726427,0.09453517120594421,0.28515301902398676,0.2372942498291941,high_le_1km,2832.0,6029.0,3414.0,969.0,5.537334267018537,6.9225041174445465,200_299
57051309,Cirsium canum,1,228.0,3290.582548301052,0.0838340490843332,0.2872340425531915,0.2446960176020762,unknown,2780.0,10418.0,621.0,259.0,5.429345628954441,8.099123745828164,200_299
57137478,Cirsium yatsu-alpicola,1,240.0,3491.65122924575,0.0889877518068436,0.3232323232323232,0.2646102430580796,high_le_1km,2791.0,8834.0,1744.0,481.0,5.480638923341991,8.158416391337743,200_299
57206448,Cirsium canum,1,269.0,3051.264944856263,0.0946274609728582,0.264367816091954,0.2196975230787059,unknown,2828.0,7130.0,584.0,376.0,5.594711379601839,8.023639198877795,200_299
57335782,Cirsium semenowii,1,313.0,1751.7297115474644,0.1336959739394118,0.4105263157894737,0.3789463537348162,high_le_1km,2747.0,8460.0,462.0,536.0,5.746203190540153,7.468929686808253,300_plus
57450389,Cirsium yatsu-alpicola,1,188.0,2889.862692252123,0.1011295297168038,0.3118279569892473,0.2837392881411967,high_le_1km,2791.0,8829.0,1746.0,485.0,5.236441962829949,7.969310245991203,150_199
57451199,Cirsium sieboldii,1,215.0,1274.578969136954,0.0957412616636736,0.1842105263157894,0.338136320839196,high_le_1km,2791.0,8829.0,1746.0,485.0,5.3706380281276624,7.151155447964049,200_299
57520623,Cirsium subcoriaceum,1,274.0,8384.45585331858,0.0491970667560575,0.2222222222222222,0.1415877595585076,high_le_1km,2857.0,1030.0,5301.0,244.0,5.6131281063880705,9.034254038112731,200_299
57688535,Cirsium altissimum,1,167.0,3914.441928623057,0.1295239101564813,0.4473684210526316,0.2782288844472305,high_le_1km,2874.0,8980.0,1162.0,205.0,5.117993812416755,8.27268348292868,150_199
57702141,Cirsium parryi,1,234.0,1374.1382908466294,0.1582909398009647,0.3644859813084112,0.4656356979462408,unknown,2797.0,7345.0,728.0,618.0,5.455321115357702,7.226309580204514,200_299
57890165,Cirsium scariosum,2,353.0,7064.7079807733335,0.09744752692435145,0.21649880505291907,0.2470830031446143,unknown,2732.0,8964.0,878.0,670.0,5.8664680569332965,8.86300849969081,300_plus
58166714,Cirsium yatsu-alpicola,1,210.0,5269.359086562176,0.0758907273078508,0.3409090909090909,0.145571055208903,high_le_1km,2791.0,8834.0,1744.0,481.0,5.3471075307174685,8.569853777081715,200_299
58253798,Cirsium obvallatum,1,329.0,2130.890330712158,0.1079579109592691,0.2695652173913043,0.2349892732555895,high_le_1km,2727.0,8089.0,1351.0,626.0,5.796057750765372,7.664764344334229,300_plus
58795715,Cirsium mexicanum,2,235.5,737.1991611594229,0.07252637020932004,0.25263625263625256,0.23881430844031046,high_le_1km,2896.0,934.0,1552.0,916.0,5.461710913456472,6.604213654262853,200_299
58918140,Cirsium obvallatum,1,372.0,2039.7146664743527,0.1561824998950168,0.4966678058783321,0.3210861851148698,unknown,2757.0,7116.0,2429.0,120.0,5.918893854273146,7.621055352191305,300_plus
59032801,Cirsium ukranicum,1,162.0,2741.074887122504,0.1199734766600039,0.3780487804878049,0.2038256191710338,high_le_1km,2808.0,9879.0,610.0,212.0,5.087596335232384,7.9164701708807925,150_199
59151089,Cirsium lecontei,2,274.5,3720.3897542551013,0.10811645610531931,0.32164447266852636,0.2597410199764037,unknown,2928.0,5962.0,1806.0,219.0,5.614951260949585,8.2218524673534,200_299
59547935,Cirsium grahamii,1,234.0,1757.2052526468883,0.0683807909319203,0.2095238095238095,0.2250943329537673,unknown,2890.0,6545.0,464.0,865.0,5.455321115357702,7.472048824926487,200_299
59910933,Cirsium subcoriaceum,1,186.0,7150.778388408243,0.1050304080763299,0.2195121951219512,0.2767061992152422,high_le_1km,2826.0,704.0,3929.0,416.0,5.225746673713202,8.875116330412459,150_199
60100074,Cirsium canescens,1,363.0,5170.620197448399,0.0846240531325495,0.146551724137931,0.3785981032366024,high_le_1km,2770.0,7962.0,264.0,445.0,5.8944028342648505,8.550941302827255,300_plus
60264300,Cirsium edule,1,255.0,4436.41460436076,0.1293105890932379,0.3066666666666666,0.3684262601450878,high_le_1km,2729.0,6439.0,1529.0,442.0,5.541263545158426,8.397827189510785,200_299
60432377,Cirsium ukranicum,1,166.0,1180.7859716257797,0.0844861502298308,0.3010752688172043,0.2235773344006304,high_le_1km,2810.0,9772.0,555.0,196.0,5.111987788356544,7.0747821084956986,150_199
61080459,Cirsium tuberosum,1,186.0,3133.157700014301,0.0847617578576055,0.3536585365853658,0.1715429569944234,moderate_1_to_10km,2832.0,4321.0,917.0,216.0,5.225746673713202,8.050115740735613,150_199
61549209,Cirsium novoleonense,1,266.0,3418.370026098437,0.070990944455893,0.2828282828282828,0.1754318164123436,moderate_1_to_10km,2819.0,3512.0,821.0,664.0,5.583496308781699,8.13721161019402,200_299
61745827,Cirsium texanum,1,222.0,1272.9476644230238,0.0931570842266285,0.3146067415730337,0.1879643115982348,high_le_1km,2900.0,3576.0,450.0,992.0,5.402677381872279,7.149875755557563,200_299
61766177,Cirsium virginianum,1,155.0,3393.0378027889983,0.0907327491460165,0.3146067415730337,0.2046678633631992,high_le_1km,2928.0,5695.0,1333.0,414.0,5.043425116919247,8.129775583855007,150_199
61857923,Cirsium nambuense,1,207.0,2755.338945320301,0.0958287238561324,0.3698630136986301,0.1633557156540446,unknown,2768.0,9314.0,4636.0,245.0,5.332718793265369,7.921658609085471,200_299
62646997,Cirsium suzukaense,1,174.0,2145.235999754584,0.1733668925721319,0.3411764705882353,0.5798254462170644,high_le_1km,2882.0,7619.0,1984.0,433.0,5.159055299214529,7.671470889070822,150_199
62880025,Cirsium virginianum,1,280.0,2307.5958437121867,0.1519974288841054,0.3636363636363636,0.58904683466192,moderate_1_to_10km,2902.0,6693.0,1410.0,311.0,5.634789603169249,7.7443947588292765,200_299
63091658,Cirsium arvense,1,333.0,6955.02276663357,0.0626429749520337,0.1547171958575167,0.2172568640305656,unknown,2796.0,9503.0,686.0,237.0,5.808142489980444,8.847363148417864,300_plus
63169704,Cirsium suzukaense,1,195.0,1951.9809003171288,0.1152321762792923,0.3604651162790697,0.2677073296977516,high_le_1km,2877.0,7702.0,2377.0,436.0,5.272999558563747,7.577112151165329,150_199
63219252,Cirsium anartiolepis,1,291.0,2122.3108057706886,0.0967735697495074,0.2127659574468085,0.3514291812103536,moderate_1_to_10km,2870.0,1122.0,1338.0,930.0,5.673323267171493,7.6607318503146695,200_299
63412742,Cirsium lipskyi,2,304.5,3926.95738665472,0.0665390889889712,0.22,0.1379602946594809,moderate_1_to_10km,2938.0,4506.0,1649.0,733.0,5.718671087149952,8.275874820804185,300_plus
63480498,Cirsium altissimum,1,182.0,2372.4779495855278,0.1480739333934077,0.4383561643835616,0.3538633114488695,unknown,2857.0,9508.0,1006.0,447.0,5.204006687076795,7.772111647695649,150_199
63646312,Cirsium esculentum,1,333.0,1687.4723537462587,0.1489488026752726,0.396551724137931,0.4091769289727979,high_le_1km,2771.0,11539.0,474.0,354.0,5.808142489980444,7.431579466429073,300_plus
63854010,Cirsium ownbeyi,1,336.0,1035.4750061789932,0.0738642595586629,0.2242990654205607,0.3090132834453278,high_le_1km,2799.0,10060.0,255.0,302.0,5.817111159963204,6.943580817913116,300_plus
64670574,Cirsium maritimum,2,229.5,1991.918487249841,0.11755285273655465,0.3330611411656629,0.3225531816876669,unknown,2916.0,5807.0,2361.0,376.0,5.4359030295006,7.597355419852975,200_299
64677736,Cirsium suzukaense,1,203.0,2882.354854619404,0.0949365177847109,0.3157894736842105,0.2276794205469356,high_le_1km,2894.0,7562.0,1825.0,436.0,5.313205979041787,7.966709775259811,200_299
64733481,Cirsium funkiae,1,288.0,2705.043321532272,0.2325569937094713,0.4117647058823529,0.9204297015002028,unknown,2722.0,9816.0,641.0,463.0,5.662960480135946,7.903242818038013,200_299
65513060,Cirsium pinetorum,1,215.0,2149.638738856292,0.1006938812269146,0.3398058252427184,0.2789899091276581,high_le_1km,2841.0,2434.0,557.0,834.0,5.3706380281276624,7.67352016483999,200_299
66185305,Cirsium grahamii,2,273.0,1644.2025878674854,0.07929844619016124,0.2912464306658554,0.2105319975383234,moderate_1_to_10km,2862.0,6500.0,590.0,868.0,5.60947179518496,7.405618809335512,200_299
66435422,Cirsium kamtschaticum,1,226.0,2040.799535671096,0.1130020883019795,0.3298969072164948,0.2439462791914411,high_le_1km,2762.0,4631.0,1084.0,291.0,5.420534999272286,7.621586823323339,200_299
66674602,Cirsium conspicuum,1,219.0,3163.60420332585,0.0777698312317829,0.3085106382978723,0.1347789178553418,moderate_1_to_10km,2872.0,2048.0,1334.0,1157.0,5.389071729816501,8.059783272516905,200_299
66792569,Cirsium drummondii,1,279.0,4208.334398660875,0.1409839635784214,0.2564102564102564,0.3667038772045511,high_le_1km,2761.0,8847.0,527.0,612.0,5.631211781821365,8.34505981409674,200_299
66919080,Cirsium argillosum,1,353.0,6251.200488885567,0.0480773914838085,0.1981132075471698,0.1024520796493708,high_le_1km,2762.0,7937.0,1137.0,631.0,5.8664680569332965,8.740688758987146,300_plus
67089561,Cirsium gagnidzei,1,325.0,987.1578090645224,0.0901104926411286,0.2358490566037736,0.2897974945066665,high_le_1km,2830.0,7117.0,2346.0,225.0,5.783825182329737,6.895842410766873,300_plus
67181746,Cirsium discolor,1,222.0,465.6682680116425,0.1072939838682135,0.425531914893617,0.221349466125573,high_le_1km,2800.0,10716.0,1047.0,143.0,5.402677381872279,6.1456186583828725,200_299
67184087,Cirsium simplex,1,246.0,1939.9104158685964,0.1165541355404199,0.3296703296703296,0.3072156274926207,high_le_1km,2803.0,7208.0,2786.0,224.0,5.5053315359323625,7.570912428507093,200_299
67197914,Cirsium parryi,1,459.0,1373.9762367319986,0.1117830003376192,0.3277310924369748,0.2657084906510417,unknown,2768.0,8381.0,634.0,661.0,6.129050210060545,7.2261917275746015,300_plus
67214901,Cirsium radians,1,163.0,6514.495485662361,0.1816175984962711,0.425531914893617,0.4367833194801175,high_le_1km,2822.0,719.0,3588.0,759.0,5.093750200806762,8.781938539723445,150_199
67306124,Cirsium sychnosanthum,1,331.0,960.7200350309485,0.1593432231541302,0.2336448598130841,0.5578788796622782,high_le_1km,2768.0,7252.0,2987.0,225.0,5.802118375377063,6.868723384433688,300_plus
67319693,Cirsium vlassovianum,1,327.0,2094.172557568046,0.0774984938965372,0.1632653061224489,0.2640992398904971,high_le_1km,2792.0,11351.0,716.0,800.0,5.7899601708972535,7.647391195345243,300_plus
68123469,Cirsium bicentenariale,1,215.0,2084.120933903858,0.1179642279598553,0.3333333333333333,0.2550607405950289,high_le_1km,2872.0,2734.0,718.0,825.0,5.3706380281276624,7.642582134423212,200_299
68149940,Cirsium erisithales,1,156.0,2554.799085672991,0.078639392989708,0.3068181818181818,0.1789975918977129,high_le_1km,2801.0,5488.0,1538.0,179.0,5.049856007249537,7.8461202074286245,150_199
68408574,Cirsium morinifolium,1,330.0,1220.90488033032,0.1318475100779828,0.2920353982300885,0.4604879479668523,moderate_1_to_10km,2853.0,5480.0,1223.0,880.0,5.799092654460526,7.108166297365012,300_plus
68594019,Cirsium laniflorum,1,366.0,2293.2343690138478,0.1445546982124195,0.3564814814814815,0.3091192765018615,unknown,2802.0,6463.0,1092.0,218.0,5.902633333401366,7.738154458562193,300_plus
68986840,Cirsium anartiolepis,2,212.0,1468.1070298664936,0.09144379106997545,0.2525252525252525,0.29872194774049543,unknown,2847.0,1976.0,1694.0,625.0,5.356586274672012,7.292410032516722,200_299
69033212,Cirsium flodmanii,1,221.0,1057.564611602731,0.1035893127026233,0.2659574468085106,0.297789975935009,high_le_1km,2761.0,12700.0,525.0,523.0,5.3981627015177525,6.964669129432588,200_299
69147442,Cirsium alatum,1,205.0,765.6081220834175,0.0939155769203617,0.3603603603603603,0.2422010278849636,high_le_1km,2851.0,8395.0,426.0,127.0,5.3230099791384085,6.641975747833477,200_299
69214735,Cirsium scariosum,1,323.0,7535.654305504191,0.0436130855002503,0.1477272727272727,0.1542246544315741,high_le_1km,2753.0,9070.0,1098.0,155.0,5.777652323222656,8.92753363646601,300_plus
70609261,Cirsium cephalotes,1,354.0,5371.7528320069005,0.0681519947622325,0.2365591397849462,0.1827273478194527,high_le_1km,2756.0,8039.0,1237.0,394.0,5.869296913133774,8.58909568781083,300_plus
70649341,Cirsium morinifolium,1,338.0,2261.1733612504213,0.1188115883660666,0.3333333333333333,0.2537671832597074,unknown,2835.0,5845.0,1016.0,881.0,5.823045895483019,7.72408129443358,300_plus
70679797,Cirsium subcoriaceum,1,276.0,3605.11805408598,0.0840346954942624,0.2653061224489796,0.2058382100179035,high_le_1km,2903.0,920.0,1746.0,911.0,5.62040086571715,8.19038714146531,200_299
70749262,Cirsium erythrolepis,1,180.0,3132.259065710528,0.1188960781154391,0.3048780487804878,0.2435365469149607,high_le_1km,2757.0,7771.0,1837.0,365.0,5.19295685089021,8.049828976876269,150_199
70912256,Cirsium mexicanum,1,267.0,2301.3808602895774,0.0801588649592749,0.3157894736842105,0.194765209024931,high_le_1km,2938.0,2210.0,1649.0,759.0,5.58724865840025,7.741699023159694,200_299
71304799,Cirsium vulgare,1,204.0,1346.8041870129462,0.1141477626545235,0.2352941176470588,0.5844839436280573,low_gt_10km,2823.0,9502.0,522.0,157.0,5.318119993844216,7.206232019060894,200_299
71723658,Cirsium canum,1,228.0,3047.571848352363,0.1717604325042888,0.3846153846153846,0.3444328786292189,high_le_1km,2822.0,8453.0,603.0,513.0,5.429345628954441,8.02242851349801,200_299
72169753,Cirsium subuliforme,1,177.0,4719.518264100107,0.0791615337250292,0.3023255813953488,0.2233471879675803,high_le_1km,2840.0,1738.0,1351.0,886.0,5.176149732573829,8.459673874267958,150_199
73006833,Cirsium nuttallii,1,157.0,1100.5414226562157,0.091157984762474,0.2790697674418604,0.2870484793282215,unknown,2980.0,2497.0,1048.0,490.0,5.056245805348308,7.004465771215045,150_199
73376042,Cirsium candelabrum,1,268.0,7128.81500043849,0.0913805167938456,0.1530612244897959,0.2733439744832956,high_le_1km,2831.0,7031.0,1712.0,198.0,5.5909869805108565,8.872040566429154,200_299
74158039,Cirsium subcoriaceum,1,158.0,7994.321495782321,0.1245727300043768,0.3009708737864077,0.4482338138871248,unknown,2910.0,2082.0,2059.0,684.0,5.062595033026967,8.986611836564926,150_199
74213090,Cirsium mohavense,1,351.0,4366.139311184941,0.1433721418027884,0.3435065426215868,0.3665267905954147,high_le_1km,2954.0,9036.0,181.0,422.0,5.860786223465865,8.381863453866352,300_plus
74655683,Cirsium ehrenbergii,2,233.0,646.5478209928579,0.069463793606717,0.27754010695187165,0.1930662948974971,moderate_1_to_10km,2885.0,1151.0,1575.0,846.0,5.4510384535657,6.4731926456617845,200_299
74967522,Cirsium turneri,1,457.0,10664.693342334274,0.0734383649012767,0.2604166666666667,0.1790411132411173,unknown,2895.0,6453.0,462.0,647.0,6.124683390894205,9.274787639794134,300_plus
75494715,Cirsium rhaphilepis,1,197.0,563.139073004068,0.0661461770179988,0.2123893805309734,0.2126929636305421,high_le_1km,2893.0,2191.0,1108.0,1074.0,5.2832037287379885,6.33530080444193,150_199
75781776,Cirsium horridulum,1,248.0,4147.952963548825,0.0433757944603866,0.1,0.0946680817812461,unknown,2896.0,8244.0,1233.0,168.0,5.5134287461649825,8.330611283452223,200_299
78009666,Cirsium anartiolepis,1,153.0,3023.8219524117885,0.087938833534634,0.25,0.1735862694912056,high_le_1km,2860.0,3187.0,1025.0,923.0,5.030437921392435,8.014607510025854,150_199
78153219,Cirsium undulatum,1,152.0,59.4551412605588,0.1563898774973456,0.3369565217391304,0.3816617120019352,low_gt_10km,2919.0,5716.0,376.0,933.0,5.0238805208462765,4.101901623246734,150_199
79359236,Cirsium suzukii,1,371.0,2488.4930942880096,0.1272578140459422,0.3052631578947368,0.4705644127993877,unknown,2840.0,4370.0,4375.0,436.0,5.916202062607435,7.819834392143066,300_plus
80656166,Cirsium carolinianum,1,194.0,1268.6476880582943,0.134542049571237,0.4210526315789473,0.3963730428690677,high_le_1km,2868.0,8518.0,1202.0,138.0,5.267858159063328,7.146494729989373,150_199
80728952,Cirsium helenioides,1,361.0,5672.253439934399,0.0593399730274499,0.1304742455184933,0.1582258396077313,high_le_1km,2747.0,10878.0,1045.0,698.0,5.8888779583328805,8.643518031092366,300_plus
80833677,Cirsium townsendii,1,246.0,5777.7152778909085,0.0652210025561513,0.2352941176470588,0.1351898697105378,high_le_1km,2874.0,7262.0,431.0,571.0,5.5053315359323625,8.661936666699638,200_299
80874378,Cirsium ciliatum,1,366.0,6337.456047484081,0.0752654747583949,0.1840647163120567,0.2435099691549179,high_le_1km,2816.0,7456.0,813.0,502.0,5.902633333401366,8.754390492140663,300_plus
81776657,Cirsium undulatum,1,205.0,5266.826779623095,0.0456233856287639,0.116504854368932,0.1263259131624982,high_le_1km,2828.0,9456.0,362.0,535.0,5.3230099791384085,8.569373180702039,200_299
81932458,Cirsium filipendulum,1,157.0,3655.978106412468,0.0883795225917905,0.3469387755102041,0.1928685364232561,unknown,2859.0,3426.0,742.0,298.0,5.056245805348308,8.204392431369762,150_199
82179909,Cirsium arizonicum,1,172.0,2291.029357644633,0.1395067308655657,0.2967032967032967,0.4646728520376175,unknown,2837.0,7610.0,563.0,533.0,5.147494476813453,7.737192886498076,150_199
82544790,Cirsium pannonicum,1,245.0,671.8735385626427,0.0907380194843979,0.2307692307692307,0.2712322215772748,high_le_1km,2813.0,7027.0,1478.0,337.0,5.501258210544727,6.5115574049488245,200_299
82664393,Cirsium carolinianum,1,160.0,3937.109856825255,0.1290727772567536,0.2891566265060241,0.249277794434599,high_le_1km,2871.0,7736.0,1280.0,145.0,5.075173815233827,8.278456155413638,150_199
82948494,Cirsium pringlei,1,178.0,3109.9859161350328,0.1021091072451065,0.3505154639175257,0.2213863912767597,high_le_1km,2827.0,3457.0,825.0,668.0,5.181783550292085,8.04269496976911,150_199
82974449,Cirsium dissectum,1,210.0,994.109496568819,0.1435153510559602,0.360655737704918,0.4346120384649677,unknown,2843.0,4400.0,807.0,180.0,5.3471075307174685,6.902852777906721,200_299
83256004,Cirsium carniolicum,1,314.0,2338.7715933691893,0.1591490252399211,0.3725490196078431,0.6720011421302772,high_le_1km,2805.0,6869.0,1423.0,342.0,5.749392985908253,7.757808593916327,300_plus
83301019,Cirsium ochrocentrum,1,173.0,883.901149990089,0.0783828103208574,0.3214285714285714,0.327622632140248,high_le_1km,2862.0,6500.0,590.0,868.0,5.153291594497779,6.785475943843133,150_199
83896014,Cirsium ciliolatum,1,240.0,2752.1149266439475,0.1017187225496657,0.3,0.3073441274180178,high_le_1km,2843.0,6113.0,958.0,693.0,5.480638923341991,7.9204882502371055,200_299
84641513,Cirsium arizonicum,1,165.0,650.4203470708247,0.0833422664895783,0.1886792452830188,0.2701118863518166,unknown,2839.0,9046.0,406.0,339.0,5.10594547390058,6.479155128262845,150_199
84714102,Cirsium rivulare,1,360.0,2989.034053004678,0.1244024774647741,0.2893733250876108,0.3259652104668086,high_le_1km,2770.0,5917.0,1171.0,233.0,5.886104031450156,8.003040055284654,300_plus
84727895,Cirsium heterophyllum,1,158.0,1291.8632010740298,0.0605391935058633,0.1648351648351648,0.2058310345644318,moderate_1_to_10km,2775.0,11148.0,544.0,267.0,5.062595033026967,7.164614573541294,150_199
85395970,Cirsium nuttallii,1,238.0,1673.2745420308984,0.1175137984649796,0.4025974025974026,0.1866731454640136,high_le_1km,2918.0,6001.0,1440.0,288.0,5.472270673671475,7.423135241204987,200_299
85414766,Cirsium pendulum,1,365.0,1665.76547383194,0.1523529222837488,0.3628400512747471,0.3814794181240531,high_le_1km,2787.0,11292.0,700.0,704.0,5.8998973535824915,7.418640185290047,300_plus
85563073,Cirsium neomexicanum,1,208.0,6478.677287531064,0.0721610110456826,0.1212121212121212,0.2403707750171576,high_le_1km,2815.0,8117.0,440.0,507.0,5.337538079701318,8.776425986799259,200_299
85649637,Cirsium foliosum,1,348.0,1246.6542110693808,0.1540171544016494,0.325,0.4159573066897644,high_le_1km,2728.0,11271.0,358.0,436.0,5.8522024797744745,7.129020436073515,300_plus
85944924,Cirsium nivale,1,250.0,4139.582986642711,0.0636041030149992,0.1829268292682926,0.1604365515655439,high_le_1km,2808.0,2222.0,1683.0,931.0,5.521460917862246,8.328591874935073,200_299
86069603,Cirsium nuttallii,1,229.0,2730.351727621611,0.1044809269210802,0.24,0.3639691506936049,high_le_1km,2898.0,8081.0,1265.0,195.0,5.43372200355424,7.9125519039614085,200_299
86070668,Cirsium echinus,1,354.0,3936.038181502992,0.087986535331894,0.4142857142857143,0.1968709829023644,high_le_1km,2762.0,7739.0,1745.0,377.0,5.869296913133774,8.278183989017867,300_plus
86115578,Cirsium edule,2,311.5,1648.8084519804052,0.0938699116349654,0.28055555555555556,0.362340352133675,high_le_1km,2731.0,7826.0,1041.0,296.0,5.741399338227508,7.408414470446849,300_plus
86444961,Cirsium spinosissimum,1,342.0,6016.1434521716665,0.0401103245458854,0.1081081081081081,0.1397048288800951,high_le_1km,2693.0,7645.0,1447.0,353.0,5.834810737062605,8.702367916081522,300_plus
86464144,Cirsium clavatum,1,192.0,4093.15025791668,0.1120472441763544,0.3076923076923077,0.3385477888314649,high_le_1km,2713.0,8027.0,1122.0,188.0,5.2574953720277815,8.317314467530313,150_199
86482540,Cirsium clavatum,1,239.0,2957.464487636857,0.0719759277487282,0.2523364485981308,0.1511719700864038,unknown,2746.0,9190.0,888.0,288.0,5.476463551931511,7.992425658541869,200_299
86505302,Cirsium anartiolepis,1,232.0,3498.310528277986,0.0825650370188349,0.2553191489361702,0.2427270258884583,high_le_1km,2831.0,1950.0,1014.0,831.0,5.44673737166631,8.160321236151473,200_299
86934186,Cirsium virginianum,1,251.0,988.5507078826098,0.1130614155236102,0.3777777777777777,0.2066477949752082,unknown,2908.0,6996.0,1208.0,230.0,5.5254529391317835,6.897251009694836,200_299
86972795,Cirsium arizonicum,2,175.0,1384.48502000784,0.10057809212183705,0.3086633663366336,0.31564517126698305,high_le_1km,2812.0,8119.0,521.0,488.0,5.1647859739235145,7.233805552269008,150_199
87099873,Cirsium spinosissimum,1,189.0,3368.8204975480685,0.0752993425294726,0.1785714285714285,0.2595542346116308,high_le_1km,2737.0,6637.0,2539.0,276.0,5.241747015059643,8.122614757105255,150_199
87402514,Cirsium greimleri,1,244.0,2982.261916163153,0.1118695260303729,0.2976190476190476,0.2172528317034111,high_le_1km,2776.0,6347.0,1696.0,269.0,5.497168225293202,8.000772583597994,200_299
87711528,Cirsium alsophilum,2,250.5,1152.2324616596293,0.12233748855056126,0.3583333333333333,0.28993640195116804,high_le_1km,2763.0,7113.0,1728.0,382.0,5.523458920524919,7.050324114569964,200_299
87981795,Cirsium hookerianum,1,254.0,3053.8526119642524,0.0856353498563607,0.2571428571428571,0.2717313504938011,high_le_1km,2707.0,6883.0,987.0,217.0,5.537334267018537,8.024486625585658,200_299
88239171,Cirsium alsophilum,2,194.0,2444.8492535654173,0.09520988985165504,0.4282106782106782,0.15184597919054543,high_le_1km,2792.0,7310.0,1670.0,389.0,5.267858159063328,7.802147684570908,150_199
88316164,Cirsium verutum,1,405.0,2451.488152369642,0.2330206053410832,0.3452380952380952,0.6718014015410847,moderate_1_to_10km,2857.0,5255.0,1988.0,1222.0,6.003887067106539,7.804858360589783,300_plus
88375726,Cirsium verutum,1,228.0,3039.07212677747,0.1315649917900918,0.3804347826086957,0.3818240187570796,high_le_1km,2864.0,5161.0,2047.0,1143.0,5.429345628954441,8.019636520032455,200_299
88643938,Cirsium coloradense,1,212.0,2219.257578999376,0.1936153919656505,0.3571428571428571,0.7491705850268551,high_le_1km,2782.0,8370.0,306.0,483.0,5.356586274672012,7.7053784947120585,200_299
88690946,Cirsium parryi,1,336.0,4998.056414582272,0.0566717378763771,0.2409638554216867,0.1196991864344739,high_le_1km,2802.0,7255.0,703.0,661.0,5.817111159963204,8.517004456523383,300_plus
88875190,Cirsium centaureae,1,152.0,1003.893961776664,0.1235202660514972,0.2941176470588235,0.3047903394821267,unknown,2758.0,7855.0,688.0,208.0,5.0238805208462765,6.912637304256548,150_199
88946177,Cirsium ehrenbergii,1,165.0,4322.780498990109,0.2194712916736046,0.3972602739726027,0.4765223009635911,high_le_1km,2855.0,2126.0,663.0,770.0,5.10594547390058,8.3718854140548,150_199
89361219,Cirsium ukranicum,1,197.0,1769.5266701144672,0.1551885357697548,0.3209876543209876,0.5509113743272801,high_le_1km,2809.0,9804.0,581.0,194.0,5.2832037287379885,7.479032335044528,150_199
89660966,Cirsium hookerianum,1,328.0,4630.585932425724,0.1035318593274129,0.27,0.2772033750126577,unknown,2710.0,8688.0,1253.0,225.0,5.793013608384144,8.440654622430138,300_plus
89746292,Cirsium alsophilum,1,341.0,5114.930713142132,0.0599496365439751,0.1826298701298701,0.1692258607801258,high_le_1km,2767.0,7260.0,1111.0,410.0,5.831882477283517,8.540114619436995,300_plus
89921335,Cirsium flodmanii,1,175.0,1158.3413532550455,0.0873920766047937,0.2941176470588235,0.2613860751927335,high_le_1km,2741.0,8878.0,695.0,476.0,5.1647859739235145,7.055607323923496,150_199
90107196,Cirsium centaureae,2,293.0,1434.0667326105408,0.11801686523766691,0.3108974358974359,0.3501899473069531,high_le_1km,2742.0,8122.0,723.0,337.0,5.680172609017068,7.268966630673817,200_299
90379938,Cirsium latifolium,1,349.0,9027.940283118363,0.1279935208228013,0.322267620020429,0.3229897709302132,high_le_1km,2863.0,3647.0,2845.0,606.0,5.855071922202427,9.108190284387984,300_plus
90521782,Cirsium acaulon,1,239.0,3897.379734633404,0.0798069103126074,0.2666666666666666,0.1667910444939311,high_le_1km,2832.0,4306.0,937.0,195.0,5.476463551931511,8.268316293135271,200_299
90651397,Cirsium oleraceum,1,374.0,4290.9730642514805,0.1283524106869241,0.3833333333333333,0.2501618113561644,unknown,2783.0,9462.0,685.0,319.0,5.924255797414532,8.36450182792742,300_plus
91125079,Cirsium scopulorum,1,295.0,5361.647066697869,0.093984979156194,0.3283582089552239,0.1950763248330708,unknown,2703.0,8145.0,1155.0,193.0,5.68697535633982,8.587212987885456,200_299
91250265,Cirsium wallichii,1,433.0,1568.149670960207,0.0920870441810906,0.2562957875457875,0.2046120762230202,moderate_1_to_10km,2881.0,1331.0,1723.0,602.0,6.07073772800249,7.358289140764843,300_plus
91569996,Cirsium clavatum,1,303.0,163.27934636338756,0.1540500283973412,0.3738317757009345,0.3502742585547357,high_le_1km,2764.0,8253.0,515.0,443.0,5.713732805509369,5.101568310284408,300_plus
91603850,Cirsium foliosum,1,321.0,2410.936301074344,0.0706943566624018,0.2386363636363636,0.1652584209716942,high_le_1km,2705.0,8500.0,1012.0,437.0,5.771441123130016,7.78818514832519,300_plus
91705956,Cirsium townsendii,1,226.0,5525.36555819524,0.0753726602078375,0.21875,0.1307641060744911,unknown,2905.0,7508.0,307.0,712.0,5.420534999272286,8.61728565570133,200_299
92137519,Cirsium euxinum,1,188.0,1395.2780752839578,0.0784570808902952,0.2888888888888888,0.1879419121078624,unknown,2848.0,7420.0,937.0,274.0,5.236441962829949,7.241565457815244,150_199
92306480,Cirsium conspicuum,1,364.0,5363.435356187602,0.1795108771429117,0.453125,0.4254139982995891,unknown,2843.0,3334.0,1450.0,853.0,5.8971538676367405,8.587546403708288,300_plus
92320907,Cirsium edule,1,212.0,1080.004974130276,0.107459421376792,0.1976744186046511,0.4275526731040281,high_le_1km,2729.0,7044.0,1646.0,452.0,5.356586274672012,6.985646419044233,200_299
92335060,Cirsium vulgare,1,160.0,1565.436553122115,0.2368629144643876,0.313953488372093,0.8189804247928912,high_le_1km,2835.0,7462.0,815.0,181.0,5.075173815233827,7.356558607256088,150_199
92437888,Cirsium obvallatum,1,241.0,1066.6200373145905,0.1089552854791175,0.3027522935779816,0.4308057623603574,high_le_1km,2750.0,7769.0,2084.0,359.0,5.484796933490655,6.97318718591418,200_299
92586477,Cirsium glabrum,1,228.0,6751.501738234631,0.1166168920440512,0.2222222222222222,0.3528766844353526,unknown,2782.0,6037.0,1913.0,263.0,5.429345628954441,8.817668343087638,200_299
92902627,Cirsium serratuloides,1,170.0,717.2463183446415,0.1876112653319797,0.3846153846153846,0.3971710466928642,high_le_1km,2746.0,12605.0,597.0,347.0,5.135798437050262,6.5768125719773325,150_199
93181946,Cirsium rhizocephalum,1,361.0,2959.9091346532773,0.0803072492594817,0.2375,0.1711585733769035,high_le_1km,2689.0,7706.0,2069.0,487.0,5.8888779583328805,7.993251640245813,300_plus
93899912,Cirsium wheeleri,1,191.0,2221.8163475036304,0.1271008707617607,0.3232323232323232,0.3346726709083658,unknown,2833.0,7919.0,407.0,473.0,5.25227342804663,7.706530295843195,150_199
93911922,Cirsium laniflorum,2,167.0,2069.318581008084,0.10739898852219185,0.2786486486486487,0.3079812913548942,unknown,2807.0,6925.0,826.0,158.0,5.117993812416755,7.635457778286069,150_199
94095680,Cirsium sieboldii,1,201.0,2861.084968598269,0.0566195875868376,0.1478260869565217,0.1764382176280494,high_le_1km,2863.0,7787.0,2400.0,451.0,5.303304908059076,7.9593056482145785,200_299
94417064,Cirsium erisithales,1,280.0,947.6684211915284,0.1965981053100038,0.3854166666666667,0.5599333416714638,moderate_1_to_10km,2828.0,7088.0,1745.0,185.0,5.634789603169249,6.855059339443992,200_299
94537059,Cirsium verutum,1,208.0,2497.133875763522,0.0641038520427689,0.1666666666666666,0.191439526204303,high_le_1km,2795.0,5231.0,2191.0,804.0,5.337538079701318,7.823299282429413,200_299
94582195,Cirsium velatum,2,154.5,2263.1434741707008,0.17127541185236364,0.2903034868704262,0.6567360053441094,moderate_1_to_10km,2904.0,1918.0,836.0,1059.0,5.0401940963378005,7.7249518092986795,150_199
94711445,Cirsium flodmanii,1,323.0,5452.018957393247,0.0777073224961835,0.2018348623853211,0.2881873897590823,moderate_1_to_10km,2780.0,11458.0,477.0,641.0,5.777652323222656,8.603924671427125,300_plus
94737705,Cirsium sieboldii,1,166.0,1312.811991072144,0.1043697901271045,0.2524271844660194,0.3690308650790065,high_le_1km,2836.0,8422.0,2250.0,432.0,5.111987788356544,7.180688107431598,150_199
95165909,Cirsium sieboldii,1,173.0,2240.007686381375,0.0779220981261517,0.2666666666666666,0.1850426971301808,high_le_1km,2859.0,7816.0,2331.0,449.0,5.153291594497779,7.714680903684101,150_199
95246107,Cirsium glabrum,2,280.5,4016.8950954925813,0.10353301396293654,0.26339285714285715,0.3740452711756401,moderate_1_to_10km,2785.0,6077.0,1655.0,220.0,5.636573724962751,8.29851343639606,200_299
96114586,Cirsium ciliatum,1,286.0,6781.662011053075,0.0815704155182959,0.205607476635514,0.1978504749417732,high_le_1km,2859.0,8359.0,393.0,261.0,5.655991810819852,8.822124930875608,200_299
96126308,Cirsium virginianum,1,221.0,2982.82967774854,0.1102049071127904,0.3809523809523809,0.201989169800288,high_le_1km,2928.0,5686.0,1334.0,415.0,5.3981627015177525,8.000962881192113,200_299
96843657,Cirsium wheeleri,1,365.0,848.2041419881994,0.0688272118204749,0.2115384615384615,0.1566406824395538,high_le_1km,2825.0,8534.0,447.0,371.0,5.8998973535824915,6.744299607335105,300_plus
97282328,Cirsium pitcheri,1,186.0,9109.045280887529,0.1246145252129451,0.2916666666666667,0.3326662016046648,high_le_1km,2759.0,10549.0,842.0,285.0,5.225746673713202,9.117132960701314,150_199
97418784,Cirsium coahuilense,1,151.0,3017.658965781118,0.1541816689008172,0.4509803921568627,0.466527990470154,unknown,2962.0,5327.0,258.0,597.0,5.017279836814924,8.01256796068319,150_199
98271275,Cirsium discolor,1,212.0,4982.5632358634,0.124844116896678,0.2718446601941747,0.2799430763218915,high_le_1km,2863.0,7599.0,1136.0,95.0,5.356586274672012,8.513900423373538,200_299
98509319,Cirsium novoleonense,1,267.0,3380.656135285229,0.1510281628089708,0.3526069518716578,0.4294682083308003,high_le_1km,2905.0,3582.0,856.0,684.0,5.58724865840025,8.126120849329261,200_299
98510824,Cirsium novoleonense,1,167.0,2846.480851733193,0.1042828122476043,0.2621359223300971,0.2638520043192239,high_le_1km,2899.0,3541.0,872.0,682.0,5.117993812416755,7.954189970709857,150_199
98851642,Cirsium edule,1,209.0,1921.3336647173971,0.0716844754158844,0.3297872340425531,0.1591756034996865,unknown,2743.0,8016.0,912.0,288.0,5.342334251964811,7.561295177333657,200_299
99157987,Cirsium ehrenbergii,1,215.0,2450.6451408453554,0.105751481147308,0.2527472527472527,0.2845117407750103,moderate_1_to_10km,2857.0,2475.0,1145.0,1155.0,5.3706380281276624,7.80451456425221,200_299
99422713,Cirsium conspicuum,1,246.0,1457.284084419848,0.1591154663367416,0.4683544303797468,0.3349653367389958,high_le_1km,2900.0,2408.0,1115.0,1158.0,5.5053315359323625,7.28501573886983,200_299
100655520,Cirsium semenowii,1,280.0,5983.634794283062,0.1133675840290918,0.3833333333333333,0.2576927351597617,high_le_1km,2679.0,9073.0,852.0,574.0,5.634789603169249,8.696950595960352,200_299
100706088,Cirsium nivale,1,215.0,6250.365845092345,0.0689279088533689,0.2758620689655172,0.1630573425482214,moderate_1_to_10km,2795.0,1760.0,1189.0,1018.0,5.3706380281276624,8.74055525406988,200_299
100706473,Cirsium ehrenbergii,1,273.0,2295.071177500736,0.0600487105870507,0.2337662337662337,0.1094385704538723,high_le_1km,2874.0,1833.0,1157.0,984.0,5.60947179518496,7.738954757612578,200_299
101597721,Cirsium hupehense,1,341.0,1128.922398744044,0.0810826409433052,0.3372093023255814,0.1743166187543287,high_le_1km,2951.0,4459.0,2652.0,819.0,5.831882477283517,7.029904235670404,300_plus
101659249,Cirsium drummondii,1,286.0,1397.640650762332,0.1679776956277433,0.2842105263157894,0.4879166439835477,unknown,2765.0,11432.0,700.0,315.0,5.655991810819852,7.243256080171511,200_299
101745181,Cirsium novoleonense,1,182.0,7019.199681157415,0.0865730184683973,0.2941176470588235,0.1530386151647783,unknown,2811.0,2993.0,815.0,648.0,5.204006687076795,8.856546941224636,150_199
101901412,Cirsium hupehense,1,248.0,823.522486154112,0.0891814632926382,0.3950617283950617,0.1853578114166664,unknown,2951.0,4459.0,2652.0,819.0,5.5134287461649825,6.714804414100916,200_299
101982768,Cirsium coloradense,1,281.0,2744.7104335072413,0.1143023598130918,0.2738095238095238,0.2889698618251887,unknown,2851.0,9647.0,306.0,245.0,5.638354669333745,7.917795130478948,200_299
102093221,Cirsium eatonii,1,367.0,6063.171875128458,0.0980204798865631,0.3271028037383177,0.2637099580510379,unknown,2751.0,9622.0,870.0,246.0,5.905361848054571,8.71015327044436,300_plus
102109861,Cirsium obvallatum,1,224.0,665.0831941099457,0.1604449020770399,0.4264705882352941,0.3290111161209654,high_le_1km,2735.0,8144.0,1909.0,435.0,5.4116460518550396,6.501414578820024,200_299
102261324,Cirsium nivale,2,166.0,6737.6185953104905,0.10141309029828316,0.22128060263653482,0.2723547297195589,high_le_1km,2803.0,2279.0,1070.0,826.0,5.111987788356544,8.815610226714576,150_199
102383518,Cirsium radians,1,152.0,6360.216094625768,0.1560037240715927,0.39,0.5232235384770525,moderate_1_to_10km,2797.0,894.0,3355.0,732.0,5.0238805208462765,8.757974847902714,150_199
102735186,Cirsium glabrum,1,222.0,2137.696627143216,0.1612959112366854,0.2828282828282828,0.3783208496728295,high_le_1km,2739.0,6238.0,1471.0,214.0,5.402677381872279,7.667951869731121,200_299
102743785,Cirsium clavatum,1,288.0,772.8664762188195,0.1061094958985833,0.3692404796970334,0.3011387431073208,unknown,2769.0,9490.0,366.0,309.0,5.662960480135946,6.651399347362739,200_299
103426913,Cirsium foliosum,1,175.0,7427.991558023766,0.1278784890149072,0.2688172043010752,0.3126775537300262,high_le_1km,2746.0,8830.0,590.0,328.0,5.1647859739235145,8.913145402796841,150_199
103543140,Cirsium arizonicum,2,254.0,7261.860296886287,0.07224428286230156,0.24484744392806623,0.23092047581067945,high_le_1km,2874.0,6958.0,537.0,732.0,5.537334267018537,8.890529010516355,200_299
103692734,Cirsium novoleonense,3,174.0,1693.0366161627878,0.1591183675234065,0.3529411764705882,0.2304558374461209,high_le_1km,2800.0,3610.0,767.0,665.0,5.159055299214529,7.434869490186652,150_199
104185406,Cirsium ehrenbergii,1,215.0,3365.64749042994,0.0908841613234957,0.2967032967032967,0.2271308032392532,high_le_1km,2834.0,2115.0,1402.0,922.0,5.3706380281276624,8.12167271823312,200_299
104449610,Cirsium andersonii,2,198.5,923.7502365887979,0.1476387580067884,0.31562625050020005,0.4895076643045505,high_le_1km,2798.0,7320.0,606.0,721.0,5.290789100127245,6.82952368655335,150_199
104809934,Cirsium discolor,1,338.0,959.6274979693624,0.0859492563121101,0.2655132788559755,0.2403240631220859,high_le_1km,2852.0,8712.0,1173.0,140.0,5.823045895483019,6.867586714647957,300_plus
105142549,Cirsium brevicaule,1,189.0,2323.324191426892,0.1050950270942901,0.3666666666666666,0.3431866829007406,high_le_1km,2956.0,2510.0,2764.0,930.0,5.241747015059643,7.7511846054146165,150_199
105245492,Cirsium oaxacanum,1,317.0,1807.7908646589929,0.0826320827827845,0.3608333333333333,0.156040309071068,unknown,2926.0,1251.0,662.0,890.0,5.75890177387728,7.500413870452882,300_plus
105358800,Cirsium arizonicum,1,174.0,2791.938470738772,0.1002264250868445,0.3125,0.2531925038129656,low_gt_10km,2891.0,7124.0,394.0,704.0,5.159055299214529,7.934849535891837,150_199
105514465,Cirsium japonicum,1,337.0,8784.572783744778,0.1159549103029743,0.3733333333333333,0.2808527108840269,high_le_1km,2963.0,3670.0,1240.0,709.0,5.820082930352362,9.080866198694366,300_plus
105680792,Cirsium macrocephalum,2,409.0,5374.467436403818,0.13446327829576193,0.40211365211365213,0.3043113019249775,high_le_1km,2725.0,8163.0,1951.0,534.0,6.013715156042802,8.589600814126973,300_plus
105681108,Cirsium macrocephalum,1,401.0,6442.971155679635,0.0474114580038795,0.2043010752688172,0.1053824053595009,high_le_1km,2732.0,7938.0,1098.0,654.0,5.993961427306569,8.770900268135332,300_plus
105797988,Cirsium filipendulum,1,173.0,614.250004633871,0.0937848159877299,0.2612612612612612,0.3028285235601238,unknown,2859.0,3407.0,767.0,298.0,5.153291594497779,6.422028696802853,150_199
107118029,Cirsium inamoenum,1,213.0,2778.0596623532697,0.1252172234443366,0.3478260869565217,0.3575027643957924,moderate_1_to_10km,2778.0,9384.0,277.0,297.0,5.3612921657094255,7.929867898512865,200_299
107206593,Cirsium schantarense,1,216.0,710.9999996978997,0.1022106984290188,0.2857142857142857,0.2491466370395512,moderate_1_to_10km,2775.0,12113.0,768.0,689.0,5.375278407684165,6.568077910987678,200_299
107397533,Cirsium coahuilense,1,180.0,284.52779290149687,0.0771242232773465,0.3052631578947368,0.2335649931267189,moderate_1_to_10km,2961.0,5354.0,261.0,613.0,5.19295685089021,5.6543393725244036,150_199
108530724,Cirsium argillosum,1,224.0,11288.577143631755,0.0689842566539212,0.2142857142857142,0.244838339113589,unknown,2835.0,8398.0,511.0,528.0,5.4116460518550396,9.331635202379555,200_299
108658879,Cirsium roseolum,1,375.0,2232.5671876208744,0.0699833997956128,0.2842105263157894,0.2014924020384555,high_le_1km,2816.0,9473.0,576.0,217.0,5.926926025970411,7.7113552221041655,300_plus
109322432,Cirsium ehrenbergii,1,265.0,1574.6987138233728,0.0871165077048941,0.2747252747252747,0.2549032635878948,high_le_1km,2877.0,1875.0,985.0,994.0,5.579729825986222,7.362454080710367,200_299
110323632,Cirsium tweedyi,1,181.0,2064.123580534782,0.1060308264387471,0.2142857142857142,0.4025679296017252,unknown,2740.0,8458.0,813.0,441.0,5.198497031265826,7.632945348899769,150_199
111247040,Cirsium horridulum,1,343.0,4293.135170216961,0.0837564716497904,0.3,0.2207130911390724,high_le_1km,2945.0,5203.0,1606.0,229.0,5.8377304471659395,8.365005456801443,300_plus
111252932,Cirsium mexicanum,1,154.0,2375.773566761626,0.0797938898820194,0.2823529411764706,0.1948983456322569,unknown,2942.0,4563.0,699.0,796.0,5.0369526024136295,7.773499202730794,150_199
111323346,Cirsium ukranicum,1,367.0,1372.7348006817806,0.0913044894835328,0.1810344827586207,0.328796372218246,high_le_1km,2829.0,8891.0,547.0,415.0,5.905361848054571,7.225288441548729,300_plus
111422573,Cirsium occidentale,1,169.0,5893.001979875737,0.0539216146074041,0.2441860465116279,0.0892918469468572,high_le_1km,2897.0,2824.0,294.0,902.0,5.1298987149230735,8.68169049921135,150_199
112554151,Cirsium horridulum,1,315.0,272.124876418772,0.1769868872746057,0.4020618556701031,0.5143483070481609,high_le_1km,2935.0,5598.0,1873.0,254.0,5.752572638825633,5.609929113378437,300_plus
112610468,Cirsium undulatum,1,357.0,5364.38713505955,0.0754983146682768,0.3069306930693069,0.1530999694070896,high_le_1km,2879.0,9252.0,696.0,472.0,5.877735781779639,8.5877238118388,300_plus
112683766,Cirsium filipendulum,1,165.0,736.7861201576322,0.1062389036788934,0.3414634146341463,0.2230102875524465,high_le_1km,2882.0,3876.0,978.0,544.0,5.10594547390058,6.603653972512905,150_199
114205063,Cirsium neomexicanum,1,341.0,3239.672737482233,0.0739223078420175,0.2111111111111111,0.208250351563084,high_le_1km,2880.0,8068.0,272.0,468.0,5.831882477283517,8.083536222258587,300_plus
114559950,Cirsium ehrenbergii,1,253.0,4824.538428235919,0.1563629587819996,0.4367816091954023,0.2540471173158987,high_le_1km,2881.0,1165.0,1510.0,833.0,5.53338948872752,8.481677598891467,200_299
115541879,Cirsium glabrum,1,267.0,4101.176815923329,0.0669494512107774,0.2159090909090909,0.1884982749605478,high_le_1km,2748.0,5947.0,2113.0,232.0,5.58724865840025,8.319273042511563,200_299
115569722,Cirsium tatakaense,1,288.0,6932.776588821327,0.1664147547058899,0.3711340206185567,0.5457134238181557,moderate_1_to_10km,2834.0,3438.0,4867.0,718.0,5.662960480135946,8.844159906057794,200_299
116035387,Cirsium japonicum,1,163.0,6379.537127787699,0.07429017495185,0.1935483870967742,0.230727597222796,high_le_1km,2881.0,3583.0,3157.0,576.0,5.093750200806762,8.761007562103531,150_199
117675848,Cirsium occidentale,1,222.0,4045.7962939353342,0.0507351227966725,0.1951219512195122,0.0868975229866645,high_le_1km,2867.0,2782.0,801.0,946.0,5.402677381872279,8.305680808530024,200_299
117836843,Cirsium serratuloides,1,259.0,2461.3632394276515,0.1659724573516168,0.3333333333333333,0.4830813167528998,unknown,2711.0,15347.0,596.0,475.0,5.556828061699537,7.808876834215728,200_299
118395160,Cirsium arvense,1,375.0,2021.421989430754,0.1181251803877807,0.3193277310924369,0.2205122759892404,high_le_1km,2809.0,7185.0,824.0,341.0,5.926926025970411,7.612051076831895,300_plus
118450079,Cirsium nuttallii,1,157.0,456.9666476086036,0.073803635340108,0.2110091743119266,0.1747662654858519,high_le_1km,2924.0,5983.0,1860.0,205.0,5.056245805348308,6.126796359647272,150_199
119032138,Cirsium serratuloides,1,193.0,2324.120637676635,0.1628440209999881,0.4301075268817204,0.4432895474947357,unknown,2736.0,13202.0,494.0,841.0,5.262690188904886,7.75152720384811,150_199
119182542,Cirsium occidentale,1,329.0,718.5172339448712,0.1256225954587781,0.3370786516853932,0.2709296926258632,high_le_1km,2877.0,4870.0,1162.0,915.0,5.796057750765372,6.578580478708902,300_plus
119450215,Cirsium nuttallii,2,182.5,6111.396010999395,0.077908478110591,0.24479166666666663,0.18495352653310282,high_le_1km,2920.0,6305.0,1630.0,145.0,5.206750173022546,8.718074121122976,150_199
119784462,Cirsium dissectum,1,392.0,1044.6840315635252,0.1104141992333743,0.4,0.3040975954165751,unknown,2832.0,3949.0,1416.0,294.0,5.971261839790462,6.952426525916583,300_plus
119965218,Cirsium drummondii,1,219.0,3793.128443347824,0.082756265957287,0.25,0.192079222151829,moderate_1_to_10km,2743.0,11724.0,471.0,535.0,5.389071729816501,8.241210004257134,200_299
120448484,Cirsium pumilum,1,365.0,4757.261219410239,0.0483694080143804,0.1358024691358024,0.0942599359489956,high_le_1km,2829.0,10040.0,931.0,338.0,5.8998973535824915,8.467637590450941,300_plus
120589059,Cirsium hosokawae,1,260.0,2630.0622914059613,0.0682678034202418,0.1504424778761062,0.250673040843339,high_le_1km,2825.0,4125.0,3917.0,518.0,5.560681631015528,7.8751429567029945,200_299
120983177,Cirsium undulatum,1,375.0,204.37905485712076,0.1023058787307208,0.3269230769230769,0.2476589081582319,unknown,2805.0,8624.0,317.0,269.0,5.926926025970411,5.324857319836884,300_plus
120997481,Cirsium edule,1,268.0,6641.47796061866,0.089973965815897,0.252803738317757,0.2010707189799372,high_le_1km,2847.0,2090.0,1876.0,691.0,5.5909869805108565,8.80124035969375,200_299
121195337,Cirsium brevistylum,1,306.0,5217.389787520469,0.0642764928506648,0.0963855421686747,0.1748764842881306,high_le_1km,2823.0,2800.0,2218.0,405.0,5.723585101952381,8.559944163466417,300_plus
121429765,Cirsium serrulatum,2,369.0,2991.629285571743,0.121678371321149,0.4051700898587933,0.3077565822151981,unknown,2786.0,12702.0,377.0,136.0,5.910796644040527,8.003907639697474,300_plus
121473949,Cirsium townsendii,1,182.0,5826.85020496116,0.077033738909508,0.2941176470588235,0.1877567073991034,high_le_1km,2941.0,6090.0,309.0,847.0,5.204006687076795,8.670403464335696,150_199
121513128,Cirsium dissectum,1,170.0,1785.7167453526674,0.0666348140049445,0.1711711711711711,0.2136991011719316,high_le_1km,2834.0,4651.0,629.0,133.0,5.135798437050262,7.488134994119228,150_199
121835201,Cirsium occidentale,2,181.0,3959.14272272938,0.09297287115188141,0.33016983016983015,0.2363487691261054,high_le_1km,2883.0,3279.0,408.0,938.0,5.198497031265826,8.28403534469234,150_199
122191758,Cirsium pumilum,1,236.0,7368.931937983643,0.0515705940855898,0.1785714285714285,0.1201684666177296,high_le_1km,2834.0,6453.0,1075.0,126.0,5.4638318050256105,8.905163750131736,200_299
122246039,Cirsium consociatum,1,151.0,4962.462928085133,0.0701414432128986,0.2098765432098765,0.1541939182508092,moderate_1_to_10km,2809.0,1139.0,2483.0,715.0,5.017279836814924,8.509858947095896,150_199
122526794,Cirsium heterophyllum,1,375.0,6743.796528105396,0.0720931302833811,0.231578947368421,0.1784680259924951,unknown,2784.0,9646.0,643.0,297.0,5.926926025970411,8.816526601857028,300_plus
122547573,Cirsium bertolonii,1,389.0,1423.1204350623334,0.0602750161534584,0.1818181818181818,0.1536487237129842,high_le_1km,2781.0,5812.0,1051.0,257.0,5.963579343618446,7.261309663579865,300_plus
122577987,Cirsium consociatum,1,313.0,760.0374206441871,0.0826068521180661,0.2828196347031964,0.1754530815775965,high_le_1km,2812.0,862.0,2724.0,731.0,5.746203190540153,6.634682529641154,300_plus
122622452,Cirsium filipendulum,2,266.0,1591.510360773883,0.08538115997580889,0.18959175107470333,0.2975330791214279,unknown,2876.0,2649.0,868.0,643.0,5.583496308781699,7.373066893405615,200_299
122891271,Cirsium rhaphilepis,1,175.0,2752.287095220644,0.1234728508357017,0.2941176470588235,0.3643920583746821,unknown,2873.0,2152.0,600.0,801.0,5.1647859739235145,7.920550784202503,150_199
122908830,Cirsium hypoleucum,1,166.0,2783.7402610316835,0.1161234356023479,0.3523809523809524,0.235947759232093,unknown,2867.0,6623.0,933.0,337.0,5.111987788356544,7.931909884468689,150_199
123181400,Cirsium pulcherrimum,1,217.0,2524.5270305312006,0.151360307191523,0.3583333333333333,0.3512065967024876,high_le_1km,2790.0,10044.0,253.0,359.0,5.37989735354046,7.834205044892287,200_299
123332390,Cirsium suzukii,1,234.0,3613.432401504947,0.0926636511047002,0.3130434782608696,0.319935663586491,high_le_1km,2852.0,4380.0,4425.0,437.0,5.455321115357702,8.19269011023336,200_299
123521536,Cirsium bertolonii,1,365.0,3162.9020558715106,0.0901405856991757,0.2347869618422516,0.256494518496337,unknown,2783.0,6002.0,880.0,272.0,5.8998973535824915,8.059561372615581,300_plus
123876303,Cirsium remotifolium,1,181.0,3943.198545426074,0.1307802012409085,0.45,0.2736726418333769,unknown,2838.0,4713.0,1308.0,552.0,5.198497031265826,8.280001055587826,150_199
124190315,Cirsium inamoenum,1,188.0,5451.657856577569,0.0855287513741677,0.1666666666666666,0.3624091029214529,high_le_1km,2822.0,6959.0,328.0,461.0,5.236441962829949,8.60385844888597,150_199
124389446,Cirsium canescens,1,167.0,6157.357634907044,0.0793931803914334,0.3258426966292135,0.172376357388186,high_le_1km,2795.0,8729.0,503.0,453.0,5.117993812416755,8.725565403268849,150_199
124834737,Cirsium flodmanii,1,196.0,1463.5112774288257,0.0989108349607,0.2159090909090909,0.3132858298627556,unknown,2801.0,8827.0,518.0,302.0,5.278114659230517,7.289276866769942,150_199
125084449,Cirsium tuberosum,1,305.0,597.1769953154565,0.1133542955941739,0.35,0.2691995957396668,unknown,2836.0,6641.0,592.0,129.0,5.720311776607412,6.39388668894594,300_plus
125090736,Cirsium japonicum,1,155.0,1133.5137883447064,0.0700808574600073,0.2898550724637681,0.1772877120889121,high_le_1km,2951.0,3626.0,3485.0,782.0,5.043425116919247,7.03395945782141,150_199
125262652,Cirsium mohavense,1,299.0,2897.5871315640834,0.1085240431899213,0.3636363636363636,0.2252655131731608,high_le_1km,2868.0,8033.0,233.0,725.0,5.700443573390687,7.971978701243642,200_299
125466704,Cirsium nuttallii,1,193.0,3276.5510219970115,0.1448581417200887,0.3020833333333333,0.3135652955644865,unknown,2898.0,7885.0,1376.0,167.0,5.262690188904886,8.094851782868938,150_199
125534116,Cirsium parryi,1,237.0,4122.2203264381205,0.0883756508815569,0.2653061224489796,0.2045066852689544,unknown,2790.0,8510.0,515.0,434.0,5.4680601411351315,8.324389769658485,200_299
125824245,Cirsium lecontei,1,375.0,1802.6466386946388,0.0557169384475353,0.1173469387755102,0.2107267235263731,unknown,2908.0,6308.0,1443.0,296.0,5.926926025970411,7.497565804881173,300_plus
126119419,Cirsium glabrum,1,366.0,9274.187859920634,0.0604977109105695,0.2196605185779203,0.1232825026806039,high_le_1km,2775.0,6145.0,1494.0,231.0,5.902633333401366,9.135098141709399,300_plus
126155455,Cirsium parryi,1,154.0,1614.895093192617,0.1143541823788219,0.4375,0.2105179190512721,unknown,2768.0,8866.0,590.0,433.0,5.0369526024136295,7.387644319394977,150_199
126306739,Cirsium serratuloides,1,288.0,629.5818194873063,0.1255146337880201,0.3796296296296296,0.3760238853046702,high_le_1km,2729.0,13412.0,408.0,1067.0,5.662960480135946,6.446642916196315,200_299
126655780,Cirsium scopulorum,1,326.0,5749.6462766515215,0.0554840610072599,0.1847826086956521,0.1605145670649392,high_le_1km,2682.0,8750.0,1202.0,359.0,5.786897381366708,8.65706752341484,300_plus
126819171,Cirsium palustre,1,236.0,499.6420434719232,0.1200965950120294,0.2857142857142857,0.4291549437085583,high_le_1km,2809.0,4672.0,3075.0,287.0,5.4638318050256105,6.2158913616314875,200_299
127189144,Cirsium flodmanii,1,203.0,746.4672867839707,0.0771578273160203,0.2626262626262626,0.2142778908262225,high_le_1km,2795.0,8668.0,489.0,295.0,5.313205979041787,6.616690540807487,200_299
127228940,Cirsium hosokawae,1,281.0,4479.7157352577215,0.1293723426321256,0.2452830188679245,0.2356205634684754,unknown,2829.0,3745.0,3076.0,513.0,5.638354669333745,8.407538074982702,200_299
127266016,Cirsium longistylum,1,219.0,3664.992157716539,0.116976976097525,0.3454545454545454,0.2155850058112547,high_le_1km,2743.0,8947.0,564.0,479.0,5.389071729816501,8.206854289203838,200_299
127289943,Cirsium hosokawae,1,236.0,4392.121960175061,0.0916972406826137,0.3076923076923077,0.2712664167242254,high_le_1km,2809.0,4108.0,3725.0,563.0,5.4638318050256105,8.387795405979453,200_299
127344385,Cirsium kawakamii,1,364.0,7673.176299088293,0.0407938116814046,0.1102941176470588,0.0886107609224369,high_le_1km,2809.0,4108.0,3725.0,563.0,5.8971538676367405,8.945616244101556,300_plus
127652958,Cirsium simplex,2,192.0,1065.712033481025,0.0896890598726183,0.2921052631578947,0.2374842274639904,unknown,2745.0,7110.0,2725.0,132.0,5.2574953720277815,6.972336330603735,150_199
127684394,Cirsium lecontei,1,323.0,1513.3393027149464,0.1432365895454148,0.4578313253012048,0.2348120731539495,high_le_1km,2908.0,6308.0,1443.0,296.0,5.777652323222656,7.322734519004026,300_plus
127881958,Cirsium jorullense,1,169.0,3367.554831748397,0.0764609567235027,0.2209302325581395,0.1583851910151526,unknown,2875.0,1681.0,639.0,762.0,5.1298987149230735,8.122239098062026,150_199
128185731,Cirsium heterophyllum,1,236.0,3382.692340742027,0.0595094424183441,0.2613636363636363,0.123950074299383,unknown,2769.0,6698.0,1261.0,249.0,5.4638318050256105,8.126722800736642,200_299
128204151,Cirsium hypoleucum,1,178.0,623.3696677923012,0.1295589563369047,0.325,0.298155763453191,unknown,2877.0,6430.0,899.0,456.0,5.181783550292085,6.436742609293961,150_199
128526558,Cirsium coloradense,1,361.0,5941.444584466626,0.0490847996411089,0.116504854368932,0.1595223891300773,high_le_1km,2790.0,7234.0,713.0,640.0,5.8888779583328805,8.689875873901281,300_plus
128786026,Cirsium tracyi,1,335.0,1820.819577913111,0.1243964507868186,0.3837209302325581,0.2445982685863718,high_le_1km,2790.0,8280.0,552.0,176.0,5.814130531825066,7.507591048719709,300_plus
129080438,Cirsium parryi,1,194.0,5574.878903686578,0.1000968421568218,0.351063829787234,0.2189745747643513,unknown,2766.0,8383.0,737.0,575.0,5.267858159063328,8.626205234788209,150_199
129096733,Cirsium inamoenum,1,207.0,5689.093698183428,0.0732565309017239,0.3048780487804878,0.2374004206504706,high_le_1km,2783.0,8726.0,513.0,393.0,5.332718793265369,8.646481994152357,200_299
129170751,Cirsium edule,1,364.0,1802.005519343335,0.093031886914944,0.3465346534653465,0.2111864450718308,high_le_1km,2752.0,5178.0,3000.0,565.0,5.8971538676367405,7.497210284398485,300_plus
129182879,Cirsium cymosum,1,177.0,2676.7517659708224,0.1247657720701673,0.3684210526315789,0.2836049104572869,high_le_1km,2789.0,7202.0,573.0,612.0,5.176149732573829,7.892732828142542,150_199
129948848,Cirsium eatonii,1,224.0,2159.545591067332,0.10056389239517,0.3137254901960784,0.2919497265189201,high_le_1km,2758.0,9598.0,719.0,313.0,5.4116460518550396,7.678116057240215,200_299
129996117,Cirsium vulgare,1,160.0,3740.1664164606673,0.0967362683338474,0.3793103448275862,0.1996011845062341,high_le_1km,2818.0,10084.0,986.0,385.0,5.075173815233827,8.227152717844351,150_199
130202938,Cirsium hookerianum,1,250.0,1424.5788277739136,0.0957344943563888,0.2941176470588235,0.2643215503775325,unknown,2767.0,8757.0,816.0,189.0,5.521460917862246,7.262333205156986,200_299
130258201,Cirsium hygropodum,1,345.0,3007.373508921445,0.0433357291808957,0.1122448979591836,0.1138499366314172,unknown,2842.0,3320.0,1474.0,858.0,5.84354441703136,8.00915484920993,300_plus
130593509,Cirsium cymosum,1,273.0,4718.141831466074,0.0513132927829716,0.1851851851851851,0.1744964389347229,high_le_1km,2767.0,7897.0,700.0,624.0,5.60947179518496,8.459382246681827,200_299
130594429,Cirsium obvallatum,1,310.0,7815.145894246422,0.0933328436317765,0.2409638554216867,0.2707161366376285,high_le_1km,2709.0,8232.0,1738.0,391.0,5.736572297479192,8.963946859649537,300_plus
130773149,Cirsium ciliatum,2,306.5,825.121247360258,0.12318614979702106,0.33691860465116275,0.2939387685564975,high_le_1km,2840.0,9673.0,475.0,365.0,5.725217755376266,6.716741551320331,300_plus
130874836,Cirsium canum,1,362.0,7018.737886715926,0.1508509030180253,0.2127659574468085,0.5347202411240808,high_le_1km,2812.0,8724.0,639.0,320.0,5.8916442118257715,8.856481158248119,300_plus
130937924,Cirsium serratuloides,1,250.0,6840.750335980301,0.0787451212719284,0.3,0.1383342668659777,high_le_1km,2733.0,12943.0,309.0,999.0,5.521460917862246,8.830798874953668,200_299
131036675,Cirsium canum,1,166.0,1389.4022954217137,0.1149392163623263,0.3793103448275862,0.3224932540084779,high_le_1km,2762.0,12105.0,463.0,474.0,5.111987788356544,7.237348405417212,150_199
131097151,Cirsium pumilum,1,317.0,4471.76845401318,0.2209106269791218,0.3505154639175257,0.5906153651566797,high_le_1km,2814.0,10636.0,855.0,464.0,5.75890177387728,8.405762836837711,300_plus
131140782,Cirsium andersonii,1,172.0,2202.1418691360645,0.130968379277777,0.3793103448275862,0.2793717130799203,high_le_1km,2784.0,7476.0,679.0,635.0,5.147494476813453,7.697639742884143,150_199
131144529,Cirsium edule,1,175.0,1983.284124991833,0.0967449126400351,0.2777777777777778,0.2864877418055381,high_le_1km,2796.0,5310.0,4166.0,585.0,5.1647859739235145,7.5930134857527145,150_199
131278190,Cirsium quercetorum,1,187.0,5167.65566016384,0.0975260281772121,0.323943661971831,0.208816813615159,high_le_1km,2862.0,2198.0,497.0,903.0,5.231108616854587,8.550367906641968,150_199
131624094,Cirsium ochrocentrum,1,229.0,1493.038254479917,0.140967849606435,0.4050632911392405,0.4266643755868855,high_le_1km,2844.0,6499.0,640.0,847.0,5.43372200355424,7.309237970773194,200_299
131676288,Cirsium pumilum,2,372.0,4676.9161645377935,0.059151723151239996,0.15117945763679064,0.1605795996693012,high_le_1km,2815.0,8949.0,1074.0,205.0,5.918893854273146,8.450608025764597,300_plus
131681774,Cirsium wheeleri,1,175.0,4029.1392955724114,0.1363227089200233,0.3164556962025316,0.2895502393486824,high_le_1km,2826.0,7590.0,551.0,416.0,5.1647859739235145,8.30155621900155,150_199
131684025,Cirsium hookerianum,1,351.0,2144.8376514512884,0.0909748199070232,0.3142857142857143,0.226345571171333,high_le_1km,2735.0,8847.0,932.0,266.0,5.860786223465865,7.671285268628671,300_plus
131740525,Cirsium acaulon,1,176.0,2748.2743528859523,0.0739246799048894,0.34375,0.1666024446715063,high_le_1km,2858.0,5593.0,960.0,163.0,5.170483995038151,7.919092284162525,150_199
132272236,Cirsium yatsu-alpicola,1,166.0,1942.3022466168893,0.2209083651177643,0.3506493506493506,0.5743329482041432,unknown,2755.0,8671.0,1659.0,520.0,5.111987788356544,7.572143993953399,150_199
132285608,Cirsium erisithales,1,367.0,4210.37256688137,0.0867118983710158,0.2272727272727272,0.2377963571732664,high_le_1km,2847.0,8741.0,620.0,230.0,5.905361848054571,8.345543898929197,300_plus
132310985,Cirsium barnebyi,1,211.0,3011.1476043510943,0.0826602086563528,0.2391304347826087,0.2204179253407575,high_le_1km,2828.0,9867.0,338.0,372.0,5.351858133476067,8.010408593147707,200_299
132730876,Cirsium canescens,1,184.0,2843.7732459860736,0.0977815205279263,0.2826086956521739,0.2216376980612862,high_le_1km,2764.0,8683.0,480.0,530.0,5.214935757608986,7.953238640742908,150_199
132950450,Cirsium maritimum,1,343.0,5987.04200458669,0.0739425145011934,0.2133064954847133,0.2161655432981682,high_le_1km,2902.0,6231.0,2146.0,358.0,5.8377304471659395,8.697519760308952,300_plus
132987352,Cirsium calcareum,2,327.5,1645.9701820377813,0.1325626028048018,0.41916666666666663,0.2900667375463646,high_le_1km,2880.0,9701.0,208.0,258.0,5.791488055075306,7.406692625604392,300_plus
132991264,Cirsium wheeleri,2,359.5,1467.4381132256935,0.0939348293962832,0.3073863379453789,0.21637123587365545,high_le_1km,2825.0,6951.0,598.0,619.0,5.884714177161102,7.291954606901266,300_plus
133065345,Cirsium ligulare,2,229.0,2995.337011581665,0.1598479695859096,0.30985729386892175,0.5486878788313789,unknown,2846.0,8005.0,661.0,273.0,5.43372200355424,8.005145825487693,200_299
133145143,Cirsium grahamii,1,215.0,2714.9609635068823,0.1086568066596395,0.2702702702702703,0.2428339867261516,high_le_1km,2890.0,6545.0,464.0,865.0,5.3706380281276624,7.906901115786963,200_299
133225403,Cirsium wheeleri,1,204.0,1047.5138391503515,0.1419696388618295,0.3363636363636363,0.3327586095435779,high_le_1km,2877.0,6934.0,484.0,714.0,5.318119993844216,6.955129049253773,200_299
133268521,Cirsium pringlei,1,175.0,2464.764061428664,0.0826565136059204,0.2545454545454545,0.2150190820436554,unknown,2897.0,3914.0,908.0,755.0,5.1647859739235145,7.810257002516277,150_199
133287601,Cirsium tracyi,2,235.5,2146.0859017024004,0.06781701570681095,0.2765957446808511,0.14619837647305234,high_le_1km,2774.0,8070.0,658.0,184.0,5.461710913456472,7.6718668071866425,200_299
133414506,Cirsium hookerianum,2,245.5,2711.6341736498953,0.10056430561596695,0.2383376746388823,0.3764456138734318,moderate_1_to_10km,2747.0,8242.0,1659.0,213.0,5.503296947234575,7.905675461565418,200_299
134112782,Cirsium turkestanicum,2,204.0,1823.799584727772,0.16296832682040235,0.2880280638901328,0.544635697868741,high_le_1km,2764.0,9229.0,1474.0,565.0,5.318119993844216,7.509225443398787,200_299
134226700,Cirsium canum,1,226.0,3312.711309570366,0.0749168117709606,0.3010752688172043,0.1467495571054562,high_le_1km,2815.0,8839.0,599.0,307.0,5.420534999272286,8.105824081811306,200_299
134706118,Cirsium serratuloides,1,331.0,2940.549659806384,0.0665095537252913,0.2321048901488306,0.2508375182688194,high_le_1km,2715.0,12119.0,411.0,748.0,5.802118375377063,7.986691816639102,300_plus
135418115,Cirsium lecontei,1,184.0,3996.641991626616,0.1304538736674201,0.3625,0.411602693484709,unknown,2933.0,5624.0,1570.0,210.0,5.214935757608986,8.293459964184006,150_199
135418269,Cirsium lecontei,1,259.0,2725.6345288528564,0.1028876185915352,0.3619047619047619,0.1905881337604267,unknown,2933.0,5624.0,1570.0,210.0,5.556828061699537,7.91082335437494,200_299
135680105,Cirsium hosokawae,2,261.5,2253.3658594348503,0.11156620578218304,0.2891483516483516,0.2742480973706117,unknown,2809.0,4108.0,3725.0,563.0,5.566434283504978,7.720623997060108,200_299
136225863,Cirsium hygropodum,1,327.0,882.5571231582766,0.0980520369427203,0.3814432989690721,0.2384464419207333,unknown,2855.0,3356.0,862.0,843.0,5.7899601708972535,6.783955945196867,300_plus
136851192,Cirsium velatum,1,172.0,3763.1099570211927,0.0762431483621691,0.1386138613861386,0.3598406128128316,high_le_1km,2865.0,1663.0,957.0,914.0,5.147494476813453,8.23326671308974,150_199
136946338,Cirsium ehrenbergii,1,350.0,3671.050181265112,0.1229887192198505,0.3837209302325581,0.3368325168985899,moderate_1_to_10km,2909.0,2680.0,562.0,758.0,5.857933154483459,8.208505417568874,300_plus
137147495,Cirsium hygropodum,1,285.0,4073.199454933808,0.0933355753682347,0.3870967741935484,0.2394959452969052,high_le_1km,2883.0,3191.0,511.0,1005.0,5.652489180268651,8.312429553598609,200_299
138043990,Cirsium rhaphilepis,1,180.0,2052.4003986450552,0.11317322230289,0.3370786516853932,0.21115557096595,high_le_1km,2893.0,1888.0,698.0,888.0,5.19295685089021,7.627252429003861,150_199
138175752,Cirsium radians,2,232.0,2776.326382540839,0.0844407224951417,0.25414327719860996,0.23915296815136272,moderate_1_to_10km,2813.0,737.0,3518.0,756.0,5.44673737166631,7.9292440110238935,200_299
138194875,Cirsium subuliforme,1,198.0,2636.4160686903765,0.0934730569072799,0.2745098039215686,0.2960994864912014,unknown,2842.0,2009.0,1232.0,907.0,5.288267030694535,7.877554954980495,150_199
139108352,Cirsium phyllocephalum,1,223.0,1094.0118474022036,0.1238570574902466,0.3626373626373626,0.3414236843976942,high_le_1km,2872.0,6874.0,878.0,1060.0,5.407171771460119,6.998520461737462,200_299
139790911,Cirsium ciliatum,1,154.0,3292.516310828229,0.0764628790475391,0.2967032967032967,0.18603041187305,unknown,2853.0,8525.0,738.0,201.0,5.0369526024136295,8.099711060498493,150_199
140616389,Cirsium vulgare,1,229.0,1936.4013608397945,0.0940155421772756,0.3368421052631579,0.2687340768029118,high_le_1km,2874.0,3045.0,526.0,158.0,5.43372200355424,7.5691028493972174,200_299
140625796,Cirsium velatum,1,233.0,2203.699930200164,0.1244644717728903,0.3095238095238095,0.3612625854188783,high_le_1km,2871.0,2124.0,822.0,902.0,5.4510384535657,7.698346692543373,200_299
140775915,Cirsium euxinum,1,238.0,1834.386402364016,0.1049436983232318,0.2596153846153846,0.3132231282896287,high_le_1km,2859.0,7516.0,900.0,283.0,5.472270673671475,7.51501031181656,200_299
141556553,Cirsium rivulare,1,213.0,139.5352676934006,0.0768631359523106,0.3516483516483517,0.1448981494754966,unknown,2810.0,7870.0,641.0,385.0,5.3612921657094255,4.945458472886045,200_299
141714950,Cirsium subcoriaceum,1,316.0,1430.4040801007457,0.084186160012483,0.3191489361702128,0.1961612255344577,high_le_1km,2895.0,1317.0,1251.0,707.0,5.755742213586912,7.266411115727112,300_plus
142317034,Cirsium latifolium,1,238.0,1141.8199029524865,0.1261164723686135,0.2758620689655172,0.3132624705443304,high_le_1km,2873.0,3337.0,2945.0,630.0,5.472270673671475,7.041254086159185,200_299
142733119,Cirsium turneri,1,218.0,1519.6941069953975,0.0879336613017198,0.2580645161290322,0.229846805349699,high_le_1km,2935.0,6985.0,353.0,566.0,5.384495062789089,7.326922158946821,200_299
143554514,Cirsium creticum,1,189.0,956.780269610844,0.1133248538943534,0.379746835443038,0.2971914073780525,high_le_1km,2875.0,6450.0,534.0,222.0,5.241747015059643,6.8646183879999905,150_199
143807469,Cirsium turneri,1,320.0,437.6676540775184,0.1969295560630287,0.3716814159292035,0.5477516948870659,high_le_1km,2896.0,6453.0,463.0,644.0,5.768320995793772,6.083742074151211,300_plus
143822309,Cirsium conspicuum,2,347.5,5087.5081504600985,0.09939355099384485,0.2636363636363636,0.2801612753418654,high_le_1km,2871.0,2100.0,2150.0,643.0,5.850764665004847,8.534739972371904,300_plus
144031207,Cirsium rhizocephalum,1,156.0,7920.133023287215,0.0942579903042657,0.2476190476190476,0.2450808450728382,high_le_1km,2741.0,7466.0,982.0,559.0,5.049856007249537,8.977289533072442,150_199
144377124,Cirsium discolor,1,160.0,2989.850001417226,0.0497624612754474,0.1931818181818181,0.0839321116846938,high_le_1km,2857.0,8522.0,1205.0,125.0,5.075173815233827,8.003312907394871,150_199
144461672,Cirsium velatum,1,194.0,3186.5837912559887,0.0898830007597926,0.2333333333333333,0.2705540037256352,high_le_1km,2893.0,2012.0,1061.0,1048.0,5.267858159063328,8.067018476574031,150_199
144782962,Cirsium monspessulanum,2,280.5,627.142484489614,0.09403757234404,0.3340007627765065,0.20145355958539551,high_le_1km,2833.0,6110.0,1537.0,266.0,5.636573724962751,6.442767026863392,200_299
145066810,Cirsium pyrenaicum,1,303.0,849.1790790572777,0.0708798117172291,0.3125,0.1216322541024849,high_le_1km,2819.0,6358.0,699.0,318.0,5.713732805509369,6.745447008538042,300_plus
145123641,Cirsium tuberosum,1,249.0,1435.1973844388892,0.1077894817351225,0.3786407766990291,0.2639364100860911,unknown,2811.0,5753.0,1270.0,294.0,5.517452896464707,7.269754194506817,200_299
145972629,Cirsium grahamii,1,189.0,1799.116705009429,0.0559637490627436,0.2244897959183673,0.1103751669529037,high_le_1km,2839.0,6826.0,479.0,665.0,5.241747015059643,7.495606777898836,150_199
146382210,Cirsium edule,1,225.0,5196.983157054968,0.0847468953419562,0.2692307692307692,0.2194076817215591,high_le_1km,2715.0,8443.0,1162.0,274.0,5.41610040220442,8.556025974922036,200_299
146459332,Cirsium kamtschaticum,1,178.0,2637.4241950249366,0.0899601531712047,0.2882882882882883,0.2201004243523502,high_le_1km,2761.0,4970.0,910.0,290.0,5.181783550292085,7.8779371221032415,150_199
146995580,Cirsium subcoriaceum,1,154.0,2276.427695100614,0.2349005925244753,0.4696969696969697,0.5805023897826818,unknown,2870.0,975.0,1939.0,887.0,5.0369526024136295,7.730801881144142,150_199
147744160,Cirsium ehrenbergii,1,226.0,2093.073540131956,0.0912842886745892,0.3434343434343434,0.1834408586121858,unknown,2844.0,2501.0,1130.0,1155.0,5.420534999272286,7.646866510265554,200_299
148657690,Cirsium mexicanum,1,374.0,6202.587349215476,0.0591212552335967,0.1741573033707865,0.1691856042300084,unknown,2956.0,1249.0,2253.0,425.0,5.924255797414532,8.732883008418192,300_plus
148717585,Cirsium ehrenbergii,1,348.0,1840.9631257775131,0.1371596269097013,0.3505154639175257,0.4167939185437318,unknown,2899.0,748.0,2359.0,988.0,5.8522024797744745,7.5185871980358945,300_plus
148840524,Cirsium pinetorum,1,187.0,5450.230559721656,0.1381547677246642,0.3977272727272727,0.3828275264028961,high_le_1km,2841.0,2434.0,557.0,834.0,5.231108616854587,8.603596652945004,150_199
148872111,Cirsium undulatum,1,348.0,9234.729928855048,0.0509951752887466,0.2193381331312365,0.1446348577181722,high_le_1km,2894.0,4899.0,325.0,938.0,5.8522024797744745,9.130834928909463,300_plus
149089155,Cirsium horridulum,1,312.0,3954.313641435588,0.0753547017563046,0.2376237623762376,0.2409855577444719,unknown,2976.0,2223.0,1155.0,436.0,5.7430031878094825,8.282815179569635,300_plus
149268711,Cirsium occidentale,1,363.0,6027.911207885297,0.0923797282049451,0.2212028542303771,0.2588488208983489,high_le_1km,2893.0,3319.0,497.0,993.0,5.8944028342648505,8.704321710878101,300_plus
149593850,Cirsium conspicuum,1,329.0,882.3330674638479,0.1400029328288459,0.4587155963302752,0.2800079670678377,unknown,2894.0,1904.0,1648.0,1125.0,5.796057750765372,6.78370232932779,300_plus
149739457,Cirsium alatum,2,172.5,1260.3624534404694,0.13403388593256704,0.32536572622779514,0.31432472071442774,moderate_1_to_10km,2821.0,9579.0,523.0,186.0,5.150397236471415,7.139947728002864,150_199
150413161,Cirsium monspessulanum,1,221.0,3246.790947020693,0.1591312797118977,0.2735849056603773,0.458760212969045,high_le_1km,2874.0,5989.0,551.0,403.0,5.3981627015177525,8.08573033560814,200_299
151687031,Cirsium subcoriaceum,1,223.0,4482.758873707842,0.0614598608995169,0.1797752808988764,0.171253755938241,high_le_1km,2860.0,1194.0,1671.0,852.0,5.407171771460119,8.408217007926295,200_299
151867108,Cirsium centaureae,1,151.0,3036.0652446994923,0.1254386840924778,0.290366473149492,0.3658562722699529,moderate_1_to_10km,2757.0,8117.0,468.0,421.0,5.017279836814924,8.018646948087786,150_199
152200848,Cirsium calcareum,2,269.0,1218.2082490354912,0.10324296904454786,0.30901759530791784,0.24784844076932888,high_le_1km,2826.0,9046.0,298.0,342.0,5.594711379601839,7.105956950850676,200_299
152852208,Cirsium turneri,1,267.0,2902.524346278713,0.0921813401266872,0.3295454545454545,0.2012068430215491,high_le_1km,2890.0,6421.0,461.0,644.0,5.58724865840025,7.973680569925464,200_299
153762623,Cirsium lipskyi,1,368.0,2860.363207170601,0.0837673077159378,0.1553168635875402,0.2074930345818503,high_le_1km,2827.0,4823.0,4518.0,603.0,5.908082938168931,7.959053436118189,300_plus
153874133,Cirsium coahuilense,1,280.0,1463.7215530706872,0.0674417813291321,0.2403846153846154,0.1563401353913654,high_le_1km,2962.0,5327.0,258.0,597.0,5.634789603169249,7.289420437222952,200_299
153899662,Cirsium jaliscoense,1,375.0,3617.661256513612,0.065353828501442,0.3027542078174989,0.1516839072428012,high_le_1km,2847.0,1763.0,1212.0,1021.0,5.926926025970411,8.19385941777739,300_plus
154128399,Cirsium andrewsii,1,254.0,12097.02648739955,0.0794911729361503,0.2,0.2248130679096849,high_le_1km,2866.0,2177.0,754.0,927.0,5.537334267018537,9.400797618067633,200_299
154507692,Cirsium engelmannii,1,207.0,2231.225149138528,0.0563278229314954,0.2117647058823529,0.1241182624477669,unknown,2935.0,6394.0,1099.0,221.0,5.332718793265369,7.710754191683785,200_299
154585889,Cirsium gagnidzei,1,177.0,4778.66185574824,0.0655584007949915,0.2717391304347826,0.1423494644748084,moderate_1_to_10km,2848.0,7197.0,2429.0,210.0,5.176149732573829,8.472125081507942,150_199
154651019,Cirsium horridulum,1,173.0,4138.061615376503,0.0848966505106272,0.3626373626373626,0.1704600375146411,high_le_1km,2941.0,5699.0,1521.0,232.0,5.153291594497779,8.328224378174895,150_199
154666667,Cirsium helenioides,1,368.0,3117.1303106292125,0.2274754235292008,0.4776119402985074,0.406277724563526,high_le_1km,2661.0,16335.0,1033.0,548.0,5.908082938168931,8.044988841762125,300_plus
154835760,Cirsium jaliscoense,2,193.0,1454.102606869736,0.0972801917457158,0.20206300291046053,0.37671552670406466,high_le_1km,2881.0,1978.0,1096.0,1037.0,5.262690188904886,7.282831697304547,150_199
155168153,Cirsium horridulum,1,222.0,4345.599209395812,0.0608393273340516,0.2560975609756097,0.1501987260828556,high_le_1km,2897.0,7289.0,1137.0,189.0,5.402677381872279,8.377149027381328,200_299
155577187,Cirsium japonicum,1,291.0,825.3754584020812,0.0889988750208407,0.2736842105263158,0.1698572763295384,high_le_1km,2923.0,4601.0,4423.0,288.0,5.673323267171493,6.717049220367951,200_299
156343998,Cirsium ehrenbergii,1,333.0,1551.0051519422127,0.1433338567666123,0.2804878048780488,0.4409487914778025,high_le_1km,2844.0,2133.0,661.0,767.0,5.808142489980444,7.347303020288049,300_plus
156510056,Cirsium drummondii,1,165.0,987.4337585421576,0.0421700817011441,0.0813953488372093,0.0850585279650862,high_le_1km,2763.0,11278.0,463.0,462.0,5.10594547390058,6.896121628268303,150_199
157750254,Cirsium vulgare,1,301.0,4396.68035442462,0.1736864489955427,0.3902439024390244,0.3567435890358242,high_le_1km,2893.0,2425.0,878.0,642.0,5.707110264748875,8.388832488715474,300_plus
158056043,Cirsium schantarense,1,348.0,5380.242320725319,0.0650552401144253,0.2393162393162393,0.1447581159154963,high_le_1km,2786.0,10674.0,790.0,725.0,5.8522024797744745,8.590674541132108,300_plus
158227657,Cirsium erisithales,1,315.0,5620.605198122131,0.0926921688235942,0.2293577981651376,0.3127579363447417,high_le_1km,2814.0,7409.0,1806.0,268.0,5.752572638825633,8.634372524547073,300_plus
158242729,Cirsium rhaphilepis,1,359.0,8710.697915736286,0.0672597358470742,0.1710526315789473,0.1917315891050923,high_le_1km,2892.0,1922.0,888.0,971.0,5.883322388488279,9.072421989509358,300_plus
158461597,Cirsium virginianum,1,357.0,3446.1155870678776,0.083003493099381,0.1125,0.345695697049406,high_le_1km,2902.0,6628.0,1441.0,306.0,5.877735781779639,8.145293098611425,300_plus
159070056,Cirsium nivale,2,195.0,4157.514065847536,0.15309785277611265,0.37559523809523804,0.39393290533410835,unknown,2815.0,1923.0,1374.0,873.0,5.272999558563747,8.332913093736,150_199
161376790,Cirsium conspicuum,2,180.5,815.1558197830877,0.13015000709562005,0.3074137931034483,0.2866644928588335,high_le_1km,2893.0,1400.0,1532.0,1071.0,5.195730777772936,6.704605292350933,150_199
161484393,Cirsium nuttallii,1,167.0,5592.418064026122,0.0986758468284701,0.2736842105263158,0.2198088324901855,high_le_1km,2964.0,3603.0,1383.0,469.0,5.117993812416755,8.629345839753151,150_199
161526662,Cirsium jaliscoense,1,215.0,5161.260304114837,0.0438536555182529,0.1958762886597938,0.17386638379298,high_le_1km,2864.0,1718.0,1546.0,1075.0,5.3706380281276624,8.5491298059957,200_299
161973165,Cirsium vulgare,1,362.0,3489.035722873611,0.1723638632005239,0.2452830188679245,0.5441439997835283,high_le_1km,2867.0,7526.0,1001.0,286.0,5.8916442118257715,8.157667250924492,300_plus
161998358,Cirsium acaulon,1,375.0,3398.542377582555,0.0954322202495361,0.2416666666666666,0.2773044508152031,unknown,2850.0,4025.0,898.0,270.0,5.926926025970411,8.131396106716895,300_plus
163941788,Cirsium texanum,1,154.0,1662.219286060326,0.0796670709343538,0.3,0.2072080596302636,high_le_1km,2956.0,4851.0,753.0,688.0,5.0369526024136295,7.4165103322319395,150_199
164128056,Cirsium novoleonense,1,224.0,3676.380210299207,0.0956560890217816,0.3294117647058823,0.3457081479286975,unknown,2798.0,3622.0,805.0,661.0,5.4116460518550396,8.209955878267072,200_299
164385402,Cirsium schantarense,2,422.5,3762.270765933276,0.08999857658658855,0.30028735632183906,0.19822388364245552,moderate_1_to_10km,2786.0,10924.0,745.0,720.0,6.046189446797229,8.233043742810363,300_plus
164975197,Cirsium simplex,1,195.0,1235.902920388144,0.0684802797414547,0.25,0.1344358742251336,high_le_1km,2710.0,7323.0,2680.0,129.0,5.272999558563747,7.1203658894325415,150_199
164982079,Cirsium conspicuum,1,219.0,1277.7745357911956,0.1363190916212255,0.3333333333333333,0.3578501144976924,moderate_1_to_10km,2854.0,1822.0,2007.0,845.0,5.389071729816501,7.153657504406255,200_299
165358379,Cirsium neomexicanum,1,180.0,2142.992835851045,0.1227247817318342,0.3265306122448979,0.3369806110953137,unknown,2834.0,9187.0,182.0,213.0,5.19295685089021,7.670425180697724,150_199
165425804,Cirsium brevicaule,1,369.0,8599.740375381965,0.0729159210233158,0.3243243243243243,0.1417149805440986,high_le_1km,2963.0,3628.0,1297.0,703.0,5.910796644040527,9.059603568696748,300_plus
165786738,Cirsium brevifolium,1,176.0,2863.9675984270134,0.0731118674673955,0.2134831460674157,0.2076973154778726,unknown,2847.0,9162.0,188.0,483.0,5.170483995038151,7.960312319635329,150_199
165829256,Cirsium neomexicanum,1,328.0,3109.2497723402525,0.0874986451490019,0.3617430673457838,0.2566965824826474,high_le_1km,2825.0,9532.0,576.0,254.0,5.793013608384144,8.04245831459799,300_plus
166893349,Cirsium neomexicanum,1,165.0,3059.5960023578486,0.0831413431766022,0.2234042553191489,0.2470779581787469,unknown,2827.0,7644.0,577.0,427.0,5.10594547390058,8.026364947993189,150_199
167161086,Cirsium oleraceum,1,314.0,1461.0497658823756,0.0642794447043306,0.2241399904443382,0.1511321725885561,high_le_1km,2779.0,10705.0,542.0,323.0,5.749392985908253,7.287594679321618,300_plus
167618668,Cirsium loncholepis,1,279.0,2888.370636562696,0.0849870606538972,0.2839506172839506,0.1728907266640362,high_le_1km,2873.0,1609.0,471.0,937.0,5.631211781821365,7.968793984574859,200_299
167908948,Cirsium muticum,1,324.0,5012.199582556271,0.1529968423043684,0.3291139240506329,0.3997473977025648,high_le_1km,2762.0,12105.0,721.0,557.0,5.780743515792329,8.519829629468449,300_plus
168423105,Cirsium cymosum,1,220.0,996.25465259439,0.1075973163956254,0.4029850746268656,0.233820032574063,unknown,2847.0,6486.0,293.0,825.0,5.393627546352362,6.90500615619894,200_299
168545867,Cirsium horridulum,1,239.0,1353.5094839597325,0.239134053913667,0.34375,0.8042358110408026,high_le_1km,2948.0,6871.0,544.0,450.0,5.476463551931511,7.211194663316608,200_299
168905486,Cirsium parryi,1,365.0,2547.4587298469555,0.1150395112210379,0.2284482758620689,0.4449340413733671,moderate_1_to_10km,2772.0,8560.0,486.0,481.0,5.8998973535824915,7.843244035749407,300_plus
168993205,Cirsium nuttallii,1,250.0,1369.65671664092,0.07430688749537,0.3069306930693069,0.1547513177344649,high_le_1km,2916.0,6254.0,1345.0,325.0,5.521460917862246,7.223045259180513,200_299
169790010,Cirsium monspessulanum,1,163.0,2802.2909709426394,0.0859507078344633,0.3414634146341463,0.1741905377903537,high_le_1km,2880.0,6018.0,757.0,349.0,5.093750200806762,7.938549352749261,150_199
170016013,Cirsium undulatum,1,194.0,2196.4051329666017,0.09940291068062,0.4086021505376344,0.2530942286596606,high_le_1km,2830.0,8043.0,310.0,349.0,5.267858159063328,7.6950324581913305,150_199
170069387,Cirsium echinus,1,302.0,4334.886686636481,0.083701925136237,0.2656008720138069,0.179269085066681,high_le_1km,2769.0,8918.0,1148.0,315.0,5.71042701737487,8.374681409622212,300_plus
170072133,Cirsium chlorocomos,1,369.0,4186.682566949196,0.081935630826338,0.2382717917675544,0.2178433376477536,high_le_1km,2755.0,7473.0,1731.0,251.0,5.910796644040527,8.339902773260373,300_plus
170196043,Cirsium flodmanii,1,354.0,2780.079251133081,0.0818290583749538,0.2129629629629629,0.2656765986419366,high_le_1km,2764.0,12712.0,566.0,558.0,5.869296913133774,7.930594351178905,300_plus
170325330,Cirsium muticum,1,375.0,5463.55097091234,0.0705602889332219,0.2555555555555555,0.182084041310807,unknown,2763.0,12690.0,585.0,572.0,5.926926025970411,8.606037232717538,300_plus
170336357,Cirsium pannonicum,1,204.0,1156.3680750006065,0.0527062567409576,0.1632653061224489,0.1719800971475378,high_le_1km,2821.0,5198.0,1392.0,406.0,5.318119993844216,7.0539038053833005,200_299
170483818,Cirsium dissectum,2,223.0,940.1222866991179,0.11348488660255525,0.3472810159557147,0.28241113356295566,high_le_1km,2872.0,5168.0,880.0,235.0,5.407171771460119,6.847073085126277,200_299
170629081,Cirsium semenowii,1,319.0,881.7369593607763,0.1407622845074288,0.378858024691358,0.4068008667883653,high_le_1km,2818.0,8092.0,770.0,646.0,5.765191102784844,6.783027261955992,300_plus
170721851,Cirsium dissectum,1,204.0,525.9372594252721,0.1029932589863504,0.4081632653061224,0.2431259463951199,high_le_1km,2874.0,4856.0,940.0,256.0,5.318119993844216,6.26708148913011,200_299
170883874,Cirsium canescens,1,230.0,6909.588491397456,0.1040937089661122,0.4148936170212766,0.1794570990651178,high_le_1km,2774.0,8210.0,319.0,402.0,5.438079308923196,8.840810078315897,200_299
171025249,Cirsium tuberosum,1,174.0,1693.991079410505,0.0736541449119594,0.2903225806451613,0.1794420058414545,high_le_1km,2806.0,5861.0,1524.0,413.0,5.159055299214529,7.435432756916044,150_199
171082442,Cirsium novoleonense,1,152.0,646.4640138553766,0.0927814360653811,0.3440860215053763,0.2679092063221548,high_le_1km,2881.0,3403.0,928.0,681.0,5.0238805208462765,6.473063214971898,150_199
171217793,Cirsium pannonicum,1,158.0,1109.657853769276,0.0943771320712099,0.3118279569892473,0.1860641382160154,high_le_1km,2818.0,7475.0,561.0,416.0,5.062595033026967,7.012707779805579,150_199
171227705,Cirsium scariosum,1,361.0,4193.062024379772,0.0779281275118364,0.1919397273379574,0.2409886749068507,high_le_1km,2767.0,8421.0,739.0,216.0,5.8888779583328805,8.34142500018889,300_plus
171316222,Cirsium nuttallii,2,268.5,2234.180347990472,0.07919779387724575,0.2750414397347857,0.17900114110002818,high_le_1km,2899.0,7221.0,1366.0,137.0,5.5928509139489195,7.712077196405382,200_299
171405332,Cirsium oleraceum,1,305.0,813.8104534814039,0.2236122820159578,0.2404443382704252,0.7041858097554389,high_le_1km,2746.0,6896.0,1342.0,441.0,5.720311776607412,6.702955513776249,300_plus
171573506,Cirsium erisithales,1,174.0,6498.777650365758,0.177596821639178,0.2162162162162162,0.6731958816606392,unknown,2821.0,5554.0,943.0,156.0,5.159055299214529,8.779523247662597,150_199
171628093,Cirsium pacificum,2,202.0,864.4314812556147,0.08827970541620635,0.2749160134378499,0.25339821291231424,high_le_1km,2978.0,4794.0,402.0,1066.0,5.308267697401205,6.763228204822239,200_299
172024172,Cirsium acaulon,1,186.0,3507.41951184606,0.0692698487930698,0.3723404255319149,0.1167282149568775,high_le_1km,2784.0,5347.0,1805.0,204.0,5.225746673713202,8.162920933527404,150_199
172223812,Cirsium townsendii,1,186.0,1258.6023264255753,0.099300515449013,0.15,0.5304733438149988,high_le_1km,2840.0,6830.0,387.0,637.0,5.225746673713202,7.138551336181004,150_199
172386712,Cirsium flodmanii,1,165.0,6303.530466954129,0.0547949987100252,0.1428571428571428,0.1635042592498408,high_le_1km,2782.0,9095.0,404.0,686.0,5.10594547390058,8.749023775674232,150_199
172392745,Cirsium rivulare,1,188.0,1631.0567628888386,0.1385364346924897,0.2941176470588235,0.3562870338760909,high_le_1km,2792.0,5464.0,1341.0,131.0,5.236441962829949,7.397596316101088,150_199
172430616,Cirsium nuttallii,1,173.0,5747.201436889632,0.0492400423667357,0.1546391752577319,0.1211054252911592,high_le_1km,2916.0,6107.0,1417.0,282.0,5.153291594497779,8.656642291276867,150_199
172783604,Cirsium pumilum,1,182.0,8382.210310718916,0.1236322191803329,0.4216867469879518,0.2959573701301038,high_le_1km,2865.0,7883.0,1123.0,112.0,5.204006687076795,9.033986212086367,150_199
172884471,Cirsium pumilum,1,195.0,3209.4178181445213,0.0818438090947894,0.2531645569620253,0.2399023972520028,high_le_1km,2831.0,7696.0,1596.0,173.0,5.272999558563747,8.074156369069538,150_199
173037441,Cirsium drummondii,1,372.0,665.5121524295295,0.1287719048499226,0.3980582524271844,0.3463031735581842,unknown,2752.0,10772.0,544.0,481.0,5.918893854273146,6.502058372655135,300_plus
173158833,Cirsium sairamense,2,248.0,4152.949296466641,0.08152614889681455,0.22692075015124014,0.2614949393381157,moderate_1_to_10km,2706.0,8830.0,1635.0,468.0,5.5134287461649825,8.331814798407457,200_299
173468177,Cirsium townsendii,1,159.0,7780.571832212991,0.0454003808200636,0.1573033707865168,0.0906709421551874,high_le_1km,2899.0,5941.0,336.0,972.0,5.0689042022202315,8.959513631754934,150_199
173645959,Cirsium inamoenum,1,225.0,5057.738310551465,0.0870558939227374,0.2456140350877192,0.3160070632375223,high_le_1km,2760.0,7913.0,841.0,437.0,5.41610040220442,8.528872385448876,200_299
173701984,Cirsium maackii,1,224.0,190.93748559389368,0.0854131934032443,0.2424242424242424,0.2743988860788076,moderate_1_to_10km,2788.0,9977.0,874.0,747.0,5.4116460518550396,5.257169723144802,200_299
173706561,Cirsium mohavense,3,190.0,2377.399525392631,0.0985276814949717,0.3595505617977528,0.3375145754670894,unknown,2902.0,8384.0,255.0,570.0,5.247024072160486,7.774183072134856,150_199
173846014,Cirsium candelabrum,1,276.0,4684.085492460851,0.1326691824119405,0.3583333333333333,0.3527347384918651,high_le_1km,2817.0,6071.0,3301.0,436.0,5.62040086571715,8.452139442630008,200_299
174321783,Cirsium hookerianum,1,189.0,1734.7354583005952,0.2217866239594071,0.4583333333333333,0.463305606740623,moderate_1_to_10km,2684.0,8520.0,1252.0,411.0,5.241747015059643,7.459186497836858,150_199
174514649,Cirsium tuberosum,1,153.0,2464.385517641787,0.1342709174255291,0.375,0.4111201666541207,unknown,2840.0,4642.0,1603.0,542.0,5.030437921392435,7.81010347085736,150_199
174789262,Cirsium parryi,1,165.0,1687.003948630047,0.1487196101373766,0.3504273504273504,0.3809961076613636,high_le_1km,2718.0,8430.0,682.0,244.0,5.10594547390058,7.431302014388976,150_199
174901574,Cirsium pumilum,1,195.0,5279.00875266568,0.0798621524393623,0.2524271844660194,0.2173585193912423,high_le_1km,2825.0,8695.0,1348.0,75.0,5.272999558563747,8.571683034400767,150_199
175269356,Cirsium funkiae,1,181.0,2977.923591229111,0.0900740677035475,0.2535211267605634,0.3274669999995966,unknown,2733.0,8869.0,884.0,595.0,5.198497031265826,7.999317303250102,150_199
175500074,Cirsium filipendulum,1,197.0,3418.3632400407514,0.0879161021282953,0.3055555555555556,0.2823008763530885,unknown,2790.0,4474.0,1648.0,305.0,5.2832037287379885,8.13720962559909,150_199
175517753,Cirsium echinus,1,264.0,2365.109697224478,0.129404693927616,0.3787878787878788,0.348864395058502,high_le_1km,2834.0,8132.0,548.0,325.0,5.575949103146316,7.769002407463757,200_299
175620140,Cirsium wheeleri,1,154.0,2578.11318049465,0.0881721823526118,0.3097345132743362,0.2160119529704159,high_le_1km,2820.0,8417.0,452.0,395.0,5.0369526024136295,7.85520089033704,150_199
175657182,Cirsium cymosum,1,191.0,1002.8228437023704,0.143674168035157,0.3963963963963964,0.2800004298583919,high_le_1km,2817.0,8934.0,293.0,444.0,5.25227342804663,6.911570834186807,150_199
175661129,Cirsium brevicaule,1,375.0,4580.870201605714,0.0467025268631399,0.1649560117302052,0.0897852128874154,moderate_1_to_10km,2963.0,3714.0,1268.0,709.0,5.926926025970411,8.429862534721694,300_plus
175710900,Cirsium monspessulanum,1,185.0,2206.1134806688337,0.1480035273902031,0.4526315789473684,0.2403685368952186,high_le_1km,2868.0,6970.0,542.0,408.0,5.220355825078324,7.699440823452672,150_199
175921711,Cirsium verutum,1,238.0,1904.942787780591,0.1314412417298358,0.3669724770642202,0.2820794353198296,high_le_1km,2860.0,5159.0,2094.0,1130.0,5.472270673671475,7.552732066859429,200_299
175997449,Cirsium tweedyi,1,181.0,3630.929970099338,0.0807205098958408,0.3103448275862069,0.1849059845860432,high_le_1km,2711.0,8570.0,779.0,451.0,5.198497031265826,8.197519458174982,150_199
176185767,Cirsium hookerianum,2,314.0,5060.974690367435,0.11644345304185874,0.330057266676985,0.23623770990530096,unknown,2759.0,8430.0,631.0,608.0,5.749392985908253,8.529511941165156,300_plus
176273798,Cirsium viperinum,1,327.0,4779.120699022933,0.0774100053563677,0.2,0.202622105286836,high_le_1km,2732.0,10309.0,722.0,195.0,5.7899601708972535,8.472221076008323,300_plus
176310538,Cirsium monspessulanum,1,188.0,3854.233177631893,0.1037365787218744,0.3736263736263736,0.1952532779148493,high_le_1km,2834.0,6121.0,1512.0,270.0,5.236441962829949,8.257186771232206,150_199
176425584,Cirsium wheeleri,2,245.0,2005.099235533096,0.0855576286671524,0.22463768115942023,0.2293816603341382,high_le_1km,2820.0,8330.0,419.0,469.0,5.501258210544727,7.603947436656785,200_299
176450526,Cirsium pulcherrimum,1,153.0,4311.8234438518,0.109893279960424,0.3369565217391304,0.2905271877754555,high_le_1km,2783.0,9305.0,306.0,318.0,5.030437921392435,8.369348060000027,150_199
176659729,Cirsium tweedyi,1,258.0,2539.204279433301,0.1267334493885941,0.3820224719101123,0.2528017028703734,unknown,2754.0,8238.0,854.0,436.0,5.552959584921617,7.839999781752408,200_299
176792210,Cirsium vulgare,1,249.0,3069.099573343964,0.0545256111039477,0.2826086956521739,0.1373440685845819,high_le_1km,2820.0,6618.0,564.0,234.0,5.517452896464707,8.029465274369256,200_299
176815846,Cirsium scariosum,1,171.0,3703.509230199559,0.0746934089636756,0.2929292929292929,0.1665060084257124,high_le_1km,2751.0,8439.0,937.0,255.0,5.14166355650266,8.21730606747179,150_199
176869420,Cirsium andersonii,1,185.0,2816.951793227682,0.150273052548444,0.1827956989247312,0.5722007329489422,high_le_1km,2793.0,7566.0,853.0,672.0,5.220355825078324,7.943765585579756,150_199
177245288,Cirsium glabrum,1,335.0,5184.765167221203,0.1655979965628063,0.375,0.4556856706760686,unknown,2760.0,5440.0,2115.0,266.0,5.814130531825066,8.553672683010332,300_plus
177343807,Cirsium italicum,1,319.0,1678.415423970426,0.0962512457810037,0.3723404255319149,0.2849273543456415,high_le_1km,2858.0,6537.0,959.0,293.0,5.765191102784844,7.426201049922143,300_plus
177405930,Cirsium andersonii,1,172.0,2352.202290252626,0.0765270780603444,0.3125,0.200175709223725,high_le_1km,2798.0,7346.0,612.0,714.0,5.147494476813453,7.763532356240136,150_199
177415384,Cirsium barnebyi,2,213.0,1528.1649180532886,0.109869884202817,0.2805740853042248,0.3091378477959775,unknown,2803.0,10187.0,390.0,284.0,5.3612921657094255,7.332477060186676,200_299
177478232,Cirsium glabrum,1,218.0,4401.041458760039,0.1208653842751016,0.3571428571428571,0.2618833472595178,high_le_1km,2774.0,6375.0,1497.0,232.0,5.384495062789089,8.389823680206536,200_299
177761531,Cirsium hygropodum,1,401.0,1737.9071643453608,0.0836546929965103,0.3069306930693069,0.1725524114816901,high_le_1km,2854.0,3385.0,876.0,846.0,5.993961427306569,7.4610121284240245,300_plus
177865142,Cirsium grahamii,1,188.0,3096.1679702509846,0.0612703769055767,0.2604166666666667,0.1190923037859718,high_le_1km,2899.0,6388.0,550.0,881.0,5.236441962829949,8.038243414941267,150_199
177869959,Cirsium coloradense,1,154.0,5594.917136480313,0.080847986536825,0.2475247524752475,0.2418959839724223,high_le_1km,2758.0,8034.0,561.0,468.0,5.0369526024136295,8.629792528041769,150_199
178082708,Cirsium peckii,1,279.0,1725.9335287228516,0.0854756167433766,0.25,0.3641466040435753,high_le_1km,2768.0,8682.0,645.0,383.0,5.631211781821365,7.454102587957679,200_299
178116792,Cirsium pulcherrimum,1,341.0,1445.5815835696662,0.1329359483429575,0.3679245283018867,0.3339939101976489,moderate_1_to_10km,2792.0,9558.0,251.0,364.0,5.831882477283517,7.276958523496085,300_plus
178321952,Cirsium hygropodum,1,310.0,1241.105582442407,0.1237008269546461,0.5057471264367817,0.2434046062058927,high_le_1km,2837.0,3294.0,1325.0,828.0,5.736572297479192,7.124563268898318,300_plus
178332933,Cirsium schantarense,1,288.0,698.9130901643057,0.1168540686655746,0.2424242424242424,0.3482713060775149,unknown,2784.0,11340.0,871.0,819.0,5.662960480135946,6.550956170427163,200_299
178333889,Cirsium schantarense,1,363.0,2377.443521437613,0.0778839608498223,0.2862189440993788,0.1817202198199618,unknown,2783.0,11367.0,879.0,816.0,5.8944028342648505,7.7742015701363885,300_plus
178334402,Cirsium ukranicum,2,183.5,1837.333380800049,0.10487966362084315,0.28069053708439895,0.2577452330414132,unknown,2810.0,9505.0,563.0,206.0,5.212214667494625,7.516614668840009,150_199
178384673,Cirsium remotifolium,2,289.5,2134.4138832610806,0.11093171901775789,0.31435154707044105,0.29269023951776363,high_le_1km,2799.0,6483.0,2124.0,736.0,5.66815529701305,7.66641576320339,200_299
178474524,Cirsium wheeleri,1,197.0,1929.3183096250075,0.1658661230084075,0.3867924528301887,0.4049437387290306,unknown,2814.0,7675.0,543.0,479.0,5.2832037287379885,7.565440195566768,150_199
178945252,Cirsium gagnidzei,1,159.0,5448.641011375501,0.0704663223407636,0.2345679012345679,0.1644044739706843,unknown,2740.0,7274.0,3262.0,228.0,5.0689042022202315,8.603305016015415,150_199
179148834,Cirsium creticum,1,171.0,587.0005907829137,0.0958070021716794,0.3737373737373737,0.2048718925060614,high_le_1km,2888.0,6144.0,1113.0,374.0,5.14166355650266,6.376727952630969,150_199
179555382,Cirsium heliorhaphis,1,171.0,1887.430118689892,0.1196737655000701,0.3434343434343434,0.3087470031637681,high_le_1km,2901.0,3572.0,443.0,994.0,5.14166355650266,7.543501137861767,150_199
180103121,Cirsium pannonicum,2,284.0,1830.443669313565,0.1834689236264977,0.4345317003936028,0.40591171139256443,unknown,2789.0,9577.0,632.0,285.0,5.648974238161206,7.512859825160326,200_299
180103398,Cirsium pannonicum,1,375.0,548.9643163981009,0.0772274228936386,0.2432432432432432,0.2563569130651128,unknown,2789.0,9577.0,632.0,285.0,5.926926025970411,6.309853396845585,300_plus
180184487,Cirsium wheeleri,1,218.0,2000.8827261715587,0.1178763935070906,0.4512195121951219,0.2420413235661108,high_le_1km,2820.0,8330.0,419.0,469.0,5.384495062789089,7.601843379823503,200_299
180339703,Cirsium parryi,1,173.0,1710.064398406422,0.1313133385487626,0.3505154639175257,0.3193832073727208,high_le_1km,2788.0,7413.0,623.0,691.0,5.153291594497779,7.4448709110602485,150_199
180614439,Cirsium souliei,1,306.0,4253.143418421424,0.043282687805382,0.1022727272727272,0.1410654067547389,low_gt_10km,2710.0,8903.0,556.0,957.0,5.723585101952381,8.355648708972192,300_plus
180636237,Cirsium greimleri,1,156.0,4381.47072265849,0.1802929461083121,0.4601769911504424,0.4133131735157266,high_le_1km,2793.0,6881.0,1494.0,194.0,5.049856007249537,8.385367936261606,150_199
180658375,Cirsium spinosissimum,1,329.0,1426.059999842596,0.1041848986534463,0.2280701754385964,0.2823099204540374,unknown,2729.0,7784.0,1694.0,346.0,5.796057750765372,7.263371662733494,300_plus
180813424,Cirsium cephalotes,1,168.0,4131.077183797978,0.0755026069026486,0.3493975903614458,0.114506760592184,moderate_1_to_10km,2751.0,8080.0,1642.0,195.0,5.123963979403259,8.326535509590233,150_199
180902119,Cirsium oleraceum,1,168.0,2503.9354213583306,0.1681138473645379,0.2897196261682243,0.61793769667415,high_le_1km,2783.0,10119.0,609.0,293.0,5.123963979403259,7.826018233289784,150_199
181001794,Cirsium douglasii,1,153.0,2963.379003398973,0.0908982329259852,0.3209876543209876,0.1880540103399094,high_le_1km,2861.0,4598.0,539.0,873.0,5.030437921392435,7.994422847134488,150_199
181081703,Cirsium candelabrum,1,163.0,3046.6637357955274,0.1295475939790441,0.3918918918918919,0.2839193422548631,unknown,2766.0,7276.0,1094.0,346.0,5.093750200806762,8.022130587818788,150_199
181288853,Cirsium andersonii,1,203.0,2663.9260844699443,0.0798504922016969,0.3647058823529411,0.179393968354147,high_le_1km,2783.0,6416.0,1402.0,788.0,5.313205979041787,7.887931600556747,200_299
181577435,Cirsium ciliatum,2,254.0,3296.80038547371,0.0517816887213167,0.18525696238874528,0.16906493119097976,high_le_1km,2851.0,8752.0,738.0,181.0,5.537334267018537,8.101010975355,200_299
181785154,Cirsium heliorhaphis,1,192.0,1983.2660801126192,0.0932463225753053,0.2873563218390804,0.2697817372314764,high_le_1km,2910.0,3718.0,446.0,1026.0,5.2574953720277815,7.593004391812468,150_199
181966027,Cirsium mohavense,1,323.0,531.0552223245322,0.178732578511268,0.4813432835820895,0.3760756411204385,high_le_1km,2895.0,6729.0,284.0,685.0,5.777652323222656,6.276747285316558,300_plus
182702447,Cirsium rivulare,1,379.0,814.8449105212177,0.069057777035284,0.3140403286034354,0.1771315137077589,high_le_1km,2815.0,6032.0,1818.0,95.0,5.937536205082426,6.704224276264533,300_plus
182765680,Cirsium rhinoceros,1,168.0,4658.245079985955,0.1112971792855723,0.3580246913580246,0.2500102020984549,high_le_1km,2828.0,7463.0,3045.0,589.0,5.123963979403259,8.44660871399326,150_199
182977872,Cirsium wallichii,1,188.0,6638.307210505932,0.0490878174459147,0.2112676056338028,0.1321403516259683,unknown,2847.0,5940.0,3388.0,977.0,5.236441962829949,8.800762901259946,150_199
183009584,Cirsium ligulare,1,289.0,2406.662174043799,0.1275542535409993,0.2345679012345679,0.4193495150413002,low_gt_10km,2867.0,6634.0,916.0,330.0,5.666426688112432,7.786411503415525,200_299
183032203,Cirsium arizonicum,1,267.0,1115.079408261343,0.1150522981989114,0.351063829787234,0.2975964605187322,unknown,2845.0,8618.0,397.0,364.0,5.58724865840025,7.017577294765947,200_299
183310267,Cirsium undulatum,1,322.0,1330.3676862767484,0.0903668267467659,0.2839506172839506,0.233123555355467,unknown,2807.0,9207.0,670.0,279.0,5.7745515455444085,7.193962028387428,300_plus
183327676,Cirsium komarovii,1,365.0,2797.643423338452,0.1035603455067708,0.2699696663296259,0.3230679453693105,high_le_1km,2715.0,11458.0,480.0,610.0,5.8998973535824915,7.936890087094448,300_plus
183470295,Cirsium ukranicum,1,311.0,1927.4355093484703,0.1687477468845626,0.369774011299435,0.4547418466817312,high_le_1km,2810.0,9506.0,566.0,203.0,5.739792912179234,7.5644643362534865,300_plus
183550831,Cirsium ukranicum,1,206.0,1184.60102877381,0.0714084873716091,0.2553191489361702,0.1771192011109732,high_le_1km,2809.0,9429.0,562.0,214.0,5.327876168789581,7.078005122265645,200_299
183785115,Cirsium andersonii,1,171.0,2794.832329695872,0.0773339865435564,0.2765957446808511,0.1861574562971866,high_le_1km,2767.0,7198.0,933.0,714.0,5.14166355650266,7.9358851336356215,150_199
184159583,Cirsium acaulon,1,185.0,7981.862904093224,0.0687804305620184,0.3176470588235294,0.1278269760986145,high_le_1km,2762.0,7088.0,1793.0,207.0,5.220355825078324,8.985052386016337,150_199
184653422,Cirsium ligulare,1,225.0,7916.2190336378835,0.0519123167601792,0.1274509803921568,0.1818241397555259,high_le_1km,2843.0,7859.0,530.0,212.0,5.41610040220442,8.976795291030726,200_299
185136373,Cirsium acantholepis,1,185.0,3342.778390139161,0.0943351921781984,0.2685185185185185,0.2090888758838405,high_le_1km,2864.0,1762.0,619.0,783.0,5.220355825078324,8.11485670111718,150_199
185467579,Cirsium canescens,1,159.0,3553.104678940714,0.1130338186782827,0.3176470588235294,0.2878621485477614,high_le_1km,2767.0,8391.0,436.0,532.0,5.0689042022202315,8.17585846211897,150_199
185544284,Cirsium ciliatum,1,175.0,6708.682468751748,0.0998193741896819,0.3373493975903614,0.1930805895488424,unknown,2865.0,7123.0,2053.0,277.0,5.1647859739235145,8.811306906752373,150_199
186438662,Cirsium perplexans,1,283.0,4267.545564551624,0.0309740109451263,0.05,0.0579556608913934,high_le_1km,2836.0,10248.0,305.0,226.0,5.645446897643238,8.35902843099843,200_299
186780599,Cirsium rhinoceros,1,175.0,1675.8990824745786,0.1000749485660758,0.1978021978021978,0.3116143533812732,high_le_1km,2882.0,6816.0,2126.0,584.0,5.1647859739235145,7.424701582597198,150_199
187464100,Cirsium vlassovianum,1,177.0,1060.8759096015303,0.1473263003456937,0.3548387096774194,0.4007167699618619,moderate_1_to_10km,2728.0,13474.0,466.0,1072.0,5.176149732573829,6.967792349025269,150_199
187773823,Cirsium otayae,1,265.0,3220.2387498233243,0.0854081133709534,0.2804878048780488,0.1171981076050316,high_le_1km,2809.0,9264.0,2507.0,364.0,5.579729825986222,8.077521269472568,200_299
187852971,Cirsium turkestanicum,1,254.0,1671.135486273762,0.1282376338067522,0.3238095238095238,0.4494519383262465,unknown,2800.0,8434.0,1249.0,357.0,5.537334267018537,7.421856822822078,200_299
187917512,Cirsium monspessulanum,1,335.0,984.2068780755518,0.1090581858552593,0.2795698924731182,0.287621330411609,high_le_1km,2847.0,6466.0,609.0,309.0,5.814130531825066,6.8928516476222885,300_plus
188208189,Cirsium virginianum,1,236.0,1402.573609541584,0.1151804558622699,0.253012048192771,0.2340246311501265,high_le_1km,2902.0,6628.0,1441.0,306.0,5.4638318050256105,7.2467768415528075,200_299
188218568,Cirsium subcoriaceum,2,288.5,1818.608171304265,0.0764145309034918,0.21000000000000002,0.17949158533186604,high_le_1km,2877.0,1165.0,1520.0,830.0,5.664695085948154,7.506376466400354,200_299
188442081,Cirsium rhinoceros,1,287.0,2937.186458680185,0.123500622729063,0.2857142857142857,0.2818210306390231,high_le_1km,2811.0,7629.0,3377.0,591.0,5.659482215759621,7.985547819212952,200_299
188560149,Cirsium hypoleucum,1,232.0,2736.82481483052,0.1235934512241993,0.2935779816513761,0.4683634431532569,high_le_1km,2797.0,7245.0,1036.0,270.0,5.44673737166631,7.914919020905317,200_299
188933311,Cirsium rhaphilepis,1,292.0,3115.4656955735645,0.0927265262142196,0.4390243902439024,0.1328018697851029,unknown,2824.0,1532.0,1169.0,813.0,5.676753802268282,8.044454848831855,200_299
189314689,Cirsium griseum,1,193.0,680.2786382796562,0.1044097654048506,0.2792792792792792,0.3815490425799475,high_le_1km,2752.0,8015.0,673.0,363.0,5.262690188904886,6.523971382935586,150_199
189639484,Cirsium sieboldii,1,208.0,2054.54037621454,0.1175327493132166,0.3734939759036144,0.2942796050716403,high_le_1km,2870.0,8079.0,2005.0,413.0,5.337538079701318,7.6282940491586535,200_299
189984895,Cirsium obvallatum,1,323.0,2809.679242248605,0.0971373745166387,0.2743362831858407,0.2430511562107135,high_le_1km,2756.0,8116.0,996.0,547.0,5.777652323222656,7.941181456337585,300_plus
190026270,Cirsium arizonicum,1,159.0,3066.7473499220137,0.1404638583121554,0.3363636363636363,0.3098498411581269,high_le_1km,2864.0,7707.0,577.0,372.0,5.0689042022202315,8.028698809005583,150_199
190033268,Cirsium echinus,1,246.0,3352.91903008322,0.1664567274891112,0.2727272727272727,0.6921832500476064,high_le_1km,2758.0,8128.0,923.0,541.0,5.5053315359323625,8.117884800792767,200_299
190194744,Cirsium hypoleucum,1,160.0,1884.9176027881856,0.1390452574782652,0.24,0.4711025081723826,high_le_1km,2804.0,6761.0,1168.0,193.0,5.075173815233827,7.542169773367428,150_199
190403583,Cirsium falconeri,1,301.0,3749.364538967707,0.0911453924491339,0.2608695652173913,0.1829836083485379,high_le_1km,2767.0,6157.0,1206.0,638.0,5.707110264748875,8.22960832463122,300_plus
190458749,Cirsium occidentale,1,231.0,7837.608084712446,0.0544354557968192,0.2,0.1020526603376952,high_le_1km,2826.0,6361.0,313.0,821.0,5.442417710521793,8.966816557367075,200_299
190665296,Cirsium yezoense,1,180.0,4258.709842311159,0.0747862058001599,0.2678571428571428,0.1935484477291334,unknown,2827.0,8613.0,2400.0,341.0,5.19295685089021,8.356956324810149,150_199
190938104,Cirsium pugnax,3,203.0,6676.275784006691,0.0744623125605749,0.2659574468085106,0.1704793729177156,unknown,2718.0,8339.0,2210.0,134.0,5.313205979041787,8.806465366585353,200_299
190991584,Cirsium lineare,1,357.0,808.4842341950217,0.2438055426715982,0.4770642201834862,0.7638806389823776,high_le_1km,2888.0,8662.0,1234.0,566.0,5.877735781779639,6.6963972969490575,300_plus
191069932,Cirsium vulgare,1,290.0,3930.771690468112,0.0978376282609971,0.1851851851851851,0.2916430911816215,high_le_1km,2868.0,4330.0,706.0,187.0,5.66988092298052,8.276845415102134,200_299
191130285,Cirsium rivulare,1,169.0,2552.37640162292,0.0873501134126337,0.3297872340425531,0.162860790435076,high_le_1km,2798.0,4820.0,1739.0,345.0,5.1298987149230735,7.845171841400613,150_199
191748806,Cirsium osseticum,1,340.0,6140.624095318452,0.053840089102562,0.1507575757575757,0.1864694438214456,unknown,2832.0,7699.0,2055.0,116.0,5.8289456176102075,8.722844496802601,300_plus
192177262,Cirsium schantarense,1,151.0,4700.384904013868,0.1498389499701442,0.3012048192771084,0.3828710653026266,unknown,2780.0,10066.0,821.0,635.0,5.017279836814924,8.455612404722775,150_199
192197022,Cirsium osseticum,2,238.0,4031.41225205014,0.07427797568060905,0.246245254992573,0.1579075095934196,unknown,2842.0,7730.0,1982.0,137.0,5.472270673671475,8.302120049576654,200_299
193140997,Cirsium oleraceum,2,220.5,473.84759262354225,0.1523111362730487,0.26735373708688315,0.48336363818685646,high_le_1km,2821.0,6504.0,1300.0,141.0,5.395897694886901,6.162993894914169,200_299
193890061,Cirsium ehrenbergii,1,254.0,2147.140053198123,0.0721887031930277,0.3137254901960784,0.1423570399479119,unknown,2869.0,1216.0,1747.0,750.0,5.537334267018537,7.672357655178322,200_299
193901737,Cirsium ciliatum,1,177.0,2578.2968233125025,0.0859898756050578,0.3217391304347826,0.1882234192685415,high_le_1km,2837.0,9068.0,560.0,333.0,5.176149732573829,7.855272091663725,150_199
194122315,Cirsium greimleri,1,250.0,5796.129715015645,0.0666204513544792,0.1647058823529411,0.2287212566002928,high_le_1km,2795.0,6897.0,1472.0,192.0,5.521460917862246,8.665118197321172,200_299
194517875,Cirsium rivulare,2,225.0,3556.8692059698988,0.1598787083228858,0.3309716599190283,0.4259334045271971,high_le_1km,2819.0,7093.0,1127.0,177.0,5.41610040220442,8.176917107002005,200_299
195391694,Cirsium conspicuum,1,255.0,558.238360069471,0.0629809355726647,0.1511627906976744,0.1903847055590718,high_le_1km,2894.0,2064.0,1262.0,1157.0,5.541263545158426,6.326575786688228,200_299
195791997,Cirsium candelabrum,1,229.0,5626.097008332333,0.1315149649596035,0.2385606874328679,0.4556352400433373,high_le_1km,2839.0,7147.0,1001.0,348.0,5.43372200355424,8.635348959080718,200_299
195843867,Cirsium sorocephalum,1,375.0,4435.411687340743,0.1145261727650522,0.2678571428571428,0.2804869415629819,high_le_1km,2874.0,9980.0,1001.0,784.0,5.926926025970411,8.397601150147084,300_plus
196273817,Cirsium oleraceum,1,315.0,722.4328052033649,0.2314208301327052,0.3068181818181818,0.670491364811516,high_le_1km,2839.0,4933.0,790.0,176.0,5.752572638825633,6.584007667125893,300_plus
196277545,Cirsium conspicuum,1,225.0,1374.5469157680373,0.1198587549584616,0.3298969072164948,0.3512419816733449,unknown,2875.0,2837.0,1644.0,1014.0,5.41610040220442,7.226606687938566,200_299
196533018,Cirsium brevicaule,1,159.0,1171.298618668952,0.07788157149559,0.2577319587628865,0.1843876742120696,high_le_1km,2977.0,2365.0,2332.0,891.0,5.0689042022202315,7.066721731768594,150_199
196913563,Cirsium candelabrum,1,212.0,6401.458375231584,0.188758871585401,0.3598881900768693,0.4861311188462091,unknown,2834.0,7252.0,1202.0,372.0,5.356586274672012,8.764437316722065,200_299
197538417,Cirsium erisithales,1,230.0,2609.1369824456174,0.1574552230666391,0.4166666666666667,0.2574688557655092,high_le_1km,2827.0,6431.0,1194.0,243.0,5.438079308923196,7.867157982635157,200_299
197897639,Cirsium aomorense,1,164.0,1717.1724642674976,0.1286387025914405,0.3103448275862069,0.4461059760868289,unknown,2838.0,8702.0,1806.0,216.0,5.099866427824199,7.4490164841574265,150_199
199117124,Cirsium funkiae,1,326.0,1213.4927114352852,0.147465172838822,0.2083333333333333,0.5360686861719343,high_le_1km,2693.0,8325.0,892.0,305.0,5.786897381366708,7.102081747135858,300_plus
199618214,Cirsium conspicuum,1,224.0,2643.5978897126665,0.058599335591405,0.1973684210526315,0.1472115991990558,high_le_1km,2918.0,2173.0,1351.0,1149.0,5.4116460518550396,7.880274306161528,200_299
200210374,Cirsium acaulon,1,184.0,620.0364009080981,0.1280601500200741,0.238095238095238,0.3836638040976516,high_le_1km,2825.0,6535.0,602.0,230.0,5.214935757608986,6.431389696814785,150_199
200628426,Cirsium tuberosum,1,158.0,1014.444127031034,0.1009536372329508,0.348314606741573,0.2501878611364015,high_le_1km,2843.0,6228.0,1203.0,304.0,5.062595033026967,6.923081359350236,150_199
201124543,Cirsium texanum,1,213.0,1466.7879499491285,0.0625775798901234,0.188235294117647,0.1452011359690102,high_le_1km,2945.0,4712.0,493.0,806.0,5.3612921657094255,7.2915117504772695,200_299
202292334,Cirsium chlorocomos,1,163.0,7418.980990887389,0.1226251232757442,0.4050632911392405,0.3276902923857689,high_le_1km,2727.0,7961.0,2344.0,184.0,5.093750200806762,8.91193177428313,150_199
203126949,Cirsium bicentenariale,1,174.0,1375.3921375146294,0.2017342503596643,0.3619047619047619,0.7362392048426225,high_le_1km,2882.0,2784.0,587.0,714.0,5.159055299214529,7.227220961552047,150_199
203535676,Cirsium subcoriaceum,2,233.5,4926.518505158683,0.12358907159170615,0.32420984033887257,0.3282670039682932,high_le_1km,2876.0,1882.0,1161.0,974.0,5.453182077108952,8.502590794506112,200_299
203691438,Cirsium horridulum,1,318.0,1473.8115628746648,0.0910306122535046,0.3,0.2384055161456448,high_le_1km,2979.0,2526.0,1076.0,520.0,5.762051382780177,7.296285506629407,300_plus
203927495,Cirsium setidens,2,205.5,1431.2917167237722,0.1157735562765495,0.359375,0.24934649347845383,high_le_1km,2862.0,8718.0,1305.0,819.0,5.32544603393629,7.267031039569887,200_299
205940484,Cirsium rhaphilepis,1,342.0,4072.90651272078,0.1793950894887818,0.3738317757009345,0.469659644864065,high_le_1km,2937.0,2345.0,796.0,1148.0,5.834810737062605,8.312357649228607,300_plus
206627044,Cirsium texanum,1,194.0,5713.997410848248,0.0483300043740555,0.2282608695652173,0.119245170370146,high_le_1km,2932.0,4474.0,751.0,791.0,5.267858159063328,8.650849123183882,150_199
208592572,Cirsium lecontei,1,218.0,1526.9708067664644,0.1927013481129258,0.4084507042253521,0.5859041530487794,high_le_1km,2929.0,5649.0,1924.0,348.0,5.384495062789089,7.331695864024623,200_299
211547932,Cirsium japonicum,1,280.0,5801.552974079726,0.1325535800775725,0.35,0.338895621036294,high_le_1km,2897.0,8002.0,1427.0,456.0,5.634789603169249,8.6660532676338,200_299
211863983,Cirsium heterophyllum,1,365.0,5592.244508714972,0.1742657720298457,0.4311926605504587,0.5938835454664868,high_le_1km,2777.0,9501.0,723.0,314.0,5.8998973535824915,8.629314810782708,300_plus
211898086,Cirsium bertolonii,1,159.0,7409.150276798574,0.062747947619174,0.225,0.1573078339436201,high_le_1km,2787.0,6097.0,905.0,267.0,5.0689042022202315,8.910605998354203,150_199
211988383,Cirsium subcoriaceum,1,195.0,1912.2826230146368,0.1092479203399579,0.4615384615384615,0.1806573445027282,moderate_1_to_10km,2899.0,2013.0,923.0,1007.0,5.272999558563747,7.556575696643388,150_199
212867753,Cirsium faucium,1,201.0,1906.6520872551996,0.0831052649251565,0.2947368421052631,0.1921893640633329,unknown,2877.0,1764.0,1214.0,955.0,5.303304908059076,7.553628491175636,200_299
213045918,Cirsium faucium,1,210.0,4078.676384245901,0.1257312586886204,0.3,0.399275689007542,unknown,2882.0,1763.0,1182.0,960.0,5.3471075307174685,8.313772946665612,200_299
213237760,Cirsium dissectum,1,169.0,2967.7554045190564,0.0733517912397059,0.2857142857142857,0.1654449703488391,unknown,2873.0,5047.0,868.0,240.0,5.1298987149230735,7.995898088250871,150_199
213498879,Cirsium engelmannii,1,207.0,2713.3497388841706,0.0597772265388365,0.264367816091954,0.1870858574572477,unknown,2923.0,6420.0,995.0,298.0,5.332718793265369,7.906307696825029,200_299
214119313,Cirsium carolinianum,1,194.0,6126.985960892973,0.0821513409873354,0.2705882352941176,0.2058547413191114,high_le_1km,2906.0,7011.0,1105.0,194.0,5.267858159063328,8.720621420440807,150_199
215291232,Cirsium kawakamii,1,441.0,8980.9491636107,0.0634005712324365,0.1515151515151515,0.1999891143438681,high_le_1km,2828.0,3459.0,4876.0,719.0,6.089044875446846,9.102972193824352,300_plus
215381539,Cirsium tuberosum,1,266.0,905.0472001212266,0.0648224920270759,0.2287866772402855,0.147265279400828,high_le_1km,2841.0,5175.0,1063.0,341.0,5.583496308781699,6.8090914019500115,200_299
215834373,Cirsium cymosum,1,197.0,5728.537876597833,0.0849096662843554,0.2727272727272727,0.241206940547596,high_le_1km,2875.0,5427.0,471.0,859.0,5.2832037287379885,8.653390156648008,150_199
216449269,Cirsium occidentale,1,225.0,1836.8223161160583,0.1686773370094047,0.3444444444444444,0.4078966368002731,high_le_1km,2826.0,8517.0,224.0,435.0,5.41610040220442,7.5163366258356215,200_299
216455884,Cirsium texanum,3,210.0,3406.923908335987,0.0592921084862518,0.1704545454545454,0.188311584516902,unknown,2913.0,7756.0,340.0,551.0,5.3471075307174685,8.133858560333746,200_299
216750792,Cirsium argillosum,1,232.0,5171.222645873697,0.1246904650846192,0.2980769230769231,0.4714417434983454,high_le_1km,2848.0,8539.0,549.0,539.0,5.44673737166631,8.551057787277976,200_299
216837807,Cirsium serrulatum,1,245.0,1839.7130029477364,0.079250183422824,0.1932773109243697,0.4514151735540975,unknown,2798.0,10134.0,578.0,231.0,5.501258210544727,7.517908277145706,200_299
216901727,Cirsium rivulare,1,312.0,1336.5828728596384,0.0857609888896139,0.2340425531914893,0.2470416475417257,high_le_1km,2799.0,7474.0,908.0,359.0,5.7430031878094825,7.198619437867209,300_plus
216914621,Cirsium pringlei,1,268.0,2800.0694275439414,0.0465785485200499,0.17,0.1061855188770817,unknown,2827.0,3457.0,825.0,668.0,5.5909869805108565,7.9377565616519385,200_299
216965985,Cirsium neomexicanum,1,349.0,3357.85393122644,0.0416850357062718,0.1041666666666666,0.0847464284454667,high_le_1km,2830.0,10024.0,291.0,240.0,5.855071922202427,8.119355102875284,300_plus
217052431,Cirsium filipendulum,1,375.0,625.5223427591535,0.0724132232082049,0.25,0.2008457333708848,unknown,2865.0,3926.0,1548.0,317.0,5.926926025970411,6.440184436524088,300_plus
217380299,Cirsium neomexicanum,1,213.0,7427.162909777964,0.0618741729275559,0.2395833333333333,0.1310091762395053,high_le_1km,2900.0,6711.0,412.0,767.0,5.3612921657094255,8.913033854081581,200_299
217803025,Cirsium engelmannii,1,157.0,3090.091677208527,0.0416044582259049,0.1264367816091954,0.1280276846343206,high_le_1km,2917.0,7779.0,990.0,315.0,5.056245805348308,8.036279601093296,150_199
217917029,Cirsium tuberosum,1,366.0,5457.9552141857885,0.0760846630593216,0.2652439024390244,0.1308266578981247,unknown,2836.0,6641.0,592.0,129.0,5.902633333401366,8.605012697715459,300_plus
218714959,Cirsium remotifolium,1,160.0,2323.8216116711765,0.1007325541369698,0.3396226415094339,0.2638778353908895,high_le_1km,2851.0,2598.0,1129.0,942.0,5.075173815233827,7.7513985889149195,150_199
219459042,Cirsium repandum,1,322.0,260.7689102676116,0.1101715808309243,0.2964601769911504,0.2922122520449319,high_le_1km,2892.0,7269.0,1290.0,204.0,5.7745515455444085,5.567462092671576,300_plus
219466787,Cirsium arizonicum,1,255.0,982.7034600871784,0.1374230263429219,0.425,0.3412467307117813,high_le_1km,2860.0,9381.0,245.0,295.0,5.541263545158426,6.89132448993367,200_299
219757113,Cirsium spinosum,1,240.0,1607.3404317352088,0.1038787953882978,0.3548387096774194,0.2545180384719604,unknown,2921.0,6237.0,2611.0,495.0,5.480638923341991,7.382958138609356,200_299
219898565,Cirsium chellyense,1,328.0,2514.729172494806,0.2514096589486558,0.3645833333333333,0.6909983955410531,high_le_1km,2826.0,8823.0,247.0,498.0,5.793013608384144,7.830317969933821,300_plus
219974793,Cirsium pannonicum,1,297.0,1772.4449396800835,0.0653177354329601,0.2526315789473684,0.1621388952288157,high_le_1km,2812.0,6899.0,1345.0,337.0,5.6937321388027,7.480679227597021,200_299
220084367,Cirsium alsophilum,1,307.0,2814.657346045656,0.1315577605329203,0.3839285714285714,0.3241371322694185,unknown,2831.0,6779.0,1230.0,285.0,5.726847747587197,7.9429510287824465,300_plus
220208284,Cirsium hypoleucum,2,164.0,3404.6372424266874,0.1007642023277078,0.2671703296703296,0.337739138929112,high_le_1km,2845.0,6845.0,1085.0,211.0,5.099866427824199,8.133187350097408,150_199
220276198,Cirsium filipendulum,1,250.0,2424.390907639053,0.0561090196660298,0.2359550561797752,0.1058265737436523,high_le_1km,2879.0,2401.0,788.0,648.0,5.521460917862246,7.79374798940683,200_299
220282877,Cirsium tuberosum,1,270.0,511.8072892793748,0.0979580950513746,0.3300970873786408,0.2447965676552061,high_le_1km,2821.0,6697.0,908.0,224.0,5.598421958998375,6.239900120168801,200_299
220471475,Cirsium rhaphilepis,2,169.5,3349.040438383257,0.07938977825887095,0.25002954035212094,0.19728254756050417,high_le_1km,2865.0,2167.0,982.0,984.0,5.1328529268205045,8.116727695905437,150_199
220749217,Cirsium carolinianum,1,219.0,2136.20485923319,0.1880435572491451,0.4166666666666667,0.4020716160812272,high_le_1km,2906.0,7011.0,1105.0,194.0,5.389071729816501,7.667254113725608,200_299
221113639,Cirsium edule,1,232.0,2596.726602549049,0.0685160932846673,0.2903225806451613,0.1103086815702362,unknown,2848.0,2162.0,1998.0,693.0,5.44673737166631,7.8623919578782395,200_299
221342545,Cirsium pannonicum,1,322.0,181.9932349166479,0.1447035780092535,0.3956043956043956,0.326813719313884,high_le_1km,2832.0,7424.0,745.0,285.0,5.7745515455444085,5.209449184489509,300_plus
221661395,Cirsium occidentale,1,211.0,4918.811756360158,0.1088599200941617,0.3218390804597701,0.196373613522842,high_le_1km,2878.0,1857.0,371.0,960.0,5.351858133476067,8.50102554785198,200_299
221675100,Cirsium engelmannii,1,154.0,1694.1230763146068,0.0865578225725781,0.3711340206185567,0.1450056209315995,unknown,2916.0,7747.0,1018.0,293.0,5.0369526024136295,7.435510628573519,150_199
222021208,Cirsium echinus,1,164.0,7501.856587685747,0.1218891413665616,0.2065217391304347,0.2501504562555477,high_le_1km,2791.0,8205.0,754.0,408.0,5.099866427824199,8.923039105366753,150_199
222154698,Cirsium hypoleucum,1,164.0,4673.959803787633,0.0546480670710977,0.2395833333333333,0.1374217211981058,unknown,2826.0,6637.0,1505.0,202.0,5.099866427824199,8.44997584356553,150_199
222533181,Cirsium townsendii,1,213.0,5196.15760606851,0.0711869534988909,0.203883495145631,0.1987784239652456,high_le_1km,2874.0,7713.0,385.0,506.0,5.3612921657094255,8.55586714090391,200_299
222643642,Cirsium appendiculatum,1,203.0,3229.9542751255976,0.0751834865351417,0.2588235294117647,0.1862615124059694,high_le_1km,2769.0,7081.0,996.0,197.0,5.313205979041787,8.080532813797896,200_299
223184414,Cirsium palustre,1,174.0,2661.406027249711,0.0917796389770702,0.2674418604651162,0.2726679486025789,unknown,2798.0,9650.0,854.0,264.0,5.159055299214529,7.886985514465114,150_199
223562383,Cirsium alsophilum,1,243.0,2470.604540978332,0.0742065370890782,0.3176470588235294,0.1144589825374802,unknown,2799.0,6846.0,975.0,303.0,5.493061443340548,7.812622830447773,200_299
224024743,Cirsium undulatum,1,291.0,3926.146374130992,0.0617164909947094,0.1785714285714285,0.1842855300993227,high_le_1km,2826.0,7550.0,429.0,349.0,5.673323267171493,8.275668327662578,200_299
224404498,Cirsium palustre,1,235.0,3848.873615538064,0.0875842182618065,0.3058823529411765,0.2354765962630413,unknown,2834.0,5645.0,1102.0,201.0,5.459585514144159,8.255795599610037,200_299
224437294,Cirsium hygropodum,1,223.0,1609.507283138202,0.0888312748397522,0.2553191489361702,0.2725083737332794,high_le_1km,2860.0,3138.0,1053.0,954.0,5.407171771460119,7.384304491044916,200_299
224808228,Cirsium douglasii,1,269.0,1353.6461523850576,0.2559652352752506,0.2346938775510204,0.9805206048429798,unknown,2850.0,6485.0,1526.0,846.0,5.594711379601839,7.211295557059003,200_299
224965498,Cirsium tuberosum,1,173.0,2372.06245113408,0.0905237182341629,0.2727272727272727,0.2214301853165118,unknown,2854.0,5861.0,859.0,281.0,5.153291594497779,7.771936573465818,150_199
225203213,Cirsium clokeyi,2,261.0,4110.982350288596,0.06522533954561635,0.24557601523893655,0.14524500700697404,unknown,2796.0,8111.0,459.0,480.0,5.564520407322694,8.321660514880797,200_299
225265769,Cirsium dissectum,1,156.0,2630.3843749102825,0.0882475864351152,0.3298969072164948,0.2311102792774632,high_le_1km,2845.0,5832.0,677.0,122.0,5.049856007249537,7.875265364976236,150_199
225322945,Cirsium filipendulum,1,205.0,10039.044958528288,0.1199277887821737,0.2307692307692307,0.4014559697893451,unknown,2885.0,3265.0,734.0,631.0,5.3230099791384085,9.214336871176759,200_299
225486188,Cirsium dissectum,1,159.0,1712.4932928001872,0.1144218118588586,0.3431372549019608,0.3545815277629219,high_le_1km,2840.0,4154.0,925.0,283.0,5.0689042022202315,7.446289426979711,150_199
225486531,Cirsium filipendulum,1,241.0,1843.21340334476,0.1473342339080045,0.2934782608695652,0.3921936099708538,high_le_1km,2856.0,3734.0,877.0,306.0,5.484796933490655,7.519808125915502,200_299
225513290,Cirsium purpuratum,1,331.0,6275.677300137591,0.0533872200496053,0.1914893617021276,0.1129913774428013,high_le_1km,2841.0,8281.0,2799.0,456.0,5.802118375377063,8.744596027108726,300_plus
225849240,Cirsium subcoriaceum,2,327.5,7321.13552406488,0.11371773542813389,0.32498624105668683,0.238065075421858,unknown,2791.0,574.0,5245.0,470.0,5.791488055075306,8.898657302668255,300_plus
226296165,Cirsium repandum,1,250.0,1908.0975526189272,0.1702306738697744,0.3406593406593406,0.5804438294301368,high_le_1km,2893.0,7298.0,1292.0,204.0,5.521460917862246,7.554385923844382,200_299
226498943,Cirsium hygropodum,1,227.0,1254.5833348192791,0.0738849842512715,0.2727272727272727,0.2039698160849953,high_le_1km,2834.0,3366.0,1398.0,836.0,5.424950017481403,7.135355552196758,200_299
226503807,Cirsium occidentale,1,189.0,2109.7808882056506,0.0678330499387875,0.2647058823529412,0.1317845378693721,unknown,2862.0,2182.0,516.0,890.0,5.241747015059643,7.654813247200988,150_199
226940779,Cirsium palustre,1,212.0,1912.7359937377755,0.1060218306709497,0.2941176470588235,0.2398572615734367,high_le_1km,2793.0,6443.0,605.0,280.0,5.356586274672012,7.556812628192806,200_299
226989226,Cirsium arctorhaphis,1,355.0,1396.6406850416513,0.055733460104674,0.2289156626506024,0.1393973055598855,high_le_1km,2887.0,3296.0,400.0,683.0,5.872117789475416,7.242540869044145,300_plus
227017819,Cirsium townsendii,1,335.0,3661.690525775039,0.0875506170300705,0.3333333333333333,0.2116493056075378,high_le_1km,2854.0,7755.0,409.0,564.0,5.814130531825066,8.205953272661723,300_plus
227104291,Cirsium ligulare,2,329.0,506.61618051195853,0.11352337481669485,0.29930444087747454,0.3299499265265641,high_le_1km,2784.0,7280.0,1025.0,206.0,5.796057750765372,6.229725611833288,300_plus
227123714,Cirsium canescens,2,259.0,1454.885179485419,0.12569419147164324,0.3165954415954416,0.377661251171062,high_le_1km,2832.0,9005.0,439.0,677.0,5.556828061699537,7.283369365403468,200_299
227280064,Cirsium kawakamii,1,320.0,721.1260954476998,0.2321928047489884,0.4594594594594595,0.4859423286450511,low_gt_10km,2837.0,3698.0,3150.0,540.0,5.768320995793772,6.582199771078225,300_plus
227798571,Cirsium appendiculatum,1,231.0,1594.145458700326,0.1129363172325252,0.2871287128712871,0.4582570884496258,high_le_1km,2765.0,7189.0,1041.0,165.0,5.442417710521793,7.374720207738101,200_299
227809427,Cirsium alatum,1,171.0,1823.6873475712555,0.1225125829234936,0.3333333333333333,0.3460657310041314,unknown,2767.0,12905.0,438.0,305.0,5.14166355650266,7.50916393494095,150_199
228181335,Cirsium obvallatum,1,273.0,1921.4268418523773,0.1404209915609482,0.367816091954023,0.3175232176993249,unknown,2752.0,7262.0,3147.0,229.0,5.60947179518496,7.5613436470028805,200_299
228406198,Cirsium maackii,1,245.0,314.1151695321216,0.0790492915977208,0.2553191489361702,0.2038998136155192,low_gt_10km,2786.0,10129.0,894.0,741.0,5.501258210544727,5.75293818956611,200_299
229169096,Cirsium czerkessicum,1,297.0,3162.4504773611075,0.1131327801464981,0.2432432432432432,0.3283683102544505,high_le_1km,2787.0,7214.0,1879.0,141.0,5.6937321388027,8.059418634081954,200_299
229295260,Cirsium sieversii,1,151.0,4089.868272449466,0.1154630302809041,0.3090909090909091,0.2772207967060411,moderate_1_to_10km,2781.0,9264.0,1342.0,481.0,5.017279836814924,8.316512518058621,150_199
229538921,Cirsium pyrenaicum,1,214.0,1020.2656833878616,0.1139649154497253,0.3013698630136986,0.3309823534491302,high_le_1km,2878.0,7016.0,405.0,432.0,5.365976015021851,6.928798003106832,200_299
229556060,Cirsium tuberosum,1,201.0,4660.134288193526,0.0611370633876491,0.2023809523809523,0.1910316951784486,high_le_1km,2854.0,5842.0,1006.0,205.0,5.303304908059076,8.447014106984,200_299
230015142,Cirsium centaureae,1,265.0,551.836949952107,0.1865680306776022,0.3673469387755102,0.5805329193229916,high_le_1km,2741.0,8188.0,757.0,343.0,5.579729825986222,6.315063111667042,200_299
230091909,Cirsium welwitschii,1,208.0,549.9823263371865,0.1155324188145072,0.3636363636363636,0.2343172023411587,unknown,2882.0,3876.0,978.0,544.0,5.337538079701318,6.311702733025389,200_299
230211003,Cirsium rhaphilepis,1,193.0,2231.908827459444,0.0782835922383562,0.2625,0.2148579442017692,unknown,2934.0,2311.0,781.0,1147.0,5.262690188904886,7.711060421387011,150_199
230322191,Cirsium inamoenum,2,207.5,4021.6908522399217,0.09511822960288016,0.2914628180039138,0.2283043004598429,high_le_1km,2753.0,7185.0,1682.0,705.0,5.335131339670753,8.299706323916249,200_299
230512592,Cirsium latifolium,1,225.0,2043.1358340290603,0.0733372439770333,0.1553398058252427,0.2506720652172193,high_le_1km,2875.0,3274.0,2728.0,603.0,5.41610040220442,7.6227304041199915,200_299
230622474,Cirsium monspessulanum,1,215.0,4137.361605153105,0.0827318095732941,0.3406593406593406,0.1791561812338541,high_le_1km,2822.0,6039.0,1639.0,274.0,5.3706380281276624,8.328055240943074,200_299
230787280,Cirsium pumilum,1,336.0,4251.311640248887,0.0696201025677028,0.2446808510638297,0.1660678380515789,unknown,2835.0,6940.0,1199.0,129.0,5.817111159963204,8.355218029402803,300_plus
231208692,Cirsium tuberosum,1,181.0,1515.7641484430314,0.0934077713241837,0.2906976744186046,0.2320192162704789,high_le_1km,2828.0,5691.0,1220.0,258.0,5.198497031265826,7.324334494910123,150_199
231339424,Cirsium pumilum,1,201.0,2163.553489531467,0.0824008794996176,0.3764705882352941,0.1749637592182878,high_le_1km,2810.0,7819.0,1490.0,175.0,5.303304908059076,7.679969378764945,200_299
231660391,Cirsium flodmanii,2,226.5,1105.015039661265,0.11895706821836076,0.3663989290495314,0.2608199254801301,high_le_1km,2789.0,8199.0,470.0,554.0,5.422744944923089,7.0085187802369,200_299
231867627,Cirsium pyrenaicum,2,247.5,3498.501611446097,0.1395472631906831,0.3900655515370705,0.4067047269542282,high_le_1km,2808.0,6531.0,878.0,558.0,5.511410582008745,8.160375840608442,200_299
231867633,Cirsium pyrenaicum,1,205.0,5050.168811226411,0.1270493137080224,0.2959183673469387,0.4023529094752017,high_le_1km,2808.0,6531.0,878.0,558.0,5.3230099791384085,8.52737494325711,200_299
232374436,Cirsium monspessulanum,1,369.0,4747.862467744338,0.1123926744173828,0.3263157894736842,0.3547703381731331,high_le_1km,2797.0,5770.0,1190.0,207.0,5.910796644040527,8.465660387873783,300_plus
232614393,Cirsium griseum,2,233.5,203.5172293133483,0.09214907908981185,0.3320945302077377,0.2599756516442441,high_le_1km,2749.0,7864.0,852.0,166.0,5.453182077108952,5.3206522228549655,200_299
232625782,Cirsium foliosum,1,323.0,6414.797281376877,0.0684976854934395,0.2667191876750701,0.1685913876976803,high_le_1km,2690.0,8555.0,1079.0,386.0,5.777652323222656,8.766518553251819,300_plus
232703520,Cirsium loncholepis,1,251.0,4103.466306022739,0.0898084607110008,0.2347826086956521,0.2162190384105771,high_le_1km,2874.0,1776.0,468.0,934.0,5.5254529391317835,8.319831002721306,200_299
232844743,Cirsium sieversii,1,157.0,4059.20058331624,0.1101175348094774,0.3495145631067961,0.3243157396998006,high_le_1km,2716.0,10213.0,1014.0,601.0,5.056245805348308,8.308987656133098,150_199
232908830,Cirsium discolor,1,255.0,5557.15003421151,0.118264342980436,0.1585365853658536,0.3442643686395129,unknown,2852.0,8893.0,992.0,191.0,5.541263545158426,8.623020604218699,200_299
232989800,Cirsium edule,1,157.0,4545.079770325994,0.089587547905589,0.3157894736842105,0.1898973987515086,unknown,2768.0,4924.0,4777.0,562.0,5.056245805348308,8.42202055162457,150_199
233256680,Cirsium monspessulanum,1,172.0,3329.141353628747,0.1128122863665203,0.3402061855670103,0.2354286330904857,unknown,2857.0,6466.0,658.0,285.0,5.147494476813453,8.110770030610738,150_199
233772084,Cirsium waldsteinii,1,174.0,2273.6842129153324,0.096176276285441,0.3402061855670103,0.1877359845011591,unknown,2764.0,7641.0,1415.0,332.0,5.159055299214529,7.729596514240653,150_199
234053224,Cirsium pumilum,1,179.0,7779.9506092489155,0.1085856706979819,0.3434343434343434,0.3578272490094011,high_le_1km,2804.0,7680.0,1565.0,183.0,5.187385805840755,8.959433795987083,150_199
234230031,Cirsium grahamii,1,195.0,3573.323567484549,0.1288884793292558,0.4025974025974026,0.3832232056237625,high_le_1km,2831.0,5483.0,982.0,875.0,5.272999558563747,8.181531225332845,150_199
234436994,Cirsium muticum,1,214.0,2741.868885097261,0.1410776083788107,0.3157894736842105,0.4395334864427009,high_le_1km,2855.0,6710.0,1905.0,118.0,5.365976015021851,7.916759689976439,200_299
234472103,Cirsium edule,1,204.0,3417.6996167299994,0.0439096334313813,0.1308411214953271,0.1301673415202878,high_le_1km,2786.0,5077.0,3605.0,672.0,5.318119993844216,8.13701552872495,200_299
234719090,Cirsium michiliense,1,192.0,1433.0402200459798,0.0953419286016482,0.3854166666666667,0.2410204538922135,moderate_1_to_10km,2846.0,3405.0,591.0,1001.0,5.2574953720277815,7.268251068218112,150_199
234801080,Cirsium esculentum,1,323.0,4748.477601689545,0.0946989071426046,0.2839506172839506,0.1995592475693384,high_le_1km,2733.0,14136.0,351.0,1120.0,5.777652323222656,8.465789912388923,300_plus
234801484,Cirsium parryi,1,275.0,1557.93952256729,0.1012750241812459,0.3076923076923077,0.1985664717699947,high_le_1km,2758.0,8805.0,1005.0,135.0,5.616771097666572,7.351761075853303,200_299
234851181,Cirsium eriophoroides,1,220.0,540.6063642474294,0.0331860427250178,0.1263157894736842,0.0857517066873866,high_le_1km,2763.0,6237.0,1957.0,695.0,5.393627546352362,6.29453947235515,200_299
234851183,Cirsium eriophoroides,1,162.0,1566.5380176250628,0.0537293133333632,0.2121212121212121,0.1251795839566771,high_le_1km,2763.0,6237.0,1957.0,695.0,5.087596335232384,7.357261525881262,150_199
234851184,Cirsium eriophoroides,1,319.0,1620.0172102265012,0.0293409978019748,0.0919540229885057,0.1000194974191151,high_le_1km,2763.0,6237.0,1957.0,695.0,5.765191102784844,7.390809138722191,300_plus
234871301,Cirsium eriophoroides,1,157.0,1896.2315524951896,0.0451372196706054,0.1428571428571428,0.1519116751084347,high_le_1km,2736.0,6716.0,2096.0,689.0,5.056245805348308,7.548151024950515,150_199
234871954,Cirsium glabrum,1,358.0,4200.569420323545,0.0354018886723956,0.0634057971014492,0.0633043295907604,unknown,2755.0,6281.0,1299.0,216.0,5.8805329864007,8.343213405979256,300_plus
234964233,Cirsium monspessulanum,1,178.0,2178.3585824338666,0.1214193546136995,0.3666666666666666,0.3295845219890431,high_le_1km,2796.0,7349.0,979.0,208.0,5.181783550292085,7.6867858842481676,150_199
235000529,Cirsium grahamii,1,179.0,2446.8233850563947,0.1018054656325523,0.3146067415730337,0.2434145566122726,high_le_1km,2866.0,6500.0,569.0,868.0,5.187385805840755,7.8029544944022335,150_199
235165231,Cirsium creticum,1,325.0,4115.664217670751,0.1147430890890554,0.2857142857142857,0.3411542809617368,unknown,2855.0,7094.0,647.0,355.0,5.783825182329737,8.322798458490043,300_plus
235231517,Cirsium yatsu-alpicola,1,176.0,4091.736806206628,0.1207219042808823,0.4193548387096774,0.2633447051144941,high_le_1km,2752.0,8597.0,1723.0,512.0,5.170483995038151,8.31696917103043,150_199
235488816,Cirsium coryletorum,1,274.0,405.8494483600346,0.1587418654440375,0.3418803418803419,0.4350840691869037,unknown,2787.0,10047.0,702.0,646.0,5.6131281063880705,6.008443211261286,200_299
235562389,Cirsium spinosissimum,1,161.0,3004.879759175942,0.0882498287466912,0.2542372881355932,0.2993809481181844,high_le_1km,2712.0,7341.0,2570.0,112.0,5.081404364984463,8.00832556923875,150_199
235598006,Cirsium ligulare,1,153.0,2589.848655852124,0.074443871819168,0.2545454545454545,0.1891249439575232,high_le_1km,2841.0,6707.0,674.0,228.0,5.030437921392435,7.859740767374859,150_199
235758826,Cirsium echinus,1,212.0,2950.8171750168804,0.1784147271611012,0.5,0.6098815591475866,unknown,2761.0,8146.0,1013.0,601.0,5.356586274672012,7.990176251220104,200_299
235766440,Cirsium pugnax,1,255.0,6764.325991067743,0.0591220749674417,0.2555555555555555,0.106939654245907,unknown,2741.0,8171.0,863.0,340.0,5.541263545158426,8.81956572733269,200_299
235780921,Cirsium macrobotrys,1,240.0,2151.131575732264,0.1064828358670838,0.4020618556701031,0.2281998418282502,high_le_1km,2730.0,8216.0,878.0,341.0,5.480638923341991,7.67421406055216,200_299
235916175,Cirsium waldsteinii,2,239.5,4401.091039194309,0.13995080543269386,0.2689516129032258,0.5825412124935152,unknown,2778.0,7462.0,1287.0,381.0,5.4785534168509695,8.389834943197927,200_299
236136651,Cirsium obvallatum,1,236.0,1319.0540232076262,0.182925344426562,0.3585426179604262,0.4882358019075581,high_le_1km,2754.0,7107.0,3050.0,164.0,5.4638318050256105,7.185427941415387,200_299
236284095,Cirsium discolor,2,249.0,3915.352914075699,0.12571663307679765,0.4532627865961199,0.24388185180075894,unknown,2819.0,10161.0,1023.0,436.0,5.517452896464707,8.272916120650953,200_299
236507505,Cirsium ukranicum,1,168.0,2934.416119720613,0.0852383856171163,0.2947368421052631,0.191454099631436,high_le_1km,2810.0,9512.0,581.0,203.0,5.123963979403259,7.984604500652315,150_199
236821120,Cirsium wheeleri,1,255.0,1838.1514582657608,0.1185339218616022,0.3837209302325581,0.2114131537141439,high_le_1km,2833.0,7143.0,509.0,666.0,5.541263545158426,7.517059580248217,200_299
237075788,Cirsium monspessulanum,1,362.0,3529.0957509352397,0.07071976786699,0.2169811320754717,0.1720474837955302,high_le_1km,2817.0,6357.0,885.0,184.0,5.8916442118257715,8.169080274470302,300_plus
237427366,Cirsium kamtschaticum,1,156.0,9154.47585855008,0.0468840564589787,0.1222222222222222,0.1203679890421767,high_le_1km,2757.0,4096.0,1843.0,211.0,5.049856007249537,9.122107433753442,150_199
237528804,Cirsium filipendulum,1,322.0,3562.0666743850857,0.0354173510656096,0.0869565217391304,0.1311456015658358,high_le_1km,2871.0,3941.0,1887.0,224.0,5.7745515455444085,8.178376878421231,300_plus
238032005,Cirsium tioganum,1,315.0,3317.362518469909,0.144582531390103,0.3157894736842105,0.3238059104901302,unknown,2741.0,8552.0,916.0,605.0,5.752572638825633,8.107226722910518,300_plus
238085102,Cirsium turkestanicum,1,372.0,4285.167367342363,0.0832825404260652,0.1807909604519774,0.2459263151861964,high_le_1km,2812.0,9150.0,801.0,547.0,5.918893854273146,8.363148225047667,300_plus
238248688,Cirsium ukranicum,2,265.5,1004.7853726237352,0.080763278821346,0.1817328852673526,0.27241752542189884,high_le_1km,2810.0,9505.0,559.0,206.0,5.581614840681993,6.913523980605404,200_299
238310127,Cirsium drummondii,1,359.0,2280.982868501291,0.1102262164319357,0.3375,0.318287803209307,high_le_1km,2750.0,10754.0,429.0,510.0,5.883322388488279,7.732800023163907,300_plus
238340715,Cirsium calcareum,1,185.0,1464.6832684115425,0.0574640395326798,0.1428571428571428,0.2079732958735158,unknown,2822.0,9034.0,306.0,342.0,5.220355825078324,7.290076807543074,150_199
238359274,Cirsium quercetorum,1,152.0,5921.434364386993,0.107663873943286,0.3932584269662921,0.2628686526459955,high_le_1km,2856.0,1563.0,1004.0,926.0,5.0238805208462765,8.686502853554813,150_199
238394138,Cirsium setidens,1,152.0,2134.746122869956,0.1175984410563664,0.3541666666666667,0.2632895731986355,high_le_1km,2793.0,9422.0,1692.0,827.0,5.0238805208462765,7.666571336681821,150_199
238959637,Cirsium echinus,1,301.0,1921.443227667326,0.1198261867117597,0.2647058823529412,0.3929172183283283,high_le_1km,2747.0,8125.0,1106.0,408.0,5.707110264748875,7.5613521704716335,300_plus
239015765,Cirsium ciliatum,1,209.0,4874.940932480731,0.0995114432457142,0.3655913978494624,0.2369727291386172,unknown,2849.0,7960.0,1101.0,225.0,5.342334251964811,8.492068376598487,200_299
239480125,Cirsium novoleonense,2,207.0,4334.843426962402,0.12489926140522889,0.2199126175029789,0.4428475334015397,unknown,2820.0,2890.0,719.0,654.0,5.332718793265369,8.374671432449604,200_299
239521363,Cirsium purpuratum,1,244.0,1884.472177828445,0.1176273422281034,0.431578947368421,0.1953466078812473,unknown,2798.0,8104.0,2682.0,446.0,5.497168225293202,7.541933560730856,200_299
240425846,Cirsium douglasii,1,173.0,2697.858540597184,0.1297379058468057,0.3953488372093023,0.314872773169904,high_le_1km,2815.0,5603.0,2013.0,815.0,5.153291594497779,7.9005841998612745,150_199
240751811,Cirsium tuberosum,1,184.0,1580.5616778229855,0.1232696884781121,0.3052631578947368,0.4242694082157106,unknown,2839.0,5931.0,880.0,120.0,5.214935757608986,7.366168041557156,150_199
240851583,Cirsium lecontei,2,226.5,3296.962255749417,0.11007562732199905,0.29279279279279274,0.3487804007612836,unknown,2927.0,5661.0,1759.0,343.0,5.422744944923089,8.101060058466249,200_299
240907081,Cirsium falconeri,1,370.0,4413.070176741501,0.0576080880547641,0.1863425925925926,0.1805807723993076,unknown,2902.0,5584.0,3050.0,981.0,5.91350300563827,8.392552485363046,300_plus
241238164,Cirsium brevicaule,1,375.0,2418.672191152484,0.1289022439935183,0.3555555555555555,0.3071036956089811,high_le_1km,2958.0,3887.0,2068.0,284.0,5.926926025970411,7.791387351773989,300_plus
241297155,Cirsium rivulare,1,252.0,2224.3895711676414,0.1023577679105103,0.3296703296703296,0.1949397565777051,high_le_1km,2806.0,6317.0,1265.0,151.0,5.529429087511423,7.707687267439429,200_299
242864278,Cirsium helenioides,1,221.0,1353.5604985000418,0.0777273400561865,0.3376623376623376,0.1182932081138051,unknown,2756.0,12832.0,549.0,499.0,5.3981627015177525,7.211232325348704,200_299
243312914,Cirsium tuberosum,1,295.0,2158.332087393647,0.0821519495274323,0.264367816091954,0.2104715865289069,high_le_1km,2835.0,6494.0,854.0,124.0,5.68697535633982,7.677554234060983,200_299
243449485,Cirsium filipendulum,1,245.0,2201.849553435172,0.1139256071342796,0.2252252252252252,0.3286944867401358,high_le_1km,2851.0,4616.0,2181.0,540.0,5.501258210544727,7.69750705279318,200_299
243637733,Cirsium tymphaeum,1,170.0,1457.6491289763671,0.0896816148596918,0.2705882352941176,0.2163602674283139,high_le_1km,2768.0,7345.0,1704.0,271.0,5.135798437050262,7.285266032264789,150_199
243725819,Cirsium andersonii,3,252.0,920.3723058788512,0.1175415894776867,0.3186813186813186,0.2463451103583567,unknown,2770.0,6993.0,1420.0,788.0,5.529429087511423,6.825864195482767,200_299
243760899,Cirsium rhinoceros,2,251.0,2175.4739000702116,0.11668943254979705,0.352008032128514,0.30327285622712646,unknown,2822.0,7530.0,3038.0,589.0,5.5254529391317835,7.685461369222868,200_299
244041525,Cirsium filipendulum,1,328.0,1226.2342011557782,0.0973477066623788,0.25,0.2815236103753644,high_le_1km,2852.0,4616.0,2331.0,538.0,5.793013608384144,7.112518299484575,300_plus
244065441,Cirsium virginianum,1,332.0,2064.7603078110506,0.1321094564620278,0.3232323232323232,0.3105740106312945,high_le_1km,2905.0,7001.0,1106.0,197.0,5.805134968916488,7.633253625432599,300_plus
244156936,Cirsium pendulum,1,333.0,6809.7838296966565,0.1192337094893849,0.376068376068376,0.3130409578741737,high_le_1km,2739.0,14660.0,413.0,1050.0,5.808142489980444,8.826262492328697,300_plus
244425579,Cirsium horridulum,1,211.0,2306.742326805579,0.0565262999927681,0.2386363636363636,0.1442843639071097,high_le_1km,2868.0,8169.0,1124.0,118.0,5.351858133476067,7.744024977896942,200_299
244600683,Cirsium setidens,1,318.0,2675.359812757437,0.070618416909667,0.2,0.2326908423015526,unknown,2789.0,9463.0,1752.0,812.0,5.762051382780177,7.892212871386214,300_plus
244825870,Cirsium flodmanii,1,188.0,1889.2291961801384,0.0536988867105628,0.2317073170731707,0.1417599130208211,moderate_1_to_10km,2789.0,11955.0,617.0,564.0,5.236441962829949,7.54445336852152,150_199
244972452,Cirsium altissimum,1,327.0,5498.761096296159,0.111661971130209,0.3771814487210136,0.2535479596269738,unknown,2902.0,7123.0,1136.0,131.0,5.7899601708972535,8.612459933240086,300_plus
245627173,Cirsium lecontei,1,210.0,2953.5477307229994,0.1281500650051236,0.3679245283018867,0.2825087732067593,high_le_1km,2929.0,5678.0,1880.0,344.0,5.3471075307174685,7.991100865917716,200_299
245785735,Cirsium oleraceum,1,301.0,887.4085788443579,0.1431420942484639,0.3577981651376147,0.301747177127926,unknown,2808.0,7614.0,567.0,327.0,5.707110264748875,6.789431748484632,300_plus
245928264,Cirsium sorocephalum,1,350.0,5622.301060821808,0.1367542321093069,0.2550770308123249,0.3047830507771052,high_le_1km,2786.0,7844.0,707.0,333.0,5.857933154483459,8.634674147819599,300_plus
246066543,Cirsium spinosissimum,1,252.0,5019.5342538558125,0.1067338190859257,0.3253012048192771,0.2715983782918959,unknown,2728.0,6869.0,2169.0,182.0,5.529429087511423,8.521291632093908,200_299
246573887,Cirsium palustre,1,221.0,4656.16071370583,0.0803771973946999,0.27,0.2323041544376732,high_le_1km,2801.0,7881.0,1538.0,129.0,5.3981627015177525,8.446161252523448,200_299
246910440,Cirsium souliei,1,324.0,4020.836876046275,0.0732669578214879,0.25,0.1265457008305503,low_gt_10km,2740.0,8292.0,541.0,1083.0,5.780743515792329,8.29949401159023,300_plus
247383102,Cirsium neomexicanum,1,163.0,4795.231546746028,0.0903805929335869,0.2577319587628865,0.2419190090397955,high_le_1km,2858.0,5240.0,800.0,983.0,5.093750200806762,8.475585794120041,150_199
247576841,Cirsium viperinum,3,212.0,4775.360484641408,0.1026289772704146,0.3037974683544304,0.2684072943855462,high_le_1km,2756.0,9995.0,590.0,179.0,5.356586274672012,8.471434130582844,200_299
247576988,Cirsium viperinum,2,284.5,3189.2588311256154,0.0770962974159365,0.2091671720234485,0.22639025291015255,high_le_1km,2730.0,10317.0,671.0,184.0,5.6507332535663855,8.06785733077125,200_299
247873951,Cirsium alatum,1,193.0,2797.0098654567905,0.1389682115257206,0.2920353982300885,0.432441377574752,unknown,2887.0,8717.0,262.0,843.0,5.262690188904886,7.9366636811151325,150_199
248007303,Cirsium serratuloides,1,177.0,1576.1992328343435,0.133209349717693,0.3457943925233644,0.3567808789670552,high_le_1km,2726.0,11611.0,1072.0,651.0,5.176149732573829,7.363405915593478,150_199
249065670,Cirsium obvallatum,1,308.0,1886.732655025197,0.0773178968766046,0.3037974683544304,0.2421117855361419,unknown,2740.0,8638.0,1207.0,340.0,5.730099782973574,7.543131734467676,300_plus
249100199,Cirsium chinense,1,157.0,2185.175881276665,0.0872209227920684,0.2395833333333333,0.2097215966368666,unknown,2860.0,8923.0,714.0,911.0,5.056245805348308,7.6899091235404695,150_199
249221717,Cirsium kosmelii,1,222.0,3500.34855995318,0.2171488465689036,0.4756097560975609,0.4370997762078473,unknown,2806.0,8093.0,814.0,426.0,5.402677381872279,8.160903476111192,200_299
249460480,Cirsium erythrolepis,1,234.0,6021.455491592087,0.0574009494970272,0.2323232323232323,0.1226222061278761,unknown,2813.0,8121.0,1361.0,113.0,5.455321115357702,8.70325034410756,200_299
249467196,Cirsium osseticum,2,208.5,9545.563603208246,0.05749376336685215,0.19043522267206475,0.14866239756503102,unknown,2793.0,7400.0,2268.0,109.0,5.339939041238856,9.163936536594871,200_299
249569950,Cirsium hookerianum,1,265.0,2414.7877179251795,0.1772956603771754,0.2717391304347826,0.5665001018019097,high_le_1km,2762.0,7305.0,538.0,243.0,5.579729825986222,7.789780690097148,200_299
249630149,Cirsium acaulon,1,344.0,6913.966072797958,0.0511203159140815,0.1208791208791208,0.1119785430367278,high_le_1km,2814.0,7312.0,547.0,342.0,5.840641657373398,8.841443337766933,300_plus
250155714,Cirsium monspessulanum,1,227.0,256.8641573834399,0.1205738909809489,0.4431818181818182,0.299267008917277,unknown,2860.0,6740.0,731.0,300.0,5.424950017481403,5.552432924490743,200_299
250200423,Cirsium wheeleri,1,174.0,1116.6900955357246,0.1033674455515097,0.27,0.301152761615306,high_le_1km,2826.0,6861.0,581.0,718.0,5.159055299214529,7.0190194198829685,150_199
250639848,Cirsium foliosum,1,283.0,3599.3528043729025,0.1747259322022694,0.3931623931623931,0.3238296654812623,high_le_1km,2772.0,7628.0,665.0,205.0,5.645446897643238,8.188787120857091,200_299
250833651,Cirsium sorocephalum,1,368.0,1494.1895426549183,0.078058158344431,0.1976744186046511,0.195576483682439,high_le_1km,2794.0,8597.0,920.0,244.0,5.908082938168931,7.310008262172887,300_plus
251117927,Cirsium tepehuanense,1,201.0,2093.772806052404,0.0807883956351267,0.34,0.1448349375486748,high_le_1km,2860.0,3145.0,1026.0,943.0,5.303304908059076,7.647200380677193,200_299
251645474,Cirsium phyllocephalum,1,339.0,2347.8605862479662,0.0970619106977876,0.2976190476190476,0.3046712201643846,high_le_1km,2904.0,6118.0,647.0,1111.0,5.82600010738045,7.761685632641323,300_plus
252030103,Cirsium carniolicum,1,315.0,787.855863747387,0.1382883472030778,0.2941176470588235,0.3989809490272308,high_le_1km,2786.0,5740.0,2126.0,248.0,5.752572638825633,6.670583621961489,300_plus
252471943,Cirsium remotifolium,1,290.0,2476.876864371892,0.1043241988190957,0.2358490566037736,0.3038660226903265,high_le_1km,2799.0,6483.0,2124.0,736.0,5.66988092298052,7.815157369417656,200_299
252537916,Cirsium grahamii,2,291.0,2253.591347008941,0.112786740819843,0.24923376985232654,0.35946276755576156,high_le_1km,2890.0,6567.0,463.0,862.0,5.673323267171493,7.7207240146756915,200_299
253166650,Cirsium greimleri,1,243.0,3834.203508146887,0.1415425044567617,0.3596491228070175,0.453895572303189,high_le_1km,2794.0,6892.0,1488.0,144.0,5.493061443340548,8.251977778403024,200_299
253383858,Cirsium elodes,1,214.0,5136.735227116745,0.0986974164612075,0.375,0.2254826616108391,unknown,2862.0,8835.0,534.0,438.0,5.365976015021851,8.544367644056425,200_299
254185885,Cirsium kamtschaticum,1,232.0,1710.618548361423,0.1284629179973827,0.2436974789915966,0.4502021044326665,moderate_1_to_10km,2685.0,13717.0,1223.0,712.0,5.44673737166631,7.44519472133918,200_299
254345541,Cirsium latifolium,1,166.0,2364.396374908188,0.0760094129074299,0.3137254901960784,0.2008589938467433,high_le_1km,2862.0,3666.0,2819.0,607.0,5.111987788356544,7.76870088726667,150_199
254679968,Cirsium kawakamii,1,294.0,3785.077109995936,0.0770121804188145,0.1965811965811965,0.2237151766102315,unknown,2806.0,3591.0,3964.0,622.0,5.683579767338681,8.23908569870289,200_299
254987569,Cirsium ciliatum,1,370.0,1859.030110964512,0.1486357710184992,0.3380281690140845,0.4788672592454657,high_le_1km,2802.0,9278.0,573.0,525.0,5.91350300563827,7.52834795526681,300_plus
255209420,Cirsium carniolicum,2,321.5,5312.25083631307,0.05210034007639045,0.12383765102709375,0.14688141710693542,high_le_1km,2732.0,7090.0,1708.0,433.0,5.772997543677674,8.577959137140203,300_plus
255685521,Cirsium falconeri,1,229.0,2072.4350191722,0.1250818877012381,0.3535353535353535,0.2561552947744686,low_gt_10km,2847.0,5940.0,3388.0,977.0,5.43372200355424,7.636961940479284,200_299
256108516,Cirsium phyllocephalum,1,263.0,1002.9539495792596,0.2507752695489622,0.3539823008849557,0.9019206314404248,unknown,2888.0,6356.0,700.0,1071.0,5.572154032177765,6.911701432246825,200_299
256612491,Cirsium monspessulanum,1,367.0,1988.740285409196,0.1450305653234185,0.282051282051282,0.4292301556408113,high_le_1km,2828.0,5697.0,1145.0,263.0,5.905361848054571,7.595759399356762,300_plus
257473934,Cirsium pannonicum,1,176.0,4974.030958522922,0.0704858584211501,0.2978723404255319,0.1949101760128364,high_le_1km,2800.0,6920.0,1214.0,203.0,5.170483995038151,8.512186872392009,150_199
257606374,Cirsium rivulare,2,200.0,2570.656265357062,0.10448237240147229,0.28813659458820745,0.2713601235167349,unknown,2801.0,6640.0,1755.0,237.0,5.298317366548036,7.852305431541735,200_299
257702830,Cirsium ligulare,1,355.0,750.8981315466506,0.2223577967487039,0.4571428571428571,0.5215276142222527,high_le_1km,2808.0,7294.0,924.0,278.0,5.872117789475416,6.622600851405033,300_plus
257853419,Cirsium dissectum,1,347.0,1336.876109707178,0.0809393041340504,0.2574257425742574,0.2813359483896993,high_le_1km,2833.0,5152.0,916.0,184.0,5.849324779946859,7.198838642759248,300_plus
258876872,Cirsium kosmelii,1,276.0,1653.598734345563,0.147265572161124,0.3153153153153153,0.4408660089399042,unknown,2802.0,8075.0,836.0,428.0,5.62040086571715,7.411313801825029,200_299
258882613,Cirsium heterophyllum,2,199.5,1797.650775381058,0.14977360581855154,0.3426671781102161,0.32547168544356775,high_le_1km,2755.0,10928.0,759.0,315.0,5.295814236329918,7.4947920935840315,150_199
259573784,Cirsium ukranicum,1,159.0,1479.7786139521122,0.0914544405142765,0.2584269662921348,0.2904323203067298,high_le_1km,2814.0,9391.0,607.0,243.0,5.0689042022202315,7.30032331892925,150_199
259653843,Cirsium glabrum,1,372.0,6616.7151840974375,0.1082113833345685,0.3157894736842105,0.2305337636332035,high_le_1km,2775.0,6163.0,1365.0,238.0,5.918893854273146,8.797505451003243,300_plus
259899942,Cirsium hidalgoense,1,177.0,5398.474571931731,0.1657619738096216,0.404040404040404,0.6054520294521558,high_le_1km,2876.0,2440.0,982.0,796.0,5.176149732573829,8.594056926324145,150_199
260043309,Cirsium rhizocephalum,1,295.0,1917.762653318884,0.1133816475182022,0.3883495145631068,0.2893913555397308,unknown,2761.0,7915.0,1628.0,355.0,5.68697535633982,7.559435805877351,200_299
260090808,Cirsium sychnosanthum,1,331.0,5323.265591718056,0.0686088188828769,0.2717391304347826,0.1845343268156918,high_le_1km,2781.0,7271.0,3038.0,218.0,5.802118375377063,8.580030064017944,300_plus
261065986,Cirsium occidentale,1,334.0,2172.222670374328,0.0614636081168315,0.2111111111111111,0.2000170800446999,high_le_1km,2895.0,7564.0,1504.0,817.0,5.811140992976701,7.683966446416776,300_plus
261186812,Cirsium inamoenum,1,239.0,3254.313180543229,0.0742168836276007,0.2989690721649484,0.1621868148489653,high_le_1km,2728.0,8128.0,907.0,398.0,5.476463551931511,8.088043765234936,200_299
261719615,Cirsium pumilum,1,179.0,9084.391885982805,0.0748981971219314,0.2988505747126437,0.139520450279977,high_le_1km,2831.0,6362.0,1068.0,122.0,5.187385805840755,9.114423115396145,150_199
261984293,Cirsium tancitaroense,1,168.0,1701.997302369581,0.0780034813818447,0.2954545454545454,0.2600807490513316,moderate_1_to_10km,2843.0,1832.0,1814.0,1024.0,5.123963979403259,7.440145096615386,150_199
262752243,Cirsium magdalenense,1,170.0,7961.32565994446,0.0888451152767977,0.2588235294117647,0.2988062649473231,high_le_1km,2954.0,3358.0,144.0,915.0,5.135798437050262,8.982476404500304,150_199
266225373,Cirsium mexicanum,1,169.0,1984.7119306833224,0.1077832798638517,0.2818181818181818,0.2724962295721403,high_le_1km,2913.0,591.0,3247.0,591.0,5.1298987149230735,7.59373278407595,150_199
266409962,Cirsium mohavense,1,245.0,5786.572155525492,0.1383035238864694,0.320754716981132,0.3231762638687711,high_le_1km,2943.0,9099.0,145.0,516.0,5.501258210544727,8.663468165794178,200_299
267047042,Cirsium mexicanum,2,161.5,5499.446200303855,0.08016132709717941,0.3149350649350649,0.2247672572385277,high_le_1km,2977.0,3038.0,1259.0,672.0,5.084505142662711,8.612584495257892,150_199
267462490,Cirsium obvallatum,1,321.0,6361.668689220359,0.0632804760166916,0.2352941176470588,0.1104722038761973,high_le_1km,2764.0,7110.0,3189.0,191.0,5.771441123130016,8.758203173547841,300_plus
268224403,Cirsium pinetorum,1,170.0,5715.446504015501,0.0823182355591953,0.3333333333333333,0.1556627727077462,high_le_1km,2871.0,2384.0,732.0,1008.0,5.135798437050262,8.65110265076724,150_199
268843530,Cirsium subcoriaceum,1,197.0,4498.671478583644,0.0727449501739985,0.189873417721519,0.1645499258334074,high_le_1km,2852.0,2417.0,951.0,1012.0,5.2832037287379885,8.411759668334243,150_199
268897167,Cirsium irumtiense,1,185.0,2390.863364909907,0.0757765698359933,0.3186813186813186,0.1600736782602806,high_le_1km,2970.0,3313.0,2404.0,251.0,5.220355825078324,7.779827991745834,150_199
268994136,Cirsium alatum,1,349.0,807.598404635065,0.1509742614508417,0.1926605504587156,0.5122797060752218,high_le_1km,2819.0,9397.0,573.0,188.0,5.855071922202427,6.695302384208267,300_plus
271838045,Cirsium acrolepis,1,151.0,4481.363608622888,0.0933289193370837,0.3636363636363636,0.1670061000801855,high_le_1km,2897.0,4183.0,788.0,789.0,5.017279836814924,8.407905777492187,150_199
272773692,Cirsium acrolepis,1,215.0,3871.574779020169,0.0676807579365419,0.2771084337349397,0.1872540082511398,high_le_1km,2894.0,4203.0,758.0,743.0,5.3706380281276624,8.261674882374479,200_299
277238605,Cirsium cymosum,2,209.0,2895.9402812282983,0.13533626107107516,0.3297434273044029,0.32263501273447887,unknown,2873.0,5062.0,509.0,893.0,5.342334251964811,7.97141038355215,200_299
277697896,Cirsium filipendulum,1,165.0,2226.300520397225,0.1011592143460581,0.3295454545454545,0.2757596035284997,high_le_1km,2883.0,3287.0,897.0,559.0,5.10594547390058,7.7085456022022845,150_199
278283556,Cirsium pacificum,1,374.0,412.5582149313326,0.1323192502597116,0.3608247422680412,0.5794930937711342,high_le_1km,2981.0,5365.0,455.0,1191.0,5.924255797414532,6.024798290361688,300_plus
279536254,Cirsium engelmannii,1,262.0,2228.362393933551,0.1539031988672538,0.3721611283767631,0.445682008311709,high_le_1km,2920.0,7705.0,896.0,304.0,5.568344503761097,7.709470901567784,200_299
279792480,Cirsium carolinianum,1,156.0,4051.144592308173,0.1011961136842986,0.391304347826087,0.2075046967027301,high_le_1km,2906.0,7011.0,1105.0,194.0,5.049856007249537,8.307001548914577,150_199
280321443,Cirsium lomatolepis,1,169.0,594.0529987917952,0.0884097177766688,0.4130434782608695,0.1433987888502956,high_le_1km,2889.0,1586.0,836.0,970.0,5.1298987149230735,6.388650475178468,150_199
280427644,Cirsium joannae,1,367.0,4649.893697923711,0.068440956861791,0.147677793904209,0.256165441473633,unknown,2837.0,8836.0,401.0,308.0,5.905361848054571,8.444814673216547,300_plus
281483632,Cirsium falconeri,1,153.0,3413.1701251655345,0.0745966932906869,0.2653061224489796,0.1826998681779829,unknown,2814.0,6382.0,1583.0,418.0,5.030437921392435,8.135689733737182,150_199
281581584,Cirsium filipendulum,1,339.0,2390.058787370077,0.0781328809192863,0.3469387755102041,0.1459424934166238,unknown,2871.0,3735.0,1507.0,294.0,5.82600010738045,7.779491554094623,300_plus
282030897,Cirsium andrewsii,1,202.0,906.843103656326,0.0547681962324236,0.2043010752688172,0.1904428578970511,unknown,2852.0,1173.0,961.0,927.0,5.308267697401205,6.8110715703407685,200_299
282590576,Cirsium candelabrum,1,258.0,3289.839718378541,0.1393570889311968,0.4148936170212766,0.4162668833583067,high_le_1km,2845.0,7536.0,569.0,242.0,5.552959584921617,8.098898044742585,200_299
283299661,Cirsium ehrenbergii,1,303.0,2255.768329433752,0.1085406685762344,0.3536630036630036,0.3442599642740088,high_le_1km,2851.0,2035.0,917.0,992.0,5.713732805509369,7.721689126194135,300_plus
283513325,Cirsium barnebyi,1,365.0,1080.0857716532394,0.2143515704879763,0.3846153846153846,0.7135991599717766,high_le_1km,2807.0,10565.0,345.0,256.0,5.8998973535824915,6.985721159221683,300_plus
284123120,Cirsium occidentale,1,277.0,4529.15251119329,0.0797048366802049,0.2857142857142857,0.1667447402444568,unknown,2897.0,4947.0,435.0,932.0,5.6240175061873385,8.418510884840448,200_299
284418264,Cirsium remotifolium,1,257.0,1127.8460844981428,0.1017822307868316,0.1975308641975308,0.3462931109214906,unknown,2855.0,2472.0,1098.0,942.0,5.54907608489522,7.028951225802108,200_299
284755935,Cirsium ukranicum,1,360.0,1831.266148817463,0.0951325613112157,0.2926829268292683,0.2164929632434747,high_le_1km,2815.0,9486.0,585.0,181.0,5.886104031450156,7.5133088124210765,300_plus
285516473,Cirsium japonicum,1,194.0,1745.532282811117,0.0898739658084258,0.2637362637362637,0.323298133269909,unknown,2884.0,8120.0,1708.0,416.0,5.267858159063328,7.465387548365271,150_199
285694680,Cirsium pyrenaicum,1,289.0,932.778999377868,0.1381413076472055,0.3859466943579093,0.3304207649394801,high_le_1km,2877.0,6784.0,648.0,511.0,5.666426688112432,6.839239792862087,200_299
285922878,Cirsium hypoleucum,4,160.0,2788.8437989282775,0.10351719023617764,0.290703781512605,0.2586197834777147,high_le_1km,2857.0,6865.0,1067.0,210.0,5.075173815233827,7.933740887200922,150_199
287224623,Cirsium canescens,1,313.0,1350.769565437954,0.094545751326485,0.3949555243445692,0.2259261328675851,high_le_1km,2785.0,8521.0,302.0,498.0,5.746203190540153,7.209169802311576,300_plus
287838490,Cirsium filipendulum,1,209.0,9616.541420120668,0.0627095287275908,0.2183908045977011,0.1417241452990874,high_le_1km,2818.0,4713.0,1669.0,452.0,5.342334251964811,9.171343941362242,200_299
288305777,Cirsium rivulare,1,228.0,2756.630855409614,0.1465990768755156,0.3733333333333333,0.2580143991107757,unknown,2804.0,5008.0,1783.0,378.0,5.429345628954441,7.922127204366055,200_299
288393837,Cirsium horridulum,3,290.0,1291.1893355836282,0.063246967494594,0.204787740338854,0.1760613571169156,unknown,2831.0,6362.0,1068.0,122.0,5.66988092298052,7.164093218175313,200_299
288430550,Cirsium remotifolium,1,170.0,2409.941614363319,0.1062352367608802,0.3958333333333333,0.1879251328990943,high_le_1km,2886.0,5078.0,1075.0,931.0,5.135798437050262,7.787772661530969,150_199
288620238,Cirsium repandum,2,179.0,1935.140736741922,0.10303722182970475,0.36180555555555555,0.24963944579964853,high_le_1km,2900.0,7223.0,1232.0,199.0,5.187385805840755,7.568451959792498,150_199
288742165,Cirsium repandum,1,159.0,5052.884519773284,0.1101429438633281,0.3333333333333333,0.2539263613431389,high_le_1km,2890.0,7281.0,1255.0,189.0,5.0689042022202315,8.527912438413898,150_199
289240774,Cirsium dissectum,1,304.0,1631.480446101882,0.1118859100503042,0.3059246954595792,0.2621714635714466,high_le_1km,2825.0,5508.0,832.0,184.0,5.717027701406222,7.397855883193326,300_plus
289854693,Cirsium morinifolium,1,322.0,4901.429464058548,0.1301956425648106,0.404040404040404,0.3258424220272417,high_le_1km,2832.0,5864.0,867.0,880.0,5.7745515455444085,8.497486170217593,300_plus
290378843,Cirsium welwitschii,1,374.0,1417.1541409016652,0.2419538208127353,0.4181818181818181,0.5760576171054483,unknown,2882.0,3851.0,983.0,545.0,5.924255797414532,7.257111404217941,300_plus
290857000,Cirsium ownbeyi,1,332.0,2476.746025083596,0.1794992045911864,0.2941176470588235,0.5893494141508522,unknown,2823.0,11059.0,259.0,318.0,5.805134968916488,7.815104565041195,300_plus
291564790,Cirsium pitcheri,1,381.0,2018.4385664069328,0.1365042011385838,0.3559322033898305,0.3745675408038075,unknown,2759.0,10549.0,842.0,285.0,5.942799375126701,7.610574814341176,300_plus
292156112,Cirsium semenowii,1,342.0,16512.318674830112,0.0203479644240921,0.0476190476190476,0.0790605399108353,high_le_1km,2731.0,9261.0,796.0,511.0,5.834810737062605,9.711922526698027,300_plus
292741732,Cirsium undulatum,1,248.0,690.3804367103996,0.1508192540003337,0.2905982905982906,0.4786095510394308,high_le_1km,2788.0,10356.0,301.0,610.0,5.5134287461649825,6.5386902319041,200_299
292872107,Cirsium pendulum,1,375.0,3541.467680594711,0.1017155154618948,0.3112449799196787,0.2465475665742301,high_le_1km,2789.0,11074.0,751.0,738.0,5.926926025970411,8.172578848190744,300_plus
293081390,Cirsium obvallatum,1,375.0,4693.157435314819,0.0552709154179955,0.172385428907168,0.1184211630272133,high_le_1km,2765.0,7060.0,2594.0,122.0,5.926926025970411,8.454073915540647,300_plus
293146657,Cirsium arctorhaphis,1,350.0,636.5986126921139,0.0923864695636536,0.3047619047619048,0.1985726473172369,unknown,2875.0,3324.0,555.0,706.0,5.857933154483459,6.457708951645712,300_plus
293255408,Cirsium griseum,1,211.0,2572.544965967665,0.0790161567435502,0.2619047619047619,0.1635840215370418,unknown,2733.0,9883.0,867.0,206.0,5.351858133476067,7.853039591630144,200_299
293822236,Cirsium cymosum,1,261.0,2785.672332802266,0.0589911200852157,0.1917808219178082,0.0953439040004112,high_le_1km,2818.0,8452.0,431.0,544.0,5.564520407322694,7.932603450710819,200_299
293961712,Cirsium cymosum,1,375.0,3674.8805526700494,0.138630868120155,0.3962713765068685,0.2602943941859585,unknown,2778.0,8355.0,648.0,486.0,5.926926025970411,8.209547989114684,300_plus
294042898,Cirsium erisithales,1,155.0,2764.907542964545,0.0868104200140254,0.325,0.2032666489208504,moderate_1_to_10km,2786.0,6470.0,1447.0,322.0,5.043425116919247,7.925124085405927,150_199
294731072,Cirsium remotifolium,1,330.0,1543.9183405106048,0.1718300008336344,0.348314606741573,0.5057204305377847,high_le_1km,2805.0,5781.0,1613.0,567.0,5.799092654460526,7.342726333896579,300_plus
295352778,Cirsium heterophyllum,1,181.0,3181.4870396527217,0.0705264818426749,0.2823529411764706,0.1418124245430332,unknown,2775.0,8002.0,702.0,293.0,5.198497031265826,8.06541825804392,150_199
295456250,Cirsium carolinianum,1,247.0,5360.9944351387085,0.0614904297691977,0.21875,0.0980235907511611,high_le_1km,2873.0,7830.0,1289.0,131.0,5.5093883366279774,8.587091280962227,200_299
295628297,Cirsium erisithales,1,164.0,6397.751787238323,0.0654692396683878,0.3,0.1516014175508627,high_le_1km,2800.0,7252.0,927.0,380.0,5.099866427824199,8.763858217082294,150_199
295773832,Cirsium canum,1,321.0,3356.1873888656582,0.0494663509108996,0.0958904109589041,0.0893413402614348,high_le_1km,2834.0,7674.0,572.0,305.0,5.771441123130016,8.118858815757454,300_plus
295977794,Cirsium undulatum,1,183.0,5408.800519644194,0.0555606094316766,0.2209302325581395,0.129611525593643,moderate_1_to_10km,2792.0,11269.0,535.0,623.0,5.209486152841421,8.59596749863654,150_199
296284733,Cirsium tuberosum,1,176.0,3053.4143215810604,0.1052618115247653,0.323943661971831,0.3388745279621727,unknown,2805.0,6335.0,1149.0,242.0,5.170483995038151,8.024343141796615,150_199
296336951,Cirsium arvense,2,291.5,3190.4578553525607,0.10293144770741605,0.3350877192982456,0.22815992814696195,high_le_1km,2798.0,6657.0,650.0,267.0,5.675040005790547,8.068233099330074,200_299
296714683,Cirsium canum,1,229.0,2967.255843283484,0.083574578838449,0.3068868980963046,0.1980902026026794,high_le_1km,2833.0,7225.0,985.0,199.0,5.43372200355424,7.9957298011394276,200_299
296771508,Cirsium hookerianum,1,170.0,1416.4636425854856,0.0843800959110424,0.3518518518518518,0.1801846466937932,unknown,2727.0,8488.0,1061.0,354.0,5.135798437050262,7.256624386303292,150_199
297176534,Cirsium andersonii,1,262.0,3591.240973131497,0.0721432489207181,0.3048780487804878,0.1362270134219192,high_le_1km,2779.0,6994.0,1346.0,703.0,5.568344503761097,8.186531513233028,200_299
297244763,Cirsium sorocephalum,1,260.0,890.6924915261203,0.1602317514568653,0.4056603773584906,0.3256568162535104,high_le_1km,2858.0,8344.0,290.0,1050.0,5.560681631015528,6.793121332701793,200_299
297325454,Cirsium monspessulanum,1,316.0,2581.782595775804,0.1068574588514326,0.3617971419695557,0.259738172235051,high_le_1km,2855.0,5398.0,963.0,303.0,5.755742213586912,7.856622622219388,300_plus
298360762,Cirsium uliginosum,1,323.0,5046.607403117591,0.1246066930965288,0.2857142857142857,0.2315277037357584,high_le_1km,2751.0,8080.0,1642.0,195.0,5.777652323222656,8.526669628438587,300_plus
298546019,Cirsium hesperium,1,226.0,3758.715319559901,0.0850249500571887,0.2637362637362637,0.2385417865913338,unknown,2702.0,8471.0,906.0,242.0,5.420534999272286,8.23209852063457,200_299
298740993,Cirsium drummondii,1,232.0,3243.3875015635563,0.0817108225058209,0.3478260869565217,0.1636636413133547,high_le_1km,2764.0,8237.0,562.0,649.0,5.44673737166631,8.08468185987819,200_299
298868257,Cirsium sychnosanthum,1,159.0,5086.561931685299,0.1220668125320814,0.3,0.2732176547088181,high_le_1km,2781.0,7271.0,3038.0,218.0,5.0689042022202315,8.534554002980991,150_199
298976244,Cirsium flodmanii,1,166.0,2946.713267099749,0.0720289498563073,0.2446808510638297,0.2097097701322063,high_le_1km,2761.0,12020.0,368.0,606.0,5.111987788356544,7.988784985044138,150_199
299036576,Cirsium parryi,1,284.0,1210.8423791799585,0.131697879529083,0.3571428571428571,0.4142808787844507,high_le_1km,2741.0,7969.0,1022.0,171.0,5.648974238161206,7.099897107990449,200_299
299305783,Cirsium eatonii,1,239.0,2842.595826836761,0.0864104191180416,0.3055555555555556,0.1252101280725503,high_le_1km,2722.0,8608.0,976.0,135.0,5.476463551931511,7.952824666490867,200_299
299633106,Cirsium centaureae,2,191.5,2630.8734600436374,0.11238669039789109,0.3074282147315855,0.3302465997285092,moderate_1_to_10km,2777.0,7110.0,698.0,292.0,5.2548878086207,7.875451213798429,150_199
299794988,Cirsium semenowii,1,226.0,1143.0818651203526,0.0786174233958302,0.3684210526315789,0.1397025962659394,moderate_1_to_10km,2776.0,8561.0,730.0,417.0,5.420534999272286,7.042357729799307,200_299
300230207,Cirsium canescens,1,235.0,4283.716344155952,0.0944119700265322,0.3253012048192771,0.2251006392669585,unknown,2760.0,8741.0,476.0,528.0,5.459585514144159,8.362809631444225,200_299
300249927,Cirsium remotifolium,1,177.0,8741.555159503934,0.1078116852673088,0.3163265306122449,0.2546179458815638,high_le_1km,2773.0,6103.0,2033.0,603.0,5.176149732573829,9.075957778268949,150_199
300297601,Cirsium drummondii,1,282.0,6974.837049602324,0.0591482454501546,0.2658227848101265,0.1040993528331181,high_le_1km,2714.0,13807.0,391.0,509.0,5.641907070938114,8.850207606600733,200_299
300586527,Cirsium clavatum,1,205.0,4784.946829161219,0.0588895890547171,0.2653061224489796,0.130308490306817,high_le_1km,2745.0,9277.0,931.0,280.0,5.3230099791384085,8.473439158745348,200_299
300641641,Cirsium carniolicum,1,222.0,1776.3483051484536,0.1464034487059438,0.3461538461538461,0.3485556180326538,unknown,2778.0,6750.0,1832.0,299.0,5.402677381872279,7.482877816346953,200_299
300704269,Cirsium tioganum,1,167.0,7475.706898757798,0.0533843714950569,0.2247191011235955,0.1181395274625521,high_le_1km,2743.0,8516.0,299.0,491.0,5.117993812416755,8.919547719851435,150_199
300791967,Cirsium clavatum,1,202.0,6835.815323748595,0.1594190437365478,0.2745098039215686,0.4669222713605555,unknown,2771.0,9439.0,347.0,310.0,5.308267697401205,8.830077306249962,200_299
300884599,Cirsium erisithales,1,213.0,5883.011566423091,0.1154638096083327,0.2685185185185185,0.3225501544133394,high_le_1km,2785.0,7111.0,985.0,194.0,5.3612921657094255,8.679994047460914,200_299
300921223,Cirsium pumilum,1,167.0,1675.8974059149618,0.0901916368669067,0.3010752688172043,0.2551953821343836,high_le_1km,2797.0,9411.0,998.0,238.0,5.117993812416755,7.424700582799134,150_199
301154616,Cirsium canum,1,317.0,3773.5887091162695,0.0522324977338343,0.1359223300970873,0.1275856258068181,high_le_1km,2778.0,11001.0,503.0,344.0,5.75890177387728,8.23604670452003,300_plus
301178058,Cirsium heterophyllum,1,170.0,1817.2116729318525,0.0716403639579168,0.2988505747126437,0.162894024998478,unknown,2743.0,9582.0,805.0,297.0,5.135798437050262,7.505608699715467,150_199
301518173,Cirsium scariosum,2,238.0,2953.1214969204857,0.08424019114828014,0.308433734939759,0.18334675373849435,high_le_1km,2712.0,9109.0,981.0,270.0,5.472270673671475,7.990956591873313,200_299
301620151,Cirsium heterophyllum,1,218.0,1555.4332187510838,0.0605392837982389,0.1547619047619047,0.262797573637313,high_le_1km,2760.0,7726.0,693.0,371.0,5.384495062789089,7.350152084207668,200_299
301631751,Cirsium waldsteinii,2,165.5,1706.5608210464993,0.1496355921718242,0.3561307519640852,0.3981391416887828,high_le_1km,2776.0,7584.0,1250.0,392.0,5.1089711948171175,7.442821210749955,150_199
301810312,Cirsium creticum,1,455.0,4551.042157555733,0.1499576612465217,0.4333333333333333,0.3154282111846471,high_le_1km,2871.0,7695.0,569.0,434.0,6.12029741895095,8.423331237089233,300_plus
301960798,Cirsium griseum,1,156.0,4172.0009438120505,0.068966418101571,0.2333333333333333,0.2264706401356443,high_le_1km,2735.0,8217.0,836.0,319.0,5.049856007249537,8.33639070676264,150_199
302055074,Cirsium echinus,2,249.5,1593.1845016524412,0.10655605384643341,0.31846681651484676,0.2833022445962198,high_le_1km,2769.0,8681.0,722.0,417.0,5.519458915191573,7.37411760023815,200_299
302076465,Cirsium serrulatum,1,196.0,2247.94698520126,0.1792883116896689,0.3763440860215054,0.6551177781514173,high_le_1km,2762.0,12144.0,466.0,474.0,5.278114659230517,7.718217379071989,150_199
302255142,Cirsium lipskyi,1,320.0,3405.867899145043,0.1036627107683877,0.25,0.2998210123549331,unknown,2854.0,5073.0,3329.0,893.0,5.768320995793772,8.133548643544142,300_plus
302262642,Cirsium lipskyi,1,316.0,847.4857833296949,0.0911706360015572,0.2709459459459459,0.2932356601171879,unknown,2829.0,5722.0,2576.0,856.0,5.755742213586912,6.74345332947168,300_plus
302297797,Cirsium tymphaeum,1,218.0,2337.083052089792,0.0923809574282416,0.2830188679245283,0.205935768806888,high_le_1km,2826.0,7035.0,1729.0,293.0,5.384495062789089,7.757086664108451,200_299
302341301,Cirsium obvallatum,3,319.0,2059.1772057174694,0.1099723640964498,0.2736842105263158,0.317977800138687,high_le_1km,2748.0,8257.0,1987.0,133.0,5.765191102784844,7.630547280276876,300_plus
302701834,Cirsium alsophilum,1,364.0,3588.7851554191016,0.1027525404586948,0.2521008403361344,0.3554472983890064,high_le_1km,2807.0,6955.0,2111.0,365.0,5.8971538676367405,8.185847634404366,300_plus
302707758,Cirsium waldsteinii,2,188.0,3192.647302803351,0.09160362922882284,0.3285842064911832,0.21699635207182943,high_le_1km,2759.0,7581.0,1533.0,351.0,5.236441962829949,8.068918897756998,150_199
302747539,Cirsium pumilum,1,176.0,2758.5389354453205,0.0755610121677576,0.1789473684210526,0.2093824817405624,high_le_1km,2829.0,6570.0,1146.0,117.0,5.170483995038151,7.9228188923815095,150_199
302772416,Cirsium parryi,1,306.0,2507.021591629571,0.0899240485648995,0.2637362637362637,0.2021980269693144,high_le_1km,2748.0,8470.0,879.0,542.0,5.723585101952381,7.8272495108184525,300_plus
302820920,Cirsium monspessulanum,1,280.0,9584.97805327348,0.0880022304368816,0.3106796116504854,0.2326753632521844,high_le_1km,2852.0,6946.0,1053.0,146.0,5.634789603169249,9.16805669026082,200_299
302828339,Cirsium griseum,1,345.0,2115.14842896195,0.0727098039989918,0.1818181818181818,0.1853718257444644,unknown,2695.0,8013.0,1203.0,174.0,5.84354441703136,7.657352936530337,300_plus
302828684,Cirsium griseum,3,199.0,1948.4013126284303,0.0777993147397203,0.2826086956521739,0.2132863673349374,unknown,2695.0,8013.0,1203.0,174.0,5.293304824724492,7.575277585252852,150_199
303133404,Cirsium pyrenaicum,1,218.0,2077.251192427617,0.0907173852965559,0.3333333333333333,0.1884990388598267,high_le_1km,2823.0,5153.0,1090.0,405.0,5.384495062789089,7.639282046176276,200_299
303163292,Cirsium douglasii,1,324.0,1846.7030960669972,0.1967975025126413,0.5054945054945055,0.3401141994103087,high_le_1km,2791.0,7315.0,1618.0,794.0,5.780743515792329,7.521698576992651,300_plus
303328555,Cirsium turneri,1,227.0,4207.116552331904,0.1380213131609422,0.3859649122807017,0.2995403116089334,high_le_1km,2957.0,6812.0,364.0,583.0,5.424950017481403,8.344770451831474,200_299
303331662,Cirsium acantholepis,2,167.0,2466.0182702184657,0.09726231114596015,0.26959022286125084,0.23600440244360144,unknown,2800.0,1905.0,2129.0,1030.0,5.117993812416755,7.810765522346467,150_199
303551651,Cirsium pyrenaicum,2,213.5,1810.3985566566917,0.10414358982918615,0.2378378378378378,0.34121810124112906,high_le_1km,2826.0,5115.0,732.0,329.0,5.363636832668679,7.501854509129607,200_299
303798135,Cirsium pugnax,1,157.0,6581.585657510473,0.0763566800396272,0.2588235294117647,0.215735948067571,high_le_1km,2778.0,7525.0,1519.0,427.0,5.056245805348308,8.792182904200414,150_199
303894099,Cirsium coloradense,1,320.0,4584.270738119392,0.0769466452052166,0.1494252873563218,0.1553356300091685,high_le_1km,2786.0,7623.0,721.0,637.0,5.768320995793772,8.43060443161016,300_plus
303910903,Cirsium kamtschaticum,1,176.0,1898.120811813496,0.0822848954862305,0.2839506172839506,0.1419513742173511,high_le_1km,2705.0,11331.0,851.0,412.0,5.170483995038151,7.549146327437202,150_199
304142115,Cirsium wheeleri,2,264.0,2553.885257959405,0.14529449641143924,0.3617027302594312,0.4539943311367433,unknown,2803.0,7232.0,606.0,710.0,5.575949103146316,7.8457625928072225,200_299
304256033,Cirsium flodmanii,1,227.0,402.0664231266133,0.1282374959723373,0.3372093023255814,0.3346416256322309,unknown,2775.0,8490.0,459.0,718.0,5.424950017481403,5.999101370019214,200_299
304295807,Cirsium pumilum,1,165.0,5827.969911094578,0.0948499243573071,0.3294117647058823,0.2035189116759331,high_le_1km,2796.0,11434.0,783.0,529.0,5.10594547390058,8.670595576099576,150_199
304323271,Cirsium alsophilum,1,309.0,5068.610963929809,0.0634994965541117,0.1274509803921568,0.2506725491334807,high_le_1km,2791.0,7014.0,2166.0,305.0,5.733341276897746,8.531019360688404,300_plus
304430730,Cirsium esculentum,1,292.0,4339.365066740697,0.0935993506794843,0.2441860465116279,0.2061192053942185,high_le_1km,2771.0,12948.0,330.0,190.0,5.676753802268282,8.375713740317364,200_299
304546103,Cirsium glabrum,1,343.0,7216.38406917233,0.0831273574015291,0.2790697674418604,0.1710780922124635,high_le_1km,2728.0,6121.0,1825.0,226.0,5.8377304471659395,8.884247848944954,300_plus
304920790,Cirsium chokaiense,1,250.0,3597.011869815104,0.0645490040025829,0.1651376146788991,0.1778284606957475,high_le_1km,2761.0,9643.0,5013.0,246.0,5.521460917862246,8.188136713508678,200_299
304927595,Cirsium erisithales,1,364.0,8592.991149153539,0.0423270204328099,0.1314129520605551,0.0927863550296127,high_le_1km,2754.0,7369.0,1144.0,387.0,5.8971538676367405,9.058818534447692,300_plus
305126406,Cirsium inamoenum,1,375.0,4470.656665528642,0.0865168309514665,0.2129032258064516,0.20967668291188,high_le_1km,2715.0,8327.0,904.0,367.0,5.926926025970411,8.405514237631971,300_plus
305172821,Cirsium leo,1,207.0,5470.57548308963,0.0609480923335014,0.2222222222222222,0.1177912015982847,unknown,2754.0,10527.0,660.0,1005.0,5.332718793265369,8.607321876448184,200_299
305269741,Cirsium ligulare,1,237.0,6475.33423301735,0.0303631530680384,0.073170731707317,0.0747846836524934,high_le_1km,2817.0,7190.0,786.0,180.0,5.4680601411351315,8.775909924493726,200_299
305437243,Cirsium virginianum,1,227.0,3885.258843534388,0.0725401701452014,0.2352941176470588,0.1873475001620863,high_le_1km,2894.0,7112.0,1258.0,228.0,5.424950017481403,8.265202236966228,200_299
305456981,Cirsium funkiae,1,364.0,4336.177320986347,0.0940270189432374,0.2314814814814814,0.1850752618744122,high_le_1km,2679.0,8268.0,1121.0,238.0,5.8971538676367405,8.374979028631655,300_plus
305566557,Cirsium serrulatum,1,153.0,4327.622686552072,0.08743875189997,0.2602739726027397,0.2049740381180097,unknown,2807.0,8407.0,866.0,407.0,5.030437921392435,8.373004684149741,150_199
305916028,Cirsium turkestanicum,1,245.0,1644.8507138292375,0.1207266566088427,0.2980769230769231,0.3628971494505553,high_le_1km,2741.0,7755.0,1336.0,302.0,5.501258210544727,7.406012680786817,200_299
305921690,Cirsium turkestanicum,1,202.0,1544.390706233178,0.2053868807693605,0.3703703703703703,0.5563433414119974,high_le_1km,2721.0,7942.0,1275.0,286.0,5.308267697401205,7.343032041655322,200_299
306076057,Cirsium roseolum,1,360.0,1930.485877629792,0.1021731636183142,0.3734939759036144,0.2073490501907583,high_le_1km,2816.0,9587.0,564.0,207.0,5.886104031450156,7.56604487047194,300_plus
306139255,Cirsium nuttallii,1,240.0,1951.3253531617927,0.0829228752644097,0.3269230769230769,0.2069174871189816,high_le_1km,2897.0,8117.0,1278.0,193.0,5.480638923341991,7.576776429908688,200_299
306233963,Cirsium arachnoideum,1,358.0,409.3222864677784,0.1457812214774226,0.3,0.3972277608420707,high_le_1km,2809.0,7996.0,674.0,513.0,5.8805329864007,6.0169429154669745,300_plus
306379443,Cirsium discolor,1,160.0,2475.3530563722406,0.1225268782895111,0.3837209302325581,0.2949360976204353,high_le_1km,2857.0,8418.0,1127.0,115.0,5.075173815233827,7.814542215065887,150_199
306567969,Cirsium tuberosum,1,189.0,1181.008862980045,0.050588727599886,0.3163265306122449,0.1011116842553928,unknown,2813.0,6762.0,1205.0,341.0,5.241747015059643,7.074970696229002,150_199
306952013,Cirsium serratuloides,1,321.0,1232.7158161105228,0.0724328486271292,0.2604166666666667,0.2050058962204839,high_le_1km,2678.0,13422.0,348.0,1083.0,5.771441123130016,7.11778588305727,300_plus
307071544,Cirsium pendulum,1,316.0,942.0651142391282,0.0775476245088187,0.2743810952738185,0.1485124510460567,high_le_1km,2790.0,9928.0,903.0,744.0,5.755742213586912,6.849135330344125,300_plus
307105094,Cirsium pugnax,1,283.0,2983.8656503162865,0.0532261671054123,0.17,0.1752416871224429,high_le_1km,2773.0,7502.0,1512.0,433.0,5.645446897643238,8.001310016544549,200_299
307498994,Cirsium carolinianum,1,366.0,3984.6752199356806,0.0611768862954052,0.2123893805309734,0.1241019041522152,high_le_1km,2871.0,7630.0,1374.0,145.0,5.902633333401366,8.29046201725628,300_plus
307552563,Cirsium osseticum,1,217.0,5303.189151076643,0.1021755513100322,0.2575757575757575,0.2942340345264391,unknown,2810.0,7874.0,735.0,451.0,5.37989735354046,8.576252193197519,200_299
307568451,Cirsium eriophoroides,2,222.5,1227.8280723527273,0.0687392623294039,0.2087424770351599,0.15434383534305735,moderate_1_to_10km,2774.0,5937.0,3020.0,696.0,5.404927101606295,7.11381620747159,200_299
307710270,Cirsium sorocephalum,1,324.0,5586.646698837201,0.0814073139937882,0.2129629629629629,0.278077451784401,high_le_1km,2862.0,9981.0,1552.0,781.0,5.780743515792329,8.628313493402622,300_plus
307765530,Cirsium obvallatum,1,176.0,4070.829496763175,0.1066243223511058,0.3170731707317073,0.2723178565204531,unknown,2752.0,8108.0,1572.0,201.0,5.170483995038151,8.311847685242492,150_199
307864265,Cirsium tweedyi,1,160.0,4730.551349427296,0.1527794436749203,0.3780487804878049,0.3662530976058309,high_le_1km,2691.0,8723.0,900.0,434.0,5.075173815233827,8.462008408563454,150_199
308222621,Cirsium coloradense,1,338.0,3255.2015111919886,0.0852791871336586,0.1797752808988764,0.239826622127436,high_le_1km,2791.0,7474.0,710.0,641.0,5.823045895483019,8.088316614394103,300_plus
308224898,Cirsium tukuhnikivatzicum,1,230.0,5929.638320218958,0.1615679825127744,0.4,0.4019723796388644,unknown,2779.0,9718.0,462.0,247.0,5.438079308923196,8.687887128731438,200_299
308924380,Cirsium andersonii,1,151.0,2298.677534786403,0.0651060001151928,0.2342342342342342,0.2515311614480764,high_le_1km,2778.0,7189.0,1472.0,762.0,5.017279836814924,7.740524189821203,150_199
309341183,Cirsium glabrum,1,324.0,3544.48179674798,0.0760644624619915,0.2087378640776699,0.2394637723812257,unknown,2774.0,6375.0,1497.0,232.0,5.780743515792329,8.173429338546125,300_plus
309625612,Cirsium lomatolepis,1,291.0,1347.2793016616226,0.0986873037422482,0.3333333333333333,0.3032187607824072,high_le_1km,2902.0,1904.0,560.0,903.0,5.673323267171493,7.206584467088257,200_299
309818672,Cirsium rhinoceros,1,322.0,4050.8685654388223,0.1070046386209682,0.275,0.2410346264064023,unknown,2828.0,7472.0,2918.0,588.0,5.7745515455444085,8.306933427882667,300_plus
309920193,Cirsium kosmelii,1,179.0,4910.280403220225,0.1377514813429418,0.3780487804878049,0.3495133968858814,unknown,2832.0,8418.0,674.0,504.0,5.187385805840755,8.499289961379388,150_199
309950244,Cirsium acaulon,1,211.0,3448.7336815957897,0.1438886297219432,0.4,0.243008919044763,unknown,2842.0,5565.0,655.0,110.0,5.351858133476067,8.146052313305464,200_299
310128333,Cirsium ciliatum,1,162.0,2341.741967939233,0.0492560189155151,0.2098765432098765,0.1030107931397744,high_le_1km,2801.0,9079.0,605.0,375.0,5.087596335232384,7.759077303522646,150_199
310249119,Cirsium canescens,1,226.0,2091.247196287594,0.0685882415803912,0.2,0.1913505429425931,high_le_1km,2796.0,8093.0,407.0,567.0,5.420534999272286,7.64599398086553,200_299
310318081,Cirsium muticum,1,311.0,1662.6925616102303,0.104969716510221,0.2857142857142857,0.2224307852856884,unknown,2864.0,8774.0,1163.0,197.0,5.739792912179234,7.416794845663474,300_plus
310331926,Cirsium serrulatum,1,323.0,5650.862393195131,0.0330940101935032,0.0869565217391304,0.110120677452899,high_le_1km,2853.0,8161.0,572.0,162.0,5.777652323222656,8.639740396939587,300_plus
310346422,Cirsium pumilum,1,165.0,2684.740580110472,0.0619206471999674,0.2272727272727272,0.1285700636547611,moderate_1_to_10km,2844.0,8807.0,1009.0,194.0,5.10594547390058,7.895711790181466,150_199
310496085,Cirsium dissectum,1,254.0,2947.7482214764536,0.0801700062040837,0.2395833333333333,0.2133852203514758,high_le_1km,2833.0,3417.0,1391.0,212.0,5.537334267018537,7.989136027576795,200_299
310703046,Cirsium monspessulanum,1,152.0,1261.6114035042192,0.0783758521092166,0.3033707865168539,0.1539760246938399,unknown,2848.0,5828.0,851.0,275.0,5.0238805208462765,7.140937397655941,150_199
311466189,Cirsium candelabrum,1,228.0,986.6057601105756,0.1666614570416711,0.2321428571428571,0.544134710604086,high_le_1km,2770.0,7223.0,1105.0,361.0,5.429345628954441,6.895283589886757,200_299
311489437,Cirsium eatonii,1,222.0,3956.690332222707,0.0851687737194146,0.3157894736842105,0.1653310072513655,high_le_1km,2725.0,9641.0,827.0,308.0,5.402677381872279,8.283415884653696,200_299
311725447,Cirsium filipendulum,1,321.0,2039.4611475439397,0.0784465103357372,0.3111111111111111,0.2023438302934538,unknown,2877.0,3375.0,1322.0,306.0,5.771441123130016,7.620931114009814,300_plus
311867263,Cirsium osseticum,1,186.0,4217.624527133031,0.1200744463090789,0.3837209302325581,0.3587072562324878,unknown,2810.0,7874.0,735.0,451.0,5.225746673713202,8.347264412461932,150_199
311943169,Cirsium discolor,1,158.0,4834.02644929259,0.0632887100949288,0.2705882352941176,0.1284814118494024,unknown,2863.0,8492.0,1023.0,147.0,5.062595033026967,8.483641878253525,150_199
312020402,Cirsium eriophoroides,1,185.0,700.105060015352,0.0661805924797968,0.2982456140350877,0.1642656290666069,high_le_1km,2748.0,6466.0,2132.0,689.0,5.220355825078324,6.552657747438841,150_199
312501150,Cirsium echinus,1,222.0,2538.0279347743167,0.1111131558704689,0.3428571428571428,0.2796274798022209,unknown,2742.0,8113.0,1748.0,357.0,5.402677381872279,7.839536583918402,200_299
312984541,Cirsium elodes,1,180.0,3801.666381443673,0.0732755501242379,0.3058823529411765,0.1668821364941872,unknown,2862.0,8834.0,544.0,440.0,5.19295685089021,8.243457778979918,150_199
312984678,Cirsium elodes,1,203.0,2158.51369500003,0.063042449506243,0.2916666666666667,0.1462930689235313,unknown,2862.0,8835.0,534.0,438.0,5.313205979041787,7.677638334126436,200_299
313787807,Cirsium candelabrum,1,309.0,7544.17163902078,0.1134120989918974,0.1696428571428571,0.4546151354866117,high_le_1km,2776.0,7033.0,2440.0,307.0,5.733341276897746,8.92866311965371,300_plus
314407379,Cirsium souliei,1,369.0,4843.19652725246,0.0376758834495293,0.057471264367816,0.075444955836967,low_gt_10km,2729.0,8771.0,934.0,849.0,5.910796644040527,8.485536675124239,300_plus
315027535,Cirsium grahamii,1,154.0,2173.054204554702,0.0631243139441093,0.21875,0.124934322466448,unknown,2890.0,6545.0,464.0,865.0,5.0369526024136295,7.68434900046817,150_199
315128867,Cirsium horridulum,1,333.0,1959.2603912015531,0.1241816046624413,0.380970514633881,0.208276194722528,moderate_1_to_10km,2885.0,1151.0,1575.0,846.0,5.808142489980444,7.580832596054284,300_plus
315468425,Cirsium monspessulanum,1,192.0,3798.506698251086,0.0918368783199478,0.2417582417582417,0.1576219406212753,high_le_1km,2842.0,6524.0,1005.0,260.0,5.2574953720277815,8.242626521037904,150_199
315701211,Cirsium wheeleri,1,161.0,316.01393292476354,0.1334546699007172,0.3012048192771084,0.3741517770722211,high_le_1km,2834.0,6951.0,593.0,611.0,5.081404364984463,5.758945725355449,150_199
315841808,Cirsium acantholepis,1,166.0,3907.381714032129,0.0788078365771719,0.3,0.1892938780721104,unknown,2800.0,1905.0,2129.0,1030.0,5.111987788356544,8.270878683426588,150_199
316959359,Cirsium candelabrum,1,322.0,1807.6886642715465,0.111823550512785,0.3482142857142857,0.2491014259418029,moderate_1_to_10km,2742.0,7004.0,2837.0,314.0,5.7745515455444085,7.5003573668090295,300_plus
317721727,Cirsium souliei,1,313.0,4343.618523419093,0.121531521961352,0.3898305084745763,0.2899920940095893,high_le_1km,2741.0,7322.0,1134.0,843.0,5.746203190540153,8.376693237163687,300_plus
317930758,Cirsium pendulum,1,199.0,2247.249931722165,0.0581716876314498,0.1212121212121212,0.1844490743283169,high_le_1km,2859.0,9342.0,1285.0,913.0,5.293304824724492,7.717907384425299,150_199
318275763,Cirsium pitcheri,1,318.0,4245.971618345672,0.0557497783456641,0.1555555555555555,0.1376925308013034,unknown,2759.0,10549.0,842.0,285.0,5.762051382780177,8.353961447537392,300_plus
318423980,Cirsium monspessulanum,1,167.0,5207.887994532116,0.0708092524495075,0.2608695652173913,0.2013987830992379,high_le_1km,2880.0,6018.0,757.0,349.0,5.117993812416755,8.558121675216475,150_199
319459352,Cirsium skutchii,1,290.0,7125.149821957985,0.0564824377017059,0.2988505747126437,0.0864023788086772,unknown,2793.0,1182.0,2551.0,705.0,5.66988092298052,8.871526370637158,200_299
319672990,Cirsium chinense,1,163.0,3689.294531548625,0.094291199522113,0.2988505747126437,0.2127753758363963,unknown,2846.0,9460.0,963.0,1044.0,5.093750200806762,8.213461552697083,150_199
323121335,Cirsium culebraense,1,231.0,3298.834246926718,0.0868643600944276,0.2403846153846154,0.2363494917483555,high_le_1km,2713.0,9103.0,826.0,454.0,5.442417710521793,8.101627517989069,200_299
323576202,Cirsium arvense,1,155.0,957.439112465374,0.1067958278848113,0.3473684210526316,0.2180447446152559,unknown,2799.0,10693.0,1106.0,137.0,5.043425116919247,6.865306036696851,150_199
324016705,Cirsium tioganum,1,254.0,5915.8935388695945,0.1358415613487319,0.2666666666666666,0.2931717087357882,high_le_1km,2801.0,9265.0,452.0,392.0,5.537334267018537,8.685566850097995,200_299
324872874,Cirsium oligophyllum,1,171.0,1075.1294056207228,0.1012857397936884,0.3125,0.2720056754366174,high_le_1km,2799.0,8467.0,2260.0,579.0,5.14166355650266,6.981125998937189,150_199
325428366,Cirsium centaureae,3,196.0,2756.0290537539568,0.1477437195014933,0.2209302325581395,0.527047182963413,high_le_1km,2736.0,8979.0,1017.0,100.0,5.278114659230517,7.921908949145259,150_199
325494005,Cirsium centaureae,1,320.0,3766.4316076004257,0.1152957471035371,0.3793103448275862,0.2011404461415181,high_le_1km,2743.0,8007.0,625.0,233.0,5.768320995793772,8.234148777077863,300_plus
327779127,Cirsium oaxacanum,1,256.0,1044.3787029319435,0.0991059402637326,0.3707865168539326,0.169198265272128,unknown,2828.0,1465.0,980.0,877.0,5.545177444479562,6.952134493899834,200_299
328155067,Cirsium coryletorum,2,232.5,568.0870367935464,0.09788546577542805,0.31341911764705876,0.22893913982055153,high_le_1km,2798.0,10383.0,883.0,830.0,5.448890225027411,6.3440333869162355,200_299
328282867,Cirsium neomexicanum,1,396.0,1356.1051109802586,0.0815606735300405,0.2421052631578947,0.2363094166453893,high_le_1km,2911.0,8445.0,230.0,575.0,5.981414211254481,7.213109115184617,300_plus
328626857,Cirsium spinosissimum,1,255.0,2045.1612155609628,0.1729193297246618,0.351063829787234,0.6080510266820762,high_le_1km,2731.0,6577.0,1727.0,296.0,5.541263545158426,7.623720738891712,200_299
329260161,Cirsium foliosum,1,214.0,7626.620069003152,0.1126265259075658,0.3333333333333333,0.2665601066729788,high_le_1km,2718.0,14024.0,370.0,513.0,5.365976015021851,8.93953115806026,200_299
329730448,Cirsium vulgare,1,375.0,13085.514122434572,0.0519974474253476,0.1694915254237288,0.1360774637170314,high_le_1km,2861.0,3186.0,1551.0,118.0,5.926926025970411,9.479337522632452,300_plus
329807018,Cirsium erisithales,1,163.0,2636.949328989788,0.0477313016126169,0.1869158878504672,0.1284430689727385,high_le_1km,2753.0,6875.0,1421.0,286.0,5.093750200806762,7.877757124976704,150_199
330062639,Cirsium conspicuum,1,282.0,2246.6527957155063,0.1624884746876425,0.2857142857142857,0.6783888677110245,unknown,2884.0,1422.0,1247.0,976.0,5.641907070938114,7.717641748780415,200_299
331103266,Cirsium rivulare,2,177.5,2176.3949711834957,0.11622929605798285,0.28538566712652735,0.25431042541114385,high_le_1km,2813.0,7021.0,1372.0,192.0,5.178970608915471,7.68588447389334,150_199
331373729,Cirsium obvallatum,1,214.0,3257.425551892086,0.1090182759394555,0.3164556962025316,0.3702359876853915,high_le_1km,2754.0,7105.0,2813.0,144.0,5.365976015021851,8.088999398155925,200_299
331381901,Cirsium obvallatum,1,258.0,2680.2364000244597,0.0686828275908031,0.2631578947368421,0.1420593269277092,high_le_1km,2754.0,7105.0,2813.0,144.0,5.552959584921617,7.894033310411514,200_299
331417535,Cirsium obvallatum,1,259.0,1972.332684954449,0.1205609757331999,0.3928571428571428,0.2563270896773713,high_le_1km,2744.0,7081.0,2888.0,148.0,5.556828061699537,7.587479110639507,200_299
332324539,Cirsium anartiolepis,1,324.0,2524.319148765476,0.1078271901387306,0.32,0.3401811257645017,moderate_1_to_10km,2869.0,2989.0,1636.0,931.0,5.780743515792329,7.834122729272899,300_plus
332416639,Cirsium hesperium,1,154.0,13126.380788391034,0.0469329985286406,0.2473118279569892,0.0919551416969226,high_le_1km,2706.0,7963.0,783.0,450.0,5.0369526024136295,9.482455464411252,150_199
332469312,Cirsium kirishimense,1,237.0,1755.5943865989489,0.2600061428825371,0.375,0.709340268535485,high_le_1km,2842.0,7379.0,3813.0,595.0,5.4680601411351315,7.471132205872166,200_299
332850091,Cirsium setidens,1,198.0,1041.1309404563856,0.0723903044014308,0.3131313131313131,0.1608975399169142,high_le_1km,2848.0,9442.0,1351.0,893.0,5.288267030694535,6.9490228770445155,150_199
332989173,Cirsium monspessulanum,1,277.0,2051.640186078807,0.079505879764247,0.2906976744186046,0.2039203420863954,high_le_1km,2889.0,7264.0,410.0,493.0,5.6240175061873385,7.626882139154432,200_299
333236985,Cirsium drummondii,1,323.0,5438.552311663541,0.0954508245609017,0.2933333333333333,0.1734701517089569,unknown,2757.0,8288.0,649.0,580.0,5.777652323222656,8.601452040813431,300_plus
333403340,Cirsium sieversii,2,221.0,2752.1444270333373,0.08488230857809714,0.27218364197530864,0.24124877760148125,high_le_1km,2732.0,8778.0,1843.0,449.0,5.3981627015177525,7.92049896545682,200_299
333407844,Cirsium calcareum,2,269.5,779.8128088206702,0.16950852478418135,0.29916969382459774,0.5479617181224048,high_le_1km,2875.0,9701.0,220.0,254.0,5.596568390349052,6.660335439703914,200_299
333489070,Cirsium kosmelii,1,234.0,2676.557038195748,0.0853500020569757,0.3548387096774194,0.2580242426185714,unknown,2769.0,8273.0,1040.0,345.0,5.455321115357702,7.892660104875861,200_299
333664908,Cirsium chellyense,1,332.0,1603.1338963419269,0.0852636486248089,0.2750775077507751,0.1902881432053796,unknown,2823.0,8405.0,302.0,643.0,5.805134968916488,7.380339261464887,300_plus
333664910,Cirsium chellyense,1,201.0,1658.8527746039952,0.1460831000444222,0.3621848739495799,0.4204951962787807,unknown,2826.0,8380.0,295.0,645.0,5.303304908059076,7.414484187419805,200_299
333755186,Cirsium phyllocephalum,2,296.0,2209.678231220048,0.1799396324485923,0.37632183908045974,0.5503369797374309,high_le_1km,2846.0,6594.0,995.0,1027.0,5.69035945432406,7.701054639384868,200_299
334833881,Cirsium muticum,1,293.0,415.4744578591394,0.0833422588917358,0.4158415841584158,0.1853492544593876,high_le_1km,2753.0,9053.0,1124.0,146.0,5.680172609017068,6.031825134058069,200_299
334852429,Cirsium ehrenbergii,1,258.0,2405.908602482051,0.1015511592656488,0.3157894736842105,0.2396011822537681,high_le_1km,2840.0,2368.0,1171.0,989.0,5.552959584921617,7.78609846551334,200_299
335059859,Cirsium echinus,1,327.0,5401.987792970864,0.0908483972624601,0.27,0.1953300442398232,high_le_1km,2776.0,8892.0,714.0,369.0,5.7899601708972535,8.594707374535732,300_plus
335734719,Cirsium creticum,1,297.0,725.8922859150516,0.0496035857681592,0.1359223300970873,0.087948993623859,high_le_1km,2886.0,4857.0,1086.0,735.0,5.6937321388027,6.5887783041286685,200_299
336169385,Cirsium perplexans,1,154.0,4703.8947676669495,0.106588602454323,0.2959183673469387,0.2329657938103079,high_le_1km,2821.0,9931.0,367.0,218.0,5.0369526024136295,8.456358685704945,150_199
336347506,Cirsium spinosum,1,366.0,7065.191549593082,0.0530272391907013,0.1361336032388664,0.143099484525792,moderate_1_to_10km,2922.0,6268.0,2359.0,492.0,5.902633333401366,8.86307693618357,300_plus
336491592,Cirsium echinus,1,302.0,5288.401235219736,0.0779297805945221,0.1764705882352941,0.2118315084679254,moderate_1_to_10km,2796.0,7314.0,1121.0,222.0,5.71042701737487,8.573460330396895,300_plus
336606587,Cirsium perplexans,1,183.0,1709.567222744687,0.0712184978893686,0.2183908045977011,0.212154188411274,high_le_1km,2789.0,9992.0,485.0,222.0,5.209486152841421,7.444580303700788,150_199
336802510,Cirsium brachycephalum,1,159.0,1478.438796006351,0.2137772440180095,0.3263157894736842,0.6946574905422321,unknown,2847.0,8003.0,582.0,264.0,5.0689042022202315,7.2994181029591365,150_199
337083243,Cirsium appendiculatum,1,269.0,6368.281616980253,0.1106579153852237,0.4301075268817204,0.2596314279559147,high_le_1km,2761.0,7043.0,1007.0,195.0,5.594711379601839,8.759241966222257,200_299
337174516,Cirsium lomatolepis,1,298.0,1598.8351615079391,0.1798924165541814,0.225,0.4574064769492043,high_le_1km,2887.0,1680.0,814.0,976.0,5.697093486505405,7.377655878862992,200_299
338389376,Cirsium magdalenense,1,365.0,5715.23749862189,0.0737120265368802,0.275,0.1679536865977187,high_le_1km,2954.0,3358.0,144.0,915.0,5.8998973535824915,8.651066087980482,300_plus
338437873,Cirsium magdalenense,1,360.0,7360.84747545557,0.043744013234857,0.1360204081632653,0.0980942591629711,high_le_1km,2954.0,3358.0,144.0,915.0,5.886104031450156,8.904066195910653,300_plus
338483138,Cirsium perplexans,1,165.0,927.0469512537248,0.0783070668771811,0.2129629629629629,0.2993422884193074,high_le_1km,2824.0,10305.0,332.0,224.0,5.10594547390058,6.833082325529777,150_199
338641244,Cirsium subcoriaceum,1,258.0,2598.1941812599243,0.1214531728157314,0.3440860215053763,0.2937941418848089,unknown,2892.0,1555.0,2892.0,509.0,5.552959584921617,7.8629567456866125,200_299
339557766,Cirsium pendulum,1,156.0,1738.786491375433,0.0907021340694032,0.1888888888888888,0.3935333975066394,unknown,2880.0,7870.0,1444.0,534.0,5.049856007249537,7.461517678573491,150_199
341928084,Cirsium neomexicanum,1,328.0,8104.726368887562,0.0934026333257982,0.1217391304347826,0.4193560682536441,high_le_1km,2900.0,6715.0,550.0,827.0,5.793013608384144,9.000326050004567,300_plus
343057173,Cirsium aomorense,1,176.0,3322.3829605371902,0.095486932117631,0.4081632653061224,0.1593044696269525,high_le_1km,2813.0,8306.0,1247.0,358.0,5.170483995038151,8.108738507136316,150_199
343533924,Cirsium ukranicum,1,239.0,927.8678702558336,0.0555824056473831,0.2444444444444444,0.1104983951817671,high_le_1km,2822.0,9387.0,538.0,192.0,5.476463551931511,6.833966500771505,200_299
345961987,Cirsium repandum,1,245.0,5853.0321007841285,0.1394957107442868,0.2857142857142857,0.4122432322668419,high_le_1km,2900.0,7205.0,1243.0,192.0,5.501258210544727,8.674885950800878,200_299
346331921,Cirsium obvallatum,1,297.0,1685.4308655075497,0.0799774920022445,0.3194444444444444,0.1698179191487766,unknown,2773.0,8264.0,742.0,330.0,5.6937321388027,7.430369660781278,200_299
346500969,Cirsium mohavense,1,330.0,6493.614790130789,0.0526883731194682,0.1427678850359262,0.1460468099593567,unknown,2949.0,9107.0,143.0,539.0,5.799092654460526,8.778728618667008,300_plus
346903090,Cirsium spinosum,1,364.0,9496.989294669722,0.1034362533257769,0.3186813186813186,0.2066251387523189,unknown,2921.0,5624.0,2534.0,392.0,5.8971538676367405,9.158835401994274,300_plus
348828741,Cirsium undulatum,1,354.0,2563.421483341084,0.141038991897178,0.4276107594936709,0.2681398791678597,high_le_1km,2804.0,8098.0,484.0,385.0,5.869296913133774,7.84948818960924,300_plus
349184248,Cirsium vulgare,1,358.0,8917.663275413126,0.0796496406015439,0.1527777777777778,0.2397322559406551,unknown,2822.0,7257.0,811.0,355.0,5.8805329864007,9.095901357327906,300_plus
350090024,Cirsium brevistylum,1,353.0,5962.77845636263,0.1184614529008854,0.2197192513368984,0.3490087617357302,high_le_1km,2845.0,5328.0,1409.0,601.0,5.8664680569332965,8.693459528374184,300_plus
355344770,Cirsium engelmannii,1,340.0,2033.3563491474977,0.0579453623884669,0.1167889587700908,0.1685196424623131,high_le_1km,2916.0,7715.0,1078.0,291.0,5.8289456176102075,7.6179347575011445,300_plus
357329792,Cirsium remotifolium,1,180.0,4715.140419802512,0.0918454050222389,0.3222222222222222,0.229152886653804,high_le_1km,2877.0,4753.0,1097.0,916.0,5.19295685089021,8.458746036405362,150_199
358113754,Cirsium remotifolium,1,179.0,7998.317367008502,0.115966532097516,0.3376623376623376,0.2458534089593289,high_le_1km,2878.0,4730.0,1081.0,915.0,5.187385805840755,8.987111487897298,150_199
358132578,Cirsium texanum,1,190.0,410.8061574246325,0.0604315526562811,0.2441860465116279,0.1288755195532611,high_le_1km,2942.0,5560.0,1284.0,232.0,5.247024072160486,6.020552746945798,150_199
358502708,Cirsium townsendii,1,267.0,3149.7863878966123,0.0952406046630278,0.2736842105263158,0.2493763266140232,high_le_1km,2902.0,6702.0,385.0,804.0,5.58724865840025,8.05540734761437,200_299
359193991,Cirsium rivulare,1,273.0,9215.958887847635,0.0678332758999036,0.160377358490566,0.2194058520083011,high_le_1km,2818.0,4028.0,1255.0,199.0,5.60947179518496,9.128800423513676,200_299
360700326,Cirsium novoleonense,1,224.0,1231.5346706411938,0.1179090178378319,0.3717948717948718,0.2255075972213991,high_le_1km,2802.0,3011.0,807.0,646.0,5.4116460518550396,7.116828035858878,200_299
360973545,Cirsium culebraense,1,176.0,1842.676007702943,0.1749798986757224,0.3928571428571428,0.5619663221436013,high_le_1km,2727.0,8833.0,776.0,453.0,5.170483995038151,7.51951668786749,150_199
361476411,Cirsium barnebyi,1,258.0,7566.805098230509,0.0797990086196797,0.25,0.1731499213123407,unknown,2802.0,10084.0,372.0,272.0,5.552959584921617,8.93165835699503,200_299
361485047,Cirsium barnebyi,1,270.0,8593.885890867221,0.1200674983467929,0.3303571428571428,0.5061160344822684,unknown,2780.0,10848.0,458.0,276.0,5.598421958998375,9.058922641506275,200_299
361579666,Cirsium remotifolium,1,313.0,1505.9426243405917,0.0408718312392661,0.1559633027522936,0.1348880101922009,high_le_1km,2877.0,4753.0,1097.0,916.0,5.746203190540153,7.317838125135015,300_plus
362039212,Cirsium tukuhnikivatzicum,1,183.0,2025.6751203349263,0.137041098008798,0.3617021276595745,0.364160974578636,high_le_1km,2748.0,9718.0,506.0,249.0,5.209486152841421,7.6141518575012945,150_199
363231933,Cirsium acrolepis,1,328.0,2255.321015854415,0.1233760321082013,0.1917808219178082,0.3918490726002964,high_le_1km,2898.0,1986.0,656.0,844.0,5.793013608384144,7.72149089675679,300_plus
365640975,Cirsium townsendii,1,222.0,4818.47327698514,0.0918166640598177,0.3263157894736842,0.2167623477736537,high_le_1km,2865.0,6847.0,564.0,713.0,5.402677381872279,8.480419922439513,200_299
365923315,Cirsium inamoenum,1,313.0,654.8564041925889,0.1253022671322083,0.3378378378378378,0.3170719839827061,unknown,2814.0,9455.0,423.0,219.0,5.746203190540153,6.48594186893497,300_plus
366091446,Cirsium japonicum,1,156.0,1069.2018804426557,0.1567681539081354,0.3411764705882353,0.4129557179966379,unknown,2879.0,7577.0,1479.0,445.0,5.049856007249537,6.975602582970274,150_199
366237135,Cirsium sieboldii,1,306.0,1292.732390109728,0.1209846802910503,0.3047619047619048,0.4166776908797226,high_le_1km,2853.0,7627.0,2352.0,409.0,5.723585101952381,7.165286645411653,300_plus
366496601,Cirsium altissimum,1,253.0,1399.251695440478,0.1654842714891022,0.3577981651376147,0.4628661684143547,high_le_1km,2866.0,7045.0,1675.0,129.0,5.53338948872752,7.244407281901905,200_299
367371264,Cirsium erisithales,1,364.0,2739.326344160645,0.0604931698308794,0.1396103896103896,0.1849374622865775,high_le_1km,2801.0,7120.0,2368.0,269.0,5.8971538676367405,7.915832295998097,300_plus
368065679,Cirsium carniolicum,1,304.0,2313.743477455157,0.0378127133340983,0.0786516853932584,0.1297095863678211,unknown,2753.0,6729.0,1757.0,365.0,5.717027701406222,7.747054151505916,300_plus
368570222,Cirsium serrulatum,1,375.0,3799.210151133787,0.1419634635809212,0.3537020517395183,0.2426248763253517,high_le_1km,2848.0,9602.0,483.0,323.0,5.926926025970411,8.242811647115271,300_plus
368798348,Cirsium townsendii,1,251.0,4549.454589571867,0.0716043822332354,0.3068181818181818,0.1542303974524125,high_le_1km,2894.0,6748.0,459.0,783.0,5.5254529391317835,8.42298241675036,200_299
369127372,Cirsium rivulare,1,368.0,4622.0266272278095,0.0734388924335652,0.1794871794871795,0.2209316288193859,high_le_1km,2783.0,9430.0,686.0,321.0,5.908082938168931,8.438804883700778,300_plus
370475630,Cirsium engelmannii,1,232.0,3040.8924489223177,0.1024001197024115,0.288135593220339,0.2977412660671714,unknown,2918.0,7759.0,993.0,311.0,5.44673737166631,8.020235116810369,200_299
371643015,Cirsium barnebyi,1,184.0,3196.8377437662525,0.1223689638782121,0.3137254901960784,0.3316852495380221,unknown,2808.0,10387.0,334.0,234.0,5.214935757608986,8.070230155323209,150_199
372562117,Cirsium brevicaule,1,365.0,3821.4943188962247,0.0979253883524335,0.3255813953488372,0.2539296656681446,high_le_1km,2960.0,3731.0,2144.0,296.0,5.8998973535824915,8.248658451574833,300_plus
372657758,Cirsium nuttallii,1,153.0,5686.787467745206,0.1102613563353677,0.3402061855670103,0.2254394196602442,high_le_1km,2921.0,5978.0,1285.0,327.0,5.030437921392435,8.646076605761289,150_199
373067568,Cirsium undulatum,1,169.0,3963.608312299381,0.0728785487238619,0.2886597938144329,0.1770249669378169,high_le_1km,2803.0,10605.0,377.0,620.0,5.1298987149230735,8.285162342883934,150_199
373302472,Cirsium nuttallii,1,159.0,3817.9378337239423,0.0809673356433398,0.2924528301886792,0.1600039065973068,high_le_1km,2906.0,6854.0,1197.0,179.0,5.0689042022202315,8.247727608937472,150_199
373711622,Cirsium hesperium,1,375.0,2282.256246185324,0.2262866957547954,0.3927477840451249,0.5275096384690637,high_le_1km,2696.0,7975.0,1303.0,288.0,5.926926025970411,7.733357881223505,300_plus
373845084,Cirsium hypoleucum,1,164.0,1613.775755951981,0.1099980022896102,0.3863636363636363,0.2527926170848993,unknown,2870.0,6725.0,2544.0,307.0,5.099866427824199,7.386951375212365,150_199
374177817,Cirsium foliosum,1,176.0,3649.371888368335,0.1145961437999712,0.3012048192771084,0.2992926899887056,unknown,2744.0,8793.0,504.0,352.0,5.170483995038151,8.202584328610588,150_199
374183151,Cirsium townsendii,1,421.0,10850.11293852374,0.1028040256730141,0.2941176470588235,0.3207097810725721,unknown,2850.0,6917.0,563.0,721.0,6.042632833682381,9.292022928687299,300_plus
374452028,Cirsium carolinianum,1,156.0,1066.322191756811,0.105965481817235,0.3023255813953488,0.2841054703690652,high_le_1km,2884.0,7777.0,1165.0,111.0,5.049856007249537,6.972908166130267,150_199
374452051,Cirsium carolinianum,1,168.0,1450.6679480546743,0.1216842229717809,0.392156862745098,0.3993124239472952,high_le_1km,2883.0,7739.0,1171.0,112.0,5.123963979403259,7.280468483319372,150_199
374556687,Cirsium greimleri,1,159.0,6336.777133769412,0.1317602128396539,0.3222222222222222,0.3352024286787001,high_le_1km,2772.0,6723.0,1458.0,164.0,5.0689042022202315,8.75428337613773,150_199
375353165,Cirsium brevistylum,1,358.0,1545.6492788290327,0.104583471822908,0.2888888888888888,0.2643579675916703,unknown,2845.0,1645.0,1484.0,817.0,5.8805329864007,7.343846114352597,300_plus
375968598,Cirsium tweedyi,1,301.0,289.10399736985795,0.0673403586356454,0.2450980392156862,0.1539198108784739,unknown,2704.0,8449.0,969.0,394.0,5.707110264748875,5.670239470314941,300_plus
376084309,Cirsium arizonicum,1,203.0,2203.869148419144,0.1337942710796729,0.1848739495798319,0.5236827879412961,high_le_1km,2855.0,6416.0,592.0,956.0,5.313205979041787,7.698423442999504,200_299
376247921,Cirsium filipendulum,1,237.0,2755.611541408787,0.1103868963108473,0.3522727272727273,0.2528046254663947,high_le_1km,2876.0,2481.0,820.0,647.0,5.4680601411351315,7.92175750207911,200_299
376348679,Cirsium griseum,1,315.0,1790.7349926358656,0.109598760253994,0.3433734939759036,0.2902913811881523,high_le_1km,2749.0,7837.0,634.0,334.0,5.752572638825633,7.490939699025287,300_plus
377125260,Cirsium virginianum,1,343.0,8514.842120692692,0.072462863555829,0.0973451327433628,0.3483891120947212,high_le_1km,2883.0,7606.0,1184.0,139.0,5.8377304471659395,9.049683486702566,300_plus
377161886,Cirsium carniolicum,1,286.0,1447.5335148264958,0.162157691557622,0.3461538461538461,0.4058721166864818,high_le_1km,2754.0,6095.0,1707.0,283.0,5.655991810819852,7.278306954550637,200_299
377698660,Cirsium arvense,1,158.0,1974.4764539519863,0.0845691788771171,0.2823529411764706,0.1968972311436955,high_le_1km,2820.0,4132.0,946.0,152.0,5.062595033026967,7.588564890748263,150_199
