scenario,omitted_taxa,model_definition,trait,predictor,status,beta_std_within,se_cluster_taxon,z,p_value,ci_low,ci_high,n_observations,n_taxa,q_fdr_bh,fdr_significant_0_05
all_taxa,,hemisphere_phase_aligned_cyclic_doy,orientation_angle_degrees_median,chelsa_bio01,ok,0.013539314705687238,0.0037996056805881914,3.563347316501355,0.0003661557044993064,0.006092224416280582,0.020986404995093893,37042,142,0.0014646228179972256,True
all_taxa,,hemisphere_phase_aligned_cyclic_doy,orientation_angle_degrees_median,chelsa_bio04,ok,0.004724000195173794,0.012432485601108868,0.37997230374853236,0.7039659744022122,-0.01964322382131239,0.029091224211659977,37042,142,0.7671815340583414,False
all_taxa,,hemisphere_phase_aligned_cyclic_doy,orientation_angle_degrees_median,chelsa_bio12,ok,0.0020157648719865908,0.010645963882616006,0.18934545469181716,0.8498220719090536,-0.01884994091865498,0.02288147066262816,37042,142,0.8498220719090536,False
all_taxa,,hemisphere_phase_aligned_cyclic_doy,orientation_angle_degrees_median,chelsa_bio15,ok,-0.011073272382694819,0.004967056759161273,-2.229342832104989,0.025791102815631125,-0.020808524739817154,-0.0013380200255724822,37042,142,0.046423985068136026,True
all_taxa,,hemisphere_phase_aligned_cyclic_doy,corolla_lab_lightness_median,chelsa_bio01,ok,0.009600382383853521,0.029622706694346242,0.32408862846033715,0.7458709358900542,-0.04845905586165867,0.06765982062936571,40290,143,0.7671815340583414,False
all_taxa,,hemisphere_phase_aligned_cyclic_doy,corolla_lab_lightness_median,chelsa_bio04,ok,0.03796068135241717,0.01503490081095703,2.5248374984125235,0.011575179959719987,0.00849281725180934,0.067428545453025,40290,143,0.023150359919439974,True
all_taxa,,hemisphere_phase_aligned_cyclic_doy,corolla_lab_lightness_median,chelsa_bio12,ok,-0.008512217115178255,0.011124072630113294,-0.7652068984281309,0.44414835251671025,-0.030314998831608063,0.013290564601251553,40290,143,0.546004721738961,False
all_taxa,,hemisphere_phase_aligned_cyclic_doy,corolla_lab_lightness_median,chelsa_bio15,ok,-0.030332015047015538,0.016201674557205156,-1.8721530876279935,0.06118542718598095,-0.06208671366837658,0.0014226835743454992,40290,143,0.10488930374739591,False
all_taxa,,hemisphere_phase_aligned_cyclic_doy,corolla_lab_chroma_median,chelsa_bio01,ok,0.022448114980945885,0.028720208344016163,0.7816139323245173,0.43444149647829444,-0.03384245900181254,0.07873868896370431,40290,143,0.546004721738961,False
all_taxa,,hemisphere_phase_aligned_cyclic_doy,corolla_lab_chroma_median,chelsa_bio04,ok,-0.040417552820425896,0.0109627845842888,-3.686796224961849,0.000227095059663137,-0.061904215775902854,-0.01893088986494894,40290,143,0.001167917449696133,True
all_taxa,,hemisphere_phase_aligned_cyclic_doy,corolla_lab_chroma_median,chelsa_bio12,ok,0.04209949625888378,0.014540401186461332,2.895346264454031,0.0037874049646710144,0.0136008336126561,0.07059815890511147,40290,143,0.008521661170509783,True
all_taxa,,hemisphere_phase_aligned_cyclic_doy,corolla_lab_chroma_median,chelsa_bio15,ok,0.00980493177391617,0.009242789676567479,1.0608195271146164,0.28877192620021763,-0.008310603108834701,0.02792046665666704,40290,143,0.43315788930032645,False
all_taxa,,hemisphere_phase_aligned_cyclic_doy,corolla_hue_sin_median,chelsa_bio01,ok,-0.07999697346020151,0.01949510680637671,-4.103438583574986,4.070545463177367e-05,-0.11820668067546154,-0.04178726624494149,40283,143,0.00029307927334877045,True
all_taxa,,hemisphere_phase_aligned_cyclic_doy,corolla_hue_sin_median,chelsa_bio04,ok,0.08539941705464278,0.01221715264765557,6.990124419132198,2.746425737012082e-12,0.061454237871609696,0.10934459623767587,40283,143,4.9435663266217485e-11,True
all_taxa,,hemisphere_phase_aligned_cyclic_doy,corolla_hue_sin_median,chelsa_bio12,ok,-0.0429489690596632,0.009536559999725577,-4.503612315226779,6.680803370245923e-06,-0.06164028319553064,-0.024257654923795762,40283,143,8.016964044295108e-05,True
all_taxa,,hemisphere_phase_aligned_cyclic_doy,corolla_hue_sin_median,chelsa_bio15,ok,0.005540212511394086,0.01580458190119536,0.3505447057080997,0.7259299455161475,-0.025436198805662395,0.03651662382845057,40283,143,0.7671815340583414,False
all_taxa,,hemisphere_phase_aligned_cyclic_doy,corolla_hue_cos_median,chelsa_bio01,ok,0.02741116855332034,0.009718063211957464,2.820641104658861,0.004792779008053905,0.008364114658400073,0.046458222448240605,40283,143,0.010149414369996506,True
all_taxa,,hemisphere_phase_aligned_cyclic_doy,corolla_hue_cos_median,chelsa_bio04,ok,-0.0446829122651632,0.013381779507437493,-3.339085974352572,0.0008405454539670136,-0.07091071814879683,-0.01845510638152957,40283,143,0.0027508760311647715,True
all_taxa,,hemisphere_phase_aligned_cyclic_doy,corolla_hue_cos_median,chelsa_bio12,ok,-0.0073797236081032625,0.008961158637004285,-0.8235233753846706,0.41021042991021517,-0.0249432717963817,0.010183824580175173,40283,143,0.546004721738961,False
all_taxa,,hemisphere_phase_aligned_cyclic_doy,corolla_hue_cos_median,chelsa_bio15,ok,0.01804449312789449,0.004986591681821437,3.618602500316094,0.0002961981834659922,0.008270953025917455,0.027818033229871524,40283,143,0.001332891825596965,True
all_taxa,,hemisphere_phase_aligned_cyclic_doy,shape_aspect_ratio_median,chelsa_bio01,ok,-0.016409649759070468,0.006940539192074185,-2.364319155175959,0.018063243911065303,-0.030012856608824592,-0.002806442909316342,38289,141,0.03422509372622899,True
all_taxa,,hemisphere_phase_aligned_cyclic_doy,shape_aspect_ratio_median,chelsa_bio04,ok,0.01775739520145193,0.004421572191144651,4.0160817089033936,5.91737469722133e-05,0.009091272951764562,0.0264235174511393,38289,141,0.00035504248183327984,True
all_taxa,,hemisphere_phase_aligned_cyclic_doy,shape_aspect_ratio_median,chelsa_bio12,ok,-0.012102234568639021,0.003980010504768002,-3.040754428698291,0.002359862158901596,-0.019902911816075387,-0.004301557321202657,38289,141,0.0065350029015736515,True
all_taxa,,hemisphere_phase_aligned_cyclic_doy,shape_aspect_ratio_median,chelsa_bio15,ok,-0.004300428398781055,0.0032178712390321567,-1.3364202851306446,0.18141193967131997,-0.010607340134171361,0.0020064833366092508,38289,141,0.2839491229638052,False
all_taxa,,hemisphere_phase_aligned_cyclic_doy,shape_circularity_median,chelsa_bio01,ok,-0.03288233649479666,0.010375419380780309,-3.1692537224768706,0.001528309170456218,-0.05321778480562493,-0.012546888183968385,38289,141,0.004584927511368654,True
all_taxa,,hemisphere_phase_aligned_cyclic_doy,shape_circularity_median,chelsa_bio04,ok,0.03036488462666185,0.0068404291098207925,4.439032133681064,9.036432562726314e-06,0.016957889932613712,0.043771879320709986,38289,141,8.132789306453683e-05,True
all_taxa,,hemisphere_phase_aligned_cyclic_doy,shape_circularity_median,chelsa_bio12,ok,-0.0069084898103443605,0.003850330667217784,-1.7942588331864953,0.07277186553826885,-0.014454999246661293,0.0006380196259725725,38289,141,0.1190812345171672,False
all_taxa,,hemisphere_phase_aligned_cyclic_doy,shape_circularity_median,chelsa_bio15,ok,-0.007493512407399211,0.008126018786720654,-0.9221628209431326,0.35644365285827095,-0.02342021656706756,0.008433191752269137,38289,141,0.5132788601159102,False
all_taxa,,hemisphere_phase_aligned_cyclic_doy,shape_solidity_median,chelsa_bio01,ok,-0.030642847438921646,0.009087421514685804,-3.372006832675365,0.0007462259708839055,-0.04845386632004025,-0.012831828557803043,38289,141,0.0026864134951820598,True
all_taxa,,hemisphere_phase_aligned_cyclic_doy,shape_solidity_median,chelsa_bio04,ok,0.018843768336668315,0.006277144962169222,3.001964818438156,0.0026824317463707056,0.0065407902850796,0.03114674638825703,38289,141,0.006897681633524671,True
all_taxa,,hemisphere_phase_aligned_cyclic_doy,shape_solidity_median,chelsa_bio12,ok,0.003556497561476567,0.004760411397376513,0.747098782982616,0.4550039347824675,-0.00577373732897539,0.012886732451928524,38289,141,0.546004721738961,False
all_taxa,,hemisphere_phase_aligned_cyclic_doy,shape_solidity_median,chelsa_bio15,ok,-0.005456132644683158,0.006308542907237247,-0.8648800087297193,0.3871046511419697,-0.01782064953779377,0.006908384248427452,38289,141,0.5359910554273426,False
all_taxa,,hemisphere_phase_aligned_cyclic_doy,shape_width_cv_median,chelsa_bio01,ok,0.04081071537802792,0.004875850848075399,8.369967960389266,5.76339021528245e-17,0.03125422332181106,0.050367207434244776,38289,141,2.074820477501682e-15,True
all_taxa,,hemisphere_phase_aligned_cyclic_doy,shape_width_cv_median,chelsa_bio04,ok,-0.0275021002286363,0.00931465537795493,-2.952562291646961,0.0031514847825382,-0.04575848929783029,-0.009245711159442314,38289,141,0.00756356347809168,True
all_taxa,,hemisphere_phase_aligned_cyclic_doy,shape_width_cv_median,chelsa_bio12,ok,-0.003955480013117803,0.005534181113185576,-0.7147362784520357,0.47477201622733767,-0.014802275678883316,0.0068913156526477105,38289,141,0.5513481478769082,False
all_taxa,,hemisphere_phase_aligned_cyclic_doy,shape_width_cv_median,chelsa_bio15,ok,0.0037155479995155437,0.008325172493167,0.4463028246640091,0.6553785161489316,-0.012601490252175308,0.020032586251206394,38289,141,0.7373008306675481,False
all_taxa,,taxon_cyclic_doy_by_hemisphere,orientation_angle_degrees_median,chelsa_bio01,ok,0.016960826459198497,0.003738508325046734,4.536789806128485,5.7116982491666645e-06,0.009633484786203735,0.02428816813219326,37042,142,3.427018949499999e-05,True
all_taxa,,taxon_cyclic_doy_by_hemisphere,orientation_angle_degrees_median,chelsa_bio04,ok,0.0015622788509048122,0.014862569636655196,0.10511498947340853,0.9162845653173309,-0.02756782235465793,0.030692380056467555,37042,142,0.9162845653173309,False
all_taxa,,taxon_cyclic_doy_by_hemisphere,orientation_angle_degrees_median,chelsa_bio12,ok,0.0029662454735825184,0.010745517548220406,0.2760449145675414,0.7825135690857891,-0.01809458191617262,0.02402707286333766,37042,142,0.8048710996310974,False
all_taxa,,taxon_cyclic_doy_by_hemisphere,orientation_angle_degrees_median,chelsa_bio15,ok,-0.010842316226151614,0.004615376970679915,-2.3491724067242066,0.018815192539423556,-0.019888288863759825,-0.0017963435885434038,37042,142,0.03763038507884711,True
all_taxa,,taxon_cyclic_doy_by_hemisphere,corolla_lab_lightness_median,chelsa_bio01,ok,0.021827470391464997,0.023486834934945425,0.929349163134301,0.35270816447727915,-0.02420588019186518,0.06786082097479518,40290,143,0.4883651508146942,False
all_taxa,,taxon_cyclic_doy_by_hemisphere,corolla_lab_lightness_median,chelsa_bio04,ok,0.02755231107532139,0.01459678366817812,1.887560417531371,0.05908498819057632,-0.0010568592044301849,0.05616148135507297,40290,143,0.09668452613003396,False
all_taxa,,taxon_cyclic_doy_by_hemisphere,corolla_lab_lightness_median,chelsa_bio12,ok,-0.0037150817335924384,0.00977865119116041,-0.3799176042756034,0.7040065790946382,-0.022880885885646542,0.015450722418461665,40290,143,0.7548680499605721,False
all_taxa,,taxon_cyclic_doy_by_hemisphere,corolla_lab_lightness_median,chelsa_bio15,ok,-0.02786204585763539,0.01475258696091294,-1.8886210216185155,0.05894262814180829,-0.05677658497981996,0.0010524932645491827,40290,143,0.09668452613003396,False
all_taxa,,taxon_cyclic_doy_by_hemisphere,corolla_lab_chroma_median,chelsa_bio01,ok,0.013956586064601508,0.024906310337426716,0.560363453097625,0.5752315546340311,-0.03485888518453249,0.06277205731373552,40290,143,0.66801083763952,False
all_taxa,,taxon_cyclic_doy_by_hemisphere,corolla_lab_chroma_median,chelsa_bio04,ok,-0.034012107721360034,0.00837778326084405,-4.059797999349695,4.9115187928161266e-05,-0.050432261182896905,-0.017591954259823163,40290,143,0.0002210183456767257,True
all_taxa,,taxon_cyclic_doy_by_hemisphere,corolla_lab_chroma_median,chelsa_bio12,ok,0.041693162761669476,0.013866401687952574,3.006775924996705,0.0026403430961497304,0.014515514858117019,0.06887081066522194,40290,143,0.006336823430759353,True
all_taxa,,taxon_cyclic_doy_by_hemisphere,corolla_lab_chroma_median,chelsa_bio15,ok,0.00758662977318075,0.009828740685909958,0.7718821785639947,0.4401842134238898,-0.011677347984586275,0.026850607530947774,40290,143,0.5588575976930099,False
all_taxa,,taxon_cyclic_doy_by_hemisphere,corolla_hue_sin_median,chelsa_bio01,ok,-0.07164754187527413,0.0153874540872511,-4.656231074290317,3.2205046657463057e-06,-0.10180639770004993,-0.04148868605049832,40283,143,2.898454199171675e-05,True
all_taxa,,taxon_cyclic_doy_by_hemisphere,corolla_hue_sin_median,chelsa_bio04,ok,0.08086815213187526,0.007974034932521811,10.14143439503349,3.617482519761955e-24,0.06523933085266823,0.09649697341108229,40283,143,1.3022937071143039e-22,True
all_taxa,,taxon_cyclic_doy_by_hemisphere,corolla_hue_sin_median,chelsa_bio12,ok,-0.040580623013901154,0.010768845531648143,-3.768335509562314,0.00016433972304027286,-0.0616871724110066,-0.019474073616795703,40283,143,0.0006573588921610915,True
all_taxa,,taxon_cyclic_doy_by_hemisphere,corolla_hue_sin_median,chelsa_bio15,ok,0.010188040925219997,0.01499653376882291,0.6793597162032506,0.4969099677683978,-0.019204625154611625,0.03958070700505162,40283,143,0.5962919613220773,False
all_taxa,,taxon_cyclic_doy_by_hemisphere,corolla_hue_cos_median,chelsa_bio01,ok,0.016950138890141724,0.006804169091205942,2.491140161705998,0.01273338765967821,0.003614212526657449,0.030286065253626,40283,143,0.02696482092637739,True
all_taxa,,taxon_cyclic_doy_by_hemisphere,corolla_hue_cos_median,chelsa_bio04,ok,-0.03486697083100234,0.009964607988650634,-3.4990810346693713,0.0004668646703187826,-0.05439724360881769,-0.015336698053186989,40283,143,0.001400594010956348,True
all_taxa,,taxon_cyclic_doy_by_hemisphere,corolla_hue_cos_median,chelsa_bio12,ok,-0.012646086482977064,0.00846125197421159,-1.494588096598484,0.1350219746169956,-0.02922983561655021,0.00393766265059608,40283,143,0.21133874287877574,False
all_taxa,,taxon_cyclic_doy_by_hemisphere,corolla_hue_cos_median,chelsa_bio15,ok,0.015668719157655032,0.004238995437736102,3.696328384354936,0.00021874000345713975,0.0073604407690626705,0.023976997546247394,40283,143,0.0007874640124457031,True
all_taxa,,taxon_cyclic_doy_by_hemisphere,shape_aspect_ratio_median,chelsa_bio01,ok,-0.015537324426798303,0.007580249695016802,-2.049711427977422,0.040392599164984305,-0.030394340822851966,-0.0006803080307446422,38289,141,0.07270667849697175,False
all_taxa,,taxon_cyclic_doy_by_hemisphere,shape_aspect_ratio_median,chelsa_bio04,ok,0.017714772769218613,0.004273289613973689,4.145465056075575,3.391247173861566e-05,0.009339279030321111,0.026090266508116113,38289,141,0.00017440699751288053,True
all_taxa,,taxon_cyclic_doy_by_hemisphere,shape_aspect_ratio_median,chelsa_bio12,ok,-0.011315021043589526,0.0037374085322913705,-3.0275044715682693,0.002465820658990805,-0.018640207162393316,-0.003989834924785736,38289,141,0.006336823430759353,True
all_taxa,,taxon_cyclic_doy_by_hemisphere,shape_aspect_ratio_median,chelsa_bio15,ok,-0.004020619068495658,0.0031256143984814753,-1.2863451967872317,0.1983226154614991,-0.010146710719079174,0.0021054725820878585,38289,141,0.29748392319224864,False
all_taxa,,taxon_cyclic_doy_by_hemisphere,shape_circularity_median,chelsa_bio01,ok,-0.037359296191065886,0.008210371062195593,-4.550256731158673,5.358050105892061e-06,-0.05345132777267912,-0.021267264609452653,38289,141,3.427018949499999e-05,True
all_taxa,,taxon_cyclic_doy_by_hemisphere,shape_circularity_median,chelsa_bio04,ok,0.037559498998612564,0.010732295835523301,3.4996704874918483,0.0004658336095564946,0.016524585689557687,0.058594412307667446,38289,141,0.001400594010956348,True
all_taxa,,taxon_cyclic_doy_by_hemisphere,shape_circularity_median,chelsa_bio12,ok,-0.007713332104128888,0.0036455706833314143,-2.1158092310201075,0.03436103569327829,-0.014858519346553533,-0.0005681448617042414,38289,141,0.06510512026094833,False
all_taxa,,taxon_cyclic_doy_by_hemisphere,shape_circularity_median,chelsa_bio15,ok,-0.00826254678621635,0.00884324308287622,-0.9343344640401989,0.3501313918606539,-0.025594984735186697,0.009069891162754,38289,141,0.4883651508146942,False
all_taxa,,taxon_cyclic_doy_by_hemisphere,shape_solidity_median,chelsa_bio01,ok,-0.03542085936889816,0.007188229772927214,-4.927619245325538,8.323762364642889e-07,-0.04950953083643403,-0.02133218790136229,38289,141,9.988514837571467e-06,True
all_taxa,,taxon_cyclic_doy_by_hemisphere,shape_solidity_median,chelsa_bio04,ok,0.025475438756864872,0.009444665449304558,2.69733627872872,0.006989664591208515,0.0069642346301981295,0.043986642883531615,38289,141,0.015726745330219158,True
all_taxa,,taxon_cyclic_doy_by_hemisphere,shape_solidity_median,chelsa_bio12,ok,0.0022757763282467316,0.004671010142344069,0.4872128851993182,0.6261074750056637,-0.006879235322168954,0.011430787978662418,38289,141,0.7043709093813717,False
all_taxa,,taxon_cyclic_doy_by_hemisphere,shape_solidity_median,chelsa_bio15,ok,-0.005856869457392819,0.0070577032609880665,-0.8298548749941163,0.40662084067453064,-0.019689713662500323,0.007975974747714686,38289,141,0.5421611208993742,False
all_taxa,,taxon_cyclic_doy_by_hemisphere,shape_width_cv_median,chelsa_bio01,ok,0.0432155819932485,0.0044484289402857554,9.714796521055014,2.607693411767636e-22,0.03449682148250274,0.05193434250399426,38289,141,4.693848141181745e-21,True
all_taxa,,taxon_cyclic_doy_by_hemisphere,shape_width_cv_median,chelsa_bio04,ok,-0.03227031155564485,0.010664189438367454,-3.02604447737427,0.0024777585236241376,-0.053171738779157485,-0.011368884332132217,38289,141,0.006336823430759353,True
all_taxa,,taxon_cyclic_doy_by_hemisphere,shape_width_cv_median,chelsa_bio12,ok,-0.0038724687387301335,0.005128439455254181,-0.7550969008248148,0.4501908425860358,-0.013924025367922541,0.006179087890462275,38289,141,0.5588575976930099,False
all_taxa,,taxon_cyclic_doy_by_hemisphere,shape_width_cv_median,chelsa_bio15,ok,0.0032768981330844973,0.008906487369414707,0.3679226160851604,0.7129309360738736,-0.014179496339729215,0.02073329260589821,38289,141,0.7548680499605721,False
omit_rank_01,Cirsium vulgare,hemisphere_phase_aligned_cyclic_doy,orientation_angle_degrees_median,chelsa_bio01,ok,0.013853805211070028,0.005382826727139717,2.573704470407791,0.01006161750496469,0.003303658690856571,0.024403951731283485,26782,141,0.031668320131768256,True
omit_rank_01,Cirsium vulgare,hemisphere_phase_aligned_cyclic_doy,orientation_angle_degrees_median,chelsa_bio04,ok,0.01764764439557147,0.005487402390183867,3.216028849486314,0.0012997776504015193,0.006892533342132081,0.028402755449010858,26782,141,0.006684570773493528,True
omit_rank_01,Cirsium vulgare,hemisphere_phase_aligned_cyclic_doy,orientation_angle_degrees_median,chelsa_bio12,ok,-0.007760855596758606,0.008915633943205003,-0.8704771467959938,0.38403970292246237,-0.025235177024783235,0.009713465831266026,26782,141,0.4937653323288802,False
omit_rank_01,Cirsium vulgare,hemisphere_phase_aligned_cyclic_doy,orientation_angle_degrees_median,chelsa_bio15,ok,-0.0056637357525685175,0.005460287756819511,-1.0372595740022885,0.29961490060853646,-0.01636570310115976,0.005038231596022725,26782,141,0.4494223509128047,False
omit_rank_01,Cirsium vulgare,hemisphere_phase_aligned_cyclic_doy,corolla_lab_lightness_median,chelsa_bio01,ok,0.04758033353043907,0.018528898817615956,2.5678986106396717,0.010231707764770939,0.011264359174725007,0.08389630788615313,29149,142,0.031668320131768256,True
omit_rank_01,Cirsium vulgare,hemisphere_phase_aligned_cyclic_doy,corolla_lab_lightness_median,chelsa_bio04,ok,0.02422936720834047,0.021977392927843238,1.1024677625727026,0.270258366120834,-0.018845531404317564,0.06730426582099851,29149,142,0.4230130947978271,False
omit_rank_01,Cirsium vulgare,hemisphere_phase_aligned_cyclic_doy,corolla_lab_lightness_median,chelsa_bio12,ok,-0.009433699305644848,0.016605093406413255,-0.5681208214102152,0.5699529304886644,-0.04197908434213835,0.02311168573084866,29149,142,0.6688150264548552,False
omit_rank_01,Cirsium vulgare,hemisphere_phase_aligned_cyclic_doy,corolla_lab_lightness_median,chelsa_bio15,ok,-0.011893439953900048,0.01741179929871504,-0.6830678294561874,0.494563982599711,-0.046019939485421296,0.0222330595776212,29149,142,0.6139414956410205,False
omit_rank_01,Cirsium vulgare,hemisphere_phase_aligned_cyclic_doy,corolla_lab_chroma_median,chelsa_bio01,ok,-0.016427769474067308,0.014624135550081024,-1.12333268642168,0.2612962266057788,-0.04509054845725797,0.012235009509123353,29149,142,0.4230130947978271,False
omit_rank_01,Cirsium vulgare,hemisphere_phase_aligned_cyclic_doy,corolla_lab_chroma_median,chelsa_bio04,ok,-0.02811293919945307,0.010994243911281816,-2.5570598056865728,0.010556106710589418,-0.0496612613028142,-0.006564617096091931,29149,142,0.031668320131768256,True
omit_rank_01,Cirsium vulgare,hemisphere_phase_aligned_cyclic_doy,corolla_lab_chroma_median,chelsa_bio12,ok,0.02282866834735677,0.010565960139567688,2.1605862643629865,0.030727313393751177,0.0021197670117183015,0.04353756968299524,29149,142,0.07374555214500282,False
omit_rank_01,Cirsium vulgare,hemisphere_phase_aligned_cyclic_doy,corolla_lab_chroma_median,chelsa_bio15,ok,0.014620443193416884,0.014988409703663755,0.9754499298109708,0.32933712687815075,-0.01475630001129474,0.04399718639812851,29149,142,0.4742454627045371,False
omit_rank_01,Cirsium vulgare,hemisphere_phase_aligned_cyclic_doy,corolla_hue_sin_median,chelsa_bio01,ok,-0.04733153613405236,0.012853371977633967,-3.6824217190954656,0.00023102882034262823,-0.0725236822901113,-0.022139389977993414,29144,142,0.0013861729220557694,True
omit_rank_01,Cirsium vulgare,hemisphere_phase_aligned_cyclic_doy,corolla_hue_sin_median,chelsa_bio04,ok,0.06490540936135251,0.008500443052915087,7.63553251957782,2.248889322057138e-14,0.048244847125005236,0.0815659715976998,29144,142,8.096001559405697e-13,True
omit_rank_01,Cirsium vulgare,hemisphere_phase_aligned_cyclic_doy,corolla_hue_sin_median,chelsa_bio12,ok,-0.037602812239584234,0.015301544191407324,-2.457452121773456,0.013992646099778587,-0.06759328776259066,-0.007612336716577815,29144,142,0.03874886612246378,True
omit_rank_01,Cirsium vulgare,hemisphere_phase_aligned_cyclic_doy,corolla_hue_sin_median,chelsa_bio15,ok,0.016595694751281337,0.01861187006461267,0.8916726096661963,0.3725684388439966,-0.01988290026029866,0.05307428976286133,29144,142,0.4937653323288802,False
omit_rank_01,Cirsium vulgare,hemisphere_phase_aligned_cyclic_doy,corolla_hue_cos_median,chelsa_bio01,ok,0.01216085471158952,0.01063142859130338,1.1438589468152218,0.2526821388473338,-0.008676362431574504,0.03299807185475354,29144,142,0.4230130947978271,False
omit_rank_01,Cirsium vulgare,hemisphere_phase_aligned_cyclic_doy,corolla_hue_cos_median,chelsa_bio04,ok,-0.024901478291240446,0.008935525464227266,-2.7867950677250852,0.005323213105986569,-0.042414786384066434,-0.007388170198414458,29144,142,0.021292852423946275,True
omit_rank_01,Cirsium vulgare,hemisphere_phase_aligned_cyclic_doy,corolla_hue_cos_median,chelsa_bio12,ok,-0.0037839396134465983,0.013364388620003814,-0.28313600577154713,0.777072581752682,-0.02997765998405103,0.02240978075715783,29144,142,0.8742066544717673,False
omit_rank_01,Cirsium vulgare,hemisphere_phase_aligned_cyclic_doy,corolla_hue_cos_median,chelsa_bio15,ok,0.01274755283396079,0.00684154094966998,1.8632575508556595,0.062426039347579614,-0.0006616210261483294,0.02615672669406991,29144,142,0.1321346552219607,False
omit_rank_01,Cirsium vulgare,hemisphere_phase_aligned_cyclic_doy,shape_aspect_ratio_median,chelsa_bio01,ok,-0.021737456789585045,0.005073258002284982,-4.2847134483983575,1.8297486681489076e-05,-0.031680859758343234,-0.011794053820826858,27828,140,0.00013174190410672134,True
omit_rank_01,Cirsium vulgare,hemisphere_phase_aligned_cyclic_doy,shape_aspect_ratio_median,chelsa_bio04,ok,0.01488489957336182,0.0061648235087662555,2.4144891661855024,0.015757291568397506,0.0028020675251341134,0.026967731621589525,27828,140,0.04051874974730787,True
omit_rank_01,Cirsium vulgare,hemisphere_phase_aligned_cyclic_doy,shape_aspect_ratio_median,chelsa_bio12,ok,-0.011044028569045223,0.005794126200672515,-1.906073182831841,0.05664071144777644,-0.022400307244243252,0.0003122501061528036,27828,140,0.127441600757497,False
omit_rank_01,Cirsium vulgare,hemisphere_phase_aligned_cyclic_doy,shape_aspect_ratio_median,chelsa_bio15,ok,-0.004253253365413147,0.004754648066394523,-0.8945464114315433,0.3710296093033505,-0.01357219233470942,0.005065685603883125,27828,140,0.4937653323288802,False
omit_rank_01,Cirsium vulgare,hemisphere_phase_aligned_cyclic_doy,shape_circularity_median,chelsa_bio01,ok,-0.04071082303591902,0.009338058108610442,-4.359666920296883,1.3026056087072009e-05,-0.0590130806143377,-0.022408565457500335,27828,140,0.00011723450478364809,True
omit_rank_01,Cirsium vulgare,hemisphere_phase_aligned_cyclic_doy,shape_circularity_median,chelsa_bio04,ok,0.024704188175980506,0.008840646068573843,2.794387195727398,0.005199817843834236,0.007376840281510151,0.04203153607045086,27828,140,0.021292852423946275,True
omit_rank_01,Cirsium vulgare,hemisphere_phase_aligned_cyclic_doy,shape_circularity_median,chelsa_bio12,ok,-0.006529954254474473,0.005846268564797715,-1.1169439416097735,0.26401829485825423,-0.017988430085426665,0.004928521576477719,27828,140,0.4230130947978271,False
omit_rank_01,Cirsium vulgare,hemisphere_phase_aligned_cyclic_doy,shape_circularity_median,chelsa_bio15,ok,0.001482974018432661,0.007554090367475739,0.19631404263015306,0.844364370814554,-0.01332277103778073,0.016288719074646053,27828,140,0.8940328632154101,False
omit_rank_01,Cirsium vulgare,hemisphere_phase_aligned_cyclic_doy,shape_solidity_median,chelsa_bio01,ok,-0.03713657281801598,0.008112950693229566,-4.577443426225585,4.7069302767287015e-06,-0.0530376639850952,-0.021235481650936767,27828,140,5.648316332074442e-05,True
omit_rank_01,Cirsium vulgare,hemisphere_phase_aligned_cyclic_doy,shape_solidity_median,chelsa_bio04,ok,0.013237659273364271,0.007210328870394094,1.8359300263984688,0.06636800620141205,-0.0008943256292975234,0.027369644176026067,27828,140,0.1321346552219607,False
omit_rank_01,Cirsium vulgare,hemisphere_phase_aligned_cyclic_doy,shape_solidity_median,chelsa_bio12,ok,0.003920966353153785,0.00700988361543316,0.5593482814067374,0.5759240505583476,-0.00981815306891263,0.0176600857752202,27828,140,0.6688150264548552,False
omit_rank_01,Cirsium vulgare,hemisphere_phase_aligned_cyclic_doy,shape_solidity_median,chelsa_bio15,ok,0.000866337929922468,0.006758142753188908,0.1281917179854889,0.8979972540850322,-0.012379378468708156,0.01411205432855309,27828,140,0.9166909018047794,False
omit_rank_01,Cirsium vulgare,hemisphere_phase_aligned_cyclic_doy,shape_width_cv_median,chelsa_bio01,ok,0.040828877528726125,0.00604096850763132,6.758664190543056,1.3926976433766167e-11,0.02898879682202806,0.05266895823542419,27828,140,2.50685575807791e-10,True
omit_rank_01,Cirsium vulgare,hemisphere_phase_aligned_cyclic_doy,shape_width_cv_median,chelsa_bio04,ok,-0.020163247295584837,0.011117739381671819,-1.8136103575898725,0.06973773470047925,-0.04195361607316421,0.0016271214819945368,27828,140,0.1321346552219607,False
omit_rank_01,Cirsium vulgare,hemisphere_phase_aligned_cyclic_doy,shape_width_cv_median,chelsa_bio12,ok,0.0006863777983408623,0.006561746394391974,0.10460291469470356,0.9166909018047794,-0.012174408810352965,0.01354716440703469,27828,140,0.9166909018047794,False
omit_rank_01,Cirsium vulgare,hemisphere_phase_aligned_cyclic_doy,shape_width_cv_median,chelsa_bio15,ok,-0.0023199926214685883,0.009329512257618139,-0.24867244475445832,0.803614165291112,-0.020605500639725112,0.015965515396787935,27828,140,0.8766699984993949,False
omit_rank_01,Cirsium vulgare,taxon_cyclic_doy_by_hemisphere,orientation_angle_degrees_median,chelsa_bio01,ok,0.014627872718501859,0.00550069988485543,2.659274824059286,0.00783090566320122,0.0038466990544215943,0.025409046382582123,26782,141,0.022947362133025857,True
omit_rank_01,Cirsium vulgare,taxon_cyclic_doy_by_hemisphere,orientation_angle_degrees_median,chelsa_bio04,ok,0.01717856249592809,0.0057087290689691655,3.0091745970754316,0.002619585265547821,0.005989659123251653,0.02836746586860453,26782,141,0.011788133694965196,True
omit_rank_01,Cirsium vulgare,taxon_cyclic_doy_by_hemisphere,orientation_angle_degrees_median,chelsa_bio12,ok,-0.007043077873043993,0.008964238654699168,-0.7856861184024727,0.43205139774821666,-0.024612662785076147,0.01052650703898816,26782,141,0.5554946542477072,False
omit_rank_01,Cirsium vulgare,taxon_cyclic_doy_by_hemisphere,orientation_angle_degrees_median,chelsa_bio15,ok,-0.0061617991045915975,0.005484519301083703,-1.1234893645782353,0.26122971501535386,-0.016911259407230445,0.004587661198047249,26782,141,0.4331410101380274,False
omit_rank_01,Cirsium vulgare,taxon_cyclic_doy_by_hemisphere,corolla_lab_lightness_median,chelsa_bio01,ok,0.04870799996798712,0.0180798879950484,2.694043236403176,0.007059100696394426,0.013272070653174171,0.08414392928280007,29149,142,0.022947362133025857,True
omit_rank_01,Cirsium vulgare,taxon_cyclic_doy_by_hemisphere,corolla_lab_lightness_median,chelsa_bio04,ok,0.023445348627811276,0.02185282262496593,1.0728750711144268,0.2833271723908617,-0.01938539667766399,0.06627609393328654,29149,142,0.4434686176552618,False
omit_rank_01,Cirsium vulgare,taxon_cyclic_doy_by_hemisphere,corolla_lab_lightness_median,chelsa_bio12,ok,-0.006404151022991477,0.014460816604204377,-0.44286233608201053,0.6578653115826361,-0.03474683075427086,0.021938528708287906,29149,142,0.7400984755304656,False
omit_rank_01,Cirsium vulgare,taxon_cyclic_doy_by_hemisphere,corolla_lab_lightness_median,chelsa_bio15,ok,-0.012627898723159241,0.017334713642677056,-0.7284746078568087,0.46632310686510003,-0.046603313145121394,0.021347515698802916,29149,142,0.5788838567980552,False
omit_rank_01,Cirsium vulgare,taxon_cyclic_doy_by_hemisphere,corolla_lab_chroma_median,chelsa_bio01,ok,-0.016562207451678017,0.014849237561396843,-1.1153574305211693,0.264697283973239,-0.045666178269895205,0.012541763366539175,29149,142,0.4331410101380274,False
omit_rank_01,Cirsium vulgare,taxon_cyclic_doy_by_hemisphere,corolla_lab_chroma_median,chelsa_bio04,ok,-0.02931823674394883,0.011104695263369596,-2.6401658081207477,0.008286547436926004,-0.051083039519445775,-0.00755343396845189,29149,142,0.022947362133025857,True
omit_rank_01,Cirsium vulgare,taxon_cyclic_doy_by_hemisphere,corolla_lab_chroma_median,chelsa_bio12,ok,0.023190156841992705,0.010515504160381576,2.205330004943025,0.027430945801889272,0.0025801474083637158,0.043800166275621694,29149,142,0.05808906169811846,False
omit_rank_01,Cirsium vulgare,taxon_cyclic_doy_by_hemisphere,corolla_lab_chroma_median,chelsa_bio15,ok,0.01460637416847059,0.015055028582488868,0.9701990327311549,0.33194729278311563,-0.014900939639428692,0.04411368797636987,29149,142,0.4634794057400162,False
omit_rank_01,Cirsium vulgare,taxon_cyclic_doy_by_hemisphere,corolla_hue_sin_median,chelsa_bio01,ok,-0.04947902586113575,0.013465670989455652,-3.674456764900947,0.0002383559995518071,-0.07587125602813466,-0.02308679569413684,29144,142,0.0014301359973108425,True
omit_rank_01,Cirsium vulgare,taxon_cyclic_doy_by_hemisphere,corolla_hue_sin_median,chelsa_bio04,ok,0.0711957050976345,0.009310915517217121,7.646477402354706,2.0655974211687968e-14,0.05294664602079381,0.08944476417447518,29144,142,7.436150716207669e-13,True
omit_rank_01,Cirsium vulgare,taxon_cyclic_doy_by_hemisphere,corolla_hue_sin_median,chelsa_bio12,ok,-0.03834287154746295,0.016863351360741193,-2.2737397049513692,0.022981641399185137,-0.07139443287316019,-0.0052913102217657035,29144,142,0.055155939358044324,False
omit_rank_01,Cirsium vulgare,taxon_cyclic_doy_by_hemisphere,corolla_hue_sin_median,chelsa_bio15,ok,0.018159288435162353,0.01933410464292356,0.939236068622852,0.34760955430501217,-0.019734860338296467,0.056053437208621174,29144,142,0.4634794057400162,False
omit_rank_01,Cirsium vulgare,taxon_cyclic_doy_by_hemisphere,corolla_hue_cos_median,chelsa_bio01,ok,0.010839260362716582,0.010448039722718362,1.0374444058771661,0.29952879231774454,-0.009638521202855261,0.03131704192828842,29144,142,0.4492931884766168,False
omit_rank_01,Cirsium vulgare,taxon_cyclic_doy_by_hemisphere,corolla_hue_cos_median,chelsa_bio04,ok,-0.022925325624923085,0.008545458403612547,-2.6827496597761833,0.007301962704448595,-0.03967411632738882,-0.0061765349224573475,29144,142,0.022947362133025857,True
omit_rank_01,Cirsium vulgare,taxon_cyclic_doy_by_hemisphere,corolla_hue_cos_median,chelsa_bio12,ok,-0.006607887608503104,0.011809543770058186,-0.5595379243402006,0.5757946563840521,-0.029754168071666517,0.016538392854660314,29144,142,0.6909535876608626,False
omit_rank_01,Cirsium vulgare,taxon_cyclic_doy_by_hemisphere,corolla_hue_cos_median,chelsa_bio15,ok,0.013846638775224063,0.00675019247596249,2.0512954000248285,0.040238188179846444,0.0006165046336243287,0.027076772916823796,29144,142,0.08047637635969289,False
omit_rank_01,Cirsium vulgare,taxon_cyclic_doy_by_hemisphere,shape_aspect_ratio_median,chelsa_bio01,ok,-0.021794050241182618,0.0053298949374188265,-4.089020608675842,4.3319836854883686e-05,-0.032240452359905886,-0.011347648122459352,27828,140,0.00031190282535516255,True
omit_rank_01,Cirsium vulgare,taxon_cyclic_doy_by_hemisphere,shape_aspect_ratio_median,chelsa_bio04,ok,0.015297668095392425,0.005435841657330883,2.814222536221542,0.004889536707771865,0.004643614221361378,0.025951721969423473,27828,140,0.01955814683108746,True
omit_rank_01,Cirsium vulgare,taxon_cyclic_doy_by_hemisphere,shape_aspect_ratio_median,chelsa_bio12,ok,-0.010199879251364815,0.005426585128459407,-1.8796128706932371,0.06016085786846584,-0.020835790662185914,0.0004360321594562844,27828,140,0.11398899385604054,False
omit_rank_01,Cirsium vulgare,taxon_cyclic_doy_by_hemisphere,shape_aspect_ratio_median,chelsa_bio15,ok,-0.004338071847562491,0.0045034508852952165,-0.9632772640481714,0.33540839992117377,-0.013164673388886137,0.004488529693761154,27828,140,0.4634794057400162,False
omit_rank_01,Cirsium vulgare,taxon_cyclic_doy_by_hemisphere,shape_circularity_median,chelsa_bio01,ok,-0.04122308034445143,0.009585905139017097,-4.300384757268555,1.7050182065230176e-05,-0.06001110917614236,-0.022435051512760498,27828,140,0.0001534516385870716,True
omit_rank_01,Cirsium vulgare,taxon_cyclic_doy_by_hemisphere,shape_circularity_median,chelsa_bio04,ok,0.026386492907505322,0.008112414754092051,3.25260649354688,0.0011435173702431314,0.010486452161833543,0.0422865336531771,27828,140,0.005880946475536104,True
omit_rank_01,Cirsium vulgare,taxon_cyclic_doy_by_hemisphere,shape_circularity_median,chelsa_bio12,ok,-0.00620892887405355,0.005450703933419518,-1.1391058751118694,0.25465899734769826,-0.016892112273946613,0.004474254525839514,27828,140,0.4331410101380274,False
omit_rank_01,Cirsium vulgare,taxon_cyclic_doy_by_hemisphere,shape_circularity_median,chelsa_bio15,ok,0.0018309168269293483,0.0075670427227259125,0.2419593616711851,0.8088116523859924,-0.013000214379089351,0.01666204803294805,27828,140,0.8361437189591425,False
omit_rank_01,Cirsium vulgare,taxon_cyclic_doy_by_hemisphere,shape_solidity_median,chelsa_bio01,ok,-0.03824394690560925,0.008493176730443084,-4.502902520387573,6.703163436580535e-06,-0.05489026741161135,-0.02159762639960715,27828,140,8.043796123896642e-05,True
omit_rank_01,Cirsium vulgare,taxon_cyclic_doy_by_hemisphere,shape_solidity_median,chelsa_bio04,ok,0.015635080222529307,0.007000648002675862,2.2333761412590807,0.025524150189349764,0.0019140622688423523,0.02935609817621626,27828,140,0.05742933792603697,False
omit_rank_01,Cirsium vulgare,taxon_cyclic_doy_by_hemisphere,shape_solidity_median,chelsa_bio12,ok,0.003242378684977019,0.006702199625730545,0.48377829161177766,0.6285432229955257,-0.00989369119865268,0.016378448568606718,27828,140,0.7299211621883523,False
omit_rank_01,Cirsium vulgare,taxon_cyclic_doy_by_hemisphere,shape_solidity_median,chelsa_bio15,ok,0.001632924087271268,0.0068997584552880934,0.23666394959373785,0.8129175045436108,-0.011890353987119113,0.015156202161661648,27828,140,0.8361437189591425,False
omit_rank_01,Cirsium vulgare,taxon_cyclic_doy_by_hemisphere,shape_width_cv_median,chelsa_bio01,ok,0.04195764255781516,0.006448844418070945,6.506226517148018,7.706199936878078e-11,0.029318139756493944,0.05459714535913637,27828,140,1.3871159886380541e-09,True
omit_rank_01,Cirsium vulgare,taxon_cyclic_doy_by_hemisphere,shape_width_cv_median,chelsa_bio04,ok,-0.023183605929044702,0.009913769988202696,-2.3385257027985316,0.019359993930133993,-0.042614238056936066,-0.0037529738011533413,27828,140,0.049782841534630265,True
omit_rank_01,Cirsium vulgare,taxon_cyclic_doy_by_hemisphere,shape_width_cv_median,chelsa_bio12,ok,0.0007352929605424754,0.005695120113523434,0.12910929811585087,0.8972711647575222,-0.010426937349593119,0.01189752327067807,27828,140,0.8972711647575222,False
omit_rank_01,Cirsium vulgare,taxon_cyclic_doy_by_hemisphere,shape_width_cv_median,chelsa_bio15,ok,-0.003231319930901192,0.009799241160730731,-0.32975205711339306,0.7415873157620165,-0.0224374796817559,0.015974839819953516,27828,140,0.8090043444676545,False
omit_rank_02,Cirsium arvense,hemisphere_phase_aligned_cyclic_doy,orientation_angle_degrees_median,chelsa_bio01,ok,0.011683793892205656,0.004681655448522683,2.4956543728335516,0.012572503622603133,0.0025079178250754838,0.02085966995933583,27355,141,0.02828813315085705,True
omit_rank_02,Cirsium arvense,hemisphere_phase_aligned_cyclic_doy,orientation_angle_degrees_median,chelsa_bio04,ok,-0.008230929943010815,0.006393195357442581,-1.2874516548956778,0.1979369099321986,-0.02076136258972695,0.00429950270370532,27355,141,0.2544903127699696,False
omit_rank_02,Cirsium arvense,hemisphere_phase_aligned_cyclic_doy,orientation_angle_degrees_median,chelsa_bio12,ok,0.01219120183672047,0.007332484911129928,1.6626289701892913,0.09638672836947405,-0.0021802045062775683,0.026562608179718505,27355,141,0.1445800925542111,False
omit_rank_02,Cirsium arvense,hemisphere_phase_aligned_cyclic_doy,orientation_angle_degrees_median,chelsa_bio15,ok,-0.013964812604720506,0.005448526185809217,-2.563044046863922,0.010375888423113839,-0.02464372769772996,-0.0032858975117110497,27355,141,0.024902132215473213,True
omit_rank_02,Cirsium arvense,hemisphere_phase_aligned_cyclic_doy,corolla_lab_lightness_median,chelsa_bio01,ok,-0.0052288124084466855,0.02938634274713661,-0.17793341803161875,0.8587752658040312,-0.06282498583018427,0.0523673610132909,29864,142,0.8587752658040312,False
omit_rank_02,Cirsium arvense,hemisphere_phase_aligned_cyclic_doy,corolla_lab_lightness_median,chelsa_bio04,ok,0.03677311070703364,0.020515719324540802,1.7924358451836404,0.07306317723257857,-0.0034369602859987414,0.07698318170006602,29864,142,0.11435975566838387,False
omit_rank_02,Cirsium arvense,hemisphere_phase_aligned_cyclic_doy,corolla_lab_lightness_median,chelsa_bio12,ok,-0.015044922534128572,0.01278225093352094,-1.1770166782341807,0.23918884945300578,-0.0400976740051831,0.010007828936925955,29864,142,0.2969240889761451,False
omit_rank_02,Cirsium arvense,hemisphere_phase_aligned_cyclic_doy,corolla_lab_lightness_median,chelsa_bio15,ok,-0.037185857313663334,0.017339958952439935,-2.1445181857498485,0.03199138987642762,-0.07117155235384849,-0.003200162273478177,29864,142,0.05831225254708014,False
omit_rank_02,Cirsium arvense,hemisphere_phase_aligned_cyclic_doy,corolla_lab_chroma_median,chelsa_bio01,ok,0.041685165219247894,0.019483657685940653,2.1394938204712854,0.03239569585948897,0.0034978978676972056,0.07987243257079858,29864,142,0.05831225254708014,False
omit_rank_02,Cirsium arvense,hemisphere_phase_aligned_cyclic_doy,corolla_lab_chroma_median,chelsa_bio04,ok,-0.043428758447233026,0.009476293898772572,-4.58288429117402,4.58605836466616e-06,-0.06200195319574392,-0.024855563698722133,29864,142,2.358544301828311e-05,True
omit_rank_02,Cirsium arvense,hemisphere_phase_aligned_cyclic_doy,corolla_lab_chroma_median,chelsa_bio12,ok,0.04225980513161681,0.01755454508852029,2.40734265220307,0.0160690850621767,0.007853528993132547,0.07666608127010108,29864,142,0.0340286507199036,True
omit_rank_02,Cirsium arvense,hemisphere_phase_aligned_cyclic_doy,corolla_lab_chroma_median,chelsa_bio15,ok,0.010001061781578457,0.012382755953092543,0.8076604125498196,0.4192860987494419,-0.014268693915831878,0.03427081747898879,29864,142,0.4869128888703196,False
omit_rank_02,Cirsium arvense,hemisphere_phase_aligned_cyclic_doy,corolla_hue_sin_median,chelsa_bio01,ok,-0.08932886651575957,0.02268591087718951,-3.937636315303477,8.228818667433739e-05,-0.13379243479153646,-0.044865298239982664,29857,142,0.00032915274669734955,True
omit_rank_02,Cirsium arvense,hemisphere_phase_aligned_cyclic_doy,corolla_hue_sin_median,chelsa_bio04,ok,0.0905100359597725,0.011868646161111378,7.6259781217790685,2.4219090776346507e-14,0.06724791693874463,0.11377215498080037,29857,142,8.718872679484743e-13,True
omit_rank_02,Cirsium arvense,hemisphere_phase_aligned_cyclic_doy,corolla_hue_sin_median,chelsa_bio12,ok,-0.034675316740497425,0.010704910085274938,-3.239197383656198,0.0011986658945205223,-0.0556565549653759,-0.013694078515618949,29857,142,0.003922906563885346,True
omit_rank_02,Cirsium arvense,hemisphere_phase_aligned_cyclic_doy,corolla_hue_sin_median,chelsa_bio15,ok,-0.010261862481465543,0.01250647519215195,-0.8205239544955925,0.4119174791786764,-0.03477410343162702,0.014250378468695932,29857,142,0.4869128888703196,False
omit_rank_02,Cirsium arvense,hemisphere_phase_aligned_cyclic_doy,corolla_hue_cos_median,chelsa_bio01,ok,0.0270112204180448,0.0140856156775716,1.9176457058284306,0.055155950506085294,-0.0005960790100682893,0.054618519846157884,29857,142,0.09455305801043193,False
omit_rank_02,Cirsium arvense,hemisphere_phase_aligned_cyclic_doy,corolla_hue_cos_median,chelsa_bio04,ok,-0.05258668893307066,0.011597480420063573,-4.534320130611818,5.778932413475197e-06,-0.07531733286780372,-0.029856044998337602,29857,142,2.6005195860638386e-05,True
omit_rank_02,Cirsium arvense,hemisphere_phase_aligned_cyclic_doy,corolla_hue_cos_median,chelsa_bio12,ok,-0.003080345813414642,0.011489060698198633,-0.2681111967575912,0.7886137274911248,-0.025598490998078573,0.019437799371249287,29857,142,0.8350027702847204,False
omit_rank_02,Cirsium arvense,hemisphere_phase_aligned_cyclic_doy,corolla_hue_cos_median,chelsa_bio15,ok,0.01849669091642424,0.007009698029859792,2.638728635332414,0.008321756427497974,0.004757935235397678,0.032235446597450805,29857,142,0.021398802242137648,True
omit_rank_02,Cirsium arvense,hemisphere_phase_aligned_cyclic_doy,shape_aspect_ratio_median,chelsa_bio01,ok,-0.010971227089597826,0.005837867557972642,-1.8793209987463098,0.06020067613818582,-0.022413237249739003,0.0004707830705433496,28422,140,0.09851019731703133,False
omit_rank_02,Cirsium arvense,hemisphere_phase_aligned_cyclic_doy,shape_aspect_ratio_median,chelsa_bio04,ok,0.022184107523330963,0.003793610663215418,5.847755474339579,4.982502553891192e-09,0.014748767252061635,0.029619447794600292,28422,140,3.587401838801658e-08,True
omit_rank_02,Cirsium arvense,hemisphere_phase_aligned_cyclic_doy,shape_aspect_ratio_median,chelsa_bio12,ok,-0.01563475734288186,0.004312569155028274,-3.6253928414463554,0.00028852251930488706,-0.02408723756757561,-0.007182277118188111,28422,140,0.0010386810694975933,True
omit_rank_02,Cirsium arvense,hemisphere_phase_aligned_cyclic_doy,shape_aspect_ratio_median,chelsa_bio15,ok,-0.00222867142672999,0.004078288514315676,-0.5464722318950389,0.5847413702493904,-0.01022197003335208,0.005764627179892101,28422,140,0.6378996766356987,False
omit_rank_02,Cirsium arvense,hemisphere_phase_aligned_cyclic_doy,shape_circularity_median,chelsa_bio01,ok,-0.024375473976330636,0.00920079081668563,-2.6492803131797897,0.008066339614211274,-0.04240869260632134,-0.006342255346339934,28422,140,0.021398802242137648,True
omit_rank_02,Cirsium arvense,hemisphere_phase_aligned_cyclic_doy,shape_circularity_median,chelsa_bio04,ok,0.03470777574921149,0.005748752823065837,6.0374444366355045,1.5657404901169014e-09,0.023440427259979486,0.04597512423844349,28422,140,1.4091664411052114e-08,True
omit_rank_02,Cirsium arvense,hemisphere_phase_aligned_cyclic_doy,shape_circularity_median,chelsa_bio12,ok,-0.0076894522239746264,0.004892110850603721,-1.5718066206585841,0.11599540564841634,-0.017277813299535528,0.001898908851586275,28422,140,0.16060902320549955,False
omit_rank_02,Cirsium arvense,hemisphere_phase_aligned_cyclic_doy,shape_circularity_median,chelsa_bio15,ok,-0.01247786258743276,0.007677684561978778,-1.62521167504397,0.10411746360178523,-0.027525847813570346,0.002570122638704826,28422,140,0.14992914758657072,False
omit_rank_02,Cirsium arvense,hemisphere_phase_aligned_cyclic_doy,shape_solidity_median,chelsa_bio01,ok,-0.02348668444253293,0.008253389039705567,-2.845701847997559,0.004431366459680758,-0.039663029710753465,-0.007310339174312397,28422,140,0.013294099379042273,True
omit_rank_02,Cirsium arvense,hemisphere_phase_aligned_cyclic_doy,shape_solidity_median,chelsa_bio04,ok,0.0239326308941165,0.004317728847112267,5.542874909832015,2.9754542993265973e-08,0.015470037858766807,0.03239522392946619,28422,140,1.7852725795959584e-07,True
omit_rank_02,Cirsium arvense,hemisphere_phase_aligned_cyclic_doy,shape_solidity_median,chelsa_bio12,ok,-0.0008958081718612198,0.004443622076630935,-0.2015941401885382,0.8402340266308302,-0.009605147402964935,0.007813531059242497,28422,140,0.8587752658040312,False
omit_rank_02,Cirsium arvense,hemisphere_phase_aligned_cyclic_doy,shape_solidity_median,chelsa_bio15,ok,-0.008918791825971328,0.006619702343620952,-1.347310099911952,0.17788038060802824,-0.021893170007843785,0.004055586355901126,28422,140,0.23717384081070433,False
omit_rank_02,Cirsium arvense,hemisphere_phase_aligned_cyclic_doy,shape_width_cv_median,chelsa_bio01,ok,0.03595770985213268,0.004865152568781455,7.39086993548052,1.458712560560467e-13,0.0264221860380285,0.045493233666236865,28422,140,2.6256826090088407e-12,True
omit_rank_02,Cirsium arvense,hemisphere_phase_aligned_cyclic_doy,shape_width_cv_median,chelsa_bio04,ok,-0.03584236173311199,0.005300796637899514,-6.761693417334123,1.3638807891315936e-11,-0.04623173223276604,-0.025452991233457938,28422,140,1.6366569469579124e-10,True
omit_rank_02,Cirsium arvense,hemisphere_phase_aligned_cyclic_doy,shape_width_cv_median,chelsa_bio12,ok,-0.004189280816692204,0.007081376145276653,-0.5915913419578052,0.5541242729832028,-0.01806852302241552,0.009689961389031113,28422,140,0.6233898071061031,False
omit_rank_02,Cirsium arvense,hemisphere_phase_aligned_cyclic_doy,shape_width_cv_median,chelsa_bio15,ok,0.012188325755564649,0.0051676215077946265,2.3585949042862917,0.01834426851242819,0.002059973714552611,0.022316677796576687,28422,140,0.03668853702485638,True
omit_rank_02,Cirsium arvense,taxon_cyclic_doy_by_hemisphere,orientation_angle_degrees_median,chelsa_bio01,ok,0.01577088527755458,0.005297121311447464,2.977255824493305,0.00290841213230268,0.00538871828537797,0.026153052269731185,27355,141,0.007478774054492605,True
omit_rank_02,Cirsium arvense,taxon_cyclic_doy_by_hemisphere,orientation_angle_degrees_median,chelsa_bio04,ok,-0.013587120133310301,0.009384507835938749,-1.4478244752780003,0.14766614590759483,-0.03198041750438417,0.0048061772377635675,27355,141,0.20796634853558743,False
omit_rank_02,Cirsium arvense,taxon_cyclic_doy_by_hemisphere,orientation_angle_degrees_median,chelsa_bio12,ok,0.013295385540899075,0.007200044590677976,1.8465698890410822,0.06480950156895793,-0.0008164425439121936,0.027407213625710344,27355,141,0.11592704088292635,False
omit_rank_02,Cirsium arvense,taxon_cyclic_doy_by_hemisphere,orientation_angle_degrees_median,chelsa_bio15,ok,-0.013256247178025964,0.005372442021395719,-2.4674528129355395,0.013607815530546756,-0.02378604004899114,-0.002726454307060788,27355,141,0.030617584943730205,True
omit_rank_02,Cirsium arvense,taxon_cyclic_doy_by_hemisphere,corolla_lab_lightness_median,chelsa_bio01,ok,0.010510848632764035,0.025579441946712446,0.4109100055685509,0.6811385254423471,-0.03962393632742549,0.06064563359295355,29864,142,0.682494859457005,False
omit_rank_02,Cirsium arvense,taxon_cyclic_doy_by_hemisphere,corolla_lab_lightness_median,chelsa_bio04,ok,0.02101460364574888,0.021680018864575042,0.9693074428125409,0.3323918168817668,-0.02147745251296716,0.06350665980446492,29864,142,0.4273609074194144,False
omit_rank_02,Cirsium arvense,taxon_cyclic_doy_by_hemisphere,corolla_lab_lightness_median,chelsa_bio12,ok,-0.008934953883106195,0.011862616908053096,-0.7532025987487282,0.45132817795801694,-0.03218525578528615,0.014315348019073765,29864,142,0.5241230453706003,False
omit_rank_02,Cirsium arvense,taxon_cyclic_doy_by_hemisphere,corolla_lab_lightness_median,chelsa_bio15,ok,-0.033714392547719844,0.016456854508461582,-2.0486534975675332,0.04049600943173929,-0.06596923468312016,-0.0014595504123195296,29864,142,0.07672928102855865,False
omit_rank_02,Cirsium arvense,taxon_cyclic_doy_by_hemisphere,corolla_lab_chroma_median,chelsa_bio01,ok,0.03179032801867203,0.01739549543889846,1.8275034551522435,0.06762410718170704,-0.00230421653479973,0.06588487257214379,29864,142,0.11592704088292635,False
omit_rank_02,Cirsium arvense,taxon_cyclic_doy_by_hemisphere,corolla_lab_chroma_median,chelsa_bio04,ok,-0.034056213581340394,0.009600818909081795,-3.5472196594735554,0.00038931984366230284,-0.05287347286523184,-0.015238954297448946,29864,142,0.0012741376701675365,True
omit_rank_02,Cirsium arvense,taxon_cyclic_doy_by_hemisphere,corolla_lab_chroma_median,chelsa_bio12,ok,0.04157172939029554,0.016834479721556213,2.4694395121141626,0.013532489475413073,0.008576755437575488,0.0745667033430156,29864,142,0.030617584943730205,True
omit_rank_02,Cirsium arvense,taxon_cyclic_doy_by_hemisphere,corolla_lab_chroma_median,chelsa_bio15,ok,0.007101789554886084,0.013048973684394283,0.5442412351079655,0.586275479613122,-0.018473728901737645,0.03267730801150981,29864,142,0.6563388756175507,False
omit_rank_02,Cirsium arvense,taxon_cyclic_doy_by_hemisphere,corolla_hue_sin_median,chelsa_bio01,ok,-0.07557221440216735,0.020454050313868096,-3.6947310308965293,0.00022011967234384757,-0.11566141635531901,-0.035483012449015694,29857,142,0.0009382719840016229,True
omit_rank_02,Cirsium arvense,taxon_cyclic_doy_by_hemisphere,corolla_hue_sin_median,chelsa_bio04,ok,0.07755436823270839,0.011624717139524851,6.671505835528515,2.5319188675826978e-11,0.0547703413087742,0.10033839515664258,29857,142,3.0383026410992374e-10,True
omit_rank_02,Cirsium arvense,taxon_cyclic_doy_by_hemisphere,corolla_hue_sin_median,chelsa_bio12,ok,-0.029742051318945598,0.009481814084053066,-3.136746940542432,0.0017083350741756086,-0.04832606543179425,-0.011158037206096948,29857,142,0.004730774051563224,True
omit_rank_02,Cirsium arvense,taxon_cyclic_doy_by_hemisphere,corolla_hue_sin_median,chelsa_bio15,ok,-0.005207765816567678,0.012731023447180275,-0.4090610498185138,0.682494859457005,-0.030160113259375985,0.01974458162624063,29857,142,0.682494859457005,False
omit_rank_02,Cirsium arvense,taxon_cyclic_doy_by_hemisphere,corolla_hue_cos_median,chelsa_bio01,ok,0.012601534163097092,0.010203218236775965,1.2350548494274833,0.21681009150553765,-0.0073964061073860735,0.03259947443358026,29857,142,0.28908012200738353,False
omit_rank_02,Cirsium arvense,taxon_cyclic_doy_by_hemisphere,corolla_hue_cos_median,chelsa_bio04,ok,-0.0391289629621975,0.010637075079473507,-3.6785453397527608,0.00023456799600040572,-0.0599772470188141,-0.018280678905580893,29857,142,0.0009382719840016229,True
omit_rank_02,Cirsium arvense,taxon_cyclic_doy_by_hemisphere,corolla_hue_cos_median,chelsa_bio12,ok,-0.009698201903333755,0.01148044646378247,-0.8447582534293254,0.3982458273592234,-0.03219946349878762,0.01280305969212011,29857,142,0.49437413051489804,False
omit_rank_02,Cirsium arvense,taxon_cyclic_doy_by_hemisphere,corolla_hue_cos_median,chelsa_bio15,ok,0.014448538199207689,0.006092517694113488,2.3715217459553184,0.017715004207385577,0.0025074229435722347,0.02638965345484314,29857,142,0.035430008414771154,True
omit_rank_02,Cirsium arvense,taxon_cyclic_doy_by_hemisphere,shape_aspect_ratio_median,chelsa_bio01,ok,-0.009040024748172639,0.006282887864327789,-1.438832737967358,0.15019791838681315,-0.021354258681158884,0.0032742091848136055,28422,140,0.20796634853558743,False
omit_rank_02,Cirsium arvense,taxon_cyclic_doy_by_hemisphere,shape_aspect_ratio_median,chelsa_bio04,ok,0.021580106834633742,0.0033431774677614157,6.454968975692378,1.0824107482656034e-10,0.01502759940389555,0.028132614265371933,28422,140,9.74169673439043e-10,True
omit_rank_02,Cirsium arvense,taxon_cyclic_doy_by_hemisphere,shape_aspect_ratio_median,chelsa_bio12,ok,-0.014426681663685844,0.004202927466441153,-3.4325316767604606,0.0005979740238453641,-0.022664268127544678,-0.0061890951998270095,28422,140,0.0017939220715360922,True
omit_rank_02,Cirsium arvense,taxon_cyclic_doy_by_hemisphere,shape_aspect_ratio_median,chelsa_bio15,ok,-0.0020217969990936496,0.0038728934193644625,-0.5220378616629797,0.6016439693160881,-0.009612528617010176,0.005568934618822878,28422,140,0.6563388756175507,False
omit_rank_02,Cirsium arvense,taxon_cyclic_doy_by_hemisphere,shape_circularity_median,chelsa_bio01,ok,-0.029503882732628637,0.008226480814295554,-3.586452506077485,0.00033520708184136107,-0.04562748884815766,-0.013380276617099614,28422,140,0.0012067454946288999,True
omit_rank_02,Cirsium arvense,taxon_cyclic_doy_by_hemisphere,shape_circularity_median,chelsa_bio04,ok,0.04397000604182197,0.006974306611911372,6.304570258887943,2.889946081371018e-10,0.03030061626533611,0.05763939581830783,28422,140,2.080761178587133e-09,True
omit_rank_02,Cirsium arvense,taxon_cyclic_doy_by_hemisphere,shape_circularity_median,chelsa_bio12,ok,-0.008182506458710121,0.004650168072836756,-1.759615207567868,0.07847307127512976,-0.017296668403528195,0.0009316554861079525,28422,140,0.12282741590889876,False
omit_rank_02,Cirsium arvense,taxon_cyclic_doy_by_hemisphere,shape_circularity_median,chelsa_bio15,ok,-0.013971652893030461,0.00791587182087994,-1.7650175759765336,0.07756081185061196,-0.02948647656819064,0.0015431707821297186,28422,140,0.12282741590889876,False
omit_rank_02,Cirsium arvense,taxon_cyclic_doy_by_hemisphere,shape_solidity_median,chelsa_bio01,ok,-0.028935780737385036,0.007526374658284148,-3.844584152548921,0.00012075704109982959,-0.04368720400177692,-0.01418435747299315,28422,140,0.0006210362113705522,True
omit_rank_02,Cirsium arvense,taxon_cyclic_doy_by_hemisphere,shape_solidity_median,chelsa_bio04,ok,0.032222114636533364,0.0057565859024337794,5.597434865500825,2.1754654317994334e-08,0.020939413593852152,0.043504815679214576,28422,140,1.3052792590796602e-07,True
omit_rank_02,Cirsium arvense,taxon_cyclic_doy_by_hemisphere,shape_solidity_median,chelsa_bio12,ok,-0.0019616814833720644,0.004310002130809703,-0.45514629084499575,0.6490039971377464,-0.010409130433049973,0.0064857674663058446,28422,140,0.682494859457005,False
omit_rank_02,Cirsium arvense,taxon_cyclic_doy_by_hemisphere,shape_solidity_median,chelsa_bio15,ok,-0.010061089635859184,0.006981262644386573,-1.441156155892374,0.14954057173393853,-0.023744112985471726,0.0036219337137533593,28422,140,0.20796634853558743,False
omit_rank_02,Cirsium arvense,taxon_cyclic_doy_by_hemisphere,shape_width_cv_median,chelsa_bio01,ok,0.03798993866888543,0.005123697880407811,7.414554791404229,1.2203405062094372e-13,0.027947675355621905,0.04803220198214895,28422,140,2.196612911176987e-12,True
omit_rank_02,Cirsium arvense,taxon_cyclic_doy_by_hemisphere,shape_width_cv_median,chelsa_bio04,ok,-0.04065008964620999,0.004846487943591564,-8.387535493606451,4.9643932132196184e-17,-0.050149031467157046,-0.03115114782526293,28422,140,1.787181556759063e-15,True
omit_rank_02,Cirsium arvense,taxon_cyclic_doy_by_hemisphere,shape_width_cv_median,chelsa_bio12,ok,-0.005092441819998403,0.006267398861028733,-0.8125287592056216,0.4164882912554587,-0.017376317864362074,0.007191434224365269,28422,140,0.4997859495065504,False
omit_rank_02,Cirsium arvense,taxon_cyclic_doy_by_hemisphere,shape_width_cv_median,chelsa_bio15,ok,0.012519766285427794,0.0051469773763177,2.4324502266191823,0.014997052574967355,0.0024318759986026416,0.022607656572252947,28422,140,0.03175846427640146,True
omit_rank_03,Cirsium palustre,hemisphere_phase_aligned_cyclic_doy,orientation_angle_degrees_median,chelsa_bio01,ok,0.015566552203480764,0.0037977540367762066,4.098883722521093,4.151475206504404e-05,0.008123091069257796,0.023010013337703732,34217,141,0.00021350443919165504,True
omit_rank_03,Cirsium palustre,hemisphere_phase_aligned_cyclic_doy,orientation_angle_degrees_median,chelsa_bio04,ok,0.00414694454987409,0.01344123210836406,0.3085241379987461,0.75768353598636,-0.022197386290362844,0.030491275390111025,34217,141,0.8022531557502635,False
omit_rank_03,Cirsium palustre,hemisphere_phase_aligned_cyclic_doy,orientation_angle_degrees_median,chelsa_bio12,ok,0.004193062120575856,0.01147210182384603,0.36550077614026344,0.7147376275536611,-0.01829184428113863,0.026677968522290343,34217,141,0.7797137755130849,False
omit_rank_03,Cirsium palustre,hemisphere_phase_aligned_cyclic_doy,orientation_angle_degrees_median,chelsa_bio15,ok,-0.010719844715381776,0.0052668935704302654,-2.0353258656233004,0.04181809523875364,-0.02104276642383067,-0.00039692300693288003,34217,141,0.06545440993891875,False
omit_rank_03,Cirsium palustre,hemisphere_phase_aligned_cyclic_doy,corolla_lab_lightness_median,chelsa_bio01,ok,0.01690418180440303,0.03323763204555373,0.5085856231044095,0.6110427084102659,-0.04824037993627664,0.08204874354508271,37249,142,0.6874230469615491,False
omit_rank_03,Cirsium palustre,hemisphere_phase_aligned_cyclic_doy,corolla_lab_lightness_median,chelsa_bio04,ok,0.026127242133446988,0.015159762048602882,1.7234599098377579,0.08480538898960384,-0.003585345496011808,0.05583982976290579,37249,142,0.12720808348440577,False
omit_rank_03,Cirsium palustre,hemisphere_phase_aligned_cyclic_doy,corolla_lab_lightness_median,chelsa_bio12,ok,0.001246237652086347,0.006722961114677015,0.18537034958683066,0.8529385629719473,-0.011930524002143858,0.014422999306316553,37249,142,0.873378086202387,False
omit_rank_03,Cirsium palustre,hemisphere_phase_aligned_cyclic_doy,corolla_lab_lightness_median,chelsa_bio15,ok,-0.03542375131695272,0.016316489940587896,-2.17103993848792,0.02992815349955745,-0.06740348395461508,-0.003444018679290353,37249,142,0.05075798914771024,False
omit_rank_03,Cirsium palustre,hemisphere_phase_aligned_cyclic_doy,corolla_lab_chroma_median,chelsa_bio01,ok,0.02075662501643185,0.030998718083375933,0.6695962381606761,0.5031152127876759,-0.03999974599389547,0.08151299602675917,37249,142,0.6037382553452111,False
omit_rank_03,Cirsium palustre,hemisphere_phase_aligned_cyclic_doy,corolla_lab_chroma_median,chelsa_bio04,ok,-0.04201321456327361,0.011649446805718921,-3.6064557625730838,0.000310407747741007,-0.06484571074229786,-0.019180718384249347,37249,142,0.0010158799016978409,True
omit_rank_03,Cirsium palustre,hemisphere_phase_aligned_cyclic_doy,corolla_lab_chroma_median,chelsa_bio12,ok,0.04841670403146134,0.011937781893275115,4.0557537794132275,4.997288060189626e-05,0.025019081465347735,0.07181432659757495,37249,142,0.00022487796270853318,True
omit_rank_03,Cirsium palustre,hemisphere_phase_aligned_cyclic_doy,corolla_lab_chroma_median,chelsa_bio15,ok,0.011272281495033246,0.009852781351573454,1.144071008257288,0.2525941898767312,-0.008038815101598599,0.03058337809166509,37249,142,0.32476395841294015,False
omit_rank_03,Cirsium palustre,hemisphere_phase_aligned_cyclic_doy,corolla_hue_sin_median,chelsa_bio01,ok,-0.07830565765939143,0.02139533846050877,-3.659940122187222,0.0002522741917874829,-0.12023975047903326,-0.0363715648397496,37243,142,0.0009081870904349384,True
omit_rank_03,Cirsium palustre,hemisphere_phase_aligned_cyclic_doy,corolla_hue_sin_median,chelsa_bio04,ok,0.08526442712935611,0.01317088653793191,6.473704475685531,9.56288518386955e-11,0.05944996387054613,0.1110788903881661,37243,142,1.7213193330965191e-09,True
omit_rank_03,Cirsium palustre,hemisphere_phase_aligned_cyclic_doy,corolla_hue_sin_median,chelsa_bio12,ok,-0.04358099314421492,0.009871611937454098,-4.4147798171505634,1.0111285153660604e-05,-0.06292899701098062,-0.024232989277449227,37243,142,7.280125310635635e-05,True
omit_rank_03,Cirsium palustre,hemisphere_phase_aligned_cyclic_doy,corolla_hue_sin_median,chelsa_bio15,ok,0.0026189869312128124,0.016433468038719874,0.15936909513208417,0.873378086202387,-0.02959001856576822,0.034827992428193844,37243,142,0.873378086202387,False
omit_rank_03,Cirsium palustre,hemisphere_phase_aligned_cyclic_doy,corolla_hue_cos_median,chelsa_bio01,ok,0.025556247491479476,0.011020546936664896,2.318963626610483,0.02039700864223953,0.00395637240568306,0.04715612257727589,37243,142,0.03864696374319069,True
omit_rank_03,Cirsium palustre,hemisphere_phase_aligned_cyclic_doy,corolla_hue_cos_median,chelsa_bio04,ok,-0.04101178928767259,0.014709479924204584,-2.7881196003529203,0.005301496767776102,-0.06984184017042853,-0.01218173840491664,37243,142,0.013632420259995691,True
omit_rank_03,Cirsium palustre,hemisphere_phase_aligned_cyclic_doy,corolla_hue_cos_median,chelsa_bio12,ok,-0.015664281602827,0.003278697109049572,-4.777593379880021,1.774056711959652e-06,-0.022090409852779755,-0.009238153352874243,37243,142,2.1288680543515825e-05,True
omit_rank_03,Cirsium palustre,hemisphere_phase_aligned_cyclic_doy,corolla_hue_cos_median,chelsa_bio15,ok,0.02067246008381021,0.004480823812026006,4.613540043312515,3.958679530654238e-06,0.011890206791169764,0.029454713376450656,37243,142,3.562811577588814e-05,True
omit_rank_03,Cirsium palustre,hemisphere_phase_aligned_cyclic_doy,shape_aspect_ratio_median,chelsa_bio01,ok,-0.015663031937179214,0.007262055307431966,-2.1568318160768776,0.031018771145822927,-0.029896398793483818,-0.001429665080874611,35366,140,0.05075798914771024,False
omit_rank_03,Cirsium palustre,hemisphere_phase_aligned_cyclic_doy,shape_aspect_ratio_median,chelsa_bio04,ok,0.017250272145588316,0.004618288648373727,3.735208744837286,0.00018755954276336204,0.008198592724565646,0.026301951566610984,35366,140,0.0007502381710534482,True
omit_rank_03,Cirsium palustre,hemisphere_phase_aligned_cyclic_doy,shape_aspect_ratio_median,chelsa_bio12,ok,-0.010821603159254994,0.00415948136299844,-2.6016712697695654,0.009277072955904266,-0.01897403682509751,-0.0026691694934124766,35366,140,0.019645566259561976,True
omit_rank_03,Cirsium palustre,hemisphere_phase_aligned_cyclic_doy,shape_aspect_ratio_median,chelsa_bio15,ok,-0.0065061842443086895,0.0026749243878626803,-2.4322871606502736,0.015003806708941794,-0.011748939705887394,-0.0012634287827299855,35366,140,0.030007613417883588,True
omit_rank_03,Cirsium palustre,hemisphere_phase_aligned_cyclic_doy,shape_circularity_median,chelsa_bio01,ok,-0.029165742321216374,0.009930049096919667,-2.9371196493140888,0.0033127626322978585,-0.04862828091589341,-0.00970320372653934,35366,140,0.009173804212517147,True
omit_rank_03,Cirsium palustre,hemisphere_phase_aligned_cyclic_doy,shape_circularity_median,chelsa_bio04,ok,0.026923497557974192,0.006213683173481859,4.332936972531143,1.4713324207729205e-05,0.014744902326607199,0.03910209278934119,35366,140,8.827994524637523e-05,True
omit_rank_03,Cirsium palustre,hemisphere_phase_aligned_cyclic_doy,shape_circularity_median,chelsa_bio12,ok,-0.004567627218172489,0.0036959494498461786,-1.235846777710282,0.21651552342772484,-0.011811555028551626,0.002676300592206648,35366,140,0.2886873645702998,False
omit_rank_03,Cirsium palustre,hemisphere_phase_aligned_cyclic_doy,shape_circularity_median,chelsa_bio15,ok,-0.011399999822686304,0.007422360060945602,-1.5358995965003015,0.12456300713477168,-0.025947558222428203,0.0031475585770555977,35366,140,0.17937073027407124,False
omit_rank_03,Cirsium palustre,hemisphere_phase_aligned_cyclic_doy,shape_solidity_median,chelsa_bio01,ok,-0.027583815485607684,0.008729419870389464,-3.1598681121036543,0.0015784057041537869,-0.044693164037499344,-0.010474466933716026,35366,140,0.004735217112461361,True
omit_rank_03,Cirsium palustre,hemisphere_phase_aligned_cyclic_doy,shape_solidity_median,chelsa_bio04,ok,0.016089174132757792,0.0060535705238803595,2.6577990739991537,0.0078652769489141,0.00422439392807902,0.027953954337436564,35366,140,0.017696873135056725,True
omit_rank_03,Cirsium palustre,hemisphere_phase_aligned_cyclic_doy,shape_solidity_median,chelsa_bio12,ok,0.004144238897346172,0.005138836911873069,0.8064546449744455,0.41998074959164766,-0.005927696372350075,0.01421617416704242,35366,140,0.5213554132861833,False
omit_rank_03,Cirsium palustre,hemisphere_phase_aligned_cyclic_doy,shape_solidity_median,chelsa_bio15,ok,-0.008487385217682436,0.005777167941182823,-1.4691255826543828,0.1417987300281876,-0.019810426315040184,0.002835655879675311,35366,140,0.19633670311595208,False
omit_rank_03,Cirsium palustre,hemisphere_phase_aligned_cyclic_doy,shape_width_cv_median,chelsa_bio01,ok,0.0414156671393744,0.005233698104257606,7.913270179967547,2.5071444003732984e-15,0.031157807349073932,0.05167352692967486,35366,140,9.025719841343874e-14,True
omit_rank_03,Cirsium palustre,hemisphere_phase_aligned_cyclic_doy,shape_width_cv_median,chelsa_bio04,ok,-0.024407405607942634,0.009168904619288716,-2.6619761706972644,0.007768337776187416,-0.04237812843943145,-0.0064366827764538136,35366,140,0.017696873135056725,True
omit_rank_03,Cirsium palustre,hemisphere_phase_aligned_cyclic_doy,shape_width_cv_median,chelsa_bio12,ok,-0.008122080792145018,0.00368058093725015,-2.206738808524401,0.027332312281758937,-0.01533588687133999,-0.0009082747129500477,35366,140,0.049198162107166085,True
omit_rank_03,Cirsium palustre,hemisphere_phase_aligned_cyclic_doy,shape_width_cv_median,chelsa_bio15,ok,0.0053259663921042845,0.008836382219921916,0.6027315545604984,0.5466872863704507,-0.011993024512572763,0.022644957296781332,35366,140,0.6348626551398783,False
omit_rank_03,Cirsium palustre,taxon_cyclic_doy_by_hemisphere,orientation_angle_degrees_median,chelsa_bio01,ok,0.019264120814957632,0.003217323939361279,5.987622377491168,2.1293072187185587e-09,0.012958281767210995,0.02556995986270427,34217,141,1.9163764968467028e-08,True
omit_rank_03,Cirsium palustre,taxon_cyclic_doy_by_hemisphere,orientation_angle_degrees_median,chelsa_bio04,ok,0.0007465660055295188,0.01617990716922945,0.046141550610952806,0.9631974286600771,-0.030965469319361623,0.03245860133042066,34217,141,0.9631974286600771,False
omit_rank_03,Cirsium palustre,taxon_cyclic_doy_by_hemisphere,orientation_angle_degrees_median,chelsa_bio12,ok,0.00487933855402197,0.011571379700506514,0.4216730139629233,0.6732637044546895,-0.017800148910408674,0.027558826018452616,34217,141,0.6924998102962521,False
omit_rank_03,Cirsium palustre,taxon_cyclic_doy_by_hemisphere,orientation_angle_degrees_median,chelsa_bio15,ok,-0.010411730273676477,0.004882718677096825,-2.1323633332623415,0.032976989244146215,-0.01998168302742731,-0.0008417775199256409,34217,141,0.059358580639463185,False
omit_rank_03,Cirsium palustre,taxon_cyclic_doy_by_hemisphere,corolla_lab_lightness_median,chelsa_bio01,ok,0.02987786290786896,0.026113447972643894,1.1441561811051768,0.2525588718542695,-0.021303554630673564,0.08105928044641147,37249,142,0.33674516247235936,False
omit_rank_03,Cirsium palustre,taxon_cyclic_doy_by_hemisphere,corolla_lab_lightness_median,chelsa_bio04,ok,0.014553860696351232,0.013614088380265107,1.0690293973299316,0.28505642313366986,-0.012129262211313618,0.04123698360401608,37249,142,0.3665011154575755,False
omit_rank_03,Cirsium palustre,taxon_cyclic_doy_by_hemisphere,corolla_lab_lightness_median,chelsa_bio12,ok,0.004404877430432621,0.005843003120054747,0.753872168117437,0.45092598413564045,-0.007047198246429849,0.01585695310729509,37249,142,0.5411111809627686,False
omit_rank_03,Cirsium palustre,taxon_cyclic_doy_by_hemisphere,corolla_lab_lightness_median,chelsa_bio15,ok,-0.03237866334062515,0.01497156005895517,-2.1626779850011686,0.030565955494623154,-0.06172238184855565,-0.0030349448326946436,37249,142,0.05791444198981229,False
omit_rank_03,Cirsium palustre,taxon_cyclic_doy_by_hemisphere,corolla_lab_chroma_median,chelsa_bio01,ok,0.01152042175651239,0.026868840104111065,0.4287651313519004,0.668094156538367,-0.04114153715391073,0.06418238066693552,37249,142,0.6924998102962521,False
omit_rank_03,Cirsium palustre,taxon_cyclic_doy_by_hemisphere,corolla_lab_chroma_median,chelsa_bio04,ok,-0.03507190024809963,0.009037598461951426,-3.8806659087315545,0.00010417085547617227,-0.052785267740259004,-0.017358532755940247,37249,142,0.00037501507971422017,True
omit_rank_03,Cirsium palustre,taxon_cyclic_doy_by_hemisphere,corolla_lab_chroma_median,chelsa_bio12,ok,0.04776725312065492,0.0114074100894433,4.187388087753584,2.8218308305768888e-05,0.025409140188467214,0.07012536605284263,37249,142,0.00012698238737596002,True
omit_rank_03,Cirsium palustre,taxon_cyclic_doy_by_hemisphere,corolla_lab_chroma_median,chelsa_bio15,ok,0.00894709692441096,0.010498385711607872,0.8522354931690421,0.39408340073188386,-0.011629360966150375,0.0295235548149723,37249,142,0.4892069802188903,False
omit_rank_03,Cirsium palustre,taxon_cyclic_doy_by_hemisphere,corolla_hue_sin_median,chelsa_bio01,ok,-0.06929442586473494,0.01701581026750943,-4.072355343374278,4.654010456784937e-05,-0.10264480115682029,-0.0359440505726496,37243,142,0.0001861604182713975,True
omit_rank_03,Cirsium palustre,taxon_cyclic_doy_by_hemisphere,corolla_hue_sin_median,chelsa_bio04,ok,0.08039147017090406,0.00861903518007373,9.327200607877826,1.0870398637671535e-20,0.06349847163647585,0.09728446870533228,37243,142,3.9133435095617526e-19,True
omit_rank_03,Cirsium palustre,taxon_cyclic_doy_by_hemisphere,corolla_hue_sin_median,chelsa_bio12,ok,-0.041635478580998475,0.011252815963096154,-3.700005289124331,0.00021559497356741516,-0.06369059259332434,-0.019580364568672612,37243,142,0.0006467849207022455,True
omit_rank_03,Cirsium palustre,taxon_cyclic_doy_by_hemisphere,corolla_hue_sin_median,chelsa_bio15,ok,0.007602266681878752,0.01571996562235981,0.4836058083400271,0.6286656518281765,-0.02320829977615425,0.038412833139911756,37243,142,0.6858170747216471,False
omit_rank_03,Cirsium palustre,taxon_cyclic_doy_by_hemisphere,corolla_hue_cos_median,chelsa_bio01,ok,0.014661742259605873,0.007757851683840066,1.8899229911996003,0.05876826015530417,-0.0005433676381240704,0.029866852157335817,37243,142,0.10074558883766428,False
omit_rank_03,Cirsium palustre,taxon_cyclic_doy_by_hemisphere,corolla_hue_cos_median,chelsa_bio04,ok,-0.030701678755691516,0.0106988364653234,-2.8696278193615217,0.004109551979208261,-0.051671012904209196,-0.00973234460717384,37243,142,0.010567419375106956,True
omit_rank_03,Cirsium palustre,taxon_cyclic_doy_by_hemisphere,corolla_hue_cos_median,chelsa_bio12,ok,-0.019874178840643,0.0030911492419995455,-6.429381852746507,1.2812389869625887e-10,-0.025932720025800396,-0.013815637655485602,37243,142,1.5374867843551065e-09,True
omit_rank_03,Cirsium palustre,taxon_cyclic_doy_by_hemisphere,corolla_hue_cos_median,chelsa_bio15,ok,0.017906182772907883,0.0039914913967996615,4.48608827949996,7.254269410976892e-06,0.010083003390579073,0.025729362155236694,37243,142,4.352561646586136e-05,True
omit_rank_03,Cirsium palustre,taxon_cyclic_doy_by_hemisphere,shape_aspect_ratio_median,chelsa_bio01,ok,-0.01498478109788172,0.008068496935009084,-1.8571961071042842,0.06328325864872451,-0.030798744499871335,0.0008291823041078963,35366,140,0.10355442324336737,False
omit_rank_03,Cirsium palustre,taxon_cyclic_doy_by_hemisphere,shape_aspect_ratio_median,chelsa_bio04,ok,0.01765243453685286,0.004652953673933761,3.7938126561936962,0.00014835162256503342,0.008532812914209362,0.026772056159496356,35366,140,0.00048551440112192754,True
omit_rank_03,Cirsium palustre,taxon_cyclic_doy_by_hemisphere,shape_aspect_ratio_median,chelsa_bio12,ok,-0.010754640955838599,0.004058767909561262,-2.6497304589660895,0.008055601056351044,-0.018709679880185594,-0.0027996020314916027,35366,140,0.01812510237678985,True
omit_rank_03,Cirsium palustre,taxon_cyclic_doy_by_hemisphere,shape_aspect_ratio_median,chelsa_bio15,ok,-0.0060161927670579025,0.0027590504516602724,-2.180530176038509,0.02921818452220643,-0.011423832283841005,-0.0006085532502747995,35366,140,0.05791444198981229,False
omit_rank_03,Cirsium palustre,taxon_cyclic_doy_by_hemisphere,shape_circularity_median,chelsa_bio01,ok,-0.03385808333645359,0.00806990009482976,-4.1956013009561115,2.721486154690446e-05,-0.04967479688115629,-0.018041369791750896,35366,140,0.00012698238737596002,True
omit_rank_03,Cirsium palustre,taxon_cyclic_doy_by_hemisphere,shape_circularity_median,chelsa_bio04,ok,0.034656469300943266,0.011276541674541056,3.073324278061851,0.002116883178901082,0.012554853748677805,0.056758084853208726,35366,140,0.005862138033879919,True
omit_rank_03,Cirsium palustre,taxon_cyclic_doy_by_hemisphere,shape_circularity_median,chelsa_bio12,ok,-0.006146781544253207,0.0038807724436192726,-1.583906717942116,0.1132149483976404,-0.013752955765942479,0.0014593926774360642,35366,140,0.1698224225964606,False
omit_rank_03,Cirsium palustre,taxon_cyclic_doy_by_hemisphere,shape_circularity_median,chelsa_bio15,ok,-0.012125548420744486,0.008260527454763031,-1.4678903359558328,0.14213401367907763,-0.02831588472538435,0.0040647878838953756,35366,140,0.2046729796978718,False
omit_rank_03,Cirsium palustre,taxon_cyclic_doy_by_hemisphere,shape_solidity_median,chelsa_bio01,ok,-0.03234342997129239,0.007006718351609466,-4.616059665629773,3.9109454920060795e-06,-0.046076345590262795,-0.01861051435232198,35366,140,2.815880754244377e-05,True
omit_rank_03,Cirsium palustre,taxon_cyclic_doy_by_hemisphere,shape_solidity_median,chelsa_bio04,ok,0.02281601710196883,0.009898017791682548,2.3051097282469497,0.021160428797310827,0.003416258711934357,0.0422157754920033,35366,140,0.04481031980606999,True
omit_rank_03,Cirsium palustre,taxon_cyclic_doy_by_hemisphere,shape_solidity_median,chelsa_bio12,ok,0.002679734477983413,0.005076799086492437,0.5278393791696891,0.5976108226722245,-0.0072706088882876115,0.012630077844254437,35366,140,0.6858170747216471,False
omit_rank_03,Cirsium palustre,taxon_cyclic_doy_by_hemisphere,shape_solidity_median,chelsa_bio15,ok,-0.00899144914973523,0.0065623018444020175,-1.3701669571029258,0.17063479037654783,-0.021853324420443954,0.003870426120973495,35366,140,0.2362635559059893,False
omit_rank_03,Cirsium palustre,taxon_cyclic_doy_by_hemisphere,shape_width_cv_median,chelsa_bio01,ok,0.04403186699528935,0.004811841659801949,9.150730657480041,5.654975870836207e-20,0.03460083064276809,0.053462903347810606,35366,140,1.0178956567505173e-18,True
omit_rank_03,Cirsium palustre,taxon_cyclic_doy_by_hemisphere,shape_width_cv_median,chelsa_bio04,ok,-0.029484184370953508,0.010992900610974115,-2.6821114294001447,0.007315908683802597,-0.05102987365409113,-0.007938495087815887,35366,140,0.017558180841126234,True
omit_rank_03,Cirsium palustre,taxon_cyclic_doy_by_hemisphere,shape_width_cv_median,chelsa_bio12,ok,-0.007181304825091836,0.004095005466997263,-1.7536740507351893,0.07948637439035705,-0.015207368056901097,0.0008447584067174246,35366,140,0.12441345556751539,False
omit_rank_03,Cirsium palustre,taxon_cyclic_doy_by_hemisphere,shape_width_cv_median,chelsa_bio15,ok,0.004784556057825802,0.00946459936705849,0.5055212452497921,0.6131927804084392,-0.01376571782970943,0.023334829945361034,35366,140,0.6858170747216471,False
omit_rank_04,Cirsium oleraceum,hemisphere_phase_aligned_cyclic_doy,orientation_angle_degrees_median,chelsa_bio01,ok,0.01344369770865612,0.003917335664084855,3.431847271070338,0.0005994850627360489,0.0057658608916955085,0.021121534525616728,35558,141,0.002291564820082578,True
omit_rank_04,Cirsium oleraceum,hemisphere_phase_aligned_cyclic_doy,orientation_angle_degrees_median,chelsa_bio04,ok,0.0050745708106032,0.012897575501655755,0.39345152970430297,0.6939860168404595,-0.0202042126605282,0.0303533542817346,35558,141,0.7348087237134276,False
omit_rank_04,Cirsium oleraceum,hemisphere_phase_aligned_cyclic_doy,orientation_angle_degrees_median,chelsa_bio12,ok,0.0015716081771298285,0.011030077195036138,0.14248387833922857,0.8866978126686789,-0.020046945871837585,0.02319016222609724,35558,141,0.8866978126686789,False
omit_rank_04,Cirsium oleraceum,hemisphere_phase_aligned_cyclic_doy,orientation_angle_degrees_median,chelsa_bio15,ok,-0.012036275244915054,0.005007067437883674,-2.403857226656887,0.016223107910902305,-0.0218499470913303,-0.002222603398499808,35558,141,0.030738520252235946,True
omit_rank_04,Cirsium oleraceum,hemisphere_phase_aligned_cyclic_doy,corolla_lab_lightness_median,chelsa_bio01,ok,0.0073487225834749535,0.029866355514401945,0.24605354275419725,0.8056407851270753,-0.0511882585742221,0.065885703741172,38642,142,0.8286590932735631,False
omit_rank_04,Cirsium oleraceum,hemisphere_phase_aligned_cyclic_doy,corolla_lab_lightness_median,chelsa_bio04,ok,0.043553764326433014,0.013732305751946006,3.1716279198240986,0.0015158709009131864,0.01663893962792662,0.07046858902493941,38642,142,0.004196375504344742,True
omit_rank_04,Cirsium oleraceum,hemisphere_phase_aligned_cyclic_doy,corolla_lab_lightness_median,chelsa_bio12,ok,-0.011221780150320961,0.011362773060577648,-0.9875916812291312,0.3233526620258901,-0.03349240611355511,0.011048845812913193,38642,142,0.46562783331728175,False
omit_rank_04,Cirsium oleraceum,hemisphere_phase_aligned_cyclic_doy,corolla_lab_lightness_median,chelsa_bio15,ok,-0.029748244834554596,0.016749397952742905,-1.776078454789056,0.07571998684443432,-0.0625764615846596,0.0030799719155504106,38642,142,0.12390543301816524,False
omit_rank_04,Cirsium oleraceum,hemisphere_phase_aligned_cyclic_doy,corolla_lab_chroma_median,chelsa_bio01,ok,0.02245968107488143,0.029955896339389353,0.7497582719749546,0.4534003046637458,-0.036252796874936946,0.0811721590246998,38642,142,0.5616687822713036,False
omit_rank_04,Cirsium oleraceum,hemisphere_phase_aligned_cyclic_doy,corolla_lab_chroma_median,chelsa_bio04,ok,-0.04102463725303751,0.011423839934702657,-3.591142513159286,0.00032923153793618315,-0.06341495209020512,-0.0186343224158699,38642,142,0.001610443345380414,True
omit_rank_04,Cirsium oleraceum,hemisphere_phase_aligned_cyclic_doy,corolla_lab_chroma_median,chelsa_bio12,ok,0.04377359332711342,0.014864532663974474,2.944834816987058,0.003231271225730385,0.014639644658704223,0.07290754199552262,38642,142,0.007270360257893366,True
omit_rank_04,Cirsium oleraceum,hemisphere_phase_aligned_cyclic_doy,corolla_lab_chroma_median,chelsa_bio15,ok,0.010400280046473413,0.009624799928892388,1.0805710376641842,0.27988797151958156,-0.00846398117255934,0.029264541265506167,38642,142,0.41983195727937234,False
omit_rank_04,Cirsium oleraceum,hemisphere_phase_aligned_cyclic_doy,corolla_hue_sin_median,chelsa_bio01,ok,-0.0827823397042982,0.018502844390178047,-4.4740331788253025,7.675782350227638e-06,-0.11904724832059616,-0.04651743108800025,38637,142,6.042333656521204e-05,True
omit_rank_04,Cirsium oleraceum,hemisphere_phase_aligned_cyclic_doy,corolla_hue_sin_median,chelsa_bio04,ok,0.0886628704627435,0.011274714514634535,7.863868335438512,3.724490237262881e-15,0.06656483607808882,0.11076090484739819,38637,142,6.704082427073186e-14,True
omit_rank_04,Cirsium oleraceum,hemisphere_phase_aligned_cyclic_doy,corolla_hue_sin_median,chelsa_bio12,ok,-0.04449353252489813,0.008986200429403991,-4.951317620215728,7.371268149867472e-07,-0.06210616172438832,-0.026880903325407934,38637,142,8.845521779840967e-06,True
omit_rank_04,Cirsium oleraceum,hemisphere_phase_aligned_cyclic_doy,corolla_hue_sin_median,chelsa_bio15,ok,0.0063073315850439,0.01594453331393359,0.39557956704396335,0.692415213222092,-0.02494337946056501,0.037558042630652815,38637,142,0.7348087237134276,False
omit_rank_04,Cirsium oleraceum,hemisphere_phase_aligned_cyclic_doy,corolla_hue_cos_median,chelsa_bio01,ok,0.02920351692978957,0.009270546469559294,3.150139749116414,0.0016319238072451774,0.011033579732448406,0.04737345412713073,38637,142,0.004196375504344742,True
omit_rank_04,Cirsium oleraceum,hemisphere_phase_aligned_cyclic_doy,corolla_hue_cos_median,chelsa_bio04,ok,-0.04732454608696736,0.013258611830522526,-3.5693439623914447,0.0003578762989734253,-0.07331094775978819,-0.02133814441414653,38637,142,0.001610443345380414,True
omit_rank_04,Cirsium oleraceum,hemisphere_phase_aligned_cyclic_doy,corolla_hue_cos_median,chelsa_bio12,ok,-0.0070646631951571445,0.00925720163297111,-0.7631532157617845,0.4453720262594806,-0.025208444993405896,0.011079118603091605,38637,142,0.5616687822713036,False
omit_rank_04,Cirsium oleraceum,hemisphere_phase_aligned_cyclic_doy,corolla_hue_cos_median,chelsa_bio15,ok,0.017598856251972567,0.005194399389853101,3.3880444939121763,0.0007039284412507955,0.0074180205265436585,0.027779691977401474,38637,142,0.0023037658077298758,True
omit_rank_04,Cirsium oleraceum,hemisphere_phase_aligned_cyclic_doy,shape_aspect_ratio_median,chelsa_bio01,ok,-0.015541731437532404,0.007017178500037264,-2.21481204125702,0.026772968385770285,-0.029295148570694242,-0.0017883143043705679,36736,140,0.04819134309438651,True
omit_rank_04,Cirsium oleraceum,hemisphere_phase_aligned_cyclic_doy,shape_aspect_ratio_median,chelsa_bio04,ok,0.017758923579231183,0.004531722062592838,3.918802462715545,8.899000803671402e-05,0.008876911548603652,0.026640935609858717,36736,140,0.0005339400482202842,True
omit_rank_04,Cirsium oleraceum,hemisphere_phase_aligned_cyclic_doy,shape_aspect_ratio_median,chelsa_bio12,ok,-0.01061464851739646,0.003642247660156486,-2.9143126738779785,0.0035647267437423523,-0.017753322754078454,-0.0034759742807144653,36736,140,0.00754883310439557,True
omit_rank_04,Cirsium oleraceum,hemisphere_phase_aligned_cyclic_doy,shape_aspect_ratio_median,chelsa_bio15,ok,-0.004563007373868714,0.0033212358316066317,-1.373888397338343,0.16947633223057612,-0.011072509987981647,0.0019464952402442198,36736,140,0.26526730262177134,False
omit_rank_04,Cirsium oleraceum,hemisphere_phase_aligned_cyclic_doy,shape_circularity_median,chelsa_bio01,ok,-0.034385579560905315,0.010794635385656986,-3.1854322385537928,0.0014453794834011346,-0.05554267614303464,-0.013228482978775987,36736,140,0.004196375504344742,True
omit_rank_04,Cirsium oleraceum,hemisphere_phase_aligned_cyclic_doy,shape_circularity_median,chelsa_bio04,ok,0.03182489481089112,0.007143750436719061,4.45492813513058,8.392130078501673e-06,0.017823401240379476,0.04582638838140276,36736,140,6.042333656521204e-05,True
omit_rank_04,Cirsium oleraceum,hemisphere_phase_aligned_cyclic_doy,shape_circularity_median,chelsa_bio12,ok,-0.008083942285818553,0.0038219123995222376,-2.11515635126255,0.03441662372732392,-0.015574752940949198,-0.0005931316306879092,36736,140,0.058999926389698136,False
omit_rank_04,Cirsium oleraceum,hemisphere_phase_aligned_cyclic_doy,shape_circularity_median,chelsa_bio15,ok,-0.007210617548179549,0.00839476533465678,-0.8589421217543011,0.39037244883448075,-0.023664055262772172,0.009242820166413073,36736,140,0.5204965984459743,False
omit_rank_04,Cirsium oleraceum,hemisphere_phase_aligned_cyclic_doy,shape_solidity_median,chelsa_bio01,ok,-0.03245428906746617,0.009501936531380395,-3.415544711363313,0.0006365457833562717,-0.05107774245235719,-0.013830835682575149,36736,140,0.002291564820082578,True
omit_rank_04,Cirsium oleraceum,hemisphere_phase_aligned_cyclic_doy,shape_solidity_median,chelsa_bio04,ok,0.019919431610911614,0.006541896587111946,3.0449016345129136,0.002327564219268974,0.0070975499095867044,0.03274131331223652,36736,140,0.005586154126245537,True
omit_rank_04,Cirsium oleraceum,hemisphere_phase_aligned_cyclic_doy,shape_solidity_median,chelsa_bio12,ok,0.0025844635112724536,0.00495862712945529,0.5212054554213595,0.6022236541939401,-0.007134267075223149,0.012303194097768056,36736,140,0.6993565016445755,False
omit_rank_04,Cirsium oleraceum,hemisphere_phase_aligned_cyclic_doy,shape_solidity_median,chelsa_bio15,ok,-0.004759595365765745,0.006559136911120317,-0.7256435458293847,0.4680573185594197,-0.017615267481228866,0.008096076749697374,36736,140,0.5616687822713036,False
omit_rank_04,Cirsium oleraceum,hemisphere_phase_aligned_cyclic_doy,shape_width_cv_median,chelsa_bio01,ok,0.0421907809171708,0.005055788518571283,8.345044647772076,7.11869856723032e-17,0.032281617507319976,0.05209994432702163,36736,140,2.562731484202915e-15,True
omit_rank_04,Cirsium oleraceum,hemisphere_phase_aligned_cyclic_doy,shape_width_cv_median,chelsa_bio04,ok,-0.027910331751918413,0.009684618677297873,-2.881923664929029,0.003952554757285765,-0.04689183556342618,-0.008928827940410645,36736,140,0.00790510951457153,True
omit_rank_04,Cirsium oleraceum,hemisphere_phase_aligned_cyclic_doy,shape_width_cv_median,chelsa_bio12,ok,-0.004986230759448742,0.005556401021993627,-0.8973849691035602,0.36951353032368417,-0.0158765766462178,0.005904115127320316,36736,140,0.5116341189097166,False
omit_rank_04,Cirsium oleraceum,hemisphere_phase_aligned_cyclic_doy,shape_width_cv_median,chelsa_bio15,ok,0.004190062253843968,0.008610128617854724,0.48664339870081436,0.6265110628638753,-0.012685479739408926,0.021065604247096862,36736,140,0.7048249457218597,False
omit_rank_04,Cirsium oleraceum,taxon_cyclic_doy_by_hemisphere,orientation_angle_degrees_median,chelsa_bio01,ok,0.01697934850489668,0.0038918334054578287,4.362814831972299,1.2839961527614332e-05,0.009351495196369464,0.024607201813423893,35558,141,7.7039769165686e-05,True
omit_rank_04,Cirsium oleraceum,taxon_cyclic_doy_by_hemisphere,orientation_angle_degrees_median,chelsa_bio04,ok,0.0018150303197101802,0.015438825151155234,0.1175627226774032,0.9064141430519197,-0.028444510940165233,0.03207457157958559,35558,141,0.9064141430519197,False
omit_rank_04,Cirsium oleraceum,taxon_cyclic_doy_by_hemisphere,orientation_angle_degrees_median,chelsa_bio12,ok,0.002549694876203723,0.011138641851055783,0.2289053647920324,0.818942470768036,-0.019281641988556173,0.024381031740963618,35558,141,0.8423408270756941,False
omit_rank_04,Cirsium oleraceum,taxon_cyclic_doy_by_hemisphere,orientation_angle_degrees_median,chelsa_bio15,ok,-0.011803765313521914,0.004649683707175672,-2.538616830066448,0.011129163762175338,-0.020916977919088912,-0.002690552707954914,35558,141,0.021086836602016427,True
omit_rank_04,Cirsium oleraceum,taxon_cyclic_doy_by_hemisphere,corolla_lab_lightness_median,chelsa_bio01,ok,0.019856369473278974,0.023719274564972345,0.8371406730373638,0.40251350040676814,-0.02663255441348378,0.06634529336004173,38642,142,0.5366846672090242,False
omit_rank_04,Cirsium oleraceum,taxon_cyclic_doy_by_hemisphere,corolla_lab_lightness_median,chelsa_bio04,ok,0.03325687007667782,0.01326050589173319,2.507963900337368,0.01214290720367145,0.007266756112099572,0.059246984041256064,38642,142,0.021857232966608606,True
omit_rank_04,Cirsium oleraceum,taxon_cyclic_doy_by_hemisphere,corolla_lab_lightness_median,chelsa_bio12,ok,-0.006311027165649912,0.010068032791718659,-0.6268381615563442,0.5307653257592289,-0.026044008832586736,0.013421954501286915,38642,142,0.6163726363655561,False
omit_rank_04,Cirsium oleraceum,taxon_cyclic_doy_by_hemisphere,corolla_lab_lightness_median,chelsa_bio15,ok,-0.027205356449968222,0.015245489827204741,-1.7844855598815692,0.07434479916489868,-0.05708596743796129,0.002675254538024842,38642,142,0.12165512590619783,False
omit_rank_04,Cirsium oleraceum,taxon_cyclic_doy_by_hemisphere,corolla_lab_chroma_median,chelsa_bio01,ok,0.013594023553129636,0.026018694930063615,0.5224713841208944,0.6013421654679111,-0.03740168143452995,0.06458972854078923,38642,142,0.6765099361514,False
omit_rank_04,Cirsium oleraceum,taxon_cyclic_doy_by_hemisphere,corolla_lab_chroma_median,chelsa_bio04,ok,-0.03433948528885767,0.008749515007353341,-3.9247301433276918,8.682701588037437e-05,-0.05148821958546293,-0.017190750992252413,38642,142,0.00034730806352149747,True
omit_rank_04,Cirsium oleraceum,taxon_cyclic_doy_by_hemisphere,corolla_lab_chroma_median,chelsa_bio12,ok,0.04336872752591246,0.01415287422565595,3.0643053018371913,0.0021817613470523373,0.015629603765901594,0.07110785128592333,38642,142,0.006041800653375703,True
omit_rank_04,Cirsium oleraceum,taxon_cyclic_doy_by_hemisphere,corolla_lab_chroma_median,chelsa_bio15,ok,0.008106289868614846,0.010239607357323738,0.79166022541059,0.4285588201475171,-0.01196297176757104,0.028175551504800733,38642,142,0.551004197332522,False
omit_rank_04,Cirsium oleraceum,taxon_cyclic_doy_by_hemisphere,corolla_hue_sin_median,chelsa_bio01,ok,-0.0744740562246886,0.014310029887757285,-5.204325693855027,1.947022752304722e-07,-0.10252119942238463,-0.04642691302699257,38637,142,2.3364273027656665e-06,True
omit_rank_04,Cirsium oleraceum,taxon_cyclic_doy_by_hemisphere,corolla_hue_sin_median,chelsa_bio04,ok,0.08441195794505113,0.006095019718419376,13.849333036602827,1.2839874183301544e-43,0.07246593881188769,0.09635797707821457,38637,142,4.622354705988556e-42,True
omit_rank_04,Cirsium oleraceum,taxon_cyclic_doy_by_hemisphere,corolla_hue_sin_median,chelsa_bio12,ok,-0.04211652509084152,0.010396545983172047,-4.051011283844821,5.09967478735896e-05,-0.0624933807814733,-0.021739669400209737,38637,142,0.00025095777522120256,True
omit_rank_04,Cirsium oleraceum,taxon_cyclic_doy_by_hemisphere,corolla_hue_sin_median,chelsa_bio15,ok,0.011011820499491865,0.015088319496256858,0.7298241863332561,0.4654976584491338,-0.01856074230040511,0.040584383299388835,38637,142,0.5777932160959414,False
omit_rank_04,Cirsium oleraceum,taxon_cyclic_doy_by_hemisphere,corolla_hue_cos_median,chelsa_bio01,ok,0.018495412775567106,0.006378565051190455,2.899619683601916,0.0037361567897909085,0.005993655002187929,0.030997170548946282,38637,142,0.008406352777029544,True
omit_rank_04,Cirsium oleraceum,taxon_cyclic_doy_by_hemisphere,corolla_hue_cos_median,chelsa_bio04,ok,-0.03739203171981985,0.009794506885149216,-3.8176533191798554,0.00013472706203625025,-0.056588912461041904,-0.018195150978597797,38637,142,0.0004850174233305009,True
omit_rank_04,Cirsium oleraceum,taxon_cyclic_doy_by_hemisphere,corolla_hue_cos_median,chelsa_bio12,ok,-0.012487860692341353,0.008754033148673995,-1.426526548421048,0.15371640923033406,-0.029645450383212153,0.004669728998529446,38637,142,0.24059959705617506,False
omit_rank_04,Cirsium oleraceum,taxon_cyclic_doy_by_hemisphere,corolla_hue_cos_median,chelsa_bio15,ok,0.0151568621110208,0.004366967738114357,3.470797821273918,0.0005189145458103654,0.006597762622668318,0.02371596159937328,38637,142,0.0015567436374310964,True
omit_rank_04,Cirsium oleraceum,taxon_cyclic_doy_by_hemisphere,shape_aspect_ratio_median,chelsa_bio01,ok,-0.014574710964575735,0.007749095299455661,-1.880827425828605,0.05999539810483296,-0.029762658664277457,0.0006132367351259858,36736,140,0.10284925389399935,False
omit_rank_04,Cirsium oleraceum,taxon_cyclic_doy_by_hemisphere,shape_aspect_ratio_median,chelsa_bio04,ok,0.01769134307049896,0.0043898725996664905,4.030035648834778,5.576839449360056e-05,0.009087350878433419,0.0262953352625645,36736,140,0.00025095777522120256,True
omit_rank_04,Cirsium oleraceum,taxon_cyclic_doy_by_hemisphere,shape_aspect_ratio_median,chelsa_bio12,ok,-0.009772154336349627,0.003345749210487337,-2.9207671351213524,0.0034917070650369916,-0.01632970229020813,-0.0032146063824911256,36736,140,0.00838009695608878,True
omit_rank_04,Cirsium oleraceum,taxon_cyclic_doy_by_hemisphere,shape_aspect_ratio_median,chelsa_bio15,ok,-0.004273852261616837,0.003230900907863026,-1.3228051195304646,0.18590019428269688,-0.010606301678646133,0.0020585971554124578,36736,140,0.2788502914240453,False
omit_rank_04,Cirsium oleraceum,taxon_cyclic_doy_by_hemisphere,shape_circularity_median,chelsa_bio01,ok,-0.03907821059358042,0.00836981502734978,-4.668945546094602,3.0274960402867535e-06,-0.055482746604448116,-0.022673674582712727,36736,140,2.1797971490064624e-05,True
omit_rank_04,Cirsium oleraceum,taxon_cyclic_doy_by_hemisphere,shape_circularity_median,chelsa_bio04,ok,0.03938672908057307,0.011099458378962025,3.548527120496879,0.00038739210225484784,0.017632190409906174,0.06114126775123997,36736,140,0.0012678286982885929,True
omit_rank_04,Cirsium oleraceum,taxon_cyclic_doy_by_hemisphere,shape_circularity_median,chelsa_bio12,ok,-0.008929934662411114,0.0035165379500441303,-2.5394108607015173,0.011103933726399841,-0.01582222239476592,-0.002037646930056307,36736,140,0.021086836602016427,True
omit_rank_04,Cirsium oleraceum,taxon_cyclic_doy_by_hemisphere,shape_circularity_median,chelsa_bio15,ok,-0.00799883358550169,0.009133806959119759,-0.8757392860722943,0.38117178287494624,-0.02590076626711773,0.009903099096114346,36736,140,0.5277763147499256,False
omit_rank_04,Cirsium oleraceum,taxon_cyclic_doy_by_hemisphere,shape_solidity_median,chelsa_bio01,ok,-0.03748480018975413,0.007293200437647645,-5.139691485271246,2.7518992645254383e-07,-0.05177921037957527,-0.023190389999932982,36736,140,2.4767093380728945e-06,True
omit_rank_04,Cirsium oleraceum,taxon_cyclic_doy_by_hemisphere,shape_solidity_median,chelsa_bio04,ok,0.026887978529952315,0.009806265757190603,2.7419181975805897,0.006108155126882919,0.0076680508230303306,0.0461079062368743,36736,140,0.012934916739281476,True
omit_rank_04,Cirsium oleraceum,taxon_cyclic_doy_by_hemisphere,shape_solidity_median,chelsa_bio12,ok,0.0012443465660347697,0.004833831626033124,0.2574244744755292,0.7968511114460237,-0.00822978932832084,0.01071848246039038,36736,140,0.8423408270756941,False
omit_rank_04,Cirsium oleraceum,taxon_cyclic_doy_by_hemisphere,shape_solidity_median,chelsa_bio15,ok,-0.005167659348721808,0.007341456231780532,-0.7039011315427388,0.48149434674661784,-0.01955664915708879,0.009221330459645174,36736,140,0.5777932160959414,False
omit_rank_04,Cirsium oleraceum,taxon_cyclic_doy_by_hemisphere,shape_width_cv_median,chelsa_bio01,ok,0.04473340148099335,0.004442812790548709,10.068711780103738,7.596653694141728e-24,0.03602564842146398,0.053441154540522715,36736,140,1.367397664945511e-22,True
omit_rank_04,Cirsium oleraceum,taxon_cyclic_doy_by_hemisphere,shape_width_cv_median,chelsa_bio04,ok,-0.03288261653169819,0.011133094437782369,-2.9535918082311863,0.003140991643777286,-0.05470308066623483,-0.011062152397161545,36736,140,0.008076835655427307,True
omit_rank_04,Cirsium oleraceum,taxon_cyclic_doy_by_hemisphere,shape_width_cv_median,chelsa_bio12,ok,-0.0049133293507039495,0.005131084096048658,-0.9575616494938376,0.33828384536805867,-0.014970069380605579,0.00514341067919768,36736,140,0.4871287373300045,False
omit_rank_04,Cirsium oleraceum,taxon_cyclic_doy_by_hemisphere,shape_width_cv_median,chelsa_bio15,ok,0.003739985210482231,0.009211782758200886,0.40600015313568594,0.6847424878952302,-0.014314777228998547,0.021794747649963007,36736,140,0.7469918049766148,False
omit_rank_05,Cirsium heterophyllum,hemisphere_phase_aligned_cyclic_doy,orientation_angle_degrees_median,chelsa_bio01,ok,0.012759246187004473,0.00378554230645644,3.3705200349347337,0.0007502645016369181,0.005339719604397162,0.02017877276961178,35558,141,0.0030010580065476726,True
omit_rank_05,Cirsium heterophyllum,hemisphere_phase_aligned_cyclic_doy,orientation_angle_degrees_median,chelsa_bio04,ok,0.0034395096487809776,0.012845900966015275,0.2677515308486684,0.7888905815777438,-0.02173799359357725,0.028617012891139205,35558,141,0.7888905815777438,False
omit_rank_05,Cirsium heterophyllum,hemisphere_phase_aligned_cyclic_doy,orientation_angle_degrees_median,chelsa_bio12,ok,0.0035608309009193245,0.010975721024972926,0.32442797086564146,0.7456140462533788,-0.017951187012386655,0.025072848814225307,35558,141,0.7888905815777438,False
omit_rank_05,Cirsium heterophyllum,hemisphere_phase_aligned_cyclic_doy,orientation_angle_degrees_median,chelsa_bio15,ok,-0.010606091046280278,0.005104751568463831,-2.0776899529847173,0.03773792501857685,-0.020611220270493738,-0.000600961822066818,35558,141,0.06792826503343832,False
omit_rank_05,Cirsium heterophyllum,hemisphere_phase_aligned_cyclic_doy,corolla_lab_lightness_median,chelsa_bio01,ok,0.011055119886120202,0.030891570047708615,0.35786850163480816,0.7204417237626739,-0.049491244833284966,0.07160148460552537,38714,142,0.785936425922917,False
omit_rank_05,Cirsium heterophyllum,hemisphere_phase_aligned_cyclic_doy,corolla_lab_lightness_median,chelsa_bio04,ok,0.038136834910512486,0.015661515400647745,2.435066718316108,0.014889044115441572,0.007440828781923512,0.06883284103910146,38714,142,0.029778088230883144,True
omit_rank_05,Cirsium heterophyllum,hemisphere_phase_aligned_cyclic_doy,corolla_lab_lightness_median,chelsa_bio12,ok,-0.008922974543041126,0.011692878094607662,-0.7631119105873586,0.4453966573816881,-0.03184059448408948,0.013994645398007224,38714,142,0.5725349467484345,False
omit_rank_05,Cirsium heterophyllum,hemisphere_phase_aligned_cyclic_doy,corolla_lab_lightness_median,chelsa_bio15,ok,-0.0317087620001946,0.01648661827923899,-1.9233029759732057,0.054442011071370366,-0.06402194005436274,0.0006044160539735374,38714,142,0.09332916183663491,False
omit_rank_05,Cirsium heterophyllum,hemisphere_phase_aligned_cyclic_doy,corolla_lab_chroma_median,chelsa_bio01,ok,0.020266652090391246,0.03028250219285848,0.6692528893854329,0.5033341731652949,-0.039085961569366584,0.07961926575014908,38714,142,0.6040010077983539,False
omit_rank_05,Cirsium heterophyllum,hemisphere_phase_aligned_cyclic_doy,corolla_lab_chroma_median,chelsa_bio04,ok,-0.03605040112166852,0.011147572761960486,-3.2339238228330216,0.0012210201889964333,-0.057899242250150765,-0.014201559993186268,38714,142,0.003996066073079236,True
omit_rank_05,Cirsium heterophyllum,hemisphere_phase_aligned_cyclic_doy,corolla_lab_chroma_median,chelsa_bio12,ok,0.04193395729760401,0.015474644495703457,2.709849477268896,0.006731374888199058,0.01160421141246425,0.07226370318274378,38714,142,0.014254676233833299,True
omit_rank_05,Cirsium heterophyllum,hemisphere_phase_aligned_cyclic_doy,corolla_lab_chroma_median,chelsa_bio15,ok,0.011542746798291372,0.009690767607891771,1.1911075845933425,0.2336113527410263,-0.007450808695723872,0.030536302292306618,38714,142,0.35041702911153944,False
omit_rank_05,Cirsium heterophyllum,hemisphere_phase_aligned_cyclic_doy,corolla_hue_sin_median,chelsa_bio01,ok,-0.07871554547762888,0.020508543596448398,-3.8381831019566195,0.00012394804464172518,-0.11891155230203729,-0.03851953865322046,38707,142,0.0006374470867288723,True
omit_rank_05,Cirsium heterophyllum,hemisphere_phase_aligned_cyclic_doy,corolla_hue_sin_median,chelsa_bio04,ok,0.08354265443669724,0.012855663426089778,6.4985097748555365,8.11195254394083e-11,0.058346017124192476,0.10873929174920201,38707,142,1.4601514579093495e-09,True
omit_rank_05,Cirsium heterophyllum,hemisphere_phase_aligned_cyclic_doy,corolla_hue_sin_median,chelsa_bio12,ok,-0.04161781526123941,0.01018524054965795,-4.0860905599953705,4.387026065887995e-05,-0.06158051991244593,-0.021655110610032884,38707,142,0.0003092583746799629,True
omit_rank_05,Cirsium heterophyllum,hemisphere_phase_aligned_cyclic_doy,corolla_hue_sin_median,chelsa_bio15,ok,0.0044623133542275924,0.016129106023379285,0.27666216266167687,0.7820395279823316,-0.027150153554423857,0.036074780262879046,38707,142,0.7888905815777438,False
omit_rank_05,Cirsium heterophyllum,hemisphere_phase_aligned_cyclic_doy,corolla_hue_cos_median,chelsa_bio01,ok,0.02820302474479161,0.0096987162932969,2.907913160041978,0.0036384935977230044,0.009193890113657874,0.04721215937592535,38707,142,0.00873238463453521,True
omit_rank_05,Cirsium heterophyllum,hemisphere_phase_aligned_cyclic_doy,corolla_hue_cos_median,chelsa_bio04,ok,-0.04505816110618262,0.013757242600608885,-3.27523199337841,0.0010557523534622775,-0.07202186112995618,-0.01809446108240905,38707,142,0.003800708472464199,True
omit_rank_05,Cirsium heterophyllum,hemisphere_phase_aligned_cyclic_doy,corolla_hue_cos_median,chelsa_bio12,ok,-0.008174611554142591,0.009231850736598502,-0.885479172852674,0.3758982477163566,-0.026268706508525225,0.009919483400240042,38707,142,0.5011976636218088,False
omit_rank_05,Cirsium heterophyllum,hemisphere_phase_aligned_cyclic_doy,corolla_hue_cos_median,chelsa_bio15,ok,0.01937956850241908,0.004786830760472264,4.0485175833764195,5.1543062446660484e-05,0.009997552611804962,0.028761584393033196,38707,142,0.0003092583746799629,True
omit_rank_05,Cirsium heterophyllum,hemisphere_phase_aligned_cyclic_doy,shape_aspect_ratio_median,chelsa_bio01,ok,-0.014488676616905845,0.006648178797477707,-2.179345209909636,0.02930603305947669,-0.027518867622744955,-0.0014584856110667326,36727,140,0.05552722053374531,False
omit_rank_05,Cirsium heterophyllum,hemisphere_phase_aligned_cyclic_doy,shape_aspect_ratio_median,chelsa_bio04,ok,0.016198545505460554,0.003966596964202941,4.083738693808923,4.431686283004963e-05,0.008424158314436877,0.02397293269648423,36727,140,0.0003092583746799629,True
omit_rank_05,Cirsium heterophyllum,hemisphere_phase_aligned_cyclic_doy,shape_aspect_ratio_median,chelsa_bio12,ok,-0.012992337032447433,0.004201051801399192,-3.0926390929338785,0.001983852403497785,-0.021226247260376967,-0.004758426804517902,36727,140,0.0054937451173784815,True
omit_rank_05,Cirsium heterophyllum,hemisphere_phase_aligned_cyclic_doy,shape_aspect_ratio_median,chelsa_bio15,ok,-0.004629117182506942,0.0032831784988268144,-1.409949895858868,0.1585544780302749,-0.01106402879502378,0.0018057944300098943,36727,140,0.2481722264821694,False
omit_rank_05,Cirsium heterophyllum,hemisphere_phase_aligned_cyclic_doy,shape_circularity_median,chelsa_bio01,ok,-0.0344768461013865,0.010778250452629421,-3.198742342545553,0.0013802846899841747,-0.0556018288048927,-0.0133518633978803,36727,140,0.004140854069952524,True
omit_rank_05,Cirsium heterophyllum,hemisphere_phase_aligned_cyclic_doy,shape_circularity_median,chelsa_bio04,ok,0.031829764735764786,0.007205296716271569,4.417550864197487,9.982558368856364e-06,0.017707642673947796,0.045951886797581776,36727,140,0.00011979070042627636,True
omit_rank_05,Cirsium heterophyllum,hemisphere_phase_aligned_cyclic_doy,shape_circularity_median,chelsa_bio12,ok,-0.00736988764036621,0.004004380815039262,-1.8404562355026541,0.06570128383933985,-0.01521832981822631,0.0004785545374938905,36727,140,0.10751119173710155,False
omit_rank_05,Cirsium heterophyllum,hemisphere_phase_aligned_cyclic_doy,shape_circularity_median,chelsa_bio15,ok,-0.007608156128076363,0.008333507771044132,-0.9129596248187231,0.36126377669088383,-0.023941531224207523,0.008725218968054796,36727,140,0.5011976636218088,False
omit_rank_05,Cirsium heterophyllum,hemisphere_phase_aligned_cyclic_doy,shape_solidity_median,chelsa_bio01,ok,-0.03232070194521333,0.009455621510811512,-3.418146750930967,0.0006304910208761221,-0.05085337955784611,-0.013788024332580556,36727,140,0.0028372095939425495,True
omit_rank_05,Cirsium heterophyllum,hemisphere_phase_aligned_cyclic_doy,shape_solidity_median,chelsa_bio04,ok,0.019511831363950054,0.006581980708339303,2.964431563773616,0.003032426840258643,0.006611386228667587,0.03241227649923252,36727,140,0.007797669017807939,True
omit_rank_05,Cirsium heterophyllum,hemisphere_phase_aligned_cyclic_doy,shape_solidity_median,chelsa_bio12,ok,0.0036689648748424604,0.004979202059580231,0.7368580007278859,0.4612087071029056,-0.006090091833682452,0.013428021583367374,36727,140,0.5725349467484345,False
omit_rank_05,Cirsium heterophyllum,hemisphere_phase_aligned_cyclic_doy,shape_solidity_median,chelsa_bio15,ok,-0.005831801642537694,0.006429661943242717,-0.907015282299041,0.3643987157706734,-0.018433707484061236,0.006770104198985849,36727,140,0.5011976636218088,False
omit_rank_05,Cirsium heterophyllum,hemisphere_phase_aligned_cyclic_doy,shape_width_cv_median,chelsa_bio01,ok,0.04198602985625665,0.004984407653487054,8.423474317331076,3.6548123200694325e-17,0.03221677037115622,0.05175528934135708,36727,140,1.3157324352249957e-15,True
omit_rank_05,Cirsium heterophyllum,hemisphere_phase_aligned_cyclic_doy,shape_width_cv_median,chelsa_bio04,ok,-0.02790663075874364,0.009736235330733109,-2.8662650203877473,0.00415346376056737,-0.04698930135198695,-0.008823960165500324,36727,140,0.009345293461276582,True
omit_rank_05,Cirsium heterophyllum,hemisphere_phase_aligned_cyclic_doy,shape_width_cv_median,chelsa_bio12,ok,-0.0035853822830030427,0.005805066212847743,-0.6176298687287826,0.5368193509389128,-0.014963102988054948,0.007792338422048862,36727,140,0.6234031172193825,False
omit_rank_05,Cirsium heterophyllum,hemisphere_phase_aligned_cyclic_doy,shape_width_cv_median,chelsa_bio15,ok,0.003853606037892355,0.008488452490154933,0.4539821648718468,0.6498416637054404,-0.01278345512729065,0.02049066720307536,36727,140,0.7310718716686204,False
omit_rank_05,Cirsium heterophyllum,taxon_cyclic_doy_by_hemisphere,orientation_angle_degrees_median,chelsa_bio01,ok,0.016237302869151482,0.003865387398662318,4.200692244914617,2.6610010477539576e-05,0.008661282781478371,0.023813322956824593,35558,141,0.0001368514824559178,True
omit_rank_05,Cirsium heterophyllum,taxon_cyclic_doy_by_hemisphere,orientation_angle_degrees_median,chelsa_bio04,ok,2.8634866631925115e-05,0.015487717405141469,0.0018488758467673989,0.9985248113474728,-0.030326733450179496,0.030384003183443347,35558,141,0.9985248113474728,False
omit_rank_05,Cirsium heterophyllum,taxon_cyclic_doy_by_hemisphere,orientation_angle_degrees_median,chelsa_bio12,ok,0.004576599497338999,0.011066908067493112,0.41353912668542614,0.6792116620875447,-0.01711414173516327,0.02626734072984127,35558,141,0.727728891078652,False
omit_rank_05,Cirsium heterophyllum,taxon_cyclic_doy_by_hemisphere,orientation_angle_degrees_median,chelsa_bio15,ok,-0.01036552338385177,0.004735918446111896,-2.1887039445034526,0.0286183651058803,-0.019647752971949983,-0.0010832937957535559,35558,141,0.0542242707269311,False
omit_rank_05,Cirsium heterophyllum,taxon_cyclic_doy_by_hemisphere,corolla_lab_lightness_median,chelsa_bio01,ok,0.023753107471459305,0.024570630674083698,0.9667276264305787,0.33368021268722914,-0.024404443727179856,0.07191065867009847,38714,142,0.48049950626960997,False
omit_rank_05,Cirsium heterophyllum,taxon_cyclic_doy_by_hemisphere,corolla_lab_lightness_median,chelsa_bio04,ok,0.027253397240065147,0.015326520806183254,1.77818551155264,0.07537339170358477,-0.0027860315483578257,0.05729282602848812,38714,142,0.12333827733313871,False
omit_rank_05,Cirsium heterophyllum,taxon_cyclic_doy_by_hemisphere,corolla_lab_lightness_median,chelsa_bio12,ok,-0.0038911123769946477,0.010289053005754558,-0.3781798358720079,0.7052970037274472,-0.024057285703297168,0.016275060949307876,38714,142,0.727728891078652,False
omit_rank_05,Cirsium heterophyllum,taxon_cyclic_doy_by_hemisphere,corolla_lab_lightness_median,chelsa_bio15,ok,-0.029183053703715614,0.015019104866048037,-1.9430621174825395,0.05200865345280005,-0.05861995832120004,0.0002538509137688105,38714,142,0.09361557621504009,False
omit_rank_05,Cirsium heterophyllum,taxon_cyclic_doy_by_hemisphere,corolla_lab_chroma_median,chelsa_bio01,ok,0.011283853188948017,0.026162147083373385,0.4313045543620215,0.6662469392482863,-0.03999301285270343,0.06256071923059947,38714,142,0.727728891078652,False
omit_rank_05,Cirsium heterophyllum,taxon_cyclic_doy_by_hemisphere,corolla_lab_chroma_median,chelsa_bio04,ok,-0.02885999448655184,0.00747918157834635,-3.858710232427971,0.00011398699001877818,-0.043518921013946124,-0.014201067959157558,38714,142,0.00045594796007511273,True
omit_rank_05,Cirsium heterophyllum,taxon_cyclic_doy_by_hemisphere,corolla_lab_chroma_median,chelsa_bio12,ok,0.041499109836722316,0.014777471781115445,2.8082685896078123,0.004980866551642962,0.012535797363179078,0.07046242231026556,38714,142,0.011954079723943108,True
omit_rank_05,Cirsium heterophyllum,taxon_cyclic_doy_by_hemisphere,corolla_lab_chroma_median,chelsa_bio15,ok,0.009261630763087923,0.010337899035460073,0.8958910056404654,0.370310978379336,-0.011000279022225185,0.02952354054840103,38714,142,0.493747971172448,False
omit_rank_05,Cirsium heterophyllum,taxon_cyclic_doy_by_hemisphere,corolla_hue_sin_median,chelsa_bio01,ok,-0.07003504372246326,0.016276669470023465,-4.302787118178317,1.6866288968841813e-05,-0.1019367296719719,-0.038133357772954624,38707,142,0.00011737310801793236,True
omit_rank_05,Cirsium heterophyllum,taxon_cyclic_doy_by_hemisphere,corolla_hue_sin_median,chelsa_bio04,ok,0.07868663469479768,0.008496270828084542,9.261314320948658,2.019310231052944e-20,0.06203424986885368,0.09533901952074168,38707,142,3.634758415895299e-19,True
omit_rank_05,Cirsium heterophyllum,taxon_cyclic_doy_by_hemisphere,corolla_hue_sin_median,chelsa_bio12,ok,-0.03912419982182977,0.01144255574229557,-3.419183677402894,0.0006280931301088117,-0.061551196967821076,-0.016697202675838466,38707,142,0.002055577516719747,True
omit_rank_05,Cirsium heterophyllum,taxon_cyclic_doy_by_hemisphere,corolla_hue_sin_median,chelsa_bio15,ok,0.009199554144176803,0.015352220605264639,0.5992328003039546,0.5490176527768134,-0.020890245324855596,0.039289353613209205,38707,142,0.658821183332176,False
omit_rank_05,Cirsium heterophyllum,taxon_cyclic_doy_by_hemisphere,corolla_hue_cos_median,chelsa_bio01,ok,0.017503751367790667,0.006806595107930008,2.5715869814847605,0.010123358175322233,0.0041630700989013295,0.030844432636680005,38707,142,0.02143769966538826,True
omit_rank_05,Cirsium heterophyllum,taxon_cyclic_doy_by_hemisphere,corolla_hue_cos_median,chelsa_bio04,ok,-0.03490796326078936,0.010318756539203307,-3.3829621939587446,0.0007170850295630956,-0.05513235444286502,-0.014683572078713712,38707,142,0.0021512550886892867,True
omit_rank_05,Cirsium heterophyllum,taxon_cyclic_doy_by_hemisphere,corolla_hue_cos_median,chelsa_bio12,ok,-0.013682336191812375,0.008573438579585336,-1.59589831603764,0.11051149757274926,-0.03048596703146587,0.003121294647841121,38707,142,0.17297451793995539,False
omit_rank_05,Cirsium heterophyllum,taxon_cyclic_doy_by_hemisphere,corolla_hue_cos_median,chelsa_bio15,ok,0.016968879852166076,0.004109940623693309,4.128740876289682,3.647551881961847e-05,0.008913544251129104,0.025024215453203047,38707,142,0.00016413983468828314,True
omit_rank_05,Cirsium heterophyllum,taxon_cyclic_doy_by_hemisphere,shape_aspect_ratio_median,chelsa_bio01,ok,-0.013479571503455287,0.007421393097853856,-1.8163128304513818,0.06932239819051307,-0.028025234690362985,0.0010660916834524126,36727,140,0.1188383968980224,False
omit_rank_05,Cirsium heterophyllum,taxon_cyclic_doy_by_hemisphere,shape_aspect_ratio_median,chelsa_bio04,ok,0.01601990575435986,0.003751883573238594,4.26983019106097,1.956218466965539e-05,0.00866634907662477,0.02337346243209495,36727,140,0.00011737310801793236,True
omit_rank_05,Cirsium heterophyllum,taxon_cyclic_doy_by_hemisphere,shape_aspect_ratio_median,chelsa_bio12,ok,-0.012175252298758757,0.003944539573852099,-3.086609240649304,0.002024535416748973,-0.019906407799101845,-0.004444096798415669,36727,140,0.005606405769458695,True
omit_rank_05,Cirsium heterophyllum,taxon_cyclic_doy_by_hemisphere,shape_aspect_ratio_median,chelsa_bio15,ok,-0.004342934246531543,0.0031954328217983236,-1.3591067278602431,0.17411277122444757,-0.010605867492273454,0.0019199989992103681,36727,140,0.26116915683667136,False
omit_rank_05,Cirsium heterophyllum,taxon_cyclic_doy_by_hemisphere,shape_circularity_median,chelsa_bio01,ok,-0.03916176158292684,0.008357826912772651,-4.68563922077386,2.790875095316038e-06,-0.05554280132098083,-0.022780721844872856,36727,140,2.5117875857844344e-05,True
omit_rank_05,Cirsium heterophyllum,taxon_cyclic_doy_by_hemisphere,shape_circularity_median,chelsa_bio04,ok,0.039500117362933504,0.011175699923661644,3.5344647433940364,0.00040860194276964905,0.01759614801052965,0.061404086715337355,36727,140,0.0014709669939707364,True
omit_rank_05,Cirsium heterophyllum,taxon_cyclic_doy_by_hemisphere,shape_circularity_median,chelsa_bio12,ok,-0.008222547213925154,0.003744022718602839,-2.196179839686862,0.02807907377081953,-0.01556069689968646,-0.0008843975281638472,36727,140,0.0542242707269311,False
omit_rank_05,Cirsium heterophyllum,taxon_cyclic_doy_by_hemisphere,shape_circularity_median,chelsa_bio15,ok,-0.008396683277561769,0.009068693935095472,-0.9258977464292791,0.3544991225755143,-0.026170996777165716,0.009377630222042176,36727,140,0.49084493895071213,False
omit_rank_05,Cirsium heterophyllum,taxon_cyclic_doy_by_hemisphere,shape_solidity_median,chelsa_bio01,ok,-0.03732062106213171,0.007281250716130327,-5.1255783542042375,2.966257723817174e-07,-0.051591610228153624,-0.02304963189610979,36727,140,3.559509268580609e-06,True
omit_rank_05,Cirsium heterophyllum,taxon_cyclic_doy_by_hemisphere,shape_solidity_median,chelsa_bio04,ok,0.02651987335093332,0.009881534730409872,2.683780816892733,0.007279481274851093,0.007152421167348259,0.04588732553451838,36727,140,0.01637883286841496,True
omit_rank_05,Cirsium heterophyllum,taxon_cyclic_doy_by_hemisphere,shape_solidity_median,chelsa_bio12,ok,0.0023254762335973792,0.004900458641623229,0.474542569106774,0.6351130493123543,-0.0072792462117122255,0.011930198678906984,36727,140,0.727728891078652,False
omit_rank_05,Cirsium heterophyllum,taxon_cyclic_doy_by_hemisphere,shape_solidity_median,chelsa_bio15,ok,-0.00624452082222547,0.007195754164930698,-0.8678063034252659,0.3855003787105963,-0.02034793982709373,0.00785889818264279,36727,140,0.4956433440564809,False
omit_rank_05,Cirsium heterophyllum,taxon_cyclic_doy_by_hemisphere,shape_width_cv_median,chelsa_bio01,ok,0.04450402013319467,0.004353482540352832,10.222625155994724,1.5702966195276007e-24,0.03597135114677918,0.05303668911961016,36727,140,5.653067830299363e-23,True
omit_rank_05,Cirsium heterophyllum,taxon_cyclic_doy_by_hemisphere,shape_width_cv_median,chelsa_bio04,ok,-0.032927132824080475,0.011193573965166199,-2.941610331655282,0.003265105050515775,-0.05486613465409143,-0.01098813099406952,36727,140,0.008395984415611993,True
omit_rank_05,Cirsium heterophyllum,taxon_cyclic_doy_by_hemisphere,shape_width_cv_median,chelsa_bio12,ok,-0.003494218825046338,0.005384363064599582,-0.6489567629678761,0.5163663234711673,-0.01404737651134923,0.0070589388612565555,36727,140,0.6410064705159317,False
omit_rank_05,Cirsium heterophyllum,taxon_cyclic_doy_by_hemisphere,shape_width_cv_median,chelsa_bio15,ok,0.003407291054382232,0.00908134651099327,0.3751966792873274,0.7075141996598006,-0.014391821038293059,0.02120640314705752,36727,140,0.727728891078652,False
omit_rank_06,Cirsium horridulum,hemisphere_phase_aligned_cyclic_doy,orientation_angle_degrees_median,chelsa_bio01,ok,0.012194959525650492,0.0035913280420817113,3.395668505565337,0.000684612189429681,0.00515608590650159,0.019233833144799393,35992,141,0.002464603881946851,True
omit_rank_06,Cirsium horridulum,hemisphere_phase_aligned_cyclic_doy,orientation_angle_degrees_median,chelsa_bio04,ok,0.005196330723076162,0.012680227157175237,0.4097979207048957,0.6819541916443546,-0.01965645782077402,0.03004911926692634,35992,141,0.7439500272483868,False
omit_rank_06,Cirsium horridulum,hemisphere_phase_aligned_cyclic_doy,orientation_angle_degrees_median,chelsa_bio12,ok,0.0011761505627101733,0.010850937063017515,0.10839161225243528,0.9136850543888627,-0.020091295279314986,0.022443596404735335,35992,141,0.9136850543888627,False
omit_rank_06,Cirsium horridulum,hemisphere_phase_aligned_cyclic_doy,orientation_angle_degrees_median,chelsa_bio15,ok,-0.01183760141940614,0.004995132664591273,-2.3698272326816676,0.017796398996677218,-0.021627881540004626,-0.0020473212988076517,35992,141,0.03203351819401899,True
omit_rank_06,Cirsium horridulum,hemisphere_phase_aligned_cyclic_doy,corolla_lab_lightness_median,chelsa_bio01,ok,0.0037418668433226014,0.028832882129730897,0.12977775952075885,0.8967422594164484,-0.052769543701438486,0.06025327738808369,39083,142,0.9136850543888627,False
omit_rank_06,Cirsium horridulum,hemisphere_phase_aligned_cyclic_doy,corolla_lab_lightness_median,chelsa_bio04,ok,0.043122975870299216,0.01460594765605414,2.9524257436609953,0.0031528789177310496,0.01449584450435588,0.07175010723624255,39083,142,0.0075669094025545185,True
omit_rank_06,Cirsium horridulum,hemisphere_phase_aligned_cyclic_doy,corolla_lab_lightness_median,chelsa_bio12,ok,-0.009281331357677074,0.011614863447652739,-0.7990908717530165,0.4242377222350354,-0.032046045400427166,0.01348338268507302,39083,142,0.5337379671912749,False
omit_rank_06,Cirsium horridulum,hemisphere_phase_aligned_cyclic_doy,corolla_lab_lightness_median,chelsa_bio15,ok,-0.037573118279683786,0.01505834380528554,-2.4951693735731726,0.012589702014001053,-0.06708692980486528,-0.0080593067545023,39083,142,0.023854172237054626,True
omit_rank_06,Cirsium horridulum,hemisphere_phase_aligned_cyclic_doy,corolla_lab_chroma_median,chelsa_bio01,ok,0.023663304513235485,0.028985684314676637,0.8163790185644776,0.41428339296114136,-0.03314759281077828,0.08047420183724925,39083,142,0.5337379671912749,False
omit_rank_06,Cirsium horridulum,hemisphere_phase_aligned_cyclic_doy,corolla_lab_chroma_median,chelsa_bio04,ok,-0.04059985257758149,0.011125229947417808,-3.649349520816404,0.0002629051914597613,-0.06240490259424683,-0.018794802560916146,39083,142,0.001183073361568926,True
omit_rank_06,Cirsium horridulum,hemisphere_phase_aligned_cyclic_doy,corolla_lab_chroma_median,chelsa_bio12,ok,0.04267188048298298,0.01467411807305061,2.9079690016499846,0.003637843955024477,0.013911137554915489,0.07143262341105047,39083,142,0.00770366955181654,True
omit_rank_06,Cirsium horridulum,hemisphere_phase_aligned_cyclic_doy,corolla_lab_chroma_median,chelsa_bio15,ok,0.009817786793659767,0.009433523003645597,1.0407338583756747,0.2979990845615431,-0.008671578540815716,0.028307152128135248,39083,142,0.4469986268423147,False
omit_rank_06,Cirsium horridulum,hemisphere_phase_aligned_cyclic_doy,corolla_hue_sin_median,chelsa_bio01,ok,-0.07992104479231482,0.020005967316138337,-3.994860309895859,6.473240795713994e-05,-0.11913202020783141,-0.04071006937679823,39076,142,0.0003451490372266615,True
omit_rank_06,Cirsium horridulum,hemisphere_phase_aligned_cyclic_doy,corolla_hue_sin_median,chelsa_bio04,ok,0.08525603778878468,0.012515445652120203,6.812065679366497,9.620716166181354e-12,0.060726215060160675,0.10978586051740868,39076,142,1.7317289099126438e-10,True
omit_rank_06,Cirsium horridulum,hemisphere_phase_aligned_cyclic_doy,corolla_hue_sin_median,chelsa_bio12,ok,-0.04258329546411127,0.009857434608141938,-4.31991660679532,1.5608817472142164e-05,-0.061903512276028166,-0.02326307865219437,39076,142,0.00011238348579942357,True
omit_rank_06,Cirsium horridulum,hemisphere_phase_aligned_cyclic_doy,corolla_hue_sin_median,chelsa_bio15,ok,0.008199679655915634,0.01594838641898377,0.5141385116023617,0.6071551536679632,-0.02305858333682028,0.03945794264865155,39076,142,0.6830495478764587,False
omit_rank_06,Cirsium horridulum,hemisphere_phase_aligned_cyclic_doy,corolla_hue_cos_median,chelsa_bio01,ok,0.0294485465525433,0.008900089163892295,3.3087923064879163,0.0009369931757054571,0.012004692332119198,0.0468924007729674,39076,142,0.0028202711144951985,True
omit_rank_06,Cirsium horridulum,hemisphere_phase_aligned_cyclic_doy,corolla_hue_cos_median,chelsa_bio04,ok,-0.04643091005403401,0.013220636071518256,-3.51200273593961,0.0004447434205618423,-0.0723428806069209,-0.020518939501147124,39076,142,0.0017789736822473692,True
omit_rank_06,Cirsium horridulum,hemisphere_phase_aligned_cyclic_doy,corolla_hue_cos_median,chelsa_bio12,ok,-0.0073922350963256545,0.00906091826478396,-0.8158373004043324,0.41459319646740345,-0.025151308562163376,0.010366838369512068,39076,142,0.5337379671912749,False
omit_rank_06,Cirsium horridulum,hemisphere_phase_aligned_cyclic_doy,corolla_hue_cos_median,chelsa_bio15,ok,0.020140853259727445,0.004305112617835133,4.678356885784667,2.891829007671723e-06,0.011702987579381634,0.028578718940073255,39076,142,3.4701948092060676e-05,True
omit_rank_06,Cirsium horridulum,hemisphere_phase_aligned_cyclic_doy,shape_aspect_ratio_median,chelsa_bio01,ok,-0.01617704999503417,0.007034026146009174,-2.2998279590149635,0.021457968794891324,-0.02996348790752523,-0.002390612082543108,37130,140,0.03678508936267084,True
omit_rank_06,Cirsium horridulum,hemisphere_phase_aligned_cyclic_doy,shape_aspect_ratio_median,chelsa_bio04,ok,0.017791910308181506,0.004463266892099702,3.986297646612719,6.711231279407306e-05,0.00904406794627607,0.02653975267008694,37130,140,0.0003451490372266615,True
omit_rank_06,Cirsium horridulum,hemisphere_phase_aligned_cyclic_doy,shape_aspect_ratio_median,chelsa_bio12,ok,-0.012782673775517311,0.004076596138247207,-3.135624266428661,0.0017148875814192786,-0.020772655385996902,-0.004792692165037719,37130,140,0.00472830412041184,True
omit_rank_06,Cirsium horridulum,hemisphere_phase_aligned_cyclic_doy,shape_aspect_ratio_median,chelsa_bio15,ok,-0.0039026582358496417,0.0033123844578175285,-1.1782020733248562,0.23871605621834735,-0.010394812476122232,0.0025894960044229483,37130,140,0.3736425227765437,False
omit_rank_06,Cirsium horridulum,hemisphere_phase_aligned_cyclic_doy,shape_circularity_median,chelsa_bio01,ok,-0.033082225338394736,0.010619933898099341,-3.115106520984607,0.0018387849357157156,-0.05389691329686551,-0.012267537379923962,37130,140,0.00472830412041184,True
omit_rank_06,Cirsium horridulum,hemisphere_phase_aligned_cyclic_doy,shape_circularity_median,chelsa_bio04,ok,0.030018524691290564,0.0068682717368046976,4.37060818814603,1.239009460042909e-05,0.016556959451118992,0.043480089931462136,37130,140,0.00011151085140386182,True
omit_rank_06,Cirsium horridulum,hemisphere_phase_aligned_cyclic_doy,shape_circularity_median,chelsa_bio12,ok,-0.0064826499385416195,0.003918273503753312,-1.654465910134117,0.09803288426274792,-0.01416232488747568,0.0011970250103924412,37130,140,0.16041744697540566,False
omit_rank_06,Cirsium horridulum,hemisphere_phase_aligned_cyclic_doy,shape_circularity_median,chelsa_bio15,ok,-0.006105249639550099,0.008452260736491237,-0.722321498340875,0.470096838360759,-0.02267137627101492,0.01046087699191472,37130,140,0.5641162060329108,False
omit_rank_06,Cirsium horridulum,hemisphere_phase_aligned_cyclic_doy,shape_solidity_median,chelsa_bio01,ok,-0.030665568230511964,0.009270492731572953,-3.3078682135279385,0.0009400903714983995,-0.0488354001033353,-0.012495736357688629,37130,140,0.0028202711144951985,True
omit_rank_06,Cirsium horridulum,hemisphere_phase_aligned_cyclic_doy,shape_solidity_median,chelsa_bio04,ok,0.018435549605690035,0.006335609581326318,2.909830438420209,0.0036162488890900068,0.006017983006183562,0.03085311620519651,37130,140,0.00770366955181654,True
omit_rank_06,Cirsium horridulum,hemisphere_phase_aligned_cyclic_doy,shape_solidity_median,chelsa_bio12,ok,0.004446009183793198,0.004711437985374488,0.9436628896729088,0.3453419436002967,-0.00478823958293475,0.013680257950521146,37130,140,0.49729239878442727,False
omit_rank_06,Cirsium horridulum,hemisphere_phase_aligned_cyclic_doy,shape_solidity_median,chelsa_bio15,ok,-0.004293393286276102,0.006546112539662894,-0.6558691529151742,0.5119083173148137,-0.0171235381027614,0.008536751530209195,37130,140,0.5944741749462352,False
omit_rank_06,Cirsium horridulum,hemisphere_phase_aligned_cyclic_doy,shape_width_cv_median,chelsa_bio01,ok,0.0411117616976261,0.004986623645365941,8.244408365534298,1.6597939699809578e-16,0.03133815894825302,0.050885364446999176,37130,140,5.975258291931448e-15,True
omit_rank_06,Cirsium horridulum,hemisphere_phase_aligned_cyclic_doy,shape_width_cv_median,chelsa_bio04,ok,-0.026624016284842934,0.009288713228383828,-2.866276052477005,0.004153319009026181,-0.044829559675196015,-0.008418472894489857,37130,140,0.008306638018052362,True
omit_rank_06,Cirsium horridulum,hemisphere_phase_aligned_cyclic_doy,shape_width_cv_median,chelsa_bio12,ok,-0.004433889165685198,0.005617725640754135,-0.7892676590539198,0.42995558468186035,-0.0154444290965905,0.006576650765220104,37130,140,0.5337379671912749,False
omit_rank_06,Cirsium horridulum,hemisphere_phase_aligned_cyclic_doy,shape_width_cv_median,chelsa_bio15,ok,0.0019140188758823742,0.008350697217905139,0.22920467907499179,0.8187098360063619,-0.014453046917010527,0.018281084668775274,37130,140,0.8668692381243832,False
omit_rank_06,Cirsium horridulum,taxon_cyclic_doy_by_hemisphere,orientation_angle_degrees_median,chelsa_bio01,ok,0.015619928113556468,0.0037512083188486313,4.163972455240965,3.127578624597917e-05,0.008267694910106108,0.02297216131700683,35992,141,0.00016084690069360718,True
omit_rank_06,Cirsium horridulum,taxon_cyclic_doy_by_hemisphere,orientation_angle_degrees_median,chelsa_bio04,ok,0.002006484697112253,0.015146705684581568,0.13247003928746917,0.8946125193374319,-0.027680512929095725,0.031693482323320234,35992,141,0.8946125193374319,False
omit_rank_06,Cirsium horridulum,taxon_cyclic_doy_by_hemisphere,orientation_angle_degrees_median,chelsa_bio12,ok,0.0021335124539736427,0.010957709256638179,0.1947042400929885,0.8456244923273968,-0.019343203042098356,0.023610227950045644,35992,141,0.8946125193374319,False
omit_rank_06,Cirsium horridulum,taxon_cyclic_doy_by_hemisphere,orientation_angle_degrees_median,chelsa_bio15,ok,-0.011605754914269349,0.004639891123542123,-2.5012989756124795,0.012373866855017634,-0.020699774408598996,-0.002511735419939702,35992,141,0.023445221409507094,True
omit_rank_06,Cirsium horridulum,taxon_cyclic_doy_by_hemisphere,corolla_lab_lightness_median,chelsa_bio01,ok,0.0162266182216444,0.022511275909741904,0.720821791119455,0.4710191664131923,-0.027894671807493877,0.06034790825078268,39083,142,0.5847134479612042,False
omit_rank_06,Cirsium horridulum,taxon_cyclic_doy_by_hemisphere,corolla_lab_lightness_median,chelsa_bio04,ok,0.032593072982693275,0.014120987142961564,2.3081299241136195,0.02099191127355397,0.004916446756335454,0.06026969920905109,39083,142,0.037785440292397145,True
omit_rank_06,Cirsium horridulum,taxon_cyclic_doy_by_hemisphere,corolla_lab_lightness_median,chelsa_bio12,ok,-0.004286770979067007,0.010231325254599927,-0.41898491860961085,0.6752271543472406,-0.024339799992197965,0.01576625803406395,39083,142,0.7366114411060807,False
omit_rank_06,Cirsium horridulum,taxon_cyclic_doy_by_hemisphere,corolla_lab_lightness_median,chelsa_bio15,ok,-0.03503709002650836,0.013571861600762888,-2.5815979456008367,0.00983440807349869,-0.06163744996716575,-0.008436730085850972,39083,142,0.01966881614699738,True
omit_rank_06,Cirsium horridulum,taxon_cyclic_doy_by_hemisphere,corolla_lab_chroma_median,chelsa_bio01,ok,0.015080987319414844,0.02520068821698834,0.5984355343616536,0.5495493614607043,-0.03431145397150521,0.06447342861033489,39083,142,0.6182430316432924,False
omit_rank_06,Cirsium horridulum,taxon_cyclic_doy_by_hemisphere,corolla_lab_chroma_median,chelsa_bio04,ok,-0.03409303620562199,0.008502464102190972,-4.009783022410723,6.077456845804802e-05,-0.05075755962576098,-0.017428512785483,39083,142,0.00024309827383219208,True
omit_rank_06,Cirsium horridulum,taxon_cyclic_doy_by_hemisphere,corolla_lab_chroma_median,chelsa_bio12,ok,0.04226528594900875,0.013988778206473816,3.021370796303637,0.002516330052092461,0.014847784476601261,0.06968278742141625,39083,142,0.0060391921250219065,True
omit_rank_06,Cirsium horridulum,taxon_cyclic_doy_by_hemisphere,corolla_lab_chroma_median,chelsa_bio15,ok,0.007553678284095439,0.010026067955876076,0.7534038585553753,0.4512072648208353,-0.01209705381597279,0.027204410384163668,39083,142,0.5840306654228881,False
omit_rank_06,Cirsium horridulum,taxon_cyclic_doy_by_hemisphere,corolla_hue_sin_median,chelsa_bio01,ok,-0.07138717488294218,0.01584255982970115,-4.506037890992064,6.604929811404632e-06,-0.10243802157207745,-0.040336328193806906,39076,142,4.740368672384407e-05,True
omit_rank_06,Cirsium horridulum,taxon_cyclic_doy_by_hemisphere,corolla_hue_sin_median,chelsa_bio04,ok,0.08058034174041154,0.008234809006865408,9.785332200568494,1.301671254356768e-22,0.06444041266738929,0.09672027081343379,39076,142,4.686016515684365e-21,True
omit_rank_06,Cirsium horridulum,taxon_cyclic_doy_by_hemisphere,corolla_hue_sin_median,chelsa_bio12,ok,-0.040168475723531175,0.011070723656002836,-3.628351404268932,0.0002852368470366967,-0.06186669537209233,-0.01847025607497002,39076,142,0.0009335024084837346,True
omit_rank_06,Cirsium horridulum,taxon_cyclic_doy_by_hemisphere,corolla_hue_sin_median,chelsa_bio15,ok,0.012976415675615098,0.01497830074563057,0.866347651578604,0.3862995419889813,-0.016380514335430252,0.04233334568666045,39076,142,0.5562713404641331,False
omit_rank_06,Cirsium horridulum,taxon_cyclic_doy_by_hemisphere,corolla_hue_cos_median,chelsa_bio01,ok,0.01893604978183378,0.005958941287308368,3.1777540453645123,0.0014842059884159961,0.007256739472720633,0.03061536009094693,39076,142,0.004110108890998143,True
omit_rank_06,Cirsium horridulum,taxon_cyclic_doy_by_hemisphere,corolla_hue_cos_median,chelsa_bio04,ok,-0.036634152457980906,0.009794259410518454,-3.7403698352769785,0.00018374968514962142,-0.055830548157839575,-0.017437756758122237,39076,142,0.0006614988665386371,True
omit_rank_06,Cirsium horridulum,taxon_cyclic_doy_by_hemisphere,corolla_hue_cos_median,chelsa_bio12,ok,-0.012716572641584508,0.008552674878492079,-1.4868532736540274,0.1370535676024651,-0.029479507374909467,0.004046362091740448,39076,142,0.21451862755168452,False
omit_rank_06,Cirsium horridulum,taxon_cyclic_doy_by_hemisphere,corolla_hue_cos_median,chelsa_bio15,ok,0.01774135767622833,0.003692362564837095,4.804879630505914,1.5484463328126705e-06,0.010504460031283684,0.024978255321172975,39076,142,1.3936016995314036e-05,True
omit_rank_06,Cirsium horridulum,taxon_cyclic_doy_by_hemisphere,shape_aspect_ratio_median,chelsa_bio01,ok,-0.015268685048892908,0.007709514922352056,-1.9804987995580225,0.047647508100805404,-0.030379056634977048,-0.0001583134628087672,37130,140,0.08168144245852355,False
omit_rank_06,Cirsium horridulum,taxon_cyclic_doy_by_hemisphere,shape_aspect_ratio_median,chelsa_bio04,ok,0.017736678957353258,0.004314327305275848,4.111111119377443,3.937596295324243e-05,0.009280752821494853,0.02619260509321166,37130,140,0.00017719183328959094,True
omit_rank_06,Cirsium horridulum,taxon_cyclic_doy_by_hemisphere,shape_aspect_ratio_median,chelsa_bio12,ok,-0.011988668280866543,0.0038279648348313964,-3.1318647892946454,0.001736998501888112,-0.019491341491221895,-0.004485995070511189,37130,140,0.004466567576283716,True
omit_rank_06,Cirsium horridulum,taxon_cyclic_doy_by_hemisphere,shape_aspect_ratio_median,chelsa_bio15,ok,-0.003613098282185114,0.0032050034260628873,-1.1273305522245702,0.2596027495115648,-0.009894789567595855,0.0026685930032256267,37130,140,0.3894041242673472,False
omit_rank_06,Cirsium horridulum,taxon_cyclic_doy_by_hemisphere,shape_circularity_median,chelsa_bio01,ok,-0.03766827083359498,0.008430943348234667,-4.467859559450396,7.900614453974012e-06,-0.05419261615183246,-0.0211439255153575,37130,140,4.740368672384407e-05,True
omit_rank_06,Cirsium horridulum,taxon_cyclic_doy_by_hemisphere,shape_circularity_median,chelsa_bio04,ok,0.037319997226260795,0.01093722598869861,3.4121995161134455,0.0006444092892716598,0.015883428197636038,0.05875656625488555,37130,140,0.0019332278678149794,True
omit_rank_06,Cirsium horridulum,taxon_cyclic_doy_by_hemisphere,shape_circularity_median,chelsa_bio12,ok,-0.007298941388313339,0.0037410375842814782,-1.9510473294844506,0.051051415864048426,-0.014631240318315763,3.335754168908543e-05,37130,140,0.0835386805048065,False
omit_rank_06,Cirsium horridulum,taxon_cyclic_doy_by_hemisphere,shape_circularity_median,chelsa_bio15,ok,-0.006887733271703811,0.009203831743227859,-0.7483549747388393,0.45424607310669074,-0.024926912008196918,0.011151445464789293,37130,140,0.5840306654228881,False
omit_rank_06,Cirsium horridulum,taxon_cyclic_doy_by_hemisphere,shape_solidity_median,chelsa_bio01,ok,-0.03555079190379411,0.007371444949428786,-4.822771132076207,1.4157738778094127e-06,-0.04999855851869421,-0.021103025288894007,37130,140,1.3936016995314036e-05,True
omit_rank_06,Cirsium horridulum,taxon_cyclic_doy_by_hemisphere,shape_solidity_median,chelsa_bio04,ok,0.025165857662719147,0.009623854313754558,2.614945825473659,0.00892416089990015,0.006303449815299775,0.04402826551013852,37130,140,0.018898223082141494,True
omit_rank_06,Cirsium horridulum,taxon_cyclic_doy_by_hemisphere,shape_solidity_median,chelsa_bio12,ok,0.003147866264039437,0.00464206292839533,0.6781179644903247,0.49769690126264243,-0.005950409889583945,0.012246142417662819,37130,140,0.5972362815151709,False
omit_rank_06,Cirsium horridulum,taxon_cyclic_doy_by_hemisphere,shape_solidity_median,chelsa_bio15,ok,-0.004697831170465367,0.0073353609949692025,-0.6404362612402132,0.5218890148530306,-0.0190748745342049,0.009679212193274167,37130,140,0.606064662409971,False
omit_rank_06,Cirsium horridulum,taxon_cyclic_doy_by_hemisphere,shape_width_cv_median,chelsa_bio01,ok,0.04357193621453655,0.004595971490580302,9.480462684296375,2.5315804482514362e-21,0.03456399761902629,0.052579874810046806,37130,140,4.556844806852585e-20,True
omit_rank_06,Cirsium horridulum,taxon_cyclic_doy_by_hemisphere,shape_width_cv_median,chelsa_bio04,ok,-0.031407074254023476,0.010708216795166923,-2.932988270110373,0.0033571657536314264,-0.052394793511197565,-0.010419354996849386,37130,140,0.0075536229456707096,True
omit_rank_06,Cirsium horridulum,taxon_cyclic_doy_by_hemisphere,shape_width_cv_median,chelsa_bio12,ok,-0.004354191911733004,0.005201657196941502,-0.8370778286376127,0.40254882200145703,-0.01454925267766192,0.005840868854195913,37130,140,0.5573752920020174,False
omit_rank_06,Cirsium horridulum,taxon_cyclic_doy_by_hemisphere,shape_width_cv_median,chelsa_bio15,ok,0.001447935200806564,0.00895839229168223,0.16162891215993702,0.8715980880543972,-0.016110191050271845,0.01900606145188497,37130,140,0.8946125193374319,False
omit_rank_07,Cirsium discolor,hemisphere_phase_aligned_cyclic_doy,orientation_angle_degrees_median,chelsa_bio01,ok,0.014667349224411328,0.0038173902384214067,3.84224517493309,0.00012191396288496361,0.007185401842170601,0.022149296606652054,35996,141,0.0006269860948369557,True
omit_rank_07,Cirsium discolor,hemisphere_phase_aligned_cyclic_doy,orientation_angle_degrees_median,chelsa_bio04,ok,0.004076598066200729,0.01260161495437548,0.3234980659986972,0.7463180719692784,-0.020622113391416567,0.028775309523818026,35996,141,0.7902191350262947,False
omit_rank_07,Cirsium discolor,hemisphere_phase_aligned_cyclic_doy,orientation_angle_degrees_median,chelsa_bio12,ok,0.0024880738646703223,0.0107867987835742,0.2306591524131407,0.8175796094679292,-0.018653663259615576,0.02362981098895622,35996,141,0.8175796094679292,False
omit_rank_07,Cirsium discolor,hemisphere_phase_aligned_cyclic_doy,orientation_angle_degrees_median,chelsa_bio15,ok,-0.012250155637680008,0.004876366618730511,-2.5121482028496764,0.011999868231142019,-0.021807658585805172,-0.002692652689554844,35996,141,0.023999736462284038,True
omit_rank_07,Cirsium discolor,hemisphere_phase_aligned_cyclic_doy,corolla_lab_lightness_median,chelsa_bio01,ok,0.00985487048732975,0.03027636484882965,0.32549715055077677,0.7448048388487172,-0.04948571419917084,0.06919545517383034,39148,142,0.7902191350262947,False
omit_rank_07,Cirsium discolor,hemisphere_phase_aligned_cyclic_doy,corolla_lab_lightness_median,chelsa_bio04,ok,0.0379039470759923,0.015283474289430317,2.480060904882456,0.013135994301429577,0.007948887910064987,0.06785900624191962,39148,142,0.02488925236060341,True
omit_rank_07,Cirsium discolor,hemisphere_phase_aligned_cyclic_doy,corolla_lab_lightness_median,chelsa_bio12,ok,-0.008221590252309504,0.011237664429456683,-0.731610229502733,0.46440650273837214,-0.03024700780439146,0.013803827299772451,39148,142,0.5749475999832697,False
omit_rank_07,Cirsium discolor,hemisphere_phase_aligned_cyclic_doy,corolla_lab_lightness_median,chelsa_bio15,ok,-0.03170949732432839,0.016259047115024693,-1.9502678785539782,0.05114419909391506,-0.06357664409271666,0.0001576494440598819,39148,142,0.08767576987528294,False
omit_rank_07,Cirsium discolor,hemisphere_phase_aligned_cyclic_doy,corolla_lab_chroma_median,chelsa_bio01,ok,0.020895855369864685,0.02952585507278969,0.7077138094172181,0.4791229999860581,-0.03697375718555237,0.07876546792528175,39148,142,0.5749475999832697,False
omit_rank_07,Cirsium discolor,hemisphere_phase_aligned_cyclic_doy,corolla_lab_chroma_median,chelsa_bio04,ok,-0.03887495200860425,0.011131810638263614,-3.4922397866685344,0.0004789880418807298,-0.06069289994232076,-0.017057004074887732,39148,142,0.002155446188463284,True
omit_rank_07,Cirsium discolor,hemisphere_phase_aligned_cyclic_doy,corolla_lab_chroma_median,chelsa_bio12,ok,0.04126137780930673,0.014948439466283117,2.760246506156956,0.005775776224865452,0.011962974830314669,0.07055978078829879,39148,142,0.012231055535009193,True
omit_rank_07,Cirsium discolor,hemisphere_phase_aligned_cyclic_doy,corolla_lab_chroma_median,chelsa_bio15,ok,0.013207471560629866,0.009437064865190584,1.3995317134405578,0.1616535951596474,-0.005288835694912021,0.03170377881617175,39148,142,0.25302301851075243,False
omit_rank_07,Cirsium discolor,hemisphere_phase_aligned_cyclic_doy,corolla_hue_sin_median,chelsa_bio01,ok,-0.08159915518244279,0.019593191272698894,-4.1646689427333285,3.1180467104082406e-05,-0.12000110441913713,-0.043197205945748454,39141,142,0.0002244993631493933,True
omit_rank_07,Cirsium discolor,hemisphere_phase_aligned_cyclic_doy,corolla_hue_sin_median,chelsa_bio04,ok,0.08589466355880035,0.012505148214320427,6.868744143347058,6.476955110112433e-12,0.06138502343739695,0.11040430368020375,39141,142,1.165851919820238e-10,True
omit_rank_07,Cirsium discolor,hemisphere_phase_aligned_cyclic_doy,corolla_hue_sin_median,chelsa_bio12,ok,-0.0431140336958642,0.009793587688879026,-4.4022716766830765,1.0712329919377552e-05,-0.06230911284550196,-0.02391895454622645,39141,142,9.641096927439797e-05,True
omit_rank_07,Cirsium discolor,hemisphere_phase_aligned_cyclic_doy,corolla_hue_sin_median,chelsa_bio15,ok,0.004033501415712159,0.01614904105365221,0.24976724019163707,0.802767355463305,-0.027618037434304937,0.03568504026572926,39141,142,0.8175796094679292,False
omit_rank_07,Cirsium discolor,hemisphere_phase_aligned_cyclic_doy,corolla_hue_cos_median,chelsa_bio01,ok,0.029692422169612414,0.008880426558261196,3.3435806236120986,0.0008270465835295721,0.012287105948067482,0.04709773839115734,39141,142,0.0025241677167644203,True
omit_rank_07,Cirsium discolor,hemisphere_phase_aligned_cyclic_doy,corolla_hue_cos_median,chelsa_bio04,ok,-0.04623631183893464,0.013410404484383303,-3.4477939791285035,0.0005651849668680699,-0.07252022164644034,-0.01995240203142893,39141,142,0.0022607398674722797,True
omit_rank_07,Cirsium discolor,hemisphere_phase_aligned_cyclic_doy,corolla_hue_cos_median,chelsa_bio12,ok,-0.006706695633019246,0.009144387862012606,-0.7334220435771364,0.463301058551536,-0.02462936650322918,0.011215975237190687,39141,142,0.5749475999832697,False
omit_rank_07,Cirsium discolor,hemisphere_phase_aligned_cyclic_doy,corolla_hue_cos_median,chelsa_bio15,ok,0.01732857767431138,0.005190050328202813,3.3388072520506444,0.0008413892389214734,0.007156265953083579,0.02750088939553918,39141,142,0.0025241677167644203,True
omit_rank_07,Cirsium discolor,hemisphere_phase_aligned_cyclic_doy,shape_aspect_ratio_median,chelsa_bio01,ok,-0.016887003101633866,0.007137624820678032,-2.365913525282448,0.017985644836441834,-0.030876490685321972,-0.0028975155179457607,37192,140,0.0323741607055953,True
omit_rank_07,Cirsium discolor,hemisphere_phase_aligned_cyclic_doy,shape_aspect_ratio_median,chelsa_bio04,ok,0.018147065933808312,0.004544903956186969,3.9928381564817768,6.528713095936865e-05,0.009239217866488245,0.02705491400112838,37192,140,0.0003917227857562119,True
omit_rank_07,Cirsium discolor,hemisphere_phase_aligned_cyclic_doy,shape_aspect_ratio_median,chelsa_bio12,ok,-0.012638311609603759,0.004064172898607505,-3.109688471652863,0.0018728475801584265,-0.020603944117818226,-0.0046726791013892936,37192,140,0.004815893777550239,True
omit_rank_07,Cirsium discolor,hemisphere_phase_aligned_cyclic_doy,shape_aspect_ratio_median,chelsa_bio15,ok,-0.0044268940124974725,0.0032742417674431687,-1.352036387940406,0.17636367502698747,-0.010844289953362854,0.00199050192836791,37192,140,0.2645455125404812,False
omit_rank_07,Cirsium discolor,hemisphere_phase_aligned_cyclic_doy,shape_circularity_median,chelsa_bio01,ok,-0.033408118687550226,0.010639918896233749,-3.139884712784401,0.0016901433365643004,-0.05426197652259554,-0.012554260852504915,37192,140,0.004680396932024216,True
omit_rank_07,Cirsium discolor,hemisphere_phase_aligned_cyclic_doy,shape_circularity_median,chelsa_bio04,ok,0.031074605622900514,0.006986655889768445,4.4477080470511625,8.679138296318996e-06,0.017381011706579713,0.044768199539221315,37192,140,9.641096927439797e-05,True
omit_rank_07,Cirsium discolor,hemisphere_phase_aligned_cyclic_doy,shape_circularity_median,chelsa_bio12,ok,-0.006775685142975357,0.003903346809084639,-1.735865521148581,0.08258761550054,-0.01442610430795059,0.000874734021999877,37192,140,0.13514337081906544,False
omit_rank_07,Cirsium discolor,hemisphere_phase_aligned_cyclic_doy,shape_circularity_median,chelsa_bio15,ok,-0.007498645172715922,0.008290594365265443,-0.9044761861866626,0.365742956161034,-0.023747911539066902,0.008750621193635056,37192,140,0.526669856871889,False
omit_rank_07,Cirsium discolor,hemisphere_phase_aligned_cyclic_doy,shape_solidity_median,chelsa_bio01,ok,-0.031630646492904736,0.009370974674987985,-3.3753849081814207,0.0007371251636193068,-0.04999741935591813,-0.013263873629891346,37192,140,0.0025241677167644203,True
omit_rank_07,Cirsium discolor,hemisphere_phase_aligned_cyclic_doy,shape_solidity_median,chelsa_bio04,ok,0.01979251950898776,0.0064128703716836,3.0863744878397625,0.0020261346523075007,0.007223524542963914,0.03236151447501161,37192,140,0.004862723165538002,True
omit_rank_07,Cirsium discolor,hemisphere_phase_aligned_cyclic_doy,shape_solidity_median,chelsa_bio12,ok,0.0034497980466792234,0.0048494575675043,0.7113781281015744,0.47684994883390475,-0.0060549641301844235,0.01295456022354287,37192,140,0.5749475999832697,False
omit_rank_07,Cirsium discolor,hemisphere_phase_aligned_cyclic_doy,shape_solidity_median,chelsa_bio15,ok,-0.004632766697558495,0.006501149621819495,-0.7126073028699054,0.47608879148230165,-0.017374785814430898,0.008109252419313907,37192,140,0.5749475999832697,False
omit_rank_07,Cirsium discolor,hemisphere_phase_aligned_cyclic_doy,shape_width_cv_median,chelsa_bio01,ok,0.04178462583289166,0.004958387269757645,8.42705975947982,3.5445885932876883e-17,0.03206636536276478,0.05150288630301853,37192,140,1.2760518935835679e-15,True
omit_rank_07,Cirsium discolor,hemisphere_phase_aligned_cyclic_doy,shape_width_cv_median,chelsa_bio04,ok,-0.028265691094068728,0.009510800788731795,-2.9719570120275622,0.0029590811264661146,-0.04690651810411818,-0.009624864084019271,37192,140,0.006657932534548759,True
omit_rank_07,Cirsium discolor,hemisphere_phase_aligned_cyclic_doy,shape_width_cv_median,chelsa_bio12,ok,-0.00373470111839944,0.005627053821855788,-0.6637045311160263,0.5068794387507849,-0.01476352394830525,0.00729412171150637,37192,140,0.5886341869363954,False
omit_rank_07,Cirsium discolor,hemisphere_phase_aligned_cyclic_doy,shape_width_cv_median,chelsa_bio15,ok,0.0032100509406599556,0.008444734649996745,0.38012454786382105,0.7038529644940456,-0.013341324832331122,0.019761426713651033,37192,140,0.7902191350262947,False
omit_rank_07,Cirsium discolor,taxon_cyclic_doy_by_hemisphere,orientation_angle_degrees_median,chelsa_bio01,ok,0.01822570528068131,0.0035219751610118593,5.174853440887154,2.2808995034966137e-07,0.011322760810653407,0.025128649750709213,35996,141,2.7370794041959368e-06,True
omit_rank_07,Cirsium discolor,taxon_cyclic_doy_by_hemisphere,orientation_angle_degrees_median,chelsa_bio04,ok,0.000803755038859073,0.015114286527730704,0.05317849687343137,0.9575896883774295,-0.028819702207512055,0.0304272122852302,35996,141,0.9575896883774295,False
omit_rank_07,Cirsium discolor,taxon_cyclic_doy_by_hemisphere,orientation_angle_degrees_median,chelsa_bio12,ok,0.003459150945024514,0.010885628945658607,0.3177722630720468,0.7506576918370016,-0.017876289737533076,0.024794591627582106,35996,141,0.7818366700407269,False
omit_rank_07,Cirsium discolor,taxon_cyclic_doy_by_hemisphere,orientation_angle_degrees_median,chelsa_bio15,ok,-0.01202228898532754,0.004521482208920636,-2.6589265267058275,0.007839005606455583,-0.020884231271550598,-0.0031603466991044857,35996,141,0.015678011212911167,True
omit_rank_07,Cirsium discolor,taxon_cyclic_doy_by_hemisphere,corolla_lab_lightness_median,chelsa_bio01,ok,0.0223501408052492,0.024090750094845514,0.9277478167867951,0.35353839840782575,-0.024866861741202898,0.0695671433517013,39148,142,0.4780519219331986,False
omit_rank_07,Cirsium discolor,taxon_cyclic_doy_by_hemisphere,corolla_lab_lightness_median,chelsa_bio04,ok,0.02732913730198279,0.014856547424607035,1.8395348879455862,0.06583655133028825,-0.0017891605848582917,0.05644743518882387,39148,142,0.10773253854047167,False
omit_rank_07,Cirsium discolor,taxon_cyclic_doy_by_hemisphere,corolla_lab_lightness_median,chelsa_bio12,ok,-0.003360391098145424,0.009857189594947392,-0.3409076254217426,0.7331731240732837,-0.022680127693025274,0.015959345496734428,39148,142,0.7818366700407269,False
omit_rank_07,Cirsium discolor,taxon_cyclic_doy_by_hemisphere,corolla_lab_lightness_median,chelsa_bio15,ok,-0.029205118711057867,0.014815479327808675,-1.97125709299461,0.048694476463615834,-0.05824292460726056,-0.0001673128148551757,39148,142,0.08347624536619856,False
omit_rank_07,Cirsium discolor,taxon_cyclic_doy_by_hemisphere,corolla_lab_chroma_median,chelsa_bio01,ok,0.012151321885774238,0.025575714496963747,0.4751117270728369,0.6347073402763002,-0.037976157407153655,0.06227880117870213,39148,142,0.7330973016524311,False
omit_rank_07,Cirsium discolor,taxon_cyclic_doy_by_hemisphere,corolla_lab_chroma_median,chelsa_bio04,ok,-0.03223121663672689,0.008332061475435498,-3.868336393310425,0.00010958042276496876,-0.048561757045554134,-0.015900676227899653,39148,142,0.0004931119024423594,True
omit_rank_07,Cirsium discolor,taxon_cyclic_doy_by_hemisphere,corolla_lab_chroma_median,chelsa_bio12,ok,0.04083466852223306,0.014279837451103032,2.859603175600492,0.004241714127192893,0.012846701412984874,0.06882263563148125,39148,142,0.00954385678618401,True
omit_rank_07,Cirsium discolor,taxon_cyclic_doy_by_hemisphere,corolla_lab_chroma_median,chelsa_bio15,ok,0.01098008213797007,0.010142412164645967,1.0825908038172636,0.27899009096202176,-0.008898680421096953,0.03085884469703709,39148,142,0.40174573098531136,False
omit_rank_07,Cirsium discolor,taxon_cyclic_doy_by_hemisphere,corolla_hue_sin_median,chelsa_bio01,ok,-0.0730977101143143,0.015430509817945522,-4.737219377502513,2.1667057921917973e-06,-0.10334095362057924,-0.042854466608049376,39141,142,1.5600281703780938e-05,True
omit_rank_07,Cirsium discolor,taxon_cyclic_doy_by_hemisphere,corolla_hue_sin_median,chelsa_bio04,ok,0.08124275587936194,0.008205246423443809,9.901318216018149,4.108238118197121e-23,0.06516076840513599,0.0973247433535879,39141,142,7.394828612754818e-22,True
omit_rank_07,Cirsium discolor,taxon_cyclic_doy_by_hemisphere,corolla_hue_sin_median,chelsa_bio12,ok,-0.040700678652289754,0.011030719124830803,-3.689757502815035,0.00022446791835125976,-0.062320490860535316,-0.019080866444044196,39141,142,0.000897871673405039,True
omit_rank_07,Cirsium discolor,taxon_cyclic_doy_by_hemisphere,corolla_hue_sin_median,chelsa_bio15,ok,0.00877850614926421,0.015387659095030815,0.5704900332825206,0.5683453801187033,-0.021380751483376387,0.038937763781904805,39141,142,0.6820144561424439,False
omit_rank_07,Cirsium discolor,taxon_cyclic_doy_by_hemisphere,corolla_hue_cos_median,chelsa_bio01,ok,0.01908062508261088,0.0059476405130659505,3.2080999247842916,0.0013361506578906813,0.0074234638840102885,0.030737786281211474,39141,142,0.0037001095141588097,True
omit_rank_07,Cirsium discolor,taxon_cyclic_doy_by_hemisphere,corolla_hue_cos_median,chelsa_bio04,ok,-0.03634006284576655,0.009967381551192964,-3.6458986403923834,0.0002664589959221133,-0.05587577170627374,-0.016804353985259368,39141,142,0.0009592523853196078,True
omit_rank_07,Cirsium discolor,taxon_cyclic_doy_by_hemisphere,corolla_hue_cos_median,chelsa_bio12,ok,-0.01204995394412254,0.008682711889786641,-1.3878099489051041,0.16519492451113615,-0.029067756536242068,0.00496784864799699,39141,142,0.25856596880003924,False
omit_rank_07,Cirsium discolor,taxon_cyclic_doy_by_hemisphere,corolla_hue_cos_median,chelsa_bio15,ok,0.014891643170421373,0.004346645886804319,3.426007905458754,0.0006125225542591828,0.006372373778735743,0.023410912562107002,39141,142,0.0018375676627775486,True
omit_rank_07,Cirsium discolor,taxon_cyclic_doy_by_hemisphere,shape_aspect_ratio_median,chelsa_bio01,ok,-0.016016964584712315,0.007776439493301116,-2.0596784169040165,0.03942929407407255,-0.03125850591953741,-0.0007754232498872211,37192,140,0.07319269128691708,False
omit_rank_07,Cirsium discolor,taxon_cyclic_doy_by_hemisphere,shape_aspect_ratio_median,chelsa_bio04,ok,0.018124117916050998,0.0044036796795408895,4.115675806361226,3.8604660888798e-05,0.009493064344699967,0.02675517148740203,37192,140,0.00019853825599953256,True
omit_rank_07,Cirsium discolor,taxon_cyclic_doy_by_hemisphere,shape_aspect_ratio_median,chelsa_bio12,ok,-0.011845018422808409,0.003817044050361474,-3.1031914399014298,0.0019144575567095973,-0.01932628728891979,-0.004363749556697027,37192,140,0.004922890860110393,True
omit_rank_07,Cirsium discolor,taxon_cyclic_doy_by_hemisphere,shape_aspect_ratio_median,chelsa_bio15,ok,-0.004141969714299365,0.0031840469213127295,-1.3008507150364794,0.19330955869973632,-0.010382587005157954,0.0020986475765592243,37192,140,0.2899643380496045,False
omit_rank_07,Cirsium discolor,taxon_cyclic_doy_by_hemisphere,shape_circularity_median,chelsa_bio01,ok,-0.03801018460574511,0.00836346048406897,-4.544791558248924,5.498964353766059e-06,-0.05440226594064422,-0.021618103270846,37192,140,3.2993786122596355e-05,True
omit_rank_07,Cirsium discolor,taxon_cyclic_doy_by_hemisphere,shape_circularity_median,chelsa_bio04,ok,0.03842015681860408,0.010909459538877831,3.5217287054126656,0.0004287426631721682,0.01703800903160658,0.05980230460560157,37192,140,0.0014031578067452775,True
omit_rank_07,Cirsium discolor,taxon_cyclic_doy_by_hemisphere,shape_circularity_median,chelsa_bio12,ok,-0.007589251126887145,0.003707582737496256,-2.0469539493034197,0.04066260627050949,-0.014855979762082229,-0.00032252249169206163,37192,140,0.07319269128691708,False
omit_rank_07,Cirsium discolor,taxon_cyclic_doy_by_hemisphere,shape_circularity_median,chelsa_bio15,ok,-0.008283131058612095,0.009021518199999532,-0.9181526739714968,0.35853894144989895,-0.025964981816483795,0.009398719699259603,37192,140,0.4780519219331986,False
omit_rank_07,Cirsium discolor,taxon_cyclic_doy_by_hemisphere,shape_solidity_median,chelsa_bio01,ok,-0.03656960431230297,0.007293853981538928,-5.013756020460826,5.337766236263597e-07,-0.05086529542461334,-0.02227391319999259,37192,140,4.803989612637237e-06,True
omit_rank_07,Cirsium discolor,taxon_cyclic_doy_by_hemisphere,shape_solidity_median,chelsa_bio04,ok,0.026602451145409368,0.00960904552734127,2.768480081576844,0.005631842804475256,0.007769067986014788,0.04543583430480395,37192,140,0.011926255350653484,True
omit_rank_07,Cirsium discolor,taxon_cyclic_doy_by_hemisphere,shape_solidity_median,chelsa_bio12,ok,0.00214707271587649,0.004755608706403161,0.45148220731145866,0.6516420459132721,-0.007173749073238823,0.011467894504991803,37192,140,0.7330973016524311,False
omit_rank_07,Cirsium discolor,taxon_cyclic_doy_by_hemisphere,shape_solidity_median,chelsa_bio15,ok,-0.005036665710923397,0.0072776325523445295,-0.692074747481007,0.4888903891732044,-0.019300563406234983,0.009227231984388191,37192,140,0.6068984141460468,False
omit_rank_07,Cirsium discolor,taxon_cyclic_doy_by_hemisphere,shape_width_cv_median,chelsa_bio01,ok,0.044289977455624054,0.004329028032869063,10.230928771849712,1.4413038970894057e-24,0.03580523842313641,0.052774716488111696,37192,140,5.188694029521861e-23,True
omit_rank_07,Cirsium discolor,taxon_cyclic_doy_by_hemisphere,shape_width_cv_median,chelsa_bio04,ok,-0.03315082755386901,0.010881489938155188,-3.0465338609217416,0.0023149640339272183,-0.054478155930788155,-0.011823499176949859,37192,140,0.005555913681425324,True
omit_rank_07,Cirsium discolor,taxon_cyclic_doy_by_hemisphere,shape_width_cv_median,chelsa_bio12,ok,-0.003647379411576184,0.005215730926331672,-0.699303599647434,0.484362317931188,-0.013870024180237995,0.006575265357085627,37192,140,0.6068984141460468,False
omit_rank_07,Cirsium discolor,taxon_cyclic_doy_by_hemisphere,shape_width_cv_median,chelsa_bio15,ok,0.002759518327667706,0.009037983960500822,0.3053245435849161,0.7601189847618178,-0.014954604727764583,0.020473641383099997,37192,140,0.7818366700407269,False
omit_rank_08,Cirsium undulatum,hemisphere_phase_aligned_cyclic_doy,orientation_angle_degrees_median,chelsa_bio01,ok,0.013509886267324533,0.0038741703027217805,3.4871689191962534,0.00048816292421343353,0.0059166520040152045,0.02110312053063386,36463,141,0.0020871397448306898,True
omit_rank_08,Cirsium undulatum,hemisphere_phase_aligned_cyclic_doy,orientation_angle_degrees_median,chelsa_bio04,ok,0.004932658852981382,0.012554305834579133,0.392905742298793,0.6943891002248421,-0.019673328433694785,0.02953864613965755,36463,141,0.735235517885127,False
omit_rank_08,Cirsium undulatum,hemisphere_phase_aligned_cyclic_doy,orientation_angle_degrees_median,chelsa_bio12,ok,0.0021215603805148533,0.010740386918544386,0.19753109423383627,0.8434119510816718,-0.018929211159857275,0.023172331920886982,36463,141,0.8434119510816718,False
omit_rank_08,Cirsium undulatum,hemisphere_phase_aligned_cyclic_doy,orientation_angle_degrees_median,chelsa_bio15,ok,-0.010998600359108046,0.005040464880063078,-2.182060706862897,0.02910505266561084,-0.02087772998937068,-0.0011194707288454103,36463,141,0.05238909479809951,False
omit_rank_08,Cirsium undulatum,hemisphere_phase_aligned_cyclic_doy,corolla_lab_lightness_median,chelsa_bio01,ok,0.006911234447701618,0.029377946275408264,0.23525247077896946,0.8140127827382886,-0.0506684821918512,0.06449095108725444,39641,142,0.8372702908165254,False
omit_rank_08,Cirsium undulatum,hemisphere_phase_aligned_cyclic_doy,corolla_lab_lightness_median,chelsa_bio04,ok,0.03845408543172351,0.015083849635803908,2.5493548636580576,0.010792242182917355,0.00889028339733024,0.06801788746611678,39641,142,0.02158448436583471,True
omit_rank_08,Cirsium undulatum,hemisphere_phase_aligned_cyclic_doy,corolla_lab_lightness_median,chelsa_bio12,ok,-0.009763075163178564,0.011223235596500604,-0.869898442319315,0.38435590680055065,-0.03176021272232766,0.012234062395970531,39641,142,0.47832195319115317,False
omit_rank_08,Cirsium undulatum,hemisphere_phase_aligned_cyclic_doy,corolla_lab_lightness_median,chelsa_bio15,ok,-0.028095363013301858,0.016604227432390345,-1.692060839789235,0.09063437404153835,-0.060639050771898906,0.00444832474529519,39641,142,0.15537321264263715,False
omit_rank_08,Cirsium undulatum,hemisphere_phase_aligned_cyclic_doy,corolla_lab_chroma_median,chelsa_bio01,ok,0.024873878466873722,0.028651752570984124,0.8681450953218028,0.38531490673731783,-0.03128252466620806,0.08103028159995551,39641,142,0.47832195319115317,False
omit_rank_08,Cirsium undulatum,hemisphere_phase_aligned_cyclic_doy,corolla_lab_chroma_median,chelsa_bio04,ok,-0.04135606665284017,0.01095900118540273,-3.7737076539352867,0.00016083922557131374,-0.06283531428276128,-0.019876819022919056,39641,142,0.0008271731600810421,True
omit_rank_08,Cirsium undulatum,hemisphere_phase_aligned_cyclic_doy,corolla_lab_chroma_median,chelsa_bio12,ok,0.04264498652655626,0.014531730453669324,2.9346117217435874,0.0033396530231223536,0.014163318204320485,0.07112665484879203,39641,142,0.007855473673975153,True
omit_rank_08,Cirsium undulatum,hemisphere_phase_aligned_cyclic_doy,corolla_lab_chroma_median,chelsa_bio15,ok,0.007737900936051797,0.008869701382237718,0.8723970066847525,0.382991832925171,-0.009646394326759265,0.02512219619886286,39641,142,0.47832195319115317,False
omit_rank_08,Cirsium undulatum,hemisphere_phase_aligned_cyclic_doy,corolla_hue_sin_median,chelsa_bio01,ok,-0.08252337680901534,0.018901655577094115,-4.365933792012426,1.2658081991437124e-05,-0.11956994098830045,-0.04547681262973022,39634,142,9.113819033834729e-05,True
omit_rank_08,Cirsium undulatum,hemisphere_phase_aligned_cyclic_doy,corolla_hue_sin_median,chelsa_bio04,ok,0.08593942683123298,0.012355409617121909,6.955611306657097,3.510364937737003e-12,0.06172326896743423,0.11015558469503174,39634,142,6.318656887926606e-11,True
omit_rank_08,Cirsium undulatum,hemisphere_phase_aligned_cyclic_doy,corolla_hue_sin_median,chelsa_bio12,ok,-0.04436536167803047,0.009281111608005639,-4.780177585598916,1.751404211338625e-06,-0.06255600616621815,-0.02617471718984279,39634,142,2.10168505360635e-05,True
omit_rank_08,Cirsium undulatum,hemisphere_phase_aligned_cyclic_doy,corolla_hue_sin_median,chelsa_bio15,ok,0.0067148182315013,0.01599568054367944,0.41978946836085723,0.6746392591936261,-0.02463613954231847,0.03806577600532107,39634,142,0.735235517885127,False
omit_rank_08,Cirsium undulatum,hemisphere_phase_aligned_cyclic_doy,corolla_hue_cos_median,chelsa_bio01,ok,0.027262951381581666,0.009924870604935371,2.7469326771902227,0.006015548108765179,0.007810562444688078,0.046715340318475254,39634,142,0.012738807759738027,True
omit_rank_08,Cirsium undulatum,hemisphere_phase_aligned_cyclic_doy,corolla_hue_cos_median,chelsa_bio04,ok,-0.04506315635083992,0.013496155201157482,-3.3389625177824813,0.0008409191011196333,-0.07151513447487151,-0.018611178226808325,39634,142,0.0030273087640306797,True
omit_rank_08,Cirsium undulatum,hemisphere_phase_aligned_cyclic_doy,corolla_hue_cos_median,chelsa_bio12,ok,-0.006827617385156793,0.009081950767900393,-0.7517787268004793,0.4521841371275649,-0.02462791379960745,0.010972679029293865,39634,142,0.5251170624707205,False
omit_rank_08,Cirsium undulatum,hemisphere_phase_aligned_cyclic_doy,corolla_hue_cos_median,chelsa_bio15,ok,0.017721742061674907,0.005108136876181212,3.4693162088725176,0.0005217849362076724,0.007709977756258795,0.02773350636709102,39634,142,0.0020871397448306898,True
omit_rank_08,Cirsium undulatum,hemisphere_phase_aligned_cyclic_doy,shape_aspect_ratio_median,chelsa_bio01,ok,-0.01633788357903912,0.007090070025910904,-2.304333175741814,0.02120394801071554,-0.03023416547769146,-0.0024416016803867797,37676,140,0.04017590149398734,True
omit_rank_08,Cirsium undulatum,hemisphere_phase_aligned_cyclic_doy,shape_aspect_ratio_median,chelsa_bio04,ok,0.017337481614418893,0.004313196363338138,4.01963651870484,5.828799868542698e-05,0.008883772084027004,0.02579119114481078,37676,140,0.0003497279921125619,True
omit_rank_08,Cirsium undulatum,hemisphere_phase_aligned_cyclic_doy,shape_aspect_ratio_median,chelsa_bio12,ok,-0.0124783500614046,0.004047611954104231,-3.082891888574373,0.0020499961505278364,-0.020411523714842682,-0.004545176407966516,37676,140,0.00614998845158351,True
omit_rank_08,Cirsium undulatum,hemisphere_phase_aligned_cyclic_doy,shape_aspect_ratio_median,chelsa_bio15,ok,-0.004141198733207417,0.003279861892649779,-1.262613752880238,0.2067280229411652,-0.010569609917066361,0.002287212450651527,37676,140,0.323574296777476,False
omit_rank_08,Cirsium undulatum,hemisphere_phase_aligned_cyclic_doy,shape_circularity_median,chelsa_bio01,ok,-0.03105539199686915,0.0103092298514359,-3.0123871952029146,0.0025920175162039523,-0.05126111121402872,-0.010849672779709576,37676,140,0.007177894660257099,True
omit_rank_08,Cirsium undulatum,hemisphere_phase_aligned_cyclic_doy,shape_circularity_median,chelsa_bio04,ok,0.03001231570273815,0.006839375968601428,4.3881657976576065,1.1431062140428778e-05,0.016607385127550604,0.043417246277925696,37676,140,9.113819033834729e-05,True
omit_rank_08,Cirsium undulatum,hemisphere_phase_aligned_cyclic_doy,shape_circularity_median,chelsa_bio12,ok,-0.006119363935182198,0.003843930599730186,-1.591954843204435,0.1113948513011451,-0.013653329469724813,0.001414601599360416,37676,140,0.18228248394732832,False
omit_rank_08,Cirsium undulatum,hemisphere_phase_aligned_cyclic_doy,shape_circularity_median,chelsa_bio15,ok,-0.00903720157920727,0.007984292039028873,-1.1318726237757284,0.25768798966632234,-0.024686126417753734,0.006611723259339192,37676,140,0.3710707051195042,False
omit_rank_08,Cirsium undulatum,hemisphere_phase_aligned_cyclic_doy,shape_solidity_median,chelsa_bio01,ok,-0.029141181857515863,0.00903078042618072,-3.226873036690606,0.001251509787217437,-0.04684118624511935,-0.011441177469912373,37676,140,0.004095850212711611,True
omit_rank_08,Cirsium undulatum,hemisphere_phase_aligned_cyclic_doy,shape_solidity_median,chelsa_bio04,ok,0.018436256730577364,0.006290303020798264,2.930901209308949,0.003379802444684027,0.006107489357969261,0.03076502410318547,37676,140,0.007855473673975153,True
omit_rank_08,Cirsium undulatum,hemisphere_phase_aligned_cyclic_doy,shape_solidity_median,chelsa_bio12,ok,0.004459834002688195,0.004652125800524605,0.9586658215874718,0.3377271218305704,-0.0046581650178895975,0.013577833023265987,37676,140,0.4676221686884821,False
omit_rank_08,Cirsium undulatum,hemisphere_phase_aligned_cyclic_doy,shape_solidity_median,chelsa_bio15,ok,-0.006933262930372259,0.0061137616466968,-1.1340420727913438,0.25677690026219546,-0.01891601556796028,0.005049489707215762,37676,140,0.3710707051195042,False
omit_rank_08,Cirsium undulatum,hemisphere_phase_aligned_cyclic_doy,shape_width_cv_median,chelsa_bio01,ok,0.03935367480700217,0.004738149918824986,8.30570485974861,9.922860708218243e-17,0.030067071612753817,0.04864027800125052,37676,140,3.5722298549585675e-15,True
omit_rank_08,Cirsium undulatum,hemisphere_phase_aligned_cyclic_doy,shape_width_cv_median,chelsa_bio04,ok,-0.02744611222226187,0.009396774120213646,-2.9208015294548604,0.0034913216328778455,-0.04586345106873867,-0.00902877337578507,37676,140,0.007855473673975153,True
omit_rank_08,Cirsium undulatum,hemisphere_phase_aligned_cyclic_doy,shape_width_cv_median,chelsa_bio12,ok,-0.004622991327169696,0.005511424297702862,-0.8388015651592163,0.4015806722739341,-0.015425184454186266,0.006179201799846875,37676,140,0.48189680672872093,False
omit_rank_08,Cirsium undulatum,hemisphere_phase_aligned_cyclic_doy,shape_width_cv_median,chelsa_bio15,ok,0.005160398479979788,0.008457531158165096,0.6101542380955723,0.5417596405297003,-0.011416057988149132,0.02173685494810871,37676,140,0.6094795955959128,False
omit_rank_08,Cirsium undulatum,taxon_cyclic_doy_by_hemisphere,orientation_angle_degrees_median,chelsa_bio01,ok,0.01700341769175822,0.003797455417646806,4.477581912546807,7.549326474217998e-06,0.00956054184027397,0.02444629354324247,36463,141,5.4355150614369586e-05,True
omit_rank_08,Cirsium undulatum,taxon_cyclic_doy_by_hemisphere,orientation_angle_degrees_median,chelsa_bio04,ok,0.001755475198650196,0.015004094404988528,0.11699974362108383,0.9068602566473263,-0.02765200945576625,0.031162959853066642,36463,141,0.9068602566473263,False
omit_rank_08,Cirsium undulatum,taxon_cyclic_doy_by_hemisphere,orientation_angle_degrees_median,chelsa_bio12,ok,0.0030820653576219647,0.010840693214658,0.2843051912450229,0.7761765081864223,-0.018165302910555455,0.024329433625799386,36463,141,0.7983529798488914,False
omit_rank_08,Cirsium undulatum,taxon_cyclic_doy_by_hemisphere,orientation_angle_degrees_median,chelsa_bio15,ok,-0.01076393142154976,0.004683613671941324,-2.2982107781507493,0.021549795557866545,-0.019943645536054152,-0.0015842173070453672,36463,141,0.04309959111573309,True
omit_rank_08,Cirsium undulatum,taxon_cyclic_doy_by_hemisphere,corolla_lab_lightness_median,chelsa_bio01,ok,0.019244259551886737,0.023322576114108144,0.8251343872877586,0.40929529881160776,-0.026467149658459352,0.06495566876223283,39641,142,0.5262368127577813,False
omit_rank_08,Cirsium undulatum,taxon_cyclic_doy_by_hemisphere,corolla_lab_lightness_median,chelsa_bio04,ok,0.0279907881722163,0.014657414828130766,1.9096674618566358,0.056176042976839216,-0.0007372169973833484,0.05671879334181595,39641,142,0.10111687735831058,False
omit_rank_08,Cirsium undulatum,taxon_cyclic_doy_by_hemisphere,corolla_lab_lightness_median,chelsa_bio12,ok,-0.004945607865315017,0.00991246173578964,-0.4989283184275559,0.6178298833633262,-0.0243736758655941,0.014482460134964065,39641,142,0.6541728176788161,False
omit_rank_08,Cirsium undulatum,taxon_cyclic_doy_by_hemisphere,corolla_lab_lightness_median,chelsa_bio15,ok,-0.02557687678903802,0.015082829473368805,-1.695761185538706,0.08993111592096491,-0.05513867934180011,0.003984925763724067,39641,142,0.14716000787066982,False
omit_rank_08,Cirsium undulatum,taxon_cyclic_doy_by_hemisphere,corolla_lab_chroma_median,chelsa_bio01,ok,0.016357690108807242,0.024971123658103486,0.6550642387091354,0.5124263954301451,-0.03258481291457168,0.06530019313218616,39641,142,0.5950758140479104,False
omit_rank_08,Cirsium undulatum,taxon_cyclic_doy_by_hemisphere,corolla_lab_chroma_median,chelsa_bio04,ok,-0.034975808599611524,0.008404729338096197,-4.161443776788426,3.162418614023801e-05,-0.05144877540208724,-0.01850284179713581,39641,142,0.00014383273625821096,True
omit_rank_08,Cirsium undulatum,taxon_cyclic_doy_by_hemisphere,corolla_lab_chroma_median,chelsa_bio12,ok,0.04224277988282278,0.013847761617207077,3.050513220153383,0.002284506227833361,0.015101665846600776,0.06938389391904479,39641,142,0.005874444585857214,True
omit_rank_08,Cirsium undulatum,taxon_cyclic_doy_by_hemisphere,corolla_lab_chroma_median,chelsa_bio15,ok,0.005475657986239301,0.009406717806490614,0.5821008027328203,0.5604987844912583,-0.012961170127213921,0.023912486099692522,39641,142,0.6305611325526657,False
omit_rank_08,Cirsium undulatum,taxon_cyclic_doy_by_hemisphere,corolla_hue_sin_median,chelsa_bio01,ok,-0.0741313896764613,0.014722989432334226,-5.035077286251117,4.776560767277658e-07,-0.10298791870860019,-0.0452748606443224,39634,142,5.73187292073319e-06,True
omit_rank_08,Cirsium undulatum,taxon_cyclic_doy_by_hemisphere,corolla_hue_sin_median,chelsa_bio04,ok,0.08135844237537518,0.008067656115709218,10.084520362358436,6.468029324795722e-24,0.0655461269489308,0.09717075780181955,39634,142,2.32849055692646e-22,True
omit_rank_08,Cirsium undulatum,taxon_cyclic_doy_by_hemisphere,corolla_hue_sin_median,chelsa_bio12,ok,-0.041989746374963575,0.010604825807932301,-3.9594942090944745,7.510866557450237e-05,-0.06277482302083176,-0.021204669729095384,39634,142,0.0003004346622980095,True
omit_rank_08,Cirsium undulatum,taxon_cyclic_doy_by_hemisphere,corolla_hue_sin_median,chelsa_bio15,ok,0.011444733064056613,0.01511825560336553,0.7570141267825145,0.44904139905482443,-0.01818650342761069,0.041075969555723915,39634,142,0.5574307022749545,False
omit_rank_08,Cirsium undulatum,taxon_cyclic_doy_by_hemisphere,corolla_hue_cos_median,chelsa_bio01,ok,0.016573237939392305,0.007040923851464064,2.3538442239999693,0.018580395729560398,0.0027732807726336926,0.030373195106150917,39634,142,0.039346720368480845,True
omit_rank_08,Cirsium undulatum,taxon_cyclic_doy_by_hemisphere,corolla_hue_cos_median,chelsa_bio04,ok,-0.03515675507975311,0.010056950111937905,-3.4957670753503067,0.00047270113469934945,-0.054868015093467476,-0.015445495066038751,39634,142,0.001547021895379689,True
omit_rank_08,Cirsium undulatum,taxon_cyclic_doy_by_hemisphere,corolla_hue_cos_median,chelsa_bio12,ok,-0.012138178561132524,0.008613643138247001,-1.4091805716022285,0.1587817810778256,-0.02902060888777721,0.004744251765512164,39634,142,0.24852800516529225,False
omit_rank_08,Cirsium undulatum,taxon_cyclic_doy_by_hemisphere,corolla_hue_cos_median,chelsa_bio15,ok,0.015309069630393858,0.004319935027082325,3.543819417287295,0.0003943752678436014,0.006842152561759438,0.02377598669902828,39634,142,0.001419750964236965,True
omit_rank_08,Cirsium undulatum,taxon_cyclic_doy_by_hemisphere,shape_aspect_ratio_median,chelsa_bio01,ok,-0.015444509629702069,0.007754408616824514,-1.9917069621779495,0.046403219388036564,-0.030642871240085173,-0.0002461480193189647,37676,140,0.08792188936680612,False
omit_rank_08,Cirsium undulatum,taxon_cyclic_doy_by_hemisphere,shape_aspect_ratio_median,chelsa_bio04,ok,0.017249794445497877,0.004147571101763059,4.159011147069979,3.196283027960243e-05,0.009120704462723169,0.025378884428272585,37676,140,0.00014383273625821096,True
omit_rank_08,Cirsium undulatum,taxon_cyclic_doy_by_hemisphere,shape_aspect_ratio_median,chelsa_bio12,ok,-0.011685664209220622,0.003801837511776242,-3.0736884922157044,0.002114300751076606,-0.01913712880737543,-0.004234199611065814,37676,140,0.005854986695289062,True
omit_rank_08,Cirsium undulatum,taxon_cyclic_doy_by_hemisphere,shape_aspect_ratio_median,chelsa_bio15,ok,-0.003855779327979152,0.0031812768114630728,-1.212022579765976,0.22550373739738838,-0.010090967303299194,0.0023794086473408905,37676,140,0.3382556060960826,False
omit_rank_08,Cirsium undulatum,taxon_cyclic_doy_by_hemisphere,shape_circularity_median,chelsa_bio01,ok,-0.03555789241638695,0.008300181719593437,-4.283989630305186,1.835714719325701e-05,-0.05182594965192783,-0.019289835180846083,37676,140,0.00011014288315954207,True
omit_rank_08,Cirsium undulatum,taxon_cyclic_doy_by_hemisphere,shape_circularity_median,chelsa_bio04,ok,0.03725894457624443,0.010847900154018144,3.4346688342668266,0.0005932783703133191,0.015997450966482363,0.058520438186006496,37676,140,0.0017798351109399573,True
omit_rank_08,Cirsium undulatum,taxon_cyclic_doy_by_hemisphere,shape_circularity_median,chelsa_bio12,ok,-0.006924375690523253,0.003685177912224409,-1.878980026324871,0.060247220549261904,-0.014147191675105603,0.00029844029405909703,37676,140,0.1032809495130204,False
omit_rank_08,Cirsium undulatum,taxon_cyclic_doy_by_hemisphere,shape_circularity_median,chelsa_bio15,ok,-0.009830484221627614,0.00871459122346547,-1.1280488056809157,0.2592993079155178,-0.026910769159608786,0.007249800716353555,37676,140,0.37339100339834563,False
omit_rank_08,Cirsium undulatum,taxon_cyclic_doy_by_hemisphere,shape_solidity_median,chelsa_bio01,ok,-0.03396167128773708,0.0072639988355034,-4.675340959823202,2.9346563224107498e-06,-0.04819884738906464,-0.01972449518640953,37676,140,2.641190690169675e-05,True
omit_rank_08,Cirsium undulatum,taxon_cyclic_doy_by_hemisphere,shape_solidity_median,chelsa_bio04,ok,0.025105604816721663,0.009530809618922127,2.6341523774515334,0.008434762488521473,0.006425561220126379,0.04378564841331695,37676,140,0.018978215599173315,True
omit_rank_08,Cirsium undulatum,taxon_cyclic_doy_by_hemisphere,shape_solidity_median,chelsa_bio12,ok,0.0031752018297014056,0.004583696977230494,0.6927163478463376,0.4884875777712545,-0.005808679161715475,0.012159082821118286,37676,140,0.5861850933255054,False
omit_rank_08,Cirsium undulatum,taxon_cyclic_doy_by_hemisphere,shape_solidity_median,chelsa_bio15,ok,-0.007350293922210498,0.006875112582337754,-1.0691161539802987,0.285017333495448,-0.020825266973250663,0.006124679128829667,37676,140,0.39463938483985106,False
omit_rank_08,Cirsium undulatum,taxon_cyclic_doy_by_hemisphere,shape_width_cv_median,chelsa_bio01,ok,0.04174952988367753,0.004507406154860224,9.262429088769835,1.9983332161538122e-20,0.03291517615645732,0.05058388361089774,37676,140,3.596999789076862e-19,True
omit_rank_08,Cirsium undulatum,taxon_cyclic_doy_by_hemisphere,shape_width_cv_median,chelsa_bio04,ok,-0.03225757286992865,0.010778263572427263,-2.992835780380183,0.0027639843049333114,-0.0533825812877661,-0.011132564452091192,37676,140,0.006633562331839947,True
omit_rank_08,Cirsium undulatum,taxon_cyclic_doy_by_hemisphere,shape_width_cv_median,chelsa_bio12,ok,-0.004547179342843176,0.005098311410440971,-0.8918990969305806,0.3724470187531014,-0.014539686089277084,0.005445327403590732,37676,140,0.4965960250041352,False
omit_rank_08,Cirsium undulatum,taxon_cyclic_doy_by_hemisphere,shape_width_cv_median,chelsa_bio15,ok,0.004723751677843408,0.009055083161198622,0.521668503066307,0.6019011583230104,-0.013023885195120991,0.022471388550807807,37676,140,0.6541728176788161,False
omit_rank_09,Cirsium acaulon,hemisphere_phase_aligned_cyclic_doy,orientation_angle_degrees_median,chelsa_bio01,ok,0.01342155283555873,0.0038459386851817496,3.4897989630649717,0.0004833840377211897,0.005883651525853171,0.02095945414526429,36552,141,0.0019335361508847587,True
omit_rank_09,Cirsium acaulon,hemisphere_phase_aligned_cyclic_doy,orientation_angle_degrees_median,chelsa_bio04,ok,0.005016189532708694,0.012542636886280963,0.39993101755144983,0.6892073258323068,-0.0195669270355656,0.029599306100982988,36552,141,0.7518625372716075,False
omit_rank_09,Cirsium acaulon,hemisphere_phase_aligned_cyclic_doy,orientation_angle_degrees_median,chelsa_bio12,ok,0.0012349493614063184,0.010811188271627555,0.11422882761622694,0.9090564003357736,-0.019954590281065526,0.02242448900387816,36552,141,0.9090564003357736,False
omit_rank_09,Cirsium acaulon,hemisphere_phase_aligned_cyclic_doy,orientation_angle_degrees_median,chelsa_bio15,ok,-0.011083154769531896,0.005016208973003649,-2.2094683114637923,0.02714208416191023,-0.0209147436955457,-0.0012515658435180918,36552,141,0.04885575149143841,True
omit_rank_09,Cirsium acaulon,hemisphere_phase_aligned_cyclic_doy,corolla_lab_lightness_median,chelsa_bio01,ok,0.007314052519801345,0.02935943190741667,0.2491210505321016,0.8032671467034453,-0.050229376625291436,0.06485748166489412,39702,142,0.8262176366092581,False
omit_rank_09,Cirsium acaulon,hemisphere_phase_aligned_cyclic_doy,corolla_lab_lightness_median,chelsa_bio04,ok,0.03889467600078109,0.014995672842396427,2.5937266309795945,0.009494194315860731,0.009503697305738707,0.06828565469582347,39702,142,0.018988388631721462,True
omit_rank_09,Cirsium acaulon,hemisphere_phase_aligned_cyclic_doy,corolla_lab_lightness_median,chelsa_bio12,ok,-0.007167595123388215,0.011151005193524362,-0.6427756959122033,0.5203696555963422,-0.029023163694115058,0.014687973447338628,39702,142,0.6043002452086554,False
omit_rank_09,Cirsium acaulon,hemisphere_phase_aligned_cyclic_doy,corolla_lab_lightness_median,chelsa_bio15,ok,-0.030832898269776678,0.016279158812852444,-1.8940105336053368,0.05822361171777249,-0.06273946324157528,0.0010736667020219345,39702,142,0.0998119058018957,False
omit_rank_09,Cirsium acaulon,hemisphere_phase_aligned_cyclic_doy,corolla_lab_chroma_median,chelsa_bio01,ok,0.022984069499864524,0.029066874999692464,0.7907306685052212,0.4291011755675356,-0.033985958642660394,0.07995409764238945,39702,142,0.5330940615971342,False
omit_rank_09,Cirsium acaulon,hemisphere_phase_aligned_cyclic_doy,corolla_lab_chroma_median,chelsa_bio04,ok,-0.040285732594989306,0.011091205754328192,-3.6322229960677044,0.0002809901364874085,-0.062024096418595964,-0.018547368771382647,39702,142,0.0014450921305066723,True
omit_rank_09,Cirsium acaulon,hemisphere_phase_aligned_cyclic_doy,corolla_lab_chroma_median,chelsa_bio12,ok,0.04202372784089303,0.01479680308112061,2.8400545449247434,0.004510582057060971,0.013022526715565336,0.07102492896622073,39702,142,0.009551820826717352,True
omit_rank_09,Cirsium acaulon,hemisphere_phase_aligned_cyclic_doy,corolla_lab_chroma_median,chelsa_bio15,ok,0.010466622082533442,0.00940939422250926,1.112358759238195,0.265983929023879,-0.007975451709923973,0.028908695874990856,39702,142,0.3989758935358185,False
omit_rank_09,Cirsium acaulon,hemisphere_phase_aligned_cyclic_doy,corolla_hue_sin_median,chelsa_bio01,ok,-0.08077509724729932,0.019399079042660673,-4.1638624735569225,3.1290863291946556e-05,-0.11879659350416,-0.04275360099043865,39695,142,0.00022529421570201518,True
omit_rank_09,Cirsium acaulon,hemisphere_phase_aligned_cyclic_doy,corolla_hue_sin_median,chelsa_bio04,ok,0.08579563010568737,0.012262021506565909,6.996858557110395,2.617653080152133e-12,0.06176250957516262,0.10982875063621213,39695,142,4.711775544273839e-11,True
omit_rank_09,Cirsium acaulon,hemisphere_phase_aligned_cyclic_doy,corolla_hue_sin_median,chelsa_bio12,ok,-0.04321189406959697,0.009528715389531895,-4.534912871578567,5.7627269523490295e-06,-0.06188783305201204,-0.024535955087181902,39695,142,6.915272342818836e-05,True
omit_rank_09,Cirsium acaulon,hemisphere_phase_aligned_cyclic_doy,corolla_hue_sin_median,chelsa_bio15,ok,0.005457544167137993,0.015906925440092427,0.3430923334425513,0.7315289985115376,-0.025719456800207114,0.036634545134483096,39695,142,0.7745601160710399,False
omit_rank_09,Cirsium acaulon,hemisphere_phase_aligned_cyclic_doy,corolla_hue_cos_median,chelsa_bio01,ok,0.028530347048202308,0.009311069813130613,3.064132008544107,0.00218302559339645,0.010280985556928215,0.0467797085394764,39695,142,0.006045301643251707,True
omit_rank_09,Cirsium acaulon,hemisphere_phase_aligned_cyclic_doy,corolla_hue_cos_median,chelsa_bio04,ok,-0.04507496058989825,0.013418708576689397,-3.3591131614707845,0.0007819304090337132,-0.0713751461192482,-0.018774775060548303,39695,142,0.002559044975019425,True
omit_rank_09,Cirsium acaulon,hemisphere_phase_aligned_cyclic_doy,corolla_hue_cos_median,chelsa_bio12,ok,-0.007728203509551491,0.009040554065210636,-0.8548373754315279,0.39264118378138646,-0.025447363877651515,0.009990956858548533,39695,142,0.523521578375182,False
omit_rank_09,Cirsium acaulon,hemisphere_phase_aligned_cyclic_doy,corolla_hue_cos_median,chelsa_bio15,ok,0.018031737705019313,0.005028539538210968,3.5858796710256287,0.000335943846331315,0.00817598131529014,0.027887494094748486,39695,142,0.0015117473084909176,True
omit_rank_09,Cirsium acaulon,hemisphere_phase_aligned_cyclic_doy,shape_aspect_ratio_median,chelsa_bio01,ok,-0.01629323829698431,0.007020808236226384,-2.3207069255806605,0.020302666696244812,-0.030053769582350204,-0.0025327070116184184,37748,140,0.03846821058235859,True
omit_rank_09,Cirsium acaulon,hemisphere_phase_aligned_cyclic_doy,shape_aspect_ratio_median,chelsa_bio04,ok,0.017429601869169465,0.004339625702011387,4.016383685139242,5.909801126290866e-05,0.008924091786842798,0.025935111951496132,37748,140,0.00035458806757745196,True
omit_rank_09,Cirsium acaulon,hemisphere_phase_aligned_cyclic_doy,shape_aspect_ratio_median,chelsa_bio12,ok,-0.011667341828417332,0.0039767753852460565,-2.9338699569765705,0.0033476443461974833,-0.019461678358105,-0.003873005298729663,37748,140,0.007532199778944338,True
omit_rank_09,Cirsium acaulon,hemisphere_phase_aligned_cyclic_doy,shape_aspect_ratio_median,chelsa_bio15,ok,-0.004311669039011789,0.003245627136358866,-1.3284548279470176,0.18402789698741373,-0.010672981333521039,0.0020496432554974594,37748,140,0.288043664849865,False
omit_rank_09,Cirsium acaulon,hemisphere_phase_aligned_cyclic_doy,shape_circularity_median,chelsa_bio01,ok,-0.033978781375708825,0.010587005184875351,-3.209479997634372,0.0013297529841633307,-0.05472893024220333,-0.01322863250921432,37748,140,0.003989258952489992,True
omit_rank_09,Cirsium acaulon,hemisphere_phase_aligned_cyclic_doy,shape_circularity_median,chelsa_bio04,ok,0.03059561654369181,0.006902659936523041,4.4324386287387085,9.317322781816104e-06,0.017066651670579115,0.044124581416804504,37748,140,8.385590503634494e-05,True
omit_rank_09,Cirsium acaulon,hemisphere_phase_aligned_cyclic_doy,shape_circularity_median,chelsa_bio12,ok,-0.0068094438943449385,0.0039070509217026895,-1.742860287927189,0.08135802229696601,-0.014467122986646232,0.0008482351979563554,37748,140,0.13313130921321709,False
omit_rank_09,Cirsium acaulon,hemisphere_phase_aligned_cyclic_doy,shape_circularity_median,chelsa_bio15,ok,-0.007646224333361465,0.008179518227730184,-0.9348013074216588,0.3498907056849313,-0.023677785470601516,0.008385336803878587,37748,140,0.4844640540252895,False
omit_rank_09,Cirsium acaulon,hemisphere_phase_aligned_cyclic_doy,shape_solidity_median,chelsa_bio01,ok,-0.03127011398732983,0.009273991040325415,-3.3718076555563066,0.0007467658143319013,-0.04944680241931479,-0.01309342555534487,37748,140,0.002559044975019425,True
omit_rank_09,Cirsium acaulon,hemisphere_phase_aligned_cyclic_doy,shape_solidity_median,chelsa_bio04,ok,0.019067809186983788,0.00633926672577268,3.0078887688164992,0.002630694049112518,0.006643074716076183,0.03149254365789139,37748,140,0.006764641840575046,True
omit_rank_09,Cirsium acaulon,hemisphere_phase_aligned_cyclic_doy,shape_solidity_median,chelsa_bio12,ok,0.0037933424337323724,0.004800753515353789,0.7901556331939329,0.429436882953247,-0.005615961555015111,0.013202646422479857,37748,140,0.5330940615971342,False
omit_rank_09,Cirsium acaulon,hemisphere_phase_aligned_cyclic_doy,shape_solidity_median,chelsa_bio15,ok,-0.0059230854881628745,0.006305612781959378,-0.9393354290813845,0.3475585538771907,-0.018281859441258673,0.006435688464932922,37748,140,0.4844640540252895,False
omit_rank_09,Cirsium acaulon,hemisphere_phase_aligned_cyclic_doy,shape_width_cv_median,chelsa_bio01,ok,0.04225452867743834,0.004888758374421322,8.64320251508441,5.4658913008916e-18,0.03267273833445397,0.05183631902042271,37748,140,1.967720868320976e-16,True
omit_rank_09,Cirsium acaulon,hemisphere_phase_aligned_cyclic_doy,shape_width_cv_median,chelsa_bio04,ok,-0.028105111771689475,0.00945935328822087,-2.971145163452874,0.0029669150601282237,-0.046645103533642915,-0.009565120009736038,37748,140,0.007120596144307737,True
omit_rank_09,Cirsium acaulon,hemisphere_phase_aligned_cyclic_doy,shape_width_cv_median,chelsa_bio12,ok,-0.003822251065536537,0.005641645999037769,-0.6775063636017671,0.4980847339005472,-0.014879674037175057,0.007235171906101984,37748,140,0.5977016806806567,False
omit_rank_09,Cirsium acaulon,hemisphere_phase_aligned_cyclic_doy,shape_width_cv_median,chelsa_bio15,ok,0.004541503595691022,0.00842715646422109,0.5389129316600136,0.589946933829431,-0.011975419566266219,0.021058426757648265,37748,140,0.6636903005581098,False
omit_rank_09,Cirsium acaulon,taxon_cyclic_doy_by_hemisphere,orientation_angle_degrees_median,chelsa_bio01,ok,0.01688753791860851,0.003800082340979162,4.443992630501032,8.830463044837587e-06,0.009439513392002694,0.024335562445214325,36552,141,5.298277826902553e-05,True
omit_rank_09,Cirsium acaulon,taxon_cyclic_doy_by_hemisphere,orientation_angle_degrees_median,chelsa_bio04,ok,0.0018494011875010382,0.01498345991171685,0.1234295148382139,0.901766986302169,-0.027517640603263685,0.031216442978265764,36552,141,0.901766986302169,False
omit_rank_09,Cirsium acaulon,taxon_cyclic_doy_by_hemisphere,orientation_angle_degrees_median,chelsa_bio12,ok,0.0021897100156667306,0.010918581669903954,0.20054894324804667,0.8410512842166386,-0.01921031681960422,0.023589736850937678,36552,141,0.8650813209085425,False
omit_rank_09,Cirsium acaulon,taxon_cyclic_doy_by_hemisphere,orientation_angle_degrees_median,chelsa_bio15,ok,-0.010849782889803816,0.004660993118725955,-2.3277835030937606,0.019923602493087125,-0.019985161534695713,-0.0017144042449119198,36552,141,0.03984720498617425,True
omit_rank_09,Cirsium acaulon,taxon_cyclic_doy_by_hemisphere,corolla_lab_lightness_median,chelsa_bio01,ok,0.01960081333976703,0.023270701753142005,0.8422957565996277,0.3996224256880684,-0.026008923991364397,0.06521055067089845,39702,142,0.5286983695373016,False
omit_rank_09,Cirsium acaulon,taxon_cyclic_doy_by_hemisphere,corolla_lab_lightness_median,chelsa_bio04,ok,0.028469603047510963,0.014565368164157209,1.9546092296911253,0.050629211092381866,-7.799397580345035e-05,0.05701720007082538,39702,142,0.08679293330122605,False
omit_rank_09,Cirsium acaulon,taxon_cyclic_doy_by_hemisphere,corolla_lab_lightness_median,chelsa_bio12,ok,-0.0022797720326413543,0.009698929365239514,-0.23505398861981047,0.8141668299835663,-0.02128932427710873,0.01672978021182602,39702,142,0.8620589964531878,False
omit_rank_09,Cirsium acaulon,taxon_cyclic_doy_by_hemisphere,corolla_lab_lightness_median,chelsa_bio15,ok,-0.028345706840817383,0.014827168119710797,-1.911741110100144,0.055909408569413024,-0.05740642234817102,0.0007150086665362529,39702,142,0.09148812311358494,False
omit_rank_09,Cirsium acaulon,taxon_cyclic_doy_by_hemisphere,corolla_lab_chroma_median,chelsa_bio01,ok,0.014381938302202177,0.025258483406168052,0.5693904131508604,0.5690912213483115,-0.035123779477989794,0.06388765608239415,39702,142,0.6608801280173939,False
omit_rank_09,Cirsium acaulon,taxon_cyclic_doy_by_hemisphere,corolla_lab_chroma_median,chelsa_bio04,ok,-0.033784326754320644,0.008453295250298719,-3.9965866273423716,6.426237230805888e-05,-0.05035248099558963,-0.017216172513051655,39702,142,0.000289180675386265,True
omit_rank_09,Cirsium acaulon,taxon_cyclic_doy_by_hemisphere,corolla_lab_chroma_median,chelsa_bio12,ok,0.04160961028715336,0.01411580438742386,2.947732140877813,0.0032011430453713534,0.013943142074990117,0.0692760784993166,39702,142,0.008231510688097765,True
omit_rank_09,Cirsium acaulon,taxon_cyclic_doy_by_hemisphere,corolla_lab_chroma_median,chelsa_bio15,ok,0.00823118953830284,0.010016458735326606,0.8217664302127679,0.41120984297345686,-0.011400708835568926,0.027863087912174605,39702,142,0.5286983695373016,False
omit_rank_09,Cirsium acaulon,taxon_cyclic_doy_by_hemisphere,corolla_hue_sin_median,chelsa_bio01,ok,-0.07237597523318101,0.015278457342933408,-4.737125850382816,2.167705605400726e-06,-0.10232120136466202,-0.0424307491017,39695,142,1.9509350448606535e-05,True
omit_rank_09,Cirsium acaulon,taxon_cyclic_doy_by_hemisphere,corolla_hue_sin_median,chelsa_bio04,ok,0.08125359526588538,0.007986517998776177,10.173844881879234,2.5946006137509767e-24,0.06560030762640318,0.09690688290536759,39695,142,4.670281104751758e-23,True
omit_rank_09,Cirsium acaulon,taxon_cyclic_doy_by_hemisphere,corolla_hue_sin_median,chelsa_bio12,ok,-0.04081894973693488,0.010815240711544062,-3.7742063099312446,0.00016051788392240375,-0.06201643201569259,-0.019621467458177173,39695,142,0.000642071535689615,True
omit_rank_09,Cirsium acaulon,taxon_cyclic_doy_by_hemisphere,corolla_hue_sin_median,chelsa_bio15,ok,0.010134416400710358,0.015097318537865025,0.671272608794244,0.5020468807978178,-0.019455784196634,0.03972461699805471,39695,142,0.6024562569573814,False
omit_rank_09,Cirsium acaulon,taxon_cyclic_doy_by_hemisphere,corolla_hue_cos_median,chelsa_bio01,ok,0.01799936557730346,0.006432924118307446,2.7980068233789823,0.005141902639158369,0.005391065990141783,0.030607665164465135,39695,142,0.01156928093810633,True
omit_rank_09,Cirsium acaulon,taxon_cyclic_doy_by_hemisphere,corolla_hue_cos_median,chelsa_bio04,ok,-0.03522162540907933,0.00999441420673644,-3.5241310476545222,0.0004248740603716646,-0.05481031730085821,-0.015632933517300454,39695,142,0.0013904969248527204,True
omit_rank_09,Cirsium acaulon,taxon_cyclic_doy_by_hemisphere,corolla_hue_cos_median,chelsa_bio12,ok,-0.013069619165270413,0.008492298788555678,-1.5389966239627821,0.12380512044102197,-0.029714218936792672,0.0035749806062518458,39695,142,0.193781927646817,False
omit_rank_09,Cirsium acaulon,taxon_cyclic_doy_by_hemisphere,corolla_hue_cos_median,chelsa_bio15,ok,0.015639831535375275,0.004272440661164256,3.660631656640344,0.0002515942339783431,0.007266001713408837,0.024013661357341714,39695,142,0.0009057392423220352,True
omit_rank_09,Cirsium acaulon,taxon_cyclic_doy_by_hemisphere,shape_aspect_ratio_median,chelsa_bio01,ok,-0.015403819496130462,0.007679477839406957,-2.0058420400780808,0.04487310372347538,-0.03045531948144157,-0.00035231951081935754,37748,140,0.08077158670225568,False
omit_rank_09,Cirsium acaulon,taxon_cyclic_doy_by_hemisphere,shape_aspect_ratio_median,chelsa_bio04,ok,0.017353027632657204,0.004179150385530261,4.15228599878571,3.2917052241287675e-05,0.009162043391041211,0.025544011874273197,37748,140,0.00016928769724090803,True
omit_rank_09,Cirsium acaulon,taxon_cyclic_doy_by_hemisphere,shape_aspect_ratio_median,chelsa_bio12,ok,-0.010863234715620196,0.0037271597372465506,-2.91461474190678,0.003561278684354606,-0.018168333565251205,-0.003558135865989186,37748,140,0.008547068842451055,True
omit_rank_09,Cirsium acaulon,taxon_cyclic_doy_by_hemisphere,shape_aspect_ratio_median,chelsa_bio15,ok,-0.004029452707703895,0.003152551870666587,-1.2781558791138599,0.2011944694452379,-0.010208340833604779,0.00214943541819699,37748,140,0.30179170416785683,False
omit_rank_09,Cirsium acaulon,taxon_cyclic_doy_by_hemisphere,shape_circularity_median,chelsa_bio01,ok,-0.03857476332869912,0.008229189099575908,-4.687553398267039,2.7649057206940287e-06,-0.054703677585837496,-0.022445849071560744,37748,140,1.9907321188997007e-05,True
omit_rank_09,Cirsium acaulon,taxon_cyclic_doy_by_hemisphere,shape_circularity_median,chelsa_bio04,ok,0.03785445513885397,0.010822085757149802,3.497889038057637,0.00046895619966511834,0.01664355681723648,0.05906535346047147,37748,140,0.0014068685989953552,True
omit_rank_09,Cirsium acaulon,taxon_cyclic_doy_by_hemisphere,shape_circularity_median,chelsa_bio12,ok,-0.007624991321369534,0.0037045925539719547,-2.0582536973450005,0.03956578642580279,-0.01488585930454982,-0.00036412333818924576,37748,140,0.07496675322783686,False
omit_rank_09,Cirsium acaulon,taxon_cyclic_doy_by_hemisphere,shape_circularity_median,chelsa_bio15,ok,-0.008422610698668693,0.008902241904543959,-0.9461224250005553,0.34408614714842944,-0.02587068421323811,0.009025462815900723,37748,140,0.4954840518937384,False
omit_rank_09,Cirsium acaulon,taxon_cyclic_doy_by_hemisphere,shape_solidity_median,chelsa_bio01,ok,-0.0361506760249993,0.007261223077508035,-4.97859322584065,6.404809169749947e-07,-0.050382411740626146,-0.021918940309372456,37748,140,7.685771003699937e-06,True
omit_rank_09,Cirsium acaulon,taxon_cyclic_doy_by_hemisphere,shape_solidity_median,chelsa_bio04,ok,0.025766905703352678,0.009531446322705743,2.7033573742078305,0.006864289978774528,0.0070856141902726835,0.04444819721643267,37748,140,0.014536143484463708,True
omit_rank_09,Cirsium acaulon,taxon_cyclic_doy_by_hemisphere,shape_solidity_median,chelsa_bio12,ok,0.0024959845639582817,0.004719765614659669,0.5288365498925863,0.5969188405592255,-0.006754586056245221,0.011746555184161785,37748,140,0.6715336956291287,False
omit_rank_09,Cirsium acaulon,taxon_cyclic_doy_by_hemisphere,shape_solidity_median,chelsa_bio15,ok,-0.006330455165841702,0.007059305991174485,-0.8967531898682407,0.3698506311924269,-0.02016644066439152,0.007505530332708116,37748,140,0.5121008739587449,False
omit_rank_09,Cirsium acaulon,taxon_cyclic_doy_by_hemisphere,shape_width_cv_median,chelsa_bio01,ok,0.04476810009534151,0.004178920413052768,10.7128386450025,8.860259067151577e-27,0.03657756659149884,0.05295863359918418,37748,140,3.189693264174568e-25,True
omit_rank_09,Cirsium acaulon,taxon_cyclic_doy_by_hemisphere,shape_width_cv_median,chelsa_bio04,ok,-0.0329561478540905,0.0108218282514921,-3.045340129986497,0.002324173040402598,-0.054166541473893076,-0.011745754234287916,37748,140,0.006436171496499502,True
omit_rank_09,Cirsium acaulon,taxon_cyclic_doy_by_hemisphere,shape_width_cv_median,chelsa_bio12,ok,-0.0037360210073759505,0.005229860108057556,-0.7143634686556771,0.4750024552408286,-0.013986358463351518,0.006514316448599616,37748,140,0.5896582202989596,False
omit_rank_09,Cirsium acaulon,taxon_cyclic_doy_by_hemisphere,shape_width_cv_median,chelsa_bio15,ok,0.004103674369349474,0.009016549328210326,0.4551269249434698,0.649017928573445,-0.013568437578771585,0.02177578631747053,37748,140,0.7080195584437582,False
omit_rank_10,Cirsium altissimum,hemisphere_phase_aligned_cyclic_doy,orientation_angle_degrees_median,chelsa_bio01,ok,0.01323598516912297,0.003828301874762681,3.4574037268007967,0.0005454070799439751,0.005732651372640947,0.02073931896560499,36509,141,0.0023804881228315275,True
omit_rank_10,Cirsium altissimum,hemisphere_phase_aligned_cyclic_doy,orientation_angle_degrees_median,chelsa_bio04,ok,0.005626902578786921,0.012557572125783123,0.4480884140998722,0.6540893892625326,-0.018985486521012087,0.03023929167858593,36509,141,0.713552061013672,False
omit_rank_10,Cirsium altissimum,hemisphere_phase_aligned_cyclic_doy,orientation_angle_degrees_median,chelsa_bio12,ok,0.0010244008213974578,0.01074900758803488,0.09530189768753689,0.9240750353801155,-0.020043266920698664,0.02209206856349358,36509,141,0.9240750353801155,False
omit_rank_10,Cirsium altissimum,hemisphere_phase_aligned_cyclic_doy,orientation_angle_degrees_median,chelsa_bio15,ok,-0.00913220786070325,0.004922424942831531,-1.8552254156769574,0.06356404374259171,-0.018779983465254682,0.0005155677438481842,36509,141,0.11034270450430429,False
omit_rank_10,Cirsium altissimum,hemisphere_phase_aligned_cyclic_doy,corolla_lab_lightness_median,chelsa_bio01,ok,0.009027211310031575,0.029816570851915268,0.302758199622131,0.7620741410322743,-0.0494121937022091,0.06746661632227226,39705,142,0.8068289352024715,False
omit_rank_10,Cirsium altissimum,hemisphere_phase_aligned_cyclic_doy,corolla_lab_lightness_median,chelsa_bio04,ok,0.03859449499734547,0.015038271520616424,2.566418284470732,0.010275483323303455,0.009120024427202885,0.06806896556748805,39705,142,0.02055096664660691,True
omit_rank_10,Cirsium altissimum,hemisphere_phase_aligned_cyclic_doy,corolla_lab_lightness_median,chelsa_bio12,ok,-0.008757578681154461,0.011214189291652365,-0.7809372976853031,0.4348393740294998,-0.030736985808607835,0.013221828446298912,39705,142,0.5300723397144136,False
omit_rank_10,Cirsium altissimum,hemisphere_phase_aligned_cyclic_doy,corolla_lab_lightness_median,chelsa_bio15,ok,-0.03030553349981431,0.016384626843610854,-1.8496322064015684,0.06436657762751084,-0.06241881201341977,0.0018077450137911483,39705,142,0.11034270450430429,False
omit_rank_10,Cirsium altissimum,hemisphere_phase_aligned_cyclic_doy,corolla_lab_chroma_median,chelsa_bio01,ok,0.02355758851143605,0.028856927581814212,0.8163581671904034,0.41429531513071793,-0.03300095025340032,0.08011612727627243,39705,142,0.5300723397144136,False
omit_rank_10,Cirsium altissimum,hemisphere_phase_aligned_cyclic_doy,corolla_lab_chroma_median,chelsa_bio04,ok,-0.041593953431682866,0.01094347685212207,-3.800798776635353,0.00014423039426297691,-0.06304277392748989,-0.020145132935875845,39705,142,0.0007417563133524527,True
omit_rank_10,Cirsium altissimum,hemisphere_phase_aligned_cyclic_doy,corolla_lab_chroma_median,chelsa_bio12,ok,0.043166464923366274,0.014411753153891314,2.995226497597269,0.00274241118689971,0.014919947787657765,0.07141298205907479,39705,142,0.006581786848559304,True
omit_rank_10,Cirsium altissimum,hemisphere_phase_aligned_cyclic_doy,corolla_lab_chroma_median,chelsa_bio15,ok,0.0082894690511155,0.009041942340879341,0.9167796850061906,0.3592581000433871,-0.009432412287295798,0.026011350389526795,39705,142,0.49743429236776676,False
omit_rank_10,Cirsium altissimum,hemisphere_phase_aligned_cyclic_doy,corolla_hue_sin_median,chelsa_bio01,ok,-0.0800922114363086,0.019808869344132535,-4.043250023254468,5.271535479084347e-05,-0.11891688192526792,-0.04126754094734927,39698,142,0.000379550554494073,True
omit_rank_10,Cirsium altissimum,hemisphere_phase_aligned_cyclic_doy,corolla_hue_sin_median,chelsa_bio04,ok,0.0857195486348521,0.01237929818238945,6.9244271663796795,4.377431807231497e-12,0.06145657004348662,0.10998252722621757,39698,142,7.879377253016695e-11,True
omit_rank_10,Cirsium altissimum,hemisphere_phase_aligned_cyclic_doy,corolla_hue_sin_median,chelsa_bio12,ok,-0.04268212398614627,0.009769413471043806,-4.3689546064003295,1.2484271057660288e-05,-0.06182982253947257,-0.023534425432819972,39698,142,0.0001123584395189426,True
omit_rank_10,Cirsium altissimum,hemisphere_phase_aligned_cyclic_doy,corolla_hue_sin_median,chelsa_bio15,ok,0.0043843105741794884,0.01602643125676804,0.2735674901003286,0.7844170203357361,-0.027026917489792867,0.035795538638151846,39698,142,0.8068289352024715,False
omit_rank_10,Cirsium altissimum,hemisphere_phase_aligned_cyclic_doy,corolla_hue_cos_median,chelsa_bio01,ok,0.028308359955211502,0.00951516655237869,2.9750777140243243,0.0029291433134799776,0.009658976205649115,0.04695774370477389,39698,142,0.00659057245532995,True
omit_rank_10,Cirsium altissimum,hemisphere_phase_aligned_cyclic_doy,corolla_hue_cos_median,chelsa_bio04,ok,-0.045250449335946824,0.013479382238125998,-3.3570121046020485,0.0007878966315441725,-0.07166955305652269,-0.018831345615370962,39698,142,0.002833443314264921,True
omit_rank_10,Cirsium altissimum,hemisphere_phase_aligned_cyclic_doy,corolla_hue_cos_median,chelsa_bio12,ok,-0.006988021326420641,0.009083843219759925,-0.769280265782188,0.4417269497620113,-0.024792026878358457,0.010815984225517175,39698,142,0.5300723397144136,False
omit_rank_10,Cirsium altissimum,hemisphere_phase_aligned_cyclic_doy,corolla_hue_cos_median,chelsa_bio15,ok,0.01760324067671372,0.005126419102437939,3.433827848437568,0.0005951220307078819,0.007555643866277209,0.027650837487150227,39698,142,0.0023804881228315275,True
omit_rank_10,Cirsium altissimum,hemisphere_phase_aligned_cyclic_doy,shape_aspect_ratio_median,chelsa_bio01,ok,-0.017109105621064567,0.007088874331048254,-2.4135151537570834,0.015799470872968912,-0.031003044000849612,-0.0032151672412795203,37736,140,0.0299358395487832,True
omit_rank_10,Cirsium altissimum,hemisphere_phase_aligned_cyclic_doy,shape_aspect_ratio_median,chelsa_bio04,ok,0.01773050748149762,0.004433142977551368,3.999534319394094,6.346724410393671e-05,0.00904170690718028,0.02641930805581496,37736,140,0.00038080346462362026,True
omit_rank_10,Cirsium altissimum,hemisphere_phase_aligned_cyclic_doy,shape_aspect_ratio_median,chelsa_bio12,ok,-0.012127412265941408,0.004010774115414954,-3.023708620071891,0.002496968037841172,-0.01998838508228021,-0.0042664394496026055,37736,140,0.006581786848559304,True
omit_rank_10,Cirsium altissimum,hemisphere_phase_aligned_cyclic_doy,shape_aspect_ratio_median,chelsa_bio15,ok,-0.0047638889316443155,0.0031952524748670354,-1.4909272331735088,0.13598060052882233,-0.011026468703896179,0.0014986908406075484,37736,140,0.21283920082772192,False
omit_rank_10,Cirsium altissimum,hemisphere_phase_aligned_cyclic_doy,shape_circularity_median,chelsa_bio01,ok,-0.03297144485371507,0.010513823105935686,-3.1360090921732087,0.0017126389400475834,-0.053578159481174066,-0.01236473022625608,37736,140,0.005137916820142751,True
omit_rank_10,Cirsium altissimum,hemisphere_phase_aligned_cyclic_doy,shape_circularity_median,chelsa_bio04,ok,0.03044622949428938,0.006889519628094829,4.419209340827254,9.906265501600078e-06,0.016943019152441726,0.04394943983613703,37736,140,0.0001123584395189426,True
omit_rank_10,Cirsium altissimum,hemisphere_phase_aligned_cyclic_doy,shape_circularity_median,chelsa_bio12,ok,-0.006651243738697094,0.0038762025285956586,-1.7159174964747852,0.08617714389703479,-0.014248461091527675,0.0009459736141334855,37736,140,0.1410171445587842,False
omit_rank_10,Cirsium altissimum,hemisphere_phase_aligned_cyclic_doy,shape_circularity_median,chelsa_bio15,ok,-0.008236533720591552,0.008103673865002051,-1.0163950151255832,0.3094413184707997,-0.024119442638454072,0.007646375197270967,37736,140,0.46416197770619955,False
omit_rank_10,Cirsium altissimum,hemisphere_phase_aligned_cyclic_doy,shape_solidity_median,chelsa_bio01,ok,-0.030681936425963553,0.009211409584354863,-3.330862246976331,0.0008657743460253926,-0.04873596745814615,-0.01262790539378095,37736,140,0.002833443314264921,True
omit_rank_10,Cirsium altissimum,hemisphere_phase_aligned_cyclic_doy,shape_solidity_median,chelsa_bio04,ok,0.019007792268530936,0.006336654620135907,2.999657296790347,0.002702835242588706,0.0065881774305952216,0.03142740710646665,37736,140,0.006581786848559304,True
omit_rank_10,Cirsium altissimum,hemisphere_phase_aligned_cyclic_doy,shape_solidity_median,chelsa_bio12,ok,0.003781677757107451,0.00477316759052652,0.7922784367791914,0.4281983419955454,-0.005573558812498357,0.01313691432671326,37736,140,0.5300723397144136,False
omit_rank_10,Cirsium altissimum,hemisphere_phase_aligned_cyclic_doy,shape_solidity_median,chelsa_bio15,ok,-0.005895866755066807,0.006326821056257394,-0.9318845440137173,0.3513961960555255,-0.018296208161960963,0.006504474651827349,37736,140,0.49743429236776676,False
omit_rank_10,Cirsium altissimum,hemisphere_phase_aligned_cyclic_doy,shape_width_cv_median,chelsa_bio01,ok,0.04070237986754231,0.00493132517419926,8.25384220868207,1.5338183610441405e-16,0.031037160130056054,0.05036759960502857,37736,140,5.521746099758906e-15,True
omit_rank_10,Cirsium altissimum,hemisphere_phase_aligned_cyclic_doy,shape_width_cv_median,chelsa_bio04,ok,-0.027380435524120304,0.009353614234984967,-2.9272572971536825,0.003419658460537828,-0.04571318254997201,-0.009047688498268598,37736,140,0.007241629681138929,True
omit_rank_10,Cirsium altissimum,hemisphere_phase_aligned_cyclic_doy,shape_width_cv_median,chelsa_bio12,ok,-0.004094562989053284,0.005561227464350424,-0.7362696482567895,0.46156661358029405,-0.014994368529015121,0.0068052425509085536,37736,140,0.5360128415771156,False
omit_rank_10,Cirsium altissimum,hemisphere_phase_aligned_cyclic_doy,shape_width_cv_median,chelsa_bio15,ok,0.003793994085405243,0.008427582455905856,0.45018771459738127,0.6525750939459793,-0.01272376400491185,0.02031175217572234,37736,140,0.713552061013672,False
omit_rank_10,Cirsium altissimum,taxon_cyclic_doy_by_hemisphere,orientation_angle_degrees_median,chelsa_bio01,ok,0.01669194696373206,0.0038149762997282677,4.375373698893225,1.2122461724140052e-05,0.009214730814390771,0.024169163113073346,36509,141,7.273477034484031e-05,True
omit_rank_10,Cirsium altissimum,taxon_cyclic_doy_by_hemisphere,orientation_angle_degrees_median,chelsa_bio04,ok,0.0025066444668768394,0.014973468950573077,0.1674057277676395,0.867050818667032,-0.02684081539987515,0.03185410433362883,36509,141,0.867050818667032,False
omit_rank_10,Cirsium altissimum,taxon_cyclic_doy_by_hemisphere,orientation_angle_degrees_median,chelsa_bio12,ok,0.0019713148428082985,0.01085515960262196,0.1816016452058564,0.8558953576327583,-0.01930440702476487,0.023247036710381464,36509,141,0.867050818667032,False
omit_rank_10,Cirsium altissimum,taxon_cyclic_doy_by_hemisphere,orientation_angle_degrees_median,chelsa_bio15,ok,-0.008884165495743682,0.0045161516151546975,-1.9671982370856167,0.04916036119290636,-0.017735660010169282,-3.267098131807915e-05,36509,141,0.08848865014723144,False
omit_rank_10,Cirsium altissimum,taxon_cyclic_doy_by_hemisphere,corolla_lab_lightness_median,chelsa_bio01,ok,0.02137569203485899,0.023685390402204798,0.9024842602074734,0.3667996788962772,-0.025046820113233084,0.06779820418295106,39705,142,0.49786078462989547,False
omit_rank_10,Cirsium altissimum,taxon_cyclic_doy_by_hemisphere,corolla_lab_lightness_median,chelsa_bio04,ok,0.028153964558446896,0.014611505151098705,1.9268353442923623,0.05400015320749824,-0.0004840592976280457,0.056791988414521835,39705,142,0.09257169121285412,False
omit_rank_10,Cirsium altissimum,taxon_cyclic_doy_by_hemisphere,corolla_lab_lightness_median,chelsa_bio12,ok,-0.003928928154935992,0.009867531837351182,-0.39816726408360537,0.6905068947664306,-0.023268935172446655,0.01541107886257467,39705,142,0.7519482106501864,False
omit_rank_10,Cirsium altissimum,taxon_cyclic_doy_by_hemisphere,corolla_lab_lightness_median,chelsa_bio15,ok,-0.02780719596709458,0.01492445827781958,-1.863196335134057,0.06243464832351725,-0.057058596680391635,0.0014442047462024758,39705,142,0.10216578816575549,False
omit_rank_10,Cirsium altissimum,taxon_cyclic_doy_by_hemisphere,corolla_lab_chroma_median,chelsa_bio01,ok,0.01501279419585069,0.02508953892067643,0.598368676415913,0.5495939615679264,-0.03416179847739105,0.06418738686909244,39705,142,0.6401277200363659,False
omit_rank_10,Cirsium altissimum,taxon_cyclic_doy_by_hemisphere,corolla_lab_chroma_median,chelsa_bio04,ok,-0.03522501910848366,0.008393315059984457,-4.196794574818319,2.707192764512773e-05,-0.05167561433695084,-0.018774423880016485,39705,142,0.0001392270564606569,True
omit_rank_10,Cirsium altissimum,taxon_cyclic_doy_by_hemisphere,corolla_lab_chroma_median,chelsa_bio12,ok,0.04277120485825823,0.013718978765032754,3.117666816955388,0.001822887525190179,0.015882500574124242,0.06965990914239222,39705,142,0.005047996223603572,True
omit_rank_10,Cirsium altissimum,taxon_cyclic_doy_by_hemisphere,corolla_lab_chroma_median,chelsa_bio15,ok,0.006029856312797427,0.009592419208601322,0.6286064215574086,0.5296067552291204,-0.01277093986067137,0.024830652486266223,39705,142,0.6401277200363659,False
omit_rank_10,Cirsium altissimum,taxon_cyclic_doy_by_hemisphere,corolla_hue_sin_median,chelsa_bio01,ok,-0.0716094466586772,0.01566771422836111,-4.570510134085319,4.865383918562842e-06,-0.10231760226633074,-0.040901291051023664,39698,142,4.378845526706558e-05,True
omit_rank_10,Cirsium altissimum,taxon_cyclic_doy_by_hemisphere,corolla_hue_sin_median,chelsa_bio04,ok,0.08112213028958137,0.008103338712487093,10.010951432225545,1.364340530886124e-23,0.0652398782585775,0.09700438232058525,39698,142,4.911625911190046e-22,True
omit_rank_10,Cirsium altissimum,taxon_cyclic_doy_by_hemisphere,corolla_hue_sin_median,chelsa_bio12,ok,-0.040281212159868504,0.01098680548377526,-3.6663261417846793,0.00024606007242265906,-0.06181495521321518,-0.01874746910652183,39698,142,0.0009842402896906362,True
omit_rank_10,Cirsium altissimum,taxon_cyclic_doy_by_hemisphere,corolla_hue_sin_median,chelsa_bio15,ok,0.009091166219208897,0.015255391907687604,0.5959313450759408,0.5512210922535373,-0.020808852489902593,0.03899118492832039,39698,142,0.6401277200363659,False
omit_rank_10,Cirsium altissimum,taxon_cyclic_doy_by_hemisphere,corolla_hue_cos_median,chelsa_bio01,ok,0.017725042515241245,0.006623733766759777,2.67598957618009,0.007450896245500277,0.004742762889210252,0.03070732214127224,39698,142,0.01577836851988294,True
omit_rank_10,Cirsium altissimum,taxon_cyclic_doy_by_hemisphere,corolla_hue_cos_median,chelsa_bio04,ok,-0.03535150622757586,0.010041697395046316,-3.520471175024171,0.0004307808122299469,-0.05503287146551632,-0.0156701409896354,39698,142,0.001455145870457374,True
omit_rank_10,Cirsium altissimum,taxon_cyclic_doy_by_hemisphere,corolla_hue_cos_median,chelsa_bio12,ok,-0.012305059156763984,0.008605198285440232,-1.4299564924127104,0.15272950653544745,-0.029170937876052662,0.004560819562524694,39698,142,0.2290942598031712,False
omit_rank_10,Cirsium altissimum,taxon_cyclic_doy_by_hemisphere,corolla_hue_cos_median,chelsa_bio15,ok,0.015187575062586325,0.004324391995283187,3.512071773130676,0.00044462790486197545,0.006711922496797975,0.023663227628374674,39698,142,0.001455145870457374,True
omit_rank_10,Cirsium altissimum,taxon_cyclic_doy_by_hemisphere,shape_aspect_ratio_median,chelsa_bio01,ok,-0.01625959860015037,0.00770597711957021,-2.109998297147452,0.034858502550502234,-0.03136303622019769,-0.001156160980103054,37736,140,0.06971700510100447,False
omit_rank_10,Cirsium altissimum,taxon_cyclic_doy_by_hemisphere,shape_aspect_ratio_median,chelsa_bio04,ok,0.017679474201579767,0.004284227926270894,4.126641837417005,3.680990071566772e-05,0.009282541764528094,0.026076406638631443,37736,140,0.00016564455322050475,True
omit_rank_10,Cirsium altissimum,taxon_cyclic_doy_by_hemisphere,shape_aspect_ratio_median,chelsa_bio12,ok,-0.011333233542372445,0.003766001767721306,-3.0093542811133207,0.0026180363231262348,-0.018714461372820384,-0.003952005711924508,37736,140,0.006486841976669973,True
omit_rank_10,Cirsium altissimum,taxon_cyclic_doy_by_hemisphere,shape_aspect_ratio_median,chelsa_bio15,ok,-0.004483578130494945,0.003115134489859596,-1.4392887835468788,0.15006871943483788,-0.010589129537618307,0.0016219732766284169,37736,140,0.2290942598031712,False
omit_rank_10,Cirsium altissimum,taxon_cyclic_doy_by_hemisphere,shape_circularity_median,chelsa_bio01,ok,-0.03751223570971733,0.008309096228635094,-4.514598781566805,6.343674861885315e-06,-0.0537977650619197,-0.021226706357514957,37736,140,4.567445900557426e-05,True
omit_rank_10,Cirsium altissimum,taxon_cyclic_doy_by_hemisphere,shape_circularity_median,chelsa_bio04,ok,0.0376961217908707,0.010817562846387239,3.4847148406870723,0.0004926617780784868,0.01649408821145312,0.05889815537028828,37736,140,0.0014779853342354603,True
omit_rank_10,Cirsium altissimum,taxon_cyclic_doy_by_hemisphere,shape_circularity_median,chelsa_bio12,ok,-0.007458516606885896,0.003687027264762388,-2.0229079069114406,0.043082643200208895,-0.014684957255837402,-0.00023207595793438892,37736,140,0.08163027132671159,False
omit_rank_10,Cirsium altissimum,taxon_cyclic_doy_by_hemisphere,shape_circularity_median,chelsa_bio15,ok,-0.009019670501566402,0.00882717775752336,-1.02180682765553,0.30687233721849705,-0.026320620991445227,0.008281279988312422,37736,140,0.4418961655946358,False
omit_rank_10,Cirsium altissimum,taxon_cyclic_doy_by_hemisphere,shape_solidity_median,chelsa_bio01,ok,-0.03552809152131157,0.007284914686819037,-4.876939957250883,1.0774421397064688e-06,-0.04980626193792377,-0.021249921104699365,37736,140,1.2929305676477626e-05,True
omit_rank_10,Cirsium altissimum,taxon_cyclic_doy_by_hemisphere,shape_solidity_median,chelsa_bio04,ok,0.025704775453188076,0.009531634927954353,2.696785561708955,0.00700123396046673,0.007023114280613512,0.04438643662576264,37736,140,0.015752776411050145,True
omit_rank_10,Cirsium altissimum,taxon_cyclic_doy_by_hemisphere,shape_solidity_median,chelsa_bio12,ok,0.0024928679276522234,0.004689245642889887,0.5316138495393301,0.5949934705908125,-0.006697884647073327,0.011683620502377774,37736,140,0.6693676544146642,False
omit_rank_10,Cirsium altissimum,taxon_cyclic_doy_by_hemisphere,shape_solidity_median,chelsa_bio15,ok,-0.006304639868086548,0.007082823076103702,-0.8901309266579568,0.3733955884724216,-0.020186718006119,0.0075774382699459065,37736,140,0.49786078462989547,False
omit_rank_10,Cirsium altissimum,taxon_cyclic_doy_by_hemisphere,shape_width_cv_median,chelsa_bio01,ok,0.04313569382984996,0.004505954495354692,9.573042487295355,1.0380502465112762e-21,0.034304185302978414,0.05196720235672151,37736,140,1.8684904437202972e-20,True
omit_rank_10,Cirsium altissimum,taxon_cyclic_doy_by_hemisphere,shape_width_cv_median,chelsa_bio04,ok,-0.032169407117923224,0.010724367075106234,-2.999655540754097,0.002702850823612489,-0.0531887803421186,-0.011150033893727845,37736,140,0.006486841976669973,True
omit_rank_10,Cirsium altissimum,taxon_cyclic_doy_by_hemisphere,shape_width_cv_median,chelsa_bio12,ok,-0.004012588209154905,0.005152799995688288,-0.7787199605093389,0.4361446953425381,-0.014111890620242096,0.006086714201932286,37736,140,0.560757465440406,False
omit_rank_10,Cirsium altissimum,taxon_cyclic_doy_by_hemisphere,shape_width_cv_median,chelsa_bio15,ok,0.00335068654182563,0.009016351221418223,0.37162333848154877,0.7101733100585094,-0.014321037124117813,0.02102241020776907,37736,140,0.7519482106501864,False
omit_top_2_joint,Cirsium vulgare|Cirsium arvense,hemisphere_phase_aligned_cyclic_doy,orientation_angle_degrees_median,chelsa_bio01,ok,0.01055740468195848,0.009250066558882076,1.1413328341752391,0.2537314434475674,-0.0075723926280487405,0.0286872019919657,17095,140,0.5691092211865936,False
omit_top_2_joint,Cirsium vulgare|Cirsium arvense,hemisphere_phase_aligned_cyclic_doy,orientation_angle_degrees_median,chelsa_bio04,ok,0.00412705374395712,0.006596224072535069,0.6256691250288298,0.5315319885116239,-0.008801307872167735,0.017055415360081976,17095,140,0.7972979827674358,False
omit_top_2_joint,Cirsium vulgare|Cirsium arvense,hemisphere_phase_aligned_cyclic_doy,orientation_angle_degrees_median,chelsa_bio12,ok,0.004194494185260864,0.009396450057183068,0.4463913669241933,0.6553145677982861,-0.014222209509347281,0.02261119787986901,17095,140,0.8847071484362794,False
omit_top_2_joint,Cirsium vulgare|Cirsium arvense,hemisphere_phase_aligned_cyclic_doy,orientation_angle_degrees_median,chelsa_bio15,ok,-0.006983679610079274,0.010182026322929756,-0.6858830834440235,0.49278683851199134,-0.026940084492660395,0.012972725272501845,17095,140,0.7834520457583267,False
omit_top_2_joint,Cirsium vulgare|Cirsium arvense,hemisphere_phase_aligned_cyclic_doy,corolla_lab_lightness_median,chelsa_bio01,ok,0.044687404487803756,0.03119083666061218,1.4327093875053072,0.15194090561878087,-0.016445512014667686,0.10582032099027519,18723,141,0.43625711481748375,False
omit_top_2_joint,Cirsium vulgare|Cirsium arvense,hemisphere_phase_aligned_cyclic_doy,corolla_lab_lightness_median,chelsa_bio04,ok,0.010600325458183351,0.044622103885485556,0.23755772442704948,0.8122241428963605,-0.07685739107177315,0.09805804198813985,18723,141,0.9432280369119024,False
omit_top_2_joint,Cirsium vulgare|Cirsium arvense,hemisphere_phase_aligned_cyclic_doy,corolla_lab_lightness_median,chelsa_bio12,ok,-0.021382847184003823,0.019354733500678487,-1.1047864432364434,0.2692521361452095,-0.0593174277757045,0.016551733407696854,18723,141,0.5691092211865936,False
omit_top_2_joint,Cirsium vulgare|Cirsium arvense,hemisphere_phase_aligned_cyclic_doy,corolla_lab_lightness_median,chelsa_bio15,ok,-0.012301699009603114,0.030644899554790852,-0.40142729094636354,0.688105559894884,-0.07236459844684072,0.04776120042763449,18723,141,0.8847071484362794,False
omit_top_2_joint,Cirsium vulgare|Cirsium arvense,hemisphere_phase_aligned_cyclic_doy,corolla_lab_chroma_median,chelsa_bio01,ok,-1.7665049758887157e-05,0.018007735717151314,-0.000980970069549734,0.999217299252429,-0.035312178498491026,0.03527684839897326,18723,141,0.999217299252429,False
omit_top_2_joint,Cirsium vulgare|Cirsium arvense,hemisphere_phase_aligned_cyclic_doy,corolla_lab_chroma_median,chelsa_bio04,ok,-0.025340063527755658,0.020102173250437328,-1.2605633834741912,0.20746619810608546,-0.0647395991095973,0.014059472054085979,18723,141,0.5334845094156483,False
omit_top_2_joint,Cirsium vulgare|Cirsium arvense,hemisphere_phase_aligned_cyclic_doy,corolla_lab_chroma_median,chelsa_bio12,ok,0.01379907691373872,0.012431501143371,1.1100089003408062,0.2669951912023012,-0.010566217601036942,0.03816437142851438,18723,141,0.5691092211865936,False
omit_top_2_joint,Cirsium vulgare|Cirsium arvense,hemisphere_phase_aligned_cyclic_doy,corolla_lab_chroma_median,chelsa_bio15,ok,0.018731702840195333,0.02446840289390563,0.7655466080649203,0.44394612384375565,-0.029225485591075337,0.066688891271466,18723,141,0.7610504980178667,False
omit_top_2_joint,Cirsium vulgare|Cirsium arvense,hemisphere_phase_aligned_cyclic_doy,corolla_hue_sin_median,chelsa_bio01,ok,-0.03803209251121306,0.0231097482857133,-1.6457164327802272,0.09982215418702424,-0.08332636684299738,0.007262181820571263,18718,141,0.3266906864302611,False
omit_top_2_joint,Cirsium vulgare|Cirsium arvense,hemisphere_phase_aligned_cyclic_doy,corolla_hue_sin_median,chelsa_bio04,ok,0.05376134633746736,0.01896871830851324,2.8342108023892707,0.0045939017132035145,0.016583341619895872,0.09093935105503885,18718,141,0.04134511541883163,True
omit_top_2_joint,Cirsium vulgare|Cirsium arvense,hemisphere_phase_aligned_cyclic_doy,corolla_hue_sin_median,chelsa_bio12,ok,-0.017674460639046274,0.012504899031994254,-1.4134029066388702,0.15753729146186912,-0.0421836123720648,0.0068346910939722505,18718,141,0.43625711481748375,False
omit_top_2_joint,Cirsium vulgare|Cirsium arvense,hemisphere_phase_aligned_cyclic_doy,corolla_hue_sin_median,chelsa_bio15,ok,-0.007206466563886925,0.02765593264739366,-0.2605757923902839,0.7944196597670272,-0.06141109851164397,0.04699816538387012,18718,141,0.9432280369119024,False
omit_top_2_joint,Cirsium vulgare|Cirsium arvense,hemisphere_phase_aligned_cyclic_doy,corolla_hue_cos_median,chelsa_bio01,ok,-0.001832305007738599,0.014891075174383426,-0.1230471934552212,0.9020697269123994,-0.031018276040608618,0.027353666025131423,18718,141,0.966594917262848,False
omit_top_2_joint,Cirsium vulgare|Cirsium arvense,hemisphere_phase_aligned_cyclic_doy,corolla_hue_cos_median,chelsa_bio04,ok,-0.020876259270155167,0.019507901944105444,-1.070143746363416,0.2845546105932968,-0.05911104449454074,0.017358525954230406,18718,141,0.5691092211865936,False
omit_top_2_joint,Cirsium vulgare|Cirsium arvense,hemisphere_phase_aligned_cyclic_doy,corolla_hue_cos_median,chelsa_bio12,ok,0.0069063272677181604,0.016854930744980436,0.4097511506996214,0.6819885035757141,-0.026128729954360354,0.03994138448979667,18718,141,0.8847071484362794,False
omit_top_2_joint,Cirsium vulgare|Cirsium arvense,hemisphere_phase_aligned_cyclic_doy,corolla_hue_cos_median,chelsa_bio15,ok,0.008731293382344851,0.012961321568373731,0.6736422159025544,0.5005388070122643,-0.01667243008370987,0.03413501684839958,18718,141,0.7834520457583267,False
omit_top_2_joint,Cirsium vulgare|Cirsium arvense,hemisphere_phase_aligned_cyclic_doy,shape_aspect_ratio_median,chelsa_bio01,ok,-0.01551463869042455,0.008035047543386324,-1.9308708015293206,0.053499031852723145,-0.03126304248952878,0.00023376510867968193,17961,139,0.19259651466980332,False
omit_top_2_joint,Cirsium vulgare|Cirsium arvense,hemisphere_phase_aligned_cyclic_doy,shape_aspect_ratio_median,chelsa_bio04,ok,0.022119784329895184,0.004695600978141131,4.710746171334994,2.4681147683557817e-06,0.012916575526967518,0.03132299313282285,17961,139,8.885213166080815e-05,True
omit_top_2_joint,Cirsium vulgare|Cirsium arvense,hemisphere_phase_aligned_cyclic_doy,shape_aspect_ratio_median,chelsa_bio12,ok,-0.016468474324734653,0.006784982133723715,-2.4271949432085638,0.015216077296477169,-0.029766794942580863,-0.003170153706888442,17961,139,0.09129646377886302,False
omit_top_2_joint,Cirsium vulgare|Cirsium arvense,hemisphere_phase_aligned_cyclic_doy,shape_aspect_ratio_median,chelsa_bio15,ok,-0.00027506834139365163,0.007777232548610588,-0.03536840896480496,0.9717859749379245,-0.015518164036063058,0.014968027353275756,17961,139,0.999217299252429,False
omit_top_2_joint,Cirsium vulgare|Cirsium arvense,hemisphere_phase_aligned_cyclic_doy,shape_circularity_median,chelsa_bio01,ok,-0.029724081636078852,0.014910550397523023,-1.9934932543480548,0.04620746147001833,-0.05894822340489336,-0.0004999398672643415,17961,139,0.1848298458800733,False
omit_top_2_joint,Cirsium vulgare|Cirsium arvense,hemisphere_phase_aligned_cyclic_doy,shape_circularity_median,chelsa_bio04,ok,0.03007801391481542,0.01173613496124776,2.5628551490019325,0.010381535058105832,0.007075612073068425,0.053080415756562416,17961,139,0.07474705241836198,False
omit_top_2_joint,Cirsium vulgare|Cirsium arvense,hemisphere_phase_aligned_cyclic_doy,shape_circularity_median,chelsa_bio12,ok,-0.007735298291373476,0.008693906868312475,-0.8897378829266124,0.3736066475124641,-0.02477504263821134,0.009304446055464387,17961,139,0.6724919655224353,False
omit_top_2_joint,Cirsium vulgare|Cirsium arvense,hemisphere_phase_aligned_cyclic_doy,shape_circularity_median,chelsa_bio15,ok,-0.001902707828103904,0.013116870138977494,-0.14505806704984478,0.8846650256820615,-0.027611300890388685,0.023805885234180875,17961,139,0.966594917262848,False
omit_top_2_joint,Cirsium vulgare|Cirsium arvense,hemisphere_phase_aligned_cyclic_doy,shape_solidity_median,chelsa_bio01,ok,-0.028079032608057435,0.013117113147381116,-2.1406411832060415,0.03230298499176211,-0.05378810195806126,-0.0023699632580536124,17961,139,0.14536343246292951,False
omit_top_2_joint,Cirsium vulgare|Cirsium arvense,hemisphere_phase_aligned_cyclic_doy,shape_solidity_median,chelsa_bio04,ok,0.019579935227400622,0.009018160767995132,2.171167240318951,0.02991853273111701,0.0019046649153380904,0.037255205539463154,17961,139,0.14536343246292951,False
omit_top_2_joint,Cirsium vulgare|Cirsium arvense,hemisphere_phase_aligned_cyclic_doy,shape_solidity_median,chelsa_bio12,ok,-0.003782228088627893,0.007300897722221298,-0.5180497292978308,0.6044235732053327,-0.018091724678992154,0.010527268501736367,17961,139,0.8703699454156791,False
omit_top_2_joint,Cirsium vulgare|Cirsium arvense,hemisphere_phase_aligned_cyclic_doy,shape_solidity_median,chelsa_bio15,ok,-0.001304374004501182,0.011924349525659175,-0.10938743465162529,0.9128951996371342,-0.024675669613860442,0.02206692160485808,17961,139,0.966594917262848,False
omit_top_2_joint,Cirsium vulgare|Cirsium arvense,hemisphere_phase_aligned_cyclic_doy,shape_width_cv_median,chelsa_bio01,ok,0.03205239362930002,0.009312795044716441,3.4417587282224957,0.000577945483729497,0.013799650746252713,0.05030513651234733,17961,139,0.006935345804753964,True
omit_top_2_joint,Cirsium vulgare|Cirsium arvense,hemisphere_phase_aligned_cyclic_doy,shape_width_cv_median,chelsa_bio04,ok,-0.03255480446575502,0.009383973819441236,-3.4691917403168415,0.0005220267469787283,-0.05094705518372661,-0.014162553747783423,17961,139,0.006935345804753964,True
omit_top_2_joint,Cirsium vulgare|Cirsium arvense,hemisphere_phase_aligned_cyclic_doy,shape_width_cv_median,chelsa_bio12,ok,0.002635242110345752,0.009319388022879719,0.28276986684920263,0.7773532547527168,-0.015630422772452437,0.020900906993143942,17961,139,0.9432280369119024,False
omit_top_2_joint,Cirsium vulgare|Cirsium arvense,hemisphere_phase_aligned_cyclic_doy,shape_width_cv_median,chelsa_bio15,ok,0.010360289758833055,0.01043691231275835,0.9926585036235641,0.3208764037739441,-0.01009568248397595,0.03081626200164206,17961,139,0.6079763439927361,False
omit_top_2_joint,Cirsium vulgare|Cirsium arvense,taxon_cyclic_doy_by_hemisphere,orientation_angle_degrees_median,chelsa_bio01,ok,0.010712341060684881,0.009193239659212493,1.165241139988133,0.24392139715095518,-0.0073060775726168856,0.028730759693986647,17095,140,0.5854113531622924,False
omit_top_2_joint,Cirsium vulgare|Cirsium arvense,taxon_cyclic_doy_by_hemisphere,orientation_angle_degrees_median,chelsa_bio04,ok,0.003878949316746951,0.006638978180956848,0.5842690261994345,0.5590393276366186,-0.009133208812075713,0.016891107445569615,17095,140,0.8385589914549278,False
omit_top_2_joint,Cirsium vulgare|Cirsium arvense,taxon_cyclic_doy_by_hemisphere,orientation_angle_degrees_median,chelsa_bio12,ok,0.005049047321762698,0.009196289899696175,0.5490309001600208,0.5829842443166241,-0.012975349673031274,0.02307344431655667,17095,140,0.8394973118159388,False
omit_top_2_joint,Cirsium vulgare|Cirsium arvense,taxon_cyclic_doy_by_hemisphere,orientation_angle_degrees_median,chelsa_bio15,ok,-0.007146309484901263,0.010234276887992342,-0.6982720482466012,0.48500707626842654,-0.027205123593176915,0.01291250462337439,17095,140,0.7591415106810155,False
omit_top_2_joint,Cirsium vulgare|Cirsium arvense,taxon_cyclic_doy_by_hemisphere,corolla_lab_lightness_median,chelsa_bio01,ok,0.04621724130500194,0.030224400167737454,1.529136758662155,0.1262305443817013,-0.01302149447808984,0.10545597708809372,18723,141,0.37869163314510396,False
omit_top_2_joint,Cirsium vulgare|Cirsium arvense,taxon_cyclic_doy_by_hemisphere,corolla_lab_lightness_median,chelsa_bio04,ok,0.007946102599581582,0.04335216112533705,0.1832919603848193,0.8545689422239862,-0.07702257185805647,0.09291477705721962,18723,141,0.9513594412951716,False
omit_top_2_joint,Cirsium vulgare|Cirsium arvense,taxon_cyclic_doy_by_hemisphere,corolla_lab_lightness_median,chelsa_bio12,ok,-0.016988060542595655,0.017148863649908266,-0.9906231042128864,0.3218696516454219,-0.050599215672203955,0.016623094587012645,18723,141,0.6098582873281678,False
omit_top_2_joint,Cirsium vulgare|Cirsium arvense,taxon_cyclic_doy_by_hemisphere,corolla_lab_lightness_median,chelsa_bio15,ok,-0.01342577840460745,0.0303184140091589,-0.4428258813456288,0.657891681518993,-0.07284877793093353,0.045997221121718626,18723,141,0.8771889086919907,False
omit_top_2_joint,Cirsium vulgare|Cirsium arvense,taxon_cyclic_doy_by_hemisphere,corolla_lab_chroma_median,chelsa_bio01,ok,4.7770334280430524e-05,0.0180711249018436,0.00264346212756003,0.9978908248378011,-0.03537098363345795,0.03546652430201881,18723,141,0.9978908248378011,False
omit_top_2_joint,Cirsium vulgare|Cirsium arvense,taxon_cyclic_doy_by_hemisphere,corolla_lab_chroma_median,chelsa_bio04,ok,-0.025663034461530267,0.020126968611638988,-1.275057111516033,0.20228902819163397,-0.06511116805831083,0.013785099135250285,18723,141,0.5335992609531011,False
omit_top_2_joint,Cirsium vulgare|Cirsium arvense,taxon_cyclic_doy_by_hemisphere,corolla_lab_chroma_median,chelsa_bio12,ok,0.01396130386598499,0.012430498919214885,1.1231491154714481,0.261374169375002,-0.01040202632554025,0.03832463405751023,18723,141,0.5880918810937545,False
omit_top_2_joint,Cirsium vulgare|Cirsium arvense,taxon_cyclic_doy_by_hemisphere,corolla_lab_chroma_median,chelsa_bio15,ok,0.01874468867883835,0.024485722643968366,0.7655354490203612,0.4439527659721567,-0.029246445838776516,0.06673582319645321,18723,141,0.7434027937050043,False
omit_top_2_joint,Cirsium vulgare|Cirsium arvense,taxon_cyclic_doy_by_hemisphere,corolla_hue_sin_median,chelsa_bio01,ok,-0.03785536690002213,0.023106815553619042,-1.6382771053925314,0.10136390136374825,-0.08314389318252541,0.007433159382481146,18718,141,0.33173640446317604,False
omit_top_2_joint,Cirsium vulgare|Cirsium arvense,taxon_cyclic_doy_by_hemisphere,corolla_hue_sin_median,chelsa_bio04,ok,0.053565629977863995,0.019146263185801378,2.797706761786685,0.005146681466155556,0.01603964369516818,0.09109161626055981,18718,141,0.04632013319540001,True
omit_top_2_joint,Cirsium vulgare|Cirsium arvense,taxon_cyclic_doy_by_hemisphere,corolla_hue_sin_median,chelsa_bio12,ok,-0.015655082573446614,0.012420335388572673,-1.2604396003549203,0.20751082370398377,-0.03999849261095735,0.008688327464064123,18718,141,0.5335992609531011,False
omit_top_2_joint,Cirsium vulgare|Cirsium arvense,taxon_cyclic_doy_by_hemisphere,corolla_hue_sin_median,chelsa_bio15,ok,-0.007613788520475742,0.027519010516905792,-0.2766737748727685,0.7820306106816232,-0.06155005802379007,0.04632248098283859,18718,141,0.9513594412951716,False
omit_top_2_joint,Cirsium vulgare|Cirsium arvense,taxon_cyclic_doy_by_hemisphere,corolla_hue_cos_median,chelsa_bio01,ok,-0.002975227358889366,0.014192354751153328,-0.20963592096284003,0.833951841666073,-0.03079173152696581,0.024841276809187077,18718,141,0.9513594412951716,False
omit_top_2_joint,Cirsium vulgare|Cirsium arvense,taxon_cyclic_doy_by_hemisphere,corolla_hue_cos_median,chelsa_bio04,ok,-0.018730268905046907,0.018434674742246897,-1.0160346828426863,0.3096128709038021,-0.05486156746656103,0.01740102965646722,18718,141,0.6098582873281678,False
omit_top_2_joint,Cirsium vulgare|Cirsium arvense,taxon_cyclic_doy_by_hemisphere,corolla_hue_cos_median,chelsa_bio12,ok,0.0032425278329763687,0.014644530956971843,0.22141561532448356,0.8247688348745372,-0.025460225413170334,0.031945281079123075,18718,141,0.9513594412951716,False
omit_top_2_joint,Cirsium vulgare|Cirsium arvense,taxon_cyclic_doy_by_hemisphere,corolla_hue_cos_median,chelsa_bio15,ok,0.0095670442172315,0.012661195287742292,0.7556193550299047,0.4498774480090395,-0.015248442547971638,0.03438253098243464,18718,141,0.7434027937050043,False
omit_top_2_joint,Cirsium vulgare|Cirsium arvense,taxon_cyclic_doy_by_hemisphere,shape_aspect_ratio_median,chelsa_bio01,ok,-0.014797086574325151,0.007950547525824529,-1.861140572553283,0.06272432794253462,-0.030379873382315264,0.0007857002336649609,17961,139,0.2258075805931246,False
omit_top_2_joint,Cirsium vulgare|Cirsium arvense,taxon_cyclic_doy_by_hemisphere,shape_aspect_ratio_median,chelsa_bio04,ok,0.020904197889753787,0.005148994681847297,4.059860066170047,4.910213425459491e-05,0.010812353756744811,0.030996042022762765,17961,139,0.0017676768331654168,True
omit_top_2_joint,Cirsium vulgare|Cirsium arvense,taxon_cyclic_doy_by_hemisphere,shape_aspect_ratio_median,chelsa_bio12,ok,-0.014888622448713664,0.006874715588533521,-2.165707403742884,0.03033355292252253,-0.028362817406195447,-0.001414427491231881,17961,139,0.15173183635003645,False
omit_top_2_joint,Cirsium vulgare|Cirsium arvense,taxon_cyclic_doy_by_hemisphere,shape_aspect_ratio_median,chelsa_bio15,ok,-0.0008034702926891707,0.0074650501600136325,-0.10763093019695173,0.9142884607557874,-0.015434699749100857,0.013827759163722517,17961,139,0.9513594412951716,False
omit_top_2_joint,Cirsium vulgare|Cirsium arvense,taxon_cyclic_doy_by_hemisphere,shape_circularity_median,chelsa_bio01,ok,-0.029483877008547755,0.014835802762251056,-1.9873462515670521,0.04688403951257508,-0.058561516104299674,-0.0004062379127958357,17961,139,0.18753615805030033,False
omit_top_2_joint,Cirsium vulgare|Cirsium arvense,taxon_cyclic_doy_by_hemisphere,shape_circularity_median,chelsa_bio04,ok,0.029612670589865397,0.011696926613251368,2.5316625100748604,0.011352319819815004,0.006687115698084646,0.05253822548164615,17961,139,0.08173670270266803,False
omit_top_2_joint,Cirsium vulgare|Cirsium arvense,taxon_cyclic_doy_by_hemisphere,shape_circularity_median,chelsa_bio12,ok,-0.006253559166405579,0.00835743785334951,-0.7482627183281136,0.4543017072641693,-0.02263383636200236,0.010126718029191201,17961,139,0.7434027937050043,False
omit_top_2_joint,Cirsium vulgare|Cirsium arvense,taxon_cyclic_doy_by_hemisphere,shape_circularity_median,chelsa_bio15,ok,-0.0021887965978046155,0.012926722517801335,-0.16932339924450557,0.8655422717771417,-0.02752470717083816,0.02314711397522893,17961,139,0.9513594412951716,False
omit_top_2_joint,Cirsium vulgare|Cirsium arvense,taxon_cyclic_doy_by_hemisphere,shape_solidity_median,chelsa_bio01,ok,-0.028520434519867622,0.013427306206035564,-2.1240622714813573,0.033664936811888285,-0.05483747109308848,-0.0022033979466467637,17961,139,0.15173183635003645,False
omit_top_2_joint,Cirsium vulgare|Cirsium arvense,taxon_cyclic_doy_by_hemisphere,shape_solidity_median,chelsa_bio04,ok,0.02028871494207174,0.009554708620175531,2.1234258153336563,0.03371818585556365,0.0015618301637533027,0.039015599720390176,17961,139,0.15173183635003645,False
omit_top_2_joint,Cirsium vulgare|Cirsium arvense,taxon_cyclic_doy_by_hemisphere,shape_solidity_median,chelsa_bio12,ok,-0.003774529435671616,0.007420776965027574,-0.5086434282367076,0.6110021824871935,-0.01831898502443011,0.010769926153086877,17961,139,0.8460030219053449,False
omit_top_2_joint,Cirsium vulgare|Cirsium arvense,taxon_cyclic_doy_by_hemisphere,shape_solidity_median,chelsa_bio15,ok,-0.0011345920052049574,0.01204168579297772,-0.094222023785624,0.9249327901480835,-0.02473586247258893,0.022466678462179014,17961,139,0.9513594412951716,False
omit_top_2_joint,Cirsium vulgare|Cirsium arvense,taxon_cyclic_doy_by_hemisphere,shape_width_cv_median,chelsa_bio01,ok,0.031979429942449386,0.009332369017010357,3.426721541353501,0.0006109151925462013,0.01368832277867162,0.050270537106227156,17961,139,0.007609250081015314,True
omit_top_2_joint,Cirsium vulgare|Cirsium arvense,taxon_cyclic_doy_by_hemisphere,shape_width_cv_median,chelsa_bio04,ok,-0.032320418485976124,0.00945984358840127,-3.4165912135803436,0.0006341041734179428,-0.05086137121862476,-0.013779465753327488,17961,139,0.007609250081015314,True
omit_top_2_joint,Cirsium vulgare|Cirsium arvense,taxon_cyclic_doy_by_hemisphere,shape_width_cv_median,chelsa_bio12,ok,0.000930582104580068,0.00858617186364991,0.10838149053593313,0.9136930830524723,-0.01589800551324491,0.01775916972240505,17961,139,0.9513594412951716,False
omit_top_2_joint,Cirsium vulgare|Cirsium arvense,taxon_cyclic_doy_by_hemisphere,shape_width_cv_median,chelsa_bio15,ok,0.010587086267530417,0.010347943714306336,1.0231101521062063,0.3062557674297366,-0.009694510726557637,0.03086868326161847,17961,139,0.6098582873281678,False
