scale,scope,unit_id,member_endpoint_ids,n_registered_endpoints_in_unit,module,analysis_tier_metadata_only,validation_status,inferential_unit,predictor,environment_block,minimum_trait_observations_per_taxon,n_observations,n_taxa,status,beta_std,p_value,p_value_method,beta_sine_std_among,beta_cosine_std_among,effect_magnitude,effect_direction_degrees,q_fdr_bh_global_family,fdr_significant_0_05,result_retained_regardless_of_q
among_taxon,among_taxon_min5,bract_projection_maximum,bract_projection_maximum,1,armature,candidate,requires_botanical_calibration,linear_endpoint,chelsa_bio01,thermal,5,44,44,ok,-0.2336791437850915,0.1275,taxon_label_permutation_two_sided_9999,,,,,0.3956896551724138,False,True
among_taxon,among_taxon_min5,bract_projection_maximum,bract_projection_maximum,1,armature,candidate,requires_botanical_calibration,linear_endpoint,chelsa_bio04,thermal,5,44,44,ok,-0.029831163881435405,0.8476,taxon_label_permutation_two_sided_9999,,,,,0.9476273291925467,False,True
among_taxon,among_taxon_min5,bract_projection_maximum,bract_projection_maximum,1,armature,candidate,requires_botanical_calibration,linear_endpoint,chelsa_bio12,hydric,5,44,44,ok,0.16961138255596264,0.2756,taxon_label_permutation_two_sided_9999,,,,,0.5616,False,True
among_taxon,among_taxon_min5,bract_projection_maximum,bract_projection_maximum,1,armature,candidate,requires_botanical_calibration,linear_endpoint,chelsa_bio15,hydric,5,44,44,ok,0.01137836792536126,0.9402,taxon_label_permutation_two_sided_9999,,,,,0.9858539325842697,False,True
among_taxon,among_taxon_min5,bract_projection_maximum,bract_projection_maximum,1,armature,candidate,requires_botanical_calibration,linear_endpoint,chelsa_rsds_mean,radiative_atmospheric,5,44,44,ok,-0.37489685889858904,0.0121,taxon_label_permutation_two_sided_9999,,,,,0.10371428571428572,False,True
among_taxon,among_taxon_min5,bract_projection_maximum,bract_projection_maximum,1,armature,candidate,requires_botanical_calibration,linear_endpoint,chelsa_vpd_mean,radiative_atmospheric,5,44,44,ok,-0.41271772197737766,0.0053,taxon_label_permutation_two_sided_9999,,,,,0.06814285714285714,False,True
among_taxon,among_taxon_min5,bract_projection_maximum,bract_projection_maximum,1,armature,candidate,requires_botanical_calibration,linear_endpoint,chelsa_sfcwind_mean,mechanical,5,44,44,ok,-0.18863381355641065,0.2172,taxon_label_permutation_two_sided_9999,,,,,0.5012307692307693,False,True
among_taxon,among_taxon_min5,bract_projection_maximum,bract_projection_maximum,1,armature,candidate,requires_botanical_calibration,linear_endpoint,chelsa_gsp,growing_season_water_input,5,44,44,ok,0.15121272551579953,0.3335,taxon_label_permutation_two_sided_9999,,,,,0.6063636363636363,False,True
among_taxon,among_taxon_min5,bract_projection_maximum,bract_projection_maximum,1,armature,candidate,requires_botanical_calibration,linear_endpoint,chelsa_npp,resource_productivity,5,44,44,ok,0.07412634616071359,0.6399,taxon_label_permutation_two_sided_9999,,,,,0.8227285714285715,False,True
among_taxon,among_taxon_min5,bract_projection_peak_density,bract_projection_peak_density,1,armature,candidate,requires_botanical_calibration,linear_endpoint,chelsa_bio01,thermal,5,44,44,ok,0.40099219325415864,0.0066,taxon_label_permutation_two_sided_9999,,,,,0.06988235294117646,False,True
among_taxon,among_taxon_min5,bract_projection_peak_density,bract_projection_peak_density,1,armature,candidate,requires_botanical_calibration,linear_endpoint,chelsa_bio04,thermal,5,44,44,ok,-0.2547683779211006,0.096,taxon_label_permutation_two_sided_9999,,,,,0.34905882352941175,False,True
among_taxon,among_taxon_min5,bract_projection_peak_density,bract_projection_peak_density,1,armature,candidate,requires_botanical_calibration,linear_endpoint,chelsa_bio12,hydric,5,44,44,ok,-0.04937490103536917,0.7482,taxon_label_permutation_two_sided_9999,,,,,0.8860263157894736,False,True
among_taxon,among_taxon_min5,bract_projection_peak_density,bract_projection_peak_density,1,armature,candidate,requires_botanical_calibration,linear_endpoint,chelsa_bio15,hydric,5,44,44,ok,0.27551545617672085,0.0689,taxon_label_permutation_two_sided_9999,,,,,0.31005000000000005,False,True
among_taxon,among_taxon_min5,bract_projection_peak_density,bract_projection_peak_density,1,armature,candidate,requires_botanical_calibration,linear_endpoint,chelsa_rsds_mean,radiative_atmospheric,5,44,44,ok,0.41347973661340304,0.0065,taxon_label_permutation_two_sided_9999,,,,,0.06988235294117646,False,True
among_taxon,among_taxon_min5,bract_projection_peak_density,bract_projection_peak_density,1,armature,candidate,requires_botanical_calibration,linear_endpoint,chelsa_vpd_mean,radiative_atmospheric,5,44,44,ok,0.4436988261742537,0.0026,taxon_label_permutation_two_sided_9999,,,,,0.046799999999999994,True,True
among_taxon,among_taxon_min5,bract_projection_peak_density,bract_projection_peak_density,1,armature,candidate,requires_botanical_calibration,linear_endpoint,chelsa_sfcwind_mean,mechanical,5,44,44,ok,-0.2513285276578704,0.0989,taxon_label_permutation_two_sided_9999,,,,,0.34905882352941175,False,True
among_taxon,among_taxon_min5,bract_projection_peak_density,bract_projection_peak_density,1,armature,candidate,requires_botanical_calibration,linear_endpoint,chelsa_gsp,growing_season_water_input,5,44,44,ok,0.14117461859736694,0.3627,taxon_label_permutation_two_sided_9999,,,,,0.6102,False,True
among_taxon,among_taxon_min5,bract_projection_peak_density,bract_projection_peak_density,1,armature,candidate,requires_botanical_calibration,linear_endpoint,chelsa_npp,resource_productivity,5,44,44,ok,0.2462456785728368,0.1088,taxon_label_permutation_two_sided_9999,,,,,0.36900000000000005,False,True
among_taxon,among_taxon_min5,corolla_hue,corolla_hue_sin|corolla_hue_cos,2,colour,primary,frozen_technical,circular_joint,chelsa_bio01,thermal,5,143,143,ok,,0.0013,taxon_label_permutation_joint_circular_9999,-0.23552455497773855,0.191872502216776,0.3037875459994838,309.1683366308672,0.033428571428571426,True,True
among_taxon,among_taxon_min5,corolla_hue,corolla_hue_sin|corolla_hue_cos,2,colour,primary,frozen_technical,circular_joint,chelsa_bio04,thermal,5,143,143,ok,,0.0005,taxon_label_permutation_joint_circular_9999,-0.0038746684239681093,-0.33474352673762237,0.33476595070009285,180.6631711027913,0.021,True,True
among_taxon,among_taxon_min5,corolla_hue,corolla_hue_sin|corolla_hue_cos,2,colour,primary,frozen_technical,circular_joint,chelsa_bio12,hydric,5,143,143,ok,,0.366,taxon_label_permutation_joint_circular_9999,-0.1065683400760882,-0.053977364981289085,0.11945864153294261,243.13757181326037,0.6102,False,True
among_taxon,among_taxon_min5,corolla_hue,corolla_hue_sin|corolla_hue_cos,2,colour,primary,frozen_technical,circular_joint,chelsa_bio15,hydric,5,143,143,ok,,0.0001,taxon_label_permutation_joint_circular_9999,0.01624091486063121,0.4098689978871179,0.41019064195139865,2.2691380041267024,0.006000000000000001,True,True
among_taxon,among_taxon_min5,corolla_hue,corolla_hue_sin|corolla_hue_cos,2,colour,primary,frozen_technical,circular_joint,chelsa_rsds_mean,radiative_atmospheric,5,143,143,ok,,0.0001,taxon_label_permutation_joint_circular_9999,0.2524893442262619,0.43199584531390556,0.5003711415702184,30.305077111803804,0.006000000000000001,True,True
among_taxon,among_taxon_min5,corolla_hue,corolla_hue_sin|corolla_hue_cos,2,colour,primary,frozen_technical,circular_joint,chelsa_vpd_mean,radiative_atmospheric,5,143,143,ok,,0.0118,taxon_label_permutation_joint_circular_9999,-0.10986530173677031,0.2236286495700536,0.24915889996995375,333.83582637646197,0.10371428571428572,False,True
among_taxon,among_taxon_min5,corolla_hue,corolla_hue_sin|corolla_hue_cos,2,colour,primary,frozen_technical,circular_joint,chelsa_sfcwind_mean,mechanical,5,143,143,ok,,0.0017,taxon_label_permutation_joint_circular_9999,0.11236691604727124,-0.2753010084802332,0.2973499101937109,157.7966717726386,0.034,True,True
among_taxon,among_taxon_min5,corolla_hue,corolla_hue_sin|corolla_hue_cos,2,colour,primary,frozen_technical,circular_joint,chelsa_gsp,growing_season_water_input,5,143,143,ok,,0.0202,taxon_label_permutation_joint_circular_9999,-0.2258123149464158,0.0558766381939439,0.2326228713547234,283.8985032747836,0.13984615384615384,False,True
among_taxon,among_taxon_min5,corolla_hue,corolla_hue_sin|corolla_hue_cos,2,colour,primary,frozen_technical,circular_joint,chelsa_npp,resource_productivity,5,143,143,ok,,0.0007,taxon_label_permutation_joint_circular_9999,-0.3132327200148209,-0.03798972163737529,0.3155280587173959,263.08478550593276,0.021,True,True
among_taxon,among_taxon_min5,corolla_lab_chroma,corolla_lab_chroma,1,colour,primary,frozen_technical,linear_endpoint,chelsa_bio01,thermal,5,143,143,ok,0.11490333044621949,0.1706,taxon_label_permutation_two_sided_9999,,,,,0.4433142857142857,False,True
among_taxon,among_taxon_min5,corolla_lab_chroma,corolla_lab_chroma,1,colour,primary,frozen_technical,linear_endpoint,chelsa_bio04,thermal,5,143,143,ok,-0.013298029019620418,0.8709,taxon_label_permutation_two_sided_9999,,,,,0.9558658536585366,False,True
among_taxon,among_taxon_min5,corolla_lab_chroma,corolla_lab_chroma,1,colour,primary,frozen_technical,linear_endpoint,chelsa_bio12,hydric,5,143,143,ok,0.06381112226700864,0.452,taxon_label_permutation_two_sided_9999,,,,,0.6668852459016393,False,True
among_taxon,among_taxon_min5,corolla_lab_chroma,corolla_lab_chroma,1,colour,primary,frozen_technical,linear_endpoint,chelsa_bio15,hydric,5,143,143,ok,-0.0913007938029623,0.2808,taxon_label_permutation_two_sided_9999,,,,,0.5616,False,True
among_taxon,among_taxon_min5,corolla_lab_chroma,corolla_lab_chroma,1,colour,primary,frozen_technical,linear_endpoint,chelsa_rsds_mean,radiative_atmospheric,5,143,143,ok,-0.3453720170895292,0.0001,taxon_label_permutation_two_sided_9999,,,,,0.006000000000000001,True,True
among_taxon,among_taxon_min5,corolla_lab_chroma,corolla_lab_chroma,1,colour,primary,frozen_technical,linear_endpoint,chelsa_vpd_mean,radiative_atmospheric,5,143,143,ok,-0.01864930219079068,0.8296,taxon_label_permutation_two_sided_9999,,,,,0.9372375,False,True
among_taxon,among_taxon_min5,corolla_lab_chroma,corolla_lab_chroma,1,colour,primary,frozen_technical,linear_endpoint,chelsa_sfcwind_mean,mechanical,5,143,143,ok,-0.058968658956042065,0.4821,taxon_label_permutation_two_sided_9999,,,,,0.6998225806451612,False,True
among_taxon,among_taxon_min5,corolla_lab_chroma,corolla_lab_chroma,1,colour,primary,frozen_technical,linear_endpoint,chelsa_gsp,growing_season_water_input,5,143,143,ok,0.09064662586859537,0.2805,taxon_label_permutation_two_sided_9999,,,,,0.5616,False,True
among_taxon,among_taxon_min5,corolla_lab_chroma,corolla_lab_chroma,1,colour,primary,frozen_technical,linear_endpoint,chelsa_npp,resource_productivity,5,143,143,ok,0.2463466831515829,0.0034,taxon_label_permutation_two_sided_9999,,,,,0.05538461538461538,False,True
among_taxon,among_taxon_min5,corolla_lab_lightness,corolla_lab_lightness,1,colour,primary,frozen_technical,linear_endpoint,chelsa_bio01,thermal,5,143,143,ok,-0.07311241781437157,0.3858,taxon_label_permutation_two_sided_9999,,,,,0.6145486725663717,False,True
among_taxon,among_taxon_min5,corolla_lab_lightness,corolla_lab_lightness,1,colour,primary,frozen_technical,linear_endpoint,chelsa_bio04,thermal,5,143,143,ok,0.19022418029414068,0.0239,taxon_label_permutation_two_sided_9999,,,,,0.15364285714285716,False,True
among_taxon,among_taxon_min5,corolla_lab_lightness,corolla_lab_lightness,1,colour,primary,frozen_technical,linear_endpoint,chelsa_bio12,hydric,5,143,143,ok,-0.18020079729541813,0.0315,taxon_label_permutation_two_sided_9999,,,,,0.1729090909090909,False,True
among_taxon,among_taxon_min5,corolla_lab_lightness,corolla_lab_lightness,1,colour,primary,frozen_technical,linear_endpoint,chelsa_bio15,hydric,5,143,143,ok,-0.19474332520188947,0.0198,taxon_label_permutation_two_sided_9999,,,,,0.13984615384615384,False,True
among_taxon,among_taxon_min5,corolla_lab_lightness,corolla_lab_lightness,1,colour,primary,frozen_technical,linear_endpoint,chelsa_rsds_mean,radiative_atmospheric,5,143,143,ok,0.08600911719670168,0.3028,taxon_label_permutation_two_sided_9999,,,,,0.5739157894736842,False,True
among_taxon,among_taxon_min5,corolla_lab_lightness,corolla_lab_lightness,1,colour,primary,frozen_technical,linear_endpoint,chelsa_vpd_mean,radiative_atmospheric,5,143,143,ok,0.067761598131988,0.4266,taxon_label_permutation_two_sided_9999,,,,,0.6452773109243697,False,True
among_taxon,among_taxon_min5,corolla_lab_lightness,corolla_lab_lightness,1,colour,primary,frozen_technical,linear_endpoint,chelsa_sfcwind_mean,mechanical,5,143,143,ok,0.12902845396224083,0.1221,taxon_label_permutation_two_sided_9999,,,,,0.39246428571428577,False,True
among_taxon,among_taxon_min5,corolla_lab_lightness,corolla_lab_lightness,1,colour,primary,frozen_technical,linear_endpoint,chelsa_gsp,growing_season_water_input,5,143,143,ok,-0.23871830357089918,0.004,taxon_label_permutation_two_sided_9999,,,,,0.05538461538461538,False,True
among_taxon,among_taxon_min5,corolla_lab_lightness,corolla_lab_lightness,1,colour,primary,frozen_technical,linear_endpoint,chelsa_npp,resource_productivity,5,143,143,ok,-0.15752541060600933,0.0609,taxon_label_permutation_two_sided_9999,,,,,0.28107692307692306,False,True
among_taxon,among_taxon_min5,corolla_purple_pixel_fraction,corolla_purple_pixel_fraction,1,colour,descriptive_only,requires_botanical_calibration,linear_endpoint,chelsa_bio01,thermal,5,0,0,unexecuted_no_measurement,,,,,,,,,False,True
among_taxon,among_taxon_min5,corolla_purple_pixel_fraction,corolla_purple_pixel_fraction,1,colour,descriptive_only,requires_botanical_calibration,linear_endpoint,chelsa_bio04,thermal,5,0,0,unexecuted_no_measurement,,,,,,,,,False,True
among_taxon,among_taxon_min5,corolla_purple_pixel_fraction,corolla_purple_pixel_fraction,1,colour,descriptive_only,requires_botanical_calibration,linear_endpoint,chelsa_bio12,hydric,5,0,0,unexecuted_no_measurement,,,,,,,,,False,True
among_taxon,among_taxon_min5,corolla_purple_pixel_fraction,corolla_purple_pixel_fraction,1,colour,descriptive_only,requires_botanical_calibration,linear_endpoint,chelsa_bio15,hydric,5,0,0,unexecuted_no_measurement,,,,,,,,,False,True
among_taxon,among_taxon_min5,corolla_purple_pixel_fraction,corolla_purple_pixel_fraction,1,colour,descriptive_only,requires_botanical_calibration,linear_endpoint,chelsa_rsds_mean,radiative_atmospheric,5,0,0,unexecuted_no_measurement,,,,,,,,,False,True
among_taxon,among_taxon_min5,corolla_purple_pixel_fraction,corolla_purple_pixel_fraction,1,colour,descriptive_only,requires_botanical_calibration,linear_endpoint,chelsa_vpd_mean,radiative_atmospheric,5,0,0,unexecuted_no_measurement,,,,,,,,,False,True
among_taxon,among_taxon_min5,corolla_purple_pixel_fraction,corolla_purple_pixel_fraction,1,colour,descriptive_only,requires_botanical_calibration,linear_endpoint,chelsa_sfcwind_mean,mechanical,5,0,0,unexecuted_no_measurement,,,,,,,,,False,True
among_taxon,among_taxon_min5,corolla_purple_pixel_fraction,corolla_purple_pixel_fraction,1,colour,descriptive_only,requires_botanical_calibration,linear_endpoint,chelsa_gsp,growing_season_water_input,5,0,0,unexecuted_no_measurement,,,,,,,,,False,True
among_taxon,among_taxon_min5,corolla_purple_pixel_fraction,corolla_purple_pixel_fraction,1,colour,descriptive_only,requires_botanical_calibration,linear_endpoint,chelsa_npp,resource_productivity,5,0,0,unexecuted_no_measurement,,,,,,,,,False,True
among_taxon,among_taxon_min5,corolla_redmagenta_pixel_fraction,corolla_redmagenta_pixel_fraction,1,colour,descriptive_only,requires_botanical_calibration,linear_endpoint,chelsa_bio01,thermal,5,0,0,unexecuted_no_measurement,,,,,,,,,False,True
among_taxon,among_taxon_min5,corolla_redmagenta_pixel_fraction,corolla_redmagenta_pixel_fraction,1,colour,descriptive_only,requires_botanical_calibration,linear_endpoint,chelsa_bio04,thermal,5,0,0,unexecuted_no_measurement,,,,,,,,,False,True
among_taxon,among_taxon_min5,corolla_redmagenta_pixel_fraction,corolla_redmagenta_pixel_fraction,1,colour,descriptive_only,requires_botanical_calibration,linear_endpoint,chelsa_bio12,hydric,5,0,0,unexecuted_no_measurement,,,,,,,,,False,True
among_taxon,among_taxon_min5,corolla_redmagenta_pixel_fraction,corolla_redmagenta_pixel_fraction,1,colour,descriptive_only,requires_botanical_calibration,linear_endpoint,chelsa_bio15,hydric,5,0,0,unexecuted_no_measurement,,,,,,,,,False,True
among_taxon,among_taxon_min5,corolla_redmagenta_pixel_fraction,corolla_redmagenta_pixel_fraction,1,colour,descriptive_only,requires_botanical_calibration,linear_endpoint,chelsa_rsds_mean,radiative_atmospheric,5,0,0,unexecuted_no_measurement,,,,,,,,,False,True
among_taxon,among_taxon_min5,corolla_redmagenta_pixel_fraction,corolla_redmagenta_pixel_fraction,1,colour,descriptive_only,requires_botanical_calibration,linear_endpoint,chelsa_vpd_mean,radiative_atmospheric,5,0,0,unexecuted_no_measurement,,,,,,,,,False,True
among_taxon,among_taxon_min5,corolla_redmagenta_pixel_fraction,corolla_redmagenta_pixel_fraction,1,colour,descriptive_only,requires_botanical_calibration,linear_endpoint,chelsa_sfcwind_mean,mechanical,5,0,0,unexecuted_no_measurement,,,,,,,,,False,True
among_taxon,among_taxon_min5,corolla_redmagenta_pixel_fraction,corolla_redmagenta_pixel_fraction,1,colour,descriptive_only,requires_botanical_calibration,linear_endpoint,chelsa_gsp,growing_season_water_input,5,0,0,unexecuted_no_measurement,,,,,,,,,False,True
among_taxon,among_taxon_min5,corolla_redmagenta_pixel_fraction,corolla_redmagenta_pixel_fraction,1,colour,descriptive_only,requires_botanical_calibration,linear_endpoint,chelsa_npp,resource_productivity,5,0,0,unexecuted_no_measurement,,,,,,,,,False,True
among_taxon,among_taxon_min5,corolla_white_pixel_fraction,corolla_white_pixel_fraction,1,colour,descriptive_only,requires_botanical_calibration,linear_endpoint,chelsa_bio01,thermal,5,0,0,unexecuted_no_measurement,,,,,,,,,False,True
among_taxon,among_taxon_min5,corolla_white_pixel_fraction,corolla_white_pixel_fraction,1,colour,descriptive_only,requires_botanical_calibration,linear_endpoint,chelsa_bio04,thermal,5,0,0,unexecuted_no_measurement,,,,,,,,,False,True
among_taxon,among_taxon_min5,corolla_white_pixel_fraction,corolla_white_pixel_fraction,1,colour,descriptive_only,requires_botanical_calibration,linear_endpoint,chelsa_bio12,hydric,5,0,0,unexecuted_no_measurement,,,,,,,,,False,True
among_taxon,among_taxon_min5,corolla_white_pixel_fraction,corolla_white_pixel_fraction,1,colour,descriptive_only,requires_botanical_calibration,linear_endpoint,chelsa_bio15,hydric,5,0,0,unexecuted_no_measurement,,,,,,,,,False,True
among_taxon,among_taxon_min5,corolla_white_pixel_fraction,corolla_white_pixel_fraction,1,colour,descriptive_only,requires_botanical_calibration,linear_endpoint,chelsa_rsds_mean,radiative_atmospheric,5,0,0,unexecuted_no_measurement,,,,,,,,,False,True
among_taxon,among_taxon_min5,corolla_white_pixel_fraction,corolla_white_pixel_fraction,1,colour,descriptive_only,requires_botanical_calibration,linear_endpoint,chelsa_vpd_mean,radiative_atmospheric,5,0,0,unexecuted_no_measurement,,,,,,,,,False,True
among_taxon,among_taxon_min5,corolla_white_pixel_fraction,corolla_white_pixel_fraction,1,colour,descriptive_only,requires_botanical_calibration,linear_endpoint,chelsa_sfcwind_mean,mechanical,5,0,0,unexecuted_no_measurement,,,,,,,,,False,True
among_taxon,among_taxon_min5,corolla_white_pixel_fraction,corolla_white_pixel_fraction,1,colour,descriptive_only,requires_botanical_calibration,linear_endpoint,chelsa_gsp,growing_season_water_input,5,0,0,unexecuted_no_measurement,,,,,,,,,False,True
among_taxon,among_taxon_min5,corolla_white_pixel_fraction,corolla_white_pixel_fraction,1,colour,descriptive_only,requires_botanical_calibration,linear_endpoint,chelsa_npp,resource_productivity,5,0,0,unexecuted_no_measurement,,,,,,,,,False,True
among_taxon,among_taxon_min5,corolla_yellow_pixel_fraction,corolla_yellow_pixel_fraction,1,colour,descriptive_only,requires_botanical_calibration,linear_endpoint,chelsa_bio01,thermal,5,0,0,unexecuted_no_measurement,,,,,,,,,False,True
among_taxon,among_taxon_min5,corolla_yellow_pixel_fraction,corolla_yellow_pixel_fraction,1,colour,descriptive_only,requires_botanical_calibration,linear_endpoint,chelsa_bio04,thermal,5,0,0,unexecuted_no_measurement,,,,,,,,,False,True
among_taxon,among_taxon_min5,corolla_yellow_pixel_fraction,corolla_yellow_pixel_fraction,1,colour,descriptive_only,requires_botanical_calibration,linear_endpoint,chelsa_bio12,hydric,5,0,0,unexecuted_no_measurement,,,,,,,,,False,True
among_taxon,among_taxon_min5,corolla_yellow_pixel_fraction,corolla_yellow_pixel_fraction,1,colour,descriptive_only,requires_botanical_calibration,linear_endpoint,chelsa_bio15,hydric,5,0,0,unexecuted_no_measurement,,,,,,,,,False,True
among_taxon,among_taxon_min5,corolla_yellow_pixel_fraction,corolla_yellow_pixel_fraction,1,colour,descriptive_only,requires_botanical_calibration,linear_endpoint,chelsa_rsds_mean,radiative_atmospheric,5,0,0,unexecuted_no_measurement,,,,,,,,,False,True
among_taxon,among_taxon_min5,corolla_yellow_pixel_fraction,corolla_yellow_pixel_fraction,1,colour,descriptive_only,requires_botanical_calibration,linear_endpoint,chelsa_vpd_mean,radiative_atmospheric,5,0,0,unexecuted_no_measurement,,,,,,,,,False,True
among_taxon,among_taxon_min5,corolla_yellow_pixel_fraction,corolla_yellow_pixel_fraction,1,colour,descriptive_only,requires_botanical_calibration,linear_endpoint,chelsa_sfcwind_mean,mechanical,5,0,0,unexecuted_no_measurement,,,,,,,,,False,True
among_taxon,among_taxon_min5,corolla_yellow_pixel_fraction,corolla_yellow_pixel_fraction,1,colour,descriptive_only,requires_botanical_calibration,linear_endpoint,chelsa_gsp,growing_season_water_input,5,0,0,unexecuted_no_measurement,,,,,,,,,False,True
among_taxon,among_taxon_min5,corolla_yellow_pixel_fraction,corolla_yellow_pixel_fraction,1,colour,descriptive_only,requires_botanical_calibration,linear_endpoint,chelsa_npp,resource_productivity,5,0,0,unexecuted_no_measurement,,,,,,,,,False,True
among_taxon,among_taxon_min5,visible_floret_fraction,visible_floret_fraction,1,display,candidate,requires_botanical_calibration,linear_endpoint,chelsa_bio01,thermal,5,0,0,unexecuted_no_measurement,,,,,,,,,False,True
among_taxon,among_taxon_min5,visible_floret_fraction,visible_floret_fraction,1,display,candidate,requires_botanical_calibration,linear_endpoint,chelsa_bio04,thermal,5,0,0,unexecuted_no_measurement,,,,,,,,,False,True
among_taxon,among_taxon_min5,visible_floret_fraction,visible_floret_fraction,1,display,candidate,requires_botanical_calibration,linear_endpoint,chelsa_bio12,hydric,5,0,0,unexecuted_no_measurement,,,,,,,,,False,True
among_taxon,among_taxon_min5,visible_floret_fraction,visible_floret_fraction,1,display,candidate,requires_botanical_calibration,linear_endpoint,chelsa_bio15,hydric,5,0,0,unexecuted_no_measurement,,,,,,,,,False,True
among_taxon,among_taxon_min5,visible_floret_fraction,visible_floret_fraction,1,display,candidate,requires_botanical_calibration,linear_endpoint,chelsa_rsds_mean,radiative_atmospheric,5,0,0,unexecuted_no_measurement,,,,,,,,,False,True
among_taxon,among_taxon_min5,visible_floret_fraction,visible_floret_fraction,1,display,candidate,requires_botanical_calibration,linear_endpoint,chelsa_vpd_mean,radiative_atmospheric,5,0,0,unexecuted_no_measurement,,,,,,,,,False,True
among_taxon,among_taxon_min5,visible_floret_fraction,visible_floret_fraction,1,display,candidate,requires_botanical_calibration,linear_endpoint,chelsa_sfcwind_mean,mechanical,5,0,0,unexecuted_no_measurement,,,,,,,,,False,True
among_taxon,among_taxon_min5,visible_floret_fraction,visible_floret_fraction,1,display,candidate,requires_botanical_calibration,linear_endpoint,chelsa_gsp,growing_season_water_input,5,0,0,unexecuted_no_measurement,,,,,,,,,False,True
among_taxon,among_taxon_min5,visible_floret_fraction,visible_floret_fraction,1,display,candidate,requires_botanical_calibration,linear_endpoint,chelsa_npp,resource_productivity,5,0,0,unexecuted_no_measurement,,,,,,,,,False,True
among_taxon,among_taxon_min5,involucre_surface_specular_fraction,involucre_surface_specular_fraction,1,exudate,validation_only,requires_botanical_calibration,linear_endpoint,chelsa_bio01,thermal,5,21,21,failed:ValueError:No finite variation,,,,,,,,,False,True
among_taxon,among_taxon_min5,involucre_surface_specular_fraction,involucre_surface_specular_fraction,1,exudate,validation_only,requires_botanical_calibration,linear_endpoint,chelsa_bio04,thermal,5,21,21,failed:ValueError:No finite variation,,,,,,,,,False,True
among_taxon,among_taxon_min5,involucre_surface_specular_fraction,involucre_surface_specular_fraction,1,exudate,validation_only,requires_botanical_calibration,linear_endpoint,chelsa_bio12,hydric,5,21,21,failed:ValueError:No finite variation,,,,,,,,,False,True
among_taxon,among_taxon_min5,involucre_surface_specular_fraction,involucre_surface_specular_fraction,1,exudate,validation_only,requires_botanical_calibration,linear_endpoint,chelsa_bio15,hydric,5,21,21,failed:ValueError:No finite variation,,,,,,,,,False,True
among_taxon,among_taxon_min5,involucre_surface_specular_fraction,involucre_surface_specular_fraction,1,exudate,validation_only,requires_botanical_calibration,linear_endpoint,chelsa_rsds_mean,radiative_atmospheric,5,21,21,failed:ValueError:No finite variation,,,,,,,,,False,True
among_taxon,among_taxon_min5,involucre_surface_specular_fraction,involucre_surface_specular_fraction,1,exudate,validation_only,requires_botanical_calibration,linear_endpoint,chelsa_vpd_mean,radiative_atmospheric,5,21,21,failed:ValueError:No finite variation,,,,,,,,,False,True
among_taxon,among_taxon_min5,involucre_surface_specular_fraction,involucre_surface_specular_fraction,1,exudate,validation_only,requires_botanical_calibration,linear_endpoint,chelsa_sfcwind_mean,mechanical,5,21,21,failed:ValueError:No finite variation,,,,,,,,,False,True
among_taxon,among_taxon_min5,involucre_surface_specular_fraction,involucre_surface_specular_fraction,1,exudate,validation_only,requires_botanical_calibration,linear_endpoint,chelsa_gsp,growing_season_water_input,5,21,21,failed:ValueError:No finite variation,,,,,,,,,False,True
among_taxon,among_taxon_min5,involucre_surface_specular_fraction,involucre_surface_specular_fraction,1,exudate,validation_only,requires_botanical_calibration,linear_endpoint,chelsa_npp,resource_productivity,5,21,21,failed:ValueError:No finite variation,,,,,,,,,False,True
among_taxon,among_taxon_min5,involucre_surface_edge_density,involucre_surface_edge_density,1,indumentum,validation_only,requires_botanical_calibration,linear_endpoint,chelsa_bio01,thermal,5,21,21,ok,0.0812203092684422,0.7218,taxon_label_permutation_two_sided_9999,,,,,0.8759597315436242,False,True
among_taxon,among_taxon_min5,involucre_surface_edge_density,involucre_surface_edge_density,1,indumentum,validation_only,requires_botanical_calibration,linear_endpoint,chelsa_bio04,thermal,5,21,21,ok,-0.14649274004044274,0.5172,taxon_label_permutation_two_sided_9999,,,,,0.7216744186046512,False,True
among_taxon,among_taxon_min5,involucre_surface_edge_density,involucre_surface_edge_density,1,indumentum,validation_only,requires_botanical_calibration,linear_endpoint,chelsa_bio12,hydric,5,21,21,ok,-0.0834357283129654,0.7162,taxon_label_permutation_two_sided_9999,,,,,0.8759597315436242,False,True
among_taxon,among_taxon_min5,involucre_surface_edge_density,involucre_surface_edge_density,1,indumentum,validation_only,requires_botanical_calibration,linear_endpoint,chelsa_bio15,hydric,5,21,21,ok,0.10072426238366312,0.6513,taxon_label_permutation_two_sided_9999,,,,,0.8314468085106382,False,True
among_taxon,among_taxon_min5,involucre_surface_edge_density,involucre_surface_edge_density,1,indumentum,validation_only,requires_botanical_calibration,linear_endpoint,chelsa_rsds_mean,radiative_atmospheric,5,21,21,ok,0.04203046184302954,0.8612,taxon_label_permutation_two_sided_9999,,,,,0.9510184049079754,False,True
among_taxon,among_taxon_min5,involucre_surface_edge_density,involucre_surface_edge_density,1,indumentum,validation_only,requires_botanical_calibration,linear_endpoint,chelsa_vpd_mean,radiative_atmospheric,5,21,21,ok,0.07105572555285408,0.7561,taxon_label_permutation_two_sided_9999,,,,,0.889529411764706,False,True
among_taxon,among_taxon_min5,involucre_surface_edge_density,involucre_surface_edge_density,1,indumentum,validation_only,requires_botanical_calibration,linear_endpoint,chelsa_sfcwind_mean,mechanical,5,21,21,ok,0.2560685676620954,0.2675,taxon_label_permutation_two_sided_9999,,,,,0.5616,False,True
among_taxon,among_taxon_min5,involucre_surface_edge_density,involucre_surface_edge_density,1,indumentum,validation_only,requires_botanical_calibration,linear_endpoint,chelsa_gsp,growing_season_water_input,5,21,21,ok,-0.011148274194432145,0.9633,taxon_label_permutation_two_sided_9999,,,,,0.9858539325842697,False,True
among_taxon,among_taxon_min5,involucre_surface_edge_density,involucre_surface_edge_density,1,indumentum,validation_only,requires_botanical_calibration,linear_endpoint,chelsa_npp,resource_productivity,5,21,21,ok,-0.05497871892953464,0.8179,taxon_label_permutation_two_sided_9999,,,,,0.9372375,False,True
among_taxon,among_taxon_min5,involucre_surface_high_frequency_energy,involucre_surface_high_frequency_energy,1,indumentum,validation_only,requires_botanical_calibration,linear_endpoint,chelsa_bio01,thermal,5,21,21,ok,0.24018004959738817,0.2912,taxon_label_permutation_two_sided_9999,,,,,0.5697391304347826,False,True
among_taxon,among_taxon_min5,involucre_surface_high_frequency_energy,involucre_surface_high_frequency_energy,1,indumentum,validation_only,requires_botanical_calibration,linear_endpoint,chelsa_bio04,thermal,5,21,21,ok,-0.3871803843794456,0.0871,taxon_label_permutation_two_sided_9999,,,,,0.3484,False,True
among_taxon,among_taxon_min5,involucre_surface_high_frequency_energy,involucre_surface_high_frequency_energy,1,indumentum,validation_only,requires_botanical_calibration,linear_endpoint,chelsa_bio12,hydric,5,21,21,ok,0.20462187479453853,0.3698,taxon_label_permutation_two_sided_9999,,,,,0.6102,False,True
among_taxon,among_taxon_min5,involucre_surface_high_frequency_energy,involucre_surface_high_frequency_energy,1,indumentum,validation_only,requires_botanical_calibration,linear_endpoint,chelsa_bio15,hydric,5,21,21,ok,0.37921565474329344,0.0925,taxon_label_permutation_two_sided_9999,,,,,0.34905882352941175,False,True
among_taxon,among_taxon_min5,involucre_surface_high_frequency_energy,involucre_surface_high_frequency_energy,1,indumentum,validation_only,requires_botanical_calibration,linear_endpoint,chelsa_rsds_mean,radiative_atmospheric,5,21,21,ok,0.5856572029074671,0.0039,taxon_label_permutation_two_sided_9999,,,,,0.05538461538461538,False,True
among_taxon,among_taxon_min5,involucre_surface_high_frequency_energy,involucre_surface_high_frequency_energy,1,indumentum,validation_only,requires_botanical_calibration,linear_endpoint,chelsa_vpd_mean,radiative_atmospheric,5,21,21,ok,0.23607024118815562,0.2902,taxon_label_permutation_two_sided_9999,,,,,0.5697391304347826,False,True
among_taxon,among_taxon_min5,involucre_surface_high_frequency_energy,involucre_surface_high_frequency_energy,1,indumentum,validation_only,requires_botanical_calibration,linear_endpoint,chelsa_sfcwind_mean,mechanical,5,21,21,ok,-0.2023510434975955,0.3787,taxon_label_permutation_two_sided_9999,,,,,0.610875,False,True
among_taxon,among_taxon_min5,involucre_surface_high_frequency_energy,involucre_surface_high_frequency_energy,1,indumentum,validation_only,requires_botanical_calibration,linear_endpoint,chelsa_gsp,growing_season_water_input,5,21,21,ok,0.22501983838187306,0.3308,taxon_label_permutation_two_sided_9999,,,,,0.6063636363636363,False,True
among_taxon,among_taxon_min5,involucre_surface_high_frequency_energy,involucre_surface_high_frequency_energy,1,indumentum,validation_only,requires_botanical_calibration,linear_endpoint,chelsa_npp,resource_productivity,5,21,21,ok,0.20837153099206326,0.3716,taxon_label_permutation_two_sided_9999,,,,,0.6102,False,True
among_taxon,among_taxon_min5,involucre_surface_lbp_entropy,involucre_surface_lbp_entropy,1,indumentum,validation_only,requires_botanical_calibration,linear_endpoint,chelsa_bio01,thermal,5,21,21,ok,-0.18369767320624192,0.4261,taxon_label_permutation_two_sided_9999,,,,,0.6452773109243697,False,True
among_taxon,among_taxon_min5,involucre_surface_lbp_entropy,involucre_surface_lbp_entropy,1,indumentum,validation_only,requires_botanical_calibration,linear_endpoint,chelsa_bio04,thermal,5,21,21,ok,-0.31063149943178114,0.1724,taxon_label_permutation_two_sided_9999,,,,,0.4433142857142857,False,True
among_taxon,among_taxon_min5,involucre_surface_lbp_entropy,involucre_surface_lbp_entropy,1,indumentum,validation_only,requires_botanical_calibration,linear_endpoint,chelsa_bio12,hydric,5,21,21,ok,0.014161490387133966,0.9563,taxon_label_permutation_two_sided_9999,,,,,0.9858539325842697,False,True
among_taxon,among_taxon_min5,involucre_surface_lbp_entropy,involucre_surface_lbp_entropy,1,indumentum,validation_only,requires_botanical_calibration,linear_endpoint,chelsa_bio15,hydric,5,21,21,ok,0.15346567996098642,0.5118,taxon_label_permutation_two_sided_9999,,,,,0.7197187500000001,False,True
among_taxon,among_taxon_min5,involucre_surface_lbp_entropy,involucre_surface_lbp_entropy,1,indumentum,validation_only,requires_botanical_calibration,linear_endpoint,chelsa_rsds_mean,radiative_atmospheric,5,21,21,ok,0.09366638110424269,0.6839,taxon_label_permutation_two_sided_9999,,,,,0.8548749999999999,False,True
among_taxon,among_taxon_min5,involucre_surface_lbp_entropy,involucre_surface_lbp_entropy,1,indumentum,validation_only,requires_botanical_calibration,linear_endpoint,chelsa_vpd_mean,radiative_atmospheric,5,21,21,ok,-0.26761560187449096,0.2371,taxon_label_permutation_two_sided_9999,,,,,0.526888888888889,False,True
among_taxon,among_taxon_min5,involucre_surface_lbp_entropy,involucre_surface_lbp_entropy,1,indumentum,validation_only,requires_botanical_calibration,linear_endpoint,chelsa_sfcwind_mean,mechanical,5,21,21,ok,-0.34490870339829954,0.1319,taxon_label_permutation_two_sided_9999,,,,,0.3984,False,True
among_taxon,among_taxon_min5,involucre_surface_lbp_entropy,involucre_surface_lbp_entropy,1,indumentum,validation_only,requires_botanical_calibration,linear_endpoint,chelsa_gsp,growing_season_water_input,5,21,21,ok,-0.026036614648738392,0.9112,taxon_label_permutation_two_sided_9999,,,,,0.9858539325842697,False,True
among_taxon,among_taxon_min5,involucre_surface_lbp_entropy,involucre_surface_lbp_entropy,1,indumentum,validation_only,requires_botanical_calibration,linear_endpoint,chelsa_npp,resource_productivity,5,21,21,ok,-0.1246666941856857,0.5916,taxon_label_permutation_two_sided_9999,,,,,0.7914666666666667,False,True
among_taxon,among_taxon_min5,bract_projection_asymmetry,bract_projection_asymmetry,1,involucre_architecture,candidate,requires_botanical_calibration,linear_endpoint,chelsa_bio01,thermal,5,44,44,ok,0.2046431322259562,0.1763,taxon_label_permutation_two_sided_9999,,,,,0.4438356164383561,False,True
among_taxon,among_taxon_min5,bract_projection_asymmetry,bract_projection_asymmetry,1,involucre_architecture,candidate,requires_botanical_calibration,linear_endpoint,chelsa_bio04,thermal,5,44,44,ok,-0.4003181502923176,0.0079,taxon_label_permutation_two_sided_9999,,,,,0.07900000000000001,False,True
among_taxon,among_taxon_min5,bract_projection_asymmetry,bract_projection_asymmetry,1,involucre_architecture,candidate,requires_botanical_calibration,linear_endpoint,chelsa_bio12,hydric,5,44,44,ok,0.14519414499167965,0.3514,taxon_label_permutation_two_sided_9999,,,,,0.6102,False,True
among_taxon,among_taxon_min5,bract_projection_asymmetry,bract_projection_asymmetry,1,involucre_architecture,candidate,requires_botanical_calibration,linear_endpoint,chelsa_bio15,hydric,5,44,44,ok,0.07287295925988616,0.6326,taxon_label_permutation_two_sided_9999,,,,,0.8211366906474821,False,True
among_taxon,among_taxon_min5,bract_projection_asymmetry,bract_projection_asymmetry,1,involucre_architecture,candidate,requires_botanical_calibration,linear_endpoint,chelsa_rsds_mean,radiative_atmospheric,5,44,44,ok,-0.012617649672354524,0.9368,taxon_label_permutation_two_sided_9999,,,,,0.9858539325842697,False,True
among_taxon,among_taxon_min5,bract_projection_asymmetry,bract_projection_asymmetry,1,involucre_architecture,candidate,requires_botanical_calibration,linear_endpoint,chelsa_vpd_mean,radiative_atmospheric,5,44,44,ok,0.053002061153828266,0.7407,taxon_label_permutation_two_sided_9999,,,,,0.8829536423841059,False,True
among_taxon,among_taxon_min5,bract_projection_asymmetry,bract_projection_asymmetry,1,involucre_architecture,candidate,requires_botanical_calibration,linear_endpoint,chelsa_sfcwind_mean,mechanical,5,44,44,ok,-0.19971577534435853,0.1887,taxon_label_permutation_two_sided_9999,,,,,0.45288,False,True
among_taxon,among_taxon_min5,bract_projection_asymmetry,bract_projection_asymmetry,1,involucre_architecture,candidate,requires_botanical_calibration,linear_endpoint,chelsa_gsp,growing_season_water_input,5,44,44,ok,0.2677769499651994,0.0793,taxon_label_permutation_two_sided_9999,,,,,0.3323720930232558,False,True
among_taxon,among_taxon_min5,bract_projection_asymmetry,bract_projection_asymmetry,1,involucre_architecture,candidate,requires_botanical_calibration,linear_endpoint,chelsa_npp,resource_productivity,5,44,44,ok,0.2645740363993955,0.0817,taxon_label_permutation_two_sided_9999,,,,,0.3342272727272727,False,True
among_taxon,among_taxon_min5,bract_projection_p95,bract_projection_p95,1,involucre_architecture,candidate,requires_botanical_calibration,linear_endpoint,chelsa_bio01,thermal,5,44,44,ok,-0.15134449537013495,0.3268,taxon_label_permutation_two_sided_9999,,,,,0.6063636363636363,False,True
among_taxon,among_taxon_min5,bract_projection_p95,bract_projection_p95,1,involucre_architecture,candidate,requires_botanical_calibration,linear_endpoint,chelsa_bio04,thermal,5,44,44,ok,-0.01204414084068352,0.9372,taxon_label_permutation_two_sided_9999,,,,,0.9858539325842697,False,True
among_taxon,among_taxon_min5,bract_projection_p95,bract_projection_p95,1,involucre_architecture,candidate,requires_botanical_calibration,linear_endpoint,chelsa_bio12,hydric,5,44,44,ok,0.22027307864622475,0.1487,taxon_label_permutation_two_sided_9999,,,,,0.41821875,False,True
among_taxon,among_taxon_min5,bract_projection_p95,bract_projection_p95,1,involucre_architecture,candidate,requires_botanical_calibration,linear_endpoint,chelsa_bio15,hydric,5,44,44,ok,0.09050446612278976,0.5554,taxon_label_permutation_two_sided_9999,,,,,0.7690153846153845,False,True
among_taxon,among_taxon_min5,bract_projection_p95,bract_projection_p95,1,involucre_architecture,candidate,requires_botanical_calibration,linear_endpoint,chelsa_rsds_mean,radiative_atmospheric,5,44,44,ok,-0.302817490661258,0.0448,taxon_label_permutation_two_sided_9999,,,,,0.2304,False,True
among_taxon,among_taxon_min5,bract_projection_p95,bract_projection_p95,1,involucre_architecture,candidate,requires_botanical_calibration,linear_endpoint,chelsa_vpd_mean,radiative_atmospheric,5,44,44,ok,-0.31441781556366105,0.0388,taxon_label_permutation_two_sided_9999,,,,,0.20541176470588235,False,True
among_taxon,among_taxon_min5,bract_projection_p95,bract_projection_p95,1,involucre_architecture,candidate,requires_botanical_calibration,linear_endpoint,chelsa_sfcwind_mean,mechanical,5,44,44,ok,-0.12381511610571999,0.4139,taxon_label_permutation_two_sided_9999,,,,,0.6367692307692308,False,True
among_taxon,among_taxon_min5,bract_projection_p95,bract_projection_p95,1,involucre_architecture,candidate,requires_botanical_calibration,linear_endpoint,chelsa_gsp,growing_season_water_input,5,44,44,ok,0.22664057586934366,0.1403,taxon_label_permutation_two_sided_9999,,,,,0.4073225806451613,False,True
among_taxon,among_taxon_min5,bract_projection_p95,bract_projection_p95,1,involucre_architecture,candidate,requires_botanical_calibration,linear_endpoint,chelsa_npp,resource_productivity,5,44,44,ok,0.144374638752288,0.3479,taxon_label_permutation_two_sided_9999,,,,,0.6102,False,True
among_taxon,among_taxon_min5,bract_projection_roughness,bract_projection_roughness,1,involucre_architecture,candidate,requires_botanical_calibration,linear_endpoint,chelsa_bio01,thermal,5,44,44,ok,0.07308792661003827,0.6341,taxon_label_permutation_two_sided_9999,,,,,0.8211366906474821,False,True
among_taxon,among_taxon_min5,bract_projection_roughness,bract_projection_roughness,1,involucre_architecture,candidate,requires_botanical_calibration,linear_endpoint,chelsa_bio04,thermal,5,44,44,ok,-0.15830038172381378,0.3028,taxon_label_permutation_two_sided_9999,,,,,0.5739157894736842,False,True
among_taxon,among_taxon_min5,bract_projection_roughness,bract_projection_roughness,1,involucre_architecture,candidate,requires_botanical_calibration,linear_endpoint,chelsa_bio12,hydric,5,44,44,ok,0.271686226297799,0.0782,taxon_label_permutation_two_sided_9999,,,,,0.3323720930232558,False,True
among_taxon,among_taxon_min5,bract_projection_roughness,bract_projection_roughness,1,involucre_architecture,candidate,requires_botanical_calibration,linear_endpoint,chelsa_bio15,hydric,5,44,44,ok,-0.06523201940692343,0.6679,taxon_label_permutation_two_sided_9999,,,,,0.8412167832167832,False,True
among_taxon,among_taxon_min5,bract_projection_roughness,bract_projection_roughness,1,involucre_architecture,candidate,requires_botanical_calibration,linear_endpoint,chelsa_rsds_mean,radiative_atmospheric,5,44,44,ok,-0.2954671133014522,0.054,taxon_label_permutation_two_sided_9999,,,,,0.26270270270270274,False,True
among_taxon,among_taxon_min5,bract_projection_roughness,bract_projection_roughness,1,involucre_architecture,candidate,requires_botanical_calibration,linear_endpoint,chelsa_vpd_mean,radiative_atmospheric,5,44,44,ok,-0.13933524731220753,0.3729,taxon_label_permutation_two_sided_9999,,,,,0.6102,False,True
among_taxon,among_taxon_min5,bract_projection_roughness,bract_projection_roughness,1,involucre_architecture,candidate,requires_botanical_calibration,linear_endpoint,chelsa_sfcwind_mean,mechanical,5,44,44,ok,-0.04375600982014098,0.776,taxon_label_permutation_two_sided_9999,,,,,0.907012987012987,False,True
among_taxon,among_taxon_min5,bract_projection_roughness,bract_projection_roughness,1,involucre_architecture,candidate,requires_botanical_calibration,linear_endpoint,chelsa_gsp,growing_season_water_input,5,44,44,ok,0.4002272965422287,0.0065,taxon_label_permutation_two_sided_9999,,,,,0.06988235294117646,False,True
among_taxon,among_taxon_min5,bract_projection_roughness,bract_projection_roughness,1,involucre_architecture,candidate,requires_botanical_calibration,linear_endpoint,chelsa_npp,resource_productivity,5,44,44,ok,0.3306033576978301,0.0283,taxon_label_permutation_two_sided_9999,,,,,0.16979999999999998,False,True
among_taxon,among_taxon_min5,bract_spread_fraction,bract_spread_fraction,1,involucre_architecture,candidate,requires_botanical_calibration,linear_endpoint,chelsa_bio01,thermal,5,44,44,ok,0.10551457318668686,0.5003,taxon_label_permutation_two_sided_9999,,,,,0.7197187500000001,False,True
among_taxon,among_taxon_min5,bract_spread_fraction,bract_spread_fraction,1,involucre_architecture,candidate,requires_botanical_calibration,linear_endpoint,chelsa_bio04,thermal,5,44,44,ok,-0.1806468497860834,0.2411,taxon_label_permutation_two_sided_9999,,,,,0.5292439024390244,False,True
among_taxon,among_taxon_min5,bract_spread_fraction,bract_spread_fraction,1,involucre_architecture,candidate,requires_botanical_calibration,linear_endpoint,chelsa_bio12,hydric,5,44,44,ok,0.18345015327203806,0.2326,taxon_label_permutation_two_sided_9999,,,,,0.5256000000000001,False,True
among_taxon,among_taxon_min5,bract_spread_fraction,bract_spread_fraction,1,involucre_architecture,candidate,requires_botanical_calibration,linear_endpoint,chelsa_bio15,hydric,5,44,44,ok,-0.028419917679723537,0.8571,taxon_label_permutation_two_sided_9999,,,,,0.9510184049079754,False,True
among_taxon,among_taxon_min5,bract_spread_fraction,bract_spread_fraction,1,involucre_architecture,candidate,requires_botanical_calibration,linear_endpoint,chelsa_rsds_mean,radiative_atmospheric,5,44,44,ok,-0.13577840592322923,0.3801,taxon_label_permutation_two_sided_9999,,,,,0.610875,False,True
among_taxon,among_taxon_min5,bract_spread_fraction,bract_spread_fraction,1,involucre_architecture,candidate,requires_botanical_calibration,linear_endpoint,chelsa_vpd_mean,radiative_atmospheric,5,44,44,ok,-0.06687606437592512,0.6683,taxon_label_permutation_two_sided_9999,,,,,0.8412167832167832,False,True
among_taxon,among_taxon_min5,bract_spread_fraction,bract_spread_fraction,1,involucre_architecture,candidate,requires_botanical_calibration,linear_endpoint,chelsa_sfcwind_mean,mechanical,5,44,44,ok,-0.08113132949513956,0.5936,taxon_label_permutation_two_sided_9999,,,,,0.7914666666666667,False,True
among_taxon,among_taxon_min5,bract_spread_fraction,bract_spread_fraction,1,involucre_architecture,candidate,requires_botanical_calibration,linear_endpoint,chelsa_gsp,growing_season_water_input,5,44,44,ok,0.37056111654179286,0.0138,taxon_label_permutation_two_sided_9999,,,,,0.1129090909090909,False,True
among_taxon,among_taxon_min5,bract_spread_fraction,bract_spread_fraction,1,involucre_architecture,candidate,requires_botanical_calibration,linear_endpoint,chelsa_npp,resource_productivity,5,44,44,ok,0.2673560102799174,0.0794,taxon_label_permutation_two_sided_9999,,,,,0.3323720930232558,False,True
among_taxon,among_taxon_min5,involucre_apical_taper_ratio,involucre_apical_taper_ratio,1,involucre_architecture,candidate,requires_botanical_calibration,linear_endpoint,chelsa_bio01,thermal,5,44,44,ok,-0.14008180651671742,0.3665,taxon_label_permutation_two_sided_9999,,,,,0.6102,False,True
among_taxon,among_taxon_min5,involucre_apical_taper_ratio,involucre_apical_taper_ratio,1,involucre_architecture,candidate,requires_botanical_calibration,linear_endpoint,chelsa_bio04,thermal,5,44,44,ok,-0.1660060012825672,0.2759,taxon_label_permutation_two_sided_9999,,,,,0.5616,False,True
among_taxon,among_taxon_min5,involucre_apical_taper_ratio,involucre_apical_taper_ratio,1,involucre_architecture,candidate,requires_botanical_calibration,linear_endpoint,chelsa_bio12,hydric,5,44,44,ok,0.004838717075992456,0.9749,taxon_label_permutation_two_sided_9999,,,,,0.9858539325842697,False,True
among_taxon,among_taxon_min5,involucre_apical_taper_ratio,involucre_apical_taper_ratio,1,involucre_architecture,candidate,requires_botanical_calibration,linear_endpoint,chelsa_bio15,hydric,5,44,44,ok,-0.05383320932603788,0.7242,taxon_label_permutation_two_sided_9999,,,,,0.8759597315436242,False,True
among_taxon,among_taxon_min5,involucre_apical_taper_ratio,involucre_apical_taper_ratio,1,involucre_architecture,candidate,requires_botanical_calibration,linear_endpoint,chelsa_rsds_mean,radiative_atmospheric,5,44,44,ok,0.00995648877412278,0.9505,taxon_label_permutation_two_sided_9999,,,,,0.9858539325842697,False,True
among_taxon,among_taxon_min5,involucre_apical_taper_ratio,involucre_apical_taper_ratio,1,involucre_architecture,candidate,requires_botanical_calibration,linear_endpoint,chelsa_vpd_mean,radiative_atmospheric,5,44,44,ok,-0.1583551802829196,0.3029,taxon_label_permutation_two_sided_9999,,,,,0.5739157894736842,False,True
among_taxon,among_taxon_min5,involucre_apical_taper_ratio,involucre_apical_taper_ratio,1,involucre_architecture,candidate,requires_botanical_calibration,linear_endpoint,chelsa_sfcwind_mean,mechanical,5,44,44,ok,0.08851114660581187,0.5667,taxon_label_permutation_two_sided_9999,,,,,0.7727727272727273,False,True
among_taxon,among_taxon_min5,involucre_apical_taper_ratio,involucre_apical_taper_ratio,1,involucre_architecture,candidate,requires_botanical_calibration,linear_endpoint,chelsa_gsp,growing_season_water_input,5,44,44,ok,-0.011175180095515769,0.941,taxon_label_permutation_two_sided_9999,,,,,0.9858539325842697,False,True
among_taxon,among_taxon_min5,involucre_apical_taper_ratio,involucre_apical_taper_ratio,1,involucre_architecture,candidate,requires_botanical_calibration,linear_endpoint,chelsa_npp,resource_productivity,5,44,44,ok,-0.12121686567216937,0.4367,taxon_label_permutation_two_sided_9999,,,,,0.6496363636363636,False,True
among_taxon,among_taxon_min5,involucre_basal_taper_ratio,involucre_basal_taper_ratio,1,involucre_architecture,candidate,requires_botanical_calibration,linear_endpoint,chelsa_bio01,thermal,5,44,44,ok,0.20749637732911816,0.1779,taxon_label_permutation_two_sided_9999,,,,,0.4438356164383561,False,True
among_taxon,among_taxon_min5,involucre_basal_taper_ratio,involucre_basal_taper_ratio,1,involucre_architecture,candidate,requires_botanical_calibration,linear_endpoint,chelsa_bio04,thermal,5,44,44,ok,-0.08448986940135406,0.5734,taxon_label_permutation_two_sided_9999,,,,,0.77603007518797,False,True
among_taxon,among_taxon_min5,involucre_basal_taper_ratio,involucre_basal_taper_ratio,1,involucre_architecture,candidate,requires_botanical_calibration,linear_endpoint,chelsa_bio12,hydric,5,44,44,ok,0.002515446863064174,0.9856,taxon_label_permutation_two_sided_9999,,,,,0.9911061452513967,False,True
among_taxon,among_taxon_min5,involucre_basal_taper_ratio,involucre_basal_taper_ratio,1,involucre_architecture,candidate,requires_botanical_calibration,linear_endpoint,chelsa_bio15,hydric,5,44,44,ok,0.24188200736295906,0.1162,taxon_label_permutation_two_sided_9999,,,,,0.3802909090909091,False,True
among_taxon,among_taxon_min5,involucre_basal_taper_ratio,involucre_basal_taper_ratio,1,involucre_architecture,candidate,requires_botanical_calibration,linear_endpoint,chelsa_rsds_mean,radiative_atmospheric,5,44,44,ok,-0.03355905881052515,0.826,taxon_label_permutation_two_sided_9999,,,,,0.9372375,False,True
among_taxon,among_taxon_min5,involucre_basal_taper_ratio,involucre_basal_taper_ratio,1,involucre_architecture,candidate,requires_botanical_calibration,linear_endpoint,chelsa_vpd_mean,radiative_atmospheric,5,44,44,ok,0.1508223353901371,0.3306,taxon_label_permutation_two_sided_9999,,,,,0.6063636363636363,False,True
among_taxon,among_taxon_min5,involucre_basal_taper_ratio,involucre_basal_taper_ratio,1,involucre_architecture,candidate,requires_botanical_calibration,linear_endpoint,chelsa_sfcwind_mean,mechanical,5,44,44,ok,-0.22103912985842775,0.1487,taxon_label_permutation_two_sided_9999,,,,,0.41821875,False,True
among_taxon,among_taxon_min5,involucre_basal_taper_ratio,involucre_basal_taper_ratio,1,involucre_architecture,candidate,requires_botanical_calibration,linear_endpoint,chelsa_gsp,growing_season_water_input,5,44,44,ok,0.19413597693584475,0.209,taxon_label_permutation_two_sided_9999,,,,,0.48857142857142855,False,True
among_taxon,among_taxon_min5,involucre_basal_taper_ratio,involucre_basal_taper_ratio,1,involucre_architecture,candidate,requires_botanical_calibration,linear_endpoint,chelsa_npp,resource_productivity,5,44,44,ok,0.18194321726913626,0.2336,taxon_label_permutation_two_sided_9999,,,,,0.5256000000000001,False,True
among_taxon,among_taxon_min5,involucre_length_width_ratio,involucre_length_width_ratio,1,involucre_architecture,candidate,requires_botanical_calibration,linear_endpoint,chelsa_bio01,thermal,5,44,44,ok,0.20191894475081484,0.1887,taxon_label_permutation_two_sided_9999,,,,,0.45288,False,True
among_taxon,among_taxon_min5,involucre_length_width_ratio,involucre_length_width_ratio,1,involucre_architecture,candidate,requires_botanical_calibration,linear_endpoint,chelsa_bio04,thermal,5,44,44,ok,-0.006548133681237516,0.9669,taxon_label_permutation_two_sided_9999,,,,,0.9858539325842697,False,True
among_taxon,among_taxon_min5,involucre_length_width_ratio,involucre_length_width_ratio,1,involucre_architecture,candidate,requires_botanical_calibration,linear_endpoint,chelsa_bio12,hydric,5,44,44,ok,-0.3207067087041942,0.0296,taxon_label_permutation_two_sided_9999,,,,,0.1718709677419355,False,True
among_taxon,among_taxon_min5,involucre_length_width_ratio,involucre_length_width_ratio,1,involucre_architecture,candidate,requires_botanical_calibration,linear_endpoint,chelsa_bio15,hydric,5,44,44,ok,-0.010160891065191824,0.9507,taxon_label_permutation_two_sided_9999,,,,,0.9858539325842697,False,True
among_taxon,among_taxon_min5,involucre_length_width_ratio,involucre_length_width_ratio,1,involucre_architecture,candidate,requires_botanical_calibration,linear_endpoint,chelsa_rsds_mean,radiative_atmospheric,5,44,44,ok,0.2439805461982732,0.1107,taxon_label_permutation_two_sided_9999,,,,,0.36900000000000005,False,True
among_taxon,among_taxon_min5,involucre_length_width_ratio,involucre_length_width_ratio,1,involucre_architecture,candidate,requires_botanical_calibration,linear_endpoint,chelsa_vpd_mean,radiative_atmospheric,5,44,44,ok,0.3485375563973434,0.0216,taxon_label_permutation_two_sided_9999,,,,,0.14400000000000002,False,True
among_taxon,among_taxon_min5,involucre_length_width_ratio,involucre_length_width_ratio,1,involucre_architecture,candidate,requires_botanical_calibration,linear_endpoint,chelsa_sfcwind_mean,mechanical,5,44,44,ok,-0.02229831609159381,0.8876,taxon_label_permutation_two_sided_9999,,,,,0.9682909090909091,False,True
among_taxon,among_taxon_min5,involucre_length_width_ratio,involucre_length_width_ratio,1,involucre_architecture,candidate,requires_botanical_calibration,linear_endpoint,chelsa_gsp,growing_season_water_input,5,44,44,ok,-0.21807684371683772,0.1561,taxon_label_permutation_two_sided_9999,,,,,0.43009090909090913,False,True
among_taxon,among_taxon_min5,involucre_length_width_ratio,involucre_length_width_ratio,1,involucre_architecture,candidate,requires_botanical_calibration,linear_endpoint,chelsa_npp,resource_productivity,5,44,44,ok,-0.07828758777791932,0.6151,taxon_label_permutation_two_sided_9999,,,,,0.8141029411764705,False,True
among_taxon,among_taxon_min5,orientation_image_vertical_angle,orientation_image_vertical_angle,1,orientation,primary,frozen_technical,linear_endpoint,chelsa_bio01,thermal,5,142,142,ok,-0.030237879836990913,0.7164,taxon_label_permutation_two_sided_9999,,,,,0.8759597315436242,False,True
among_taxon,among_taxon_min5,orientation_image_vertical_angle,orientation_image_vertical_angle,1,orientation,primary,frozen_technical,linear_endpoint,chelsa_bio04,thermal,5,142,142,ok,-0.11779938873020039,0.1577,taxon_label_permutation_two_sided_9999,,,,,0.43009090909090913,False,True
among_taxon,among_taxon_min5,orientation_image_vertical_angle,orientation_image_vertical_angle,1,orientation,primary,frozen_technical,linear_endpoint,chelsa_bio12,hydric,5,142,142,ok,0.3043592858977514,0.0006,taxon_label_permutation_two_sided_9999,,,,,0.021,True,True
among_taxon,among_taxon_min5,orientation_image_vertical_angle,orientation_image_vertical_angle,1,orientation,primary,frozen_technical,linear_endpoint,chelsa_bio15,hydric,5,142,142,ok,0.06700434467733735,0.4306,taxon_label_permutation_two_sided_9999,,,,,0.6458999999999999,False,True
among_taxon,among_taxon_min5,orientation_image_vertical_angle,orientation_image_vertical_angle,1,orientation,primary,frozen_technical,linear_endpoint,chelsa_rsds_mean,radiative_atmospheric,5,142,142,ok,-0.06958767916533604,0.4076,taxon_label_permutation_two_sided_9999,,,,,0.6367692307692308,False,True
among_taxon,among_taxon_min5,orientation_image_vertical_angle,orientation_image_vertical_angle,1,orientation,primary,frozen_technical,linear_endpoint,chelsa_vpd_mean,radiative_atmospheric,5,142,142,ok,-0.1194209419359004,0.1657,taxon_label_permutation_two_sided_9999,,,,,0.4407352941176471,False,True
among_taxon,among_taxon_min5,orientation_image_vertical_angle,orientation_image_vertical_angle,1,orientation,primary,frozen_technical,linear_endpoint,chelsa_sfcwind_mean,mechanical,5,142,142,ok,0.055538924008351157,0.5106,taxon_label_permutation_two_sided_9999,,,,,0.7197187500000001,False,True
among_taxon,among_taxon_min5,orientation_image_vertical_angle,orientation_image_vertical_angle,1,orientation,primary,frozen_technical,linear_endpoint,chelsa_gsp,growing_season_water_input,5,142,142,ok,0.25807835245930766,0.0015,taxon_label_permutation_two_sided_9999,,,,,0.03375,True,True
among_taxon,among_taxon_min5,orientation_image_vertical_angle,orientation_image_vertical_angle,1,orientation,primary,frozen_technical,linear_endpoint,chelsa_npp,resource_productivity,5,142,142,ok,0.13862572677278498,0.097,taxon_label_permutation_two_sided_9999,,,,,0.34905882352941175,False,True
among_taxon,among_taxon_min5,capitulum_outline_aspect_ratio,capitulum_outline_aspect_ratio,1,shape,primary,frozen_technical,linear_endpoint,chelsa_bio01,thermal,5,141,141,ok,0.16013259888651252,0.0573,taxon_label_permutation_two_sided_9999,,,,,0.27142105263157895,False,True
among_taxon,among_taxon_min5,capitulum_outline_aspect_ratio,capitulum_outline_aspect_ratio,1,shape,primary,frozen_technical,linear_endpoint,chelsa_bio04,thermal,5,141,141,ok,-0.040984385001751195,0.623,taxon_label_permutation_two_sided_9999,,,,,0.8185401459854015,False,True
among_taxon,among_taxon_min5,capitulum_outline_aspect_ratio,capitulum_outline_aspect_ratio,1,shape,primary,frozen_technical,linear_endpoint,chelsa_bio12,hydric,5,141,141,ok,-0.08788407075399712,0.2693,taxon_label_permutation_two_sided_9999,,,,,0.5616,False,True
among_taxon,among_taxon_min5,capitulum_outline_aspect_ratio,capitulum_outline_aspect_ratio,1,shape,primary,frozen_technical,linear_endpoint,chelsa_bio15,hydric,5,141,141,ok,0.018177619376002672,0.827,taxon_label_permutation_two_sided_9999,,,,,0.9372375,False,True
among_taxon,among_taxon_min5,capitulum_outline_aspect_ratio,capitulum_outline_aspect_ratio,1,shape,primary,frozen_technical,linear_endpoint,chelsa_rsds_mean,radiative_atmospheric,5,141,141,ok,0.08111367801636019,0.3485,taxon_label_permutation_two_sided_9999,,,,,0.6102,False,True
among_taxon,among_taxon_min5,capitulum_outline_aspect_ratio,capitulum_outline_aspect_ratio,1,shape,primary,frozen_technical,linear_endpoint,chelsa_vpd_mean,radiative_atmospheric,5,141,141,ok,0.18745519613189396,0.026,taxon_label_permutation_two_sided_9999,,,,,0.16137931034482758,False,True
among_taxon,among_taxon_min5,capitulum_outline_aspect_ratio,capitulum_outline_aspect_ratio,1,shape,primary,frozen_technical,linear_endpoint,chelsa_sfcwind_mean,mechanical,5,141,141,ok,-0.13800771561420636,0.0971,taxon_label_permutation_two_sided_9999,,,,,0.34905882352941175,False,True
among_taxon,among_taxon_min5,capitulum_outline_aspect_ratio,capitulum_outline_aspect_ratio,1,shape,primary,frozen_technical,linear_endpoint,chelsa_gsp,growing_season_water_input,5,141,141,ok,0.00287462268280651,0.9729,taxon_label_permutation_two_sided_9999,,,,,0.9858539325842697,False,True
among_taxon,among_taxon_min5,capitulum_outline_aspect_ratio,capitulum_outline_aspect_ratio,1,shape,primary,frozen_technical,linear_endpoint,chelsa_npp,resource_productivity,5,141,141,ok,0.14177663791970974,0.0917,taxon_label_permutation_two_sided_9999,,,,,0.34905882352941175,False,True
among_taxon,among_taxon_min5,capitulum_outline_circularity,capitulum_outline_circularity,1,shape,primary,frozen_technical,linear_endpoint,chelsa_bio01,thermal,5,141,141,ok,-0.07076302018397947,0.4107,taxon_label_permutation_two_sided_9999,,,,,0.6367692307692308,False,True
among_taxon,among_taxon_min5,capitulum_outline_circularity,capitulum_outline_circularity,1,shape,primary,frozen_technical,linear_endpoint,chelsa_bio04,thermal,5,141,141,ok,0.11734578515619394,0.1665,taxon_label_permutation_two_sided_9999,,,,,0.4407352941176471,False,True
among_taxon,among_taxon_min5,capitulum_outline_circularity,capitulum_outline_circularity,1,shape,primary,frozen_technical,linear_endpoint,chelsa_bio12,hydric,5,141,141,ok,-0.12880306891756274,0.1257,taxon_label_permutation_two_sided_9999,,,,,0.3956896551724138,False,True
among_taxon,among_taxon_min5,capitulum_outline_circularity,capitulum_outline_circularity,1,shape,primary,frozen_technical,linear_endpoint,chelsa_bio15,hydric,5,141,141,ok,-0.09536252362019045,0.2587,taxon_label_permutation_two_sided_9999,,,,,0.5543571428571428,False,True
among_taxon,among_taxon_min5,capitulum_outline_circularity,capitulum_outline_circularity,1,shape,primary,frozen_technical,linear_endpoint,chelsa_rsds_mean,radiative_atmospheric,5,141,141,ok,-0.1253952540806359,0.1403,taxon_label_permutation_two_sided_9999,,,,,0.4073225806451613,False,True
among_taxon,among_taxon_min5,capitulum_outline_circularity,capitulum_outline_circularity,1,shape,primary,frozen_technical,linear_endpoint,chelsa_vpd_mean,radiative_atmospheric,5,141,141,ok,-0.07189098736280058,0.3914,taxon_label_permutation_two_sided_9999,,,,,0.618,False,True
among_taxon,among_taxon_min5,capitulum_outline_circularity,capitulum_outline_circularity,1,shape,primary,frozen_technical,linear_endpoint,chelsa_sfcwind_mean,mechanical,5,141,141,ok,0.20695435499165707,0.0161,taxon_label_permutation_two_sided_9999,,,,,0.126,False,True
among_taxon,among_taxon_min5,capitulum_outline_circularity,capitulum_outline_circularity,1,shape,primary,frozen_technical,linear_endpoint,chelsa_gsp,growing_season_water_input,5,141,141,ok,-0.13580423465667146,0.1069,taxon_label_permutation_two_sided_9999,,,,,0.36900000000000005,False,True
among_taxon,among_taxon_min5,capitulum_outline_circularity,capitulum_outline_circularity,1,shape,primary,frozen_technical,linear_endpoint,chelsa_npp,resource_productivity,5,141,141,ok,-0.02291009791129348,0.7921,taxon_label_permutation_two_sided_9999,,,,,0.9198580645161291,False,True
among_taxon,among_taxon_min5,capitulum_outline_solidity,capitulum_outline_solidity,1,shape,primary,frozen_technical,linear_endpoint,chelsa_bio01,thermal,5,141,141,ok,-0.05558411728822158,0.5055,taxon_label_permutation_two_sided_9999,,,,,0.7197187500000001,False,True
among_taxon,among_taxon_min5,capitulum_outline_solidity,capitulum_outline_solidity,1,shape,primary,frozen_technical,linear_endpoint,chelsa_bio04,thermal,5,141,141,ok,0.0029546537806838385,0.9736,taxon_label_permutation_two_sided_9999,,,,,0.9858539325842697,False,True
among_taxon,among_taxon_min5,capitulum_outline_solidity,capitulum_outline_solidity,1,shape,primary,frozen_technical,linear_endpoint,chelsa_bio12,hydric,5,141,141,ok,-0.07786313530787209,0.3481,taxon_label_permutation_two_sided_9999,,,,,0.6102,False,True
among_taxon,among_taxon_min5,capitulum_outline_solidity,capitulum_outline_solidity,1,shape,primary,frozen_technical,linear_endpoint,chelsa_bio15,hydric,5,141,141,ok,0.02874055951089423,0.7319,taxon_label_permutation_two_sided_9999,,,,,0.87828,False,True
among_taxon,among_taxon_min5,capitulum_outline_solidity,capitulum_outline_solidity,1,shape,primary,frozen_technical,linear_endpoint,chelsa_rsds_mean,radiative_atmospheric,5,141,141,ok,0.10996690915072786,0.1973,taxon_label_permutation_two_sided_9999,,,,,0.4672894736842106,False,True
among_taxon,among_taxon_min5,capitulum_outline_solidity,capitulum_outline_solidity,1,shape,primary,frozen_technical,linear_endpoint,chelsa_vpd_mean,radiative_atmospheric,5,141,141,ok,-0.02994346275140323,0.7251,taxon_label_permutation_two_sided_9999,,,,,0.8759597315436242,False,True
among_taxon,among_taxon_min5,capitulum_outline_solidity,capitulum_outline_solidity,1,shape,primary,frozen_technical,linear_endpoint,chelsa_sfcwind_mean,mechanical,5,141,141,ok,0.21124431780604683,0.0115,taxon_label_permutation_two_sided_9999,,,,,0.10371428571428572,False,True
among_taxon,among_taxon_min5,capitulum_outline_solidity,capitulum_outline_solidity,1,shape,primary,frozen_technical,linear_endpoint,chelsa_gsp,growing_season_water_input,5,141,141,ok,-0.0630569467104678,0.4586,taxon_label_permutation_two_sided_9999,,,,,0.6711219512195122,False,True
among_taxon,among_taxon_min5,capitulum_outline_solidity,capitulum_outline_solidity,1,shape,primary,frozen_technical,linear_endpoint,chelsa_npp,resource_productivity,5,141,141,ok,-0.04951363544638083,0.5665,taxon_label_permutation_two_sided_9999,,,,,0.7727727272727273,False,True
among_taxon,among_taxon_min5,capitulum_width_profile_cv,capitulum_width_profile_cv,1,shape,primary,frozen_technical,linear_endpoint,chelsa_bio01,thermal,5,141,141,ok,0.16529714301214185,0.0517,taxon_label_permutation_two_sided_9999,,,,,0.2585,False,True
among_taxon,among_taxon_min5,capitulum_width_profile_cv,capitulum_width_profile_cv,1,shape,primary,frozen_technical,linear_endpoint,chelsa_bio04,thermal,5,141,141,ok,-0.00020966520068113465,0.9979,taxon_label_permutation_two_sided_9999,,,,,0.9979000000000001,False,True
among_taxon,among_taxon_min5,capitulum_width_profile_cv,capitulum_width_profile_cv,1,shape,primary,frozen_technical,linear_endpoint,chelsa_bio12,hydric,5,141,141,ok,0.09705778023537741,0.2519,taxon_label_permutation_two_sided_9999,,,,,0.546289156626506,False,True
among_taxon,among_taxon_min5,capitulum_width_profile_cv,capitulum_width_profile_cv,1,shape,primary,frozen_technical,linear_endpoint,chelsa_bio15,hydric,5,141,141,ok,-0.07898288708604502,0.3584,taxon_label_permutation_two_sided_9999,,,,,0.6102,False,True
among_taxon,among_taxon_min5,capitulum_width_profile_cv,capitulum_width_profile_cv,1,shape,primary,frozen_technical,linear_endpoint,chelsa_rsds_mean,radiative_atmospheric,5,141,141,ok,-0.17960624602280242,0.0317,taxon_label_permutation_two_sided_9999,,,,,0.1729090909090909,False,True
among_taxon,among_taxon_min5,capitulum_width_profile_cv,capitulum_width_profile_cv,1,shape,primary,frozen_technical,linear_endpoint,chelsa_vpd_mean,radiative_atmospheric,5,141,141,ok,0.113527037035616,0.18,taxon_label_permutation_two_sided_9999,,,,,0.4438356164383561,False,True
among_taxon,among_taxon_min5,capitulum_width_profile_cv,capitulum_width_profile_cv,1,shape,primary,frozen_technical,linear_endpoint,chelsa_sfcwind_mean,mechanical,5,141,141,ok,0.01708648577415201,0.8331,taxon_label_permutation_two_sided_9999,,,,,0.9372375,False,True
among_taxon,among_taxon_min5,capitulum_width_profile_cv,capitulum_width_profile_cv,1,shape,primary,frozen_technical,linear_endpoint,chelsa_gsp,growing_season_water_input,5,141,141,ok,0.1257717719044323,0.1328,taxon_label_permutation_two_sided_9999,,,,,0.3984,False,True
among_taxon,among_taxon_min5,capitulum_width_profile_cv,capitulum_width_profile_cv,1,shape,primary,frozen_technical,linear_endpoint,chelsa_npp,resource_productivity,5,141,141,ok,0.2031635541856402,0.0168,taxon_label_permutation_two_sided_9999,,,,,0.126,False,True
among_taxon,among_taxon_min2,bract_projection_maximum,bract_projection_maximum,1,armature,candidate,requires_botanical_calibration,linear_endpoint,chelsa_bio01,thermal,2,78,78,ok,-0.08539932715185533,0.4557,taxon_label_permutation_two_sided_9999,,,,,0.8230090909090909,False,True
among_taxon,among_taxon_min2,bract_projection_maximum,bract_projection_maximum,1,armature,candidate,requires_botanical_calibration,linear_endpoint,chelsa_bio04,thermal,2,78,78,ok,0.07101839852591989,0.5385,taxon_label_permutation_two_sided_9999,,,,,0.8274512195121951,False,True
among_taxon,among_taxon_min2,bract_projection_maximum,bract_projection_maximum,1,armature,candidate,requires_botanical_calibration,linear_endpoint,chelsa_bio12,hydric,2,78,78,ok,-0.001697168675341611,0.9864,taxon_label_permutation_two_sided_9999,,,,,0.9916468085106385,False,True
among_taxon,among_taxon_min2,bract_projection_maximum,bract_projection_maximum,1,armature,candidate,requires_botanical_calibration,linear_endpoint,chelsa_bio15,hydric,2,78,78,ok,0.12628711518825783,0.2696,taxon_label_permutation_two_sided_9999,,,,,0.7218246575342465,False,True
among_taxon,among_taxon_min2,bract_projection_maximum,bract_projection_maximum,1,armature,candidate,requires_botanical_calibration,linear_endpoint,chelsa_rsds_mean,radiative_atmospheric,2,78,78,ok,-0.10817077282840137,0.3548,taxon_label_permutation_two_sided_9999,,,,,0.7797348837209301,False,True
among_taxon,among_taxon_min2,bract_projection_maximum,bract_projection_maximum,1,armature,candidate,requires_botanical_calibration,linear_endpoint,chelsa_vpd_mean,radiative_atmospheric,2,78,78,ok,-0.12445719912997734,0.2788,taxon_label_permutation_two_sided_9999,,,,,0.7218246575342465,False,True
among_taxon,among_taxon_min2,bract_projection_maximum,bract_projection_maximum,1,armature,candidate,requires_botanical_calibration,linear_endpoint,chelsa_sfcwind_mean,mechanical,2,78,78,ok,-0.04498934321780538,0.6953,taxon_label_permutation_two_sided_9999,,,,,0.8607529411764706,False,True
among_taxon,among_taxon_min2,bract_projection_maximum,bract_projection_maximum,1,armature,candidate,requires_botanical_calibration,linear_endpoint,chelsa_gsp,growing_season_water_input,2,78,78,ok,0.01670757457975632,0.8805,taxon_label_permutation_two_sided_9999,,,,,0.955044,False,True
among_taxon,among_taxon_min2,bract_projection_maximum,bract_projection_maximum,1,armature,candidate,requires_botanical_calibration,linear_endpoint,chelsa_npp,resource_productivity,2,78,78,ok,0.00901906958151089,0.939,taxon_label_permutation_two_sided_9999,,,,,0.9889269230769231,False,True
among_taxon,among_taxon_min2,bract_projection_peak_density,bract_projection_peak_density,1,armature,candidate,requires_botanical_calibration,linear_endpoint,chelsa_bio01,thermal,2,78,78,ok,0.22098054359534997,0.0506,taxon_label_permutation_two_sided_9999,,,,,0.33579000000000003,False,True
among_taxon,among_taxon_min2,bract_projection_peak_density,bract_projection_peak_density,1,armature,candidate,requires_botanical_calibration,linear_endpoint,chelsa_bio04,thermal,2,78,78,ok,-0.18725644417509296,0.1023,taxon_label_permutation_two_sided_9999,,,,,0.5476026315789474,False,True
among_taxon,among_taxon_min2,bract_projection_peak_density,bract_projection_peak_density,1,armature,candidate,requires_botanical_calibration,linear_endpoint,chelsa_bio12,hydric,2,78,78,ok,0.06556521858914173,0.5705,taxon_label_permutation_two_sided_9999,,,,,0.8330744680851064,False,True
among_taxon,among_taxon_min2,bract_projection_peak_density,bract_projection_peak_density,1,armature,candidate,requires_botanical_calibration,linear_endpoint,chelsa_bio15,hydric,2,78,78,ok,0.08849292954151029,0.4392,taxon_label_permutation_two_sided_9999,,,,,0.8230090909090909,False,True
among_taxon,among_taxon_min2,bract_projection_peak_density,bract_projection_peak_density,1,armature,candidate,requires_botanical_calibration,linear_endpoint,chelsa_rsds_mean,radiative_atmospheric,2,78,78,ok,0.05720593750103628,0.6272,taxon_label_permutation_two_sided_9999,,,,,0.8334503496503497,False,True
among_taxon,among_taxon_min2,bract_projection_peak_density,bract_projection_peak_density,1,armature,candidate,requires_botanical_calibration,linear_endpoint,chelsa_vpd_mean,radiative_atmospheric,2,78,78,ok,0.15755984515616214,0.1715,taxon_label_permutation_two_sided_9999,,,,,0.6167,False,True
among_taxon,among_taxon_min2,bract_projection_peak_density,bract_projection_peak_density,1,armature,candidate,requires_botanical_calibration,linear_endpoint,chelsa_sfcwind_mean,mechanical,2,78,78,ok,-0.0353342482669589,0.7569,taxon_label_permutation_two_sided_9999,,,,,0.899711320754717,False,True
among_taxon,among_taxon_min2,bract_projection_peak_density,bract_projection_peak_density,1,armature,candidate,requires_botanical_calibration,linear_endpoint,chelsa_gsp,growing_season_water_input,2,78,78,ok,0.12725680480343554,0.2651,taxon_label_permutation_two_sided_9999,,,,,0.7218246575342465,False,True
among_taxon,among_taxon_min2,bract_projection_peak_density,bract_projection_peak_density,1,armature,candidate,requires_botanical_calibration,linear_endpoint,chelsa_npp,resource_productivity,2,78,78,ok,0.19578788187112894,0.0859,taxon_label_permutation_two_sided_9999,,,,,0.4775029411764706,False,True
among_taxon,among_taxon_min2,corolla_hue,corolla_hue_sin|corolla_hue_cos,2,colour,primary,frozen_technical,circular_joint,chelsa_bio01,thermal,2,203,203,ok,,0.0016,taxon_label_permutation_joint_circular_9999,-0.22083570687075665,0.12775837459020045,0.2551286179695189,300.0503374962242,0.0432,True,True
among_taxon,among_taxon_min2,corolla_hue,corolla_hue_sin|corolla_hue_cos,2,colour,primary,frozen_technical,circular_joint,chelsa_bio04,thermal,2,203,203,ok,,0.0138,taxon_label_permutation_joint_circular_9999,-0.03128201106251486,-0.202153223043355,0.2045592574364009,188.7964123558058,0.19529999999999997,False,True
among_taxon,among_taxon_min2,corolla_hue,corolla_hue_sin|corolla_hue_cos,2,colour,primary,frozen_technical,circular_joint,chelsa_bio12,hydric,2,203,203,ok,,0.0047,taxon_label_permutation_joint_circular_9999,-0.2048745391683831,-0.09635434304438066,0.22640171426685693,244.81197531893642,0.11103750000000001,False,True
among_taxon,among_taxon_min2,corolla_hue,corolla_hue_sin|corolla_hue_cos,2,colour,primary,frozen_technical,circular_joint,chelsa_bio15,hydric,2,203,203,ok,,0.0004,taxon_label_permutation_joint_circular_9999,0.07748837248056652,0.27583192520898664,0.286509509151412,15.691435846113132,0.01512,True,True
among_taxon,among_taxon_min2,corolla_hue,corolla_hue_sin|corolla_hue_cos,2,colour,primary,frozen_technical,circular_joint,chelsa_rsds_mean,radiative_atmospheric,2,203,203,ok,,0.0001,taxon_label_permutation_joint_circular_9999,0.24813676580614832,0.3114147504217907,0.39818463220596734,38.54800494904833,0.00945,True,True
among_taxon,among_taxon_min2,corolla_hue,corolla_hue_sin|corolla_hue_cos,2,colour,primary,frozen_technical,circular_joint,chelsa_vpd_mean,radiative_atmospheric,2,203,203,ok,,0.0168,taxon_label_permutation_joint_circular_9999,-0.11882233326349671,0.16059052436362786,0.1997700262741296,323.50193751873144,0.19529999999999997,False,True
among_taxon,among_taxon_min2,corolla_hue,corolla_hue_sin|corolla_hue_cos,2,colour,primary,frozen_technical,circular_joint,chelsa_sfcwind_mean,mechanical,2,203,203,ok,,0.0269,taxon_label_permutation_joint_circular_9999,-0.020227088098803112,-0.18810667689972915,0.18919105948013462,186.13742568549338,0.23109545454545455,False,True
among_taxon,among_taxon_min2,corolla_hue,corolla_hue_sin|corolla_hue_cos,2,colour,primary,frozen_technical,circular_joint,chelsa_gsp,growing_season_water_input,2,203,203,ok,,0.0149,taxon_label_permutation_joint_circular_9999,-0.2024234517117283,-0.0013892121394830177,0.20242821866839336,269.60679090213375,0.19529999999999997,False,True
among_taxon,among_taxon_min2,corolla_hue,corolla_hue_sin|corolla_hue_cos,2,colour,primary,frozen_technical,circular_joint,chelsa_npp,resource_productivity,2,203,203,ok,,0.0003,taxon_label_permutation_joint_circular_9999,-0.27827204346606094,-0.07037449814121943,0.2870329252253229,255.80757686128874,0.014174999999999998,True,True
among_taxon,among_taxon_min2,corolla_lab_chroma,corolla_lab_chroma,1,colour,primary,frozen_technical,linear_endpoint,chelsa_bio01,thermal,2,203,203,ok,0.10647372822396715,0.1333,taxon_label_permutation_two_sided_9999,,,,,0.56660625,False,True
among_taxon,among_taxon_min2,corolla_lab_chroma,corolla_lab_chroma,1,colour,primary,frozen_technical,linear_endpoint,chelsa_bio04,thermal,2,203,203,ok,0.02508367359853146,0.7282,taxon_label_permutation_two_sided_9999,,,,,0.8824846153846155,False,True
among_taxon,among_taxon_min2,corolla_lab_chroma,corolla_lab_chroma,1,colour,primary,frozen_technical,linear_endpoint,chelsa_bio12,hydric,2,203,203,ok,-0.03126363650870827,0.6625,taxon_label_permutation_two_sided_9999,,,,,0.8576198630136985,False,True
among_taxon,among_taxon_min2,corolla_lab_chroma,corolla_lab_chroma,1,colour,primary,frozen_technical,linear_endpoint,chelsa_bio15,hydric,2,203,203,ok,-0.09165979094834496,0.1869,taxon_label_permutation_two_sided_9999,,,,,0.6172932203389832,False,True
among_taxon,among_taxon_min2,corolla_lab_chroma,corolla_lab_chroma,1,colour,primary,frozen_technical,linear_endpoint,chelsa_rsds_mean,radiative_atmospheric,2,203,203,ok,-0.28391465980276803,0.0002,taxon_label_permutation_two_sided_9999,,,,,0.0126,True,True
among_taxon,among_taxon_min2,corolla_lab_chroma,corolla_lab_chroma,1,colour,primary,frozen_technical,linear_endpoint,chelsa_vpd_mean,radiative_atmospheric,2,203,203,ok,0.01976757012041255,0.7747,taxon_label_permutation_two_sided_9999,,,,,0.9061690909090909,False,True
among_taxon,among_taxon_min2,corolla_lab_chroma,corolla_lab_chroma,1,colour,primary,frozen_technical,linear_endpoint,chelsa_sfcwind_mean,mechanical,2,203,203,ok,-0.051530164819633066,0.465,taxon_label_permutation_two_sided_9999,,,,,0.8230090909090909,False,True
among_taxon,among_taxon_min2,corolla_lab_chroma,corolla_lab_chroma,1,colour,primary,frozen_technical,linear_endpoint,chelsa_gsp,growing_season_water_input,2,203,203,ok,-0.04353870061365148,0.535,taxon_label_permutation_two_sided_9999,,,,,0.8274512195121951,False,True
among_taxon,among_taxon_min2,corolla_lab_chroma,corolla_lab_chroma,1,colour,primary,frozen_technical,linear_endpoint,chelsa_npp,resource_productivity,2,203,203,ok,0.16754422965084922,0.0175,taxon_label_permutation_two_sided_9999,,,,,0.19529999999999997,False,True
among_taxon,among_taxon_min2,corolla_lab_lightness,corolla_lab_lightness,1,colour,primary,frozen_technical,linear_endpoint,chelsa_bio01,thermal,2,203,203,ok,-0.0020107692395200153,0.9783,taxon_label_permutation_two_sided_9999,,,,,0.9916468085106385,False,True
among_taxon,among_taxon_min2,corolla_lab_lightness,corolla_lab_lightness,1,colour,primary,frozen_technical,linear_endpoint,chelsa_bio04,thermal,2,203,203,ok,0.1654218076909498,0.0179,taxon_label_permutation_two_sided_9999,,,,,0.19529999999999997,False,True
among_taxon,among_taxon_min2,corolla_lab_lightness,corolla_lab_lightness,1,colour,primary,frozen_technical,linear_endpoint,chelsa_bio12,hydric,2,203,203,ok,-0.09170702656789984,0.1927,taxon_label_permutation_two_sided_9999,,,,,0.6172932203389832,False,True
among_taxon,among_taxon_min2,corolla_lab_lightness,corolla_lab_lightness,1,colour,primary,frozen_technical,linear_endpoint,chelsa_bio15,hydric,2,203,203,ok,-0.16360809473268395,0.02,taxon_label_permutation_two_sided_9999,,,,,0.19894736842105265,False,True
among_taxon,among_taxon_min2,corolla_lab_lightness,corolla_lab_lightness,1,colour,primary,frozen_technical,linear_endpoint,chelsa_rsds_mean,radiative_atmospheric,2,203,203,ok,0.001548369338054137,0.9821,taxon_label_permutation_two_sided_9999,,,,,0.9916468085106385,False,True
among_taxon,among_taxon_min2,corolla_lab_lightness,corolla_lab_lightness,1,colour,primary,frozen_technical,linear_endpoint,chelsa_vpd_mean,radiative_atmospheric,2,203,203,ok,0.07958006979027349,0.2571,taxon_label_permutation_two_sided_9999,,,,,0.7218246575342465,False,True
among_taxon,among_taxon_min2,corolla_lab_lightness,corolla_lab_lightness,1,colour,primary,frozen_technical,linear_endpoint,chelsa_sfcwind_mean,mechanical,2,203,203,ok,0.05118408255540595,0.4699,taxon_label_permutation_two_sided_9999,,,,,0.8230090909090909,False,True
among_taxon,among_taxon_min2,corolla_lab_lightness,corolla_lab_lightness,1,colour,primary,frozen_technical,linear_endpoint,chelsa_gsp,growing_season_water_input,2,203,203,ok,-0.048559049393311286,0.4905,taxon_label_permutation_two_sided_9999,,,,,0.8230090909090909,False,True
among_taxon,among_taxon_min2,corolla_lab_lightness,corolla_lab_lightness,1,colour,primary,frozen_technical,linear_endpoint,chelsa_npp,resource_productivity,2,203,203,ok,-0.029592711530625003,0.6795,taxon_label_permutation_two_sided_9999,,,,,0.8607529411764706,False,True
among_taxon,among_taxon_min2,corolla_purple_pixel_fraction,corolla_purple_pixel_fraction,1,colour,descriptive_only,requires_botanical_calibration,linear_endpoint,chelsa_bio01,thermal,2,0,0,unexecuted_no_measurement,,,,,,,,,False,True
among_taxon,among_taxon_min2,corolla_purple_pixel_fraction,corolla_purple_pixel_fraction,1,colour,descriptive_only,requires_botanical_calibration,linear_endpoint,chelsa_bio04,thermal,2,0,0,unexecuted_no_measurement,,,,,,,,,False,True
among_taxon,among_taxon_min2,corolla_purple_pixel_fraction,corolla_purple_pixel_fraction,1,colour,descriptive_only,requires_botanical_calibration,linear_endpoint,chelsa_bio12,hydric,2,0,0,unexecuted_no_measurement,,,,,,,,,False,True
among_taxon,among_taxon_min2,corolla_purple_pixel_fraction,corolla_purple_pixel_fraction,1,colour,descriptive_only,requires_botanical_calibration,linear_endpoint,chelsa_bio15,hydric,2,0,0,unexecuted_no_measurement,,,,,,,,,False,True
among_taxon,among_taxon_min2,corolla_purple_pixel_fraction,corolla_purple_pixel_fraction,1,colour,descriptive_only,requires_botanical_calibration,linear_endpoint,chelsa_rsds_mean,radiative_atmospheric,2,0,0,unexecuted_no_measurement,,,,,,,,,False,True
among_taxon,among_taxon_min2,corolla_purple_pixel_fraction,corolla_purple_pixel_fraction,1,colour,descriptive_only,requires_botanical_calibration,linear_endpoint,chelsa_vpd_mean,radiative_atmospheric,2,0,0,unexecuted_no_measurement,,,,,,,,,False,True
among_taxon,among_taxon_min2,corolla_purple_pixel_fraction,corolla_purple_pixel_fraction,1,colour,descriptive_only,requires_botanical_calibration,linear_endpoint,chelsa_sfcwind_mean,mechanical,2,0,0,unexecuted_no_measurement,,,,,,,,,False,True
among_taxon,among_taxon_min2,corolla_purple_pixel_fraction,corolla_purple_pixel_fraction,1,colour,descriptive_only,requires_botanical_calibration,linear_endpoint,chelsa_gsp,growing_season_water_input,2,0,0,unexecuted_no_measurement,,,,,,,,,False,True
among_taxon,among_taxon_min2,corolla_purple_pixel_fraction,corolla_purple_pixel_fraction,1,colour,descriptive_only,requires_botanical_calibration,linear_endpoint,chelsa_npp,resource_productivity,2,0,0,unexecuted_no_measurement,,,,,,,,,False,True
among_taxon,among_taxon_min2,corolla_redmagenta_pixel_fraction,corolla_redmagenta_pixel_fraction,1,colour,descriptive_only,requires_botanical_calibration,linear_endpoint,chelsa_bio01,thermal,2,0,0,unexecuted_no_measurement,,,,,,,,,False,True
among_taxon,among_taxon_min2,corolla_redmagenta_pixel_fraction,corolla_redmagenta_pixel_fraction,1,colour,descriptive_only,requires_botanical_calibration,linear_endpoint,chelsa_bio04,thermal,2,0,0,unexecuted_no_measurement,,,,,,,,,False,True
among_taxon,among_taxon_min2,corolla_redmagenta_pixel_fraction,corolla_redmagenta_pixel_fraction,1,colour,descriptive_only,requires_botanical_calibration,linear_endpoint,chelsa_bio12,hydric,2,0,0,unexecuted_no_measurement,,,,,,,,,False,True
among_taxon,among_taxon_min2,corolla_redmagenta_pixel_fraction,corolla_redmagenta_pixel_fraction,1,colour,descriptive_only,requires_botanical_calibration,linear_endpoint,chelsa_bio15,hydric,2,0,0,unexecuted_no_measurement,,,,,,,,,False,True
among_taxon,among_taxon_min2,corolla_redmagenta_pixel_fraction,corolla_redmagenta_pixel_fraction,1,colour,descriptive_only,requires_botanical_calibration,linear_endpoint,chelsa_rsds_mean,radiative_atmospheric,2,0,0,unexecuted_no_measurement,,,,,,,,,False,True
among_taxon,among_taxon_min2,corolla_redmagenta_pixel_fraction,corolla_redmagenta_pixel_fraction,1,colour,descriptive_only,requires_botanical_calibration,linear_endpoint,chelsa_vpd_mean,radiative_atmospheric,2,0,0,unexecuted_no_measurement,,,,,,,,,False,True
among_taxon,among_taxon_min2,corolla_redmagenta_pixel_fraction,corolla_redmagenta_pixel_fraction,1,colour,descriptive_only,requires_botanical_calibration,linear_endpoint,chelsa_sfcwind_mean,mechanical,2,0,0,unexecuted_no_measurement,,,,,,,,,False,True
among_taxon,among_taxon_min2,corolla_redmagenta_pixel_fraction,corolla_redmagenta_pixel_fraction,1,colour,descriptive_only,requires_botanical_calibration,linear_endpoint,chelsa_gsp,growing_season_water_input,2,0,0,unexecuted_no_measurement,,,,,,,,,False,True
among_taxon,among_taxon_min2,corolla_redmagenta_pixel_fraction,corolla_redmagenta_pixel_fraction,1,colour,descriptive_only,requires_botanical_calibration,linear_endpoint,chelsa_npp,resource_productivity,2,0,0,unexecuted_no_measurement,,,,,,,,,False,True
among_taxon,among_taxon_min2,corolla_white_pixel_fraction,corolla_white_pixel_fraction,1,colour,descriptive_only,requires_botanical_calibration,linear_endpoint,chelsa_bio01,thermal,2,0,0,unexecuted_no_measurement,,,,,,,,,False,True
among_taxon,among_taxon_min2,corolla_white_pixel_fraction,corolla_white_pixel_fraction,1,colour,descriptive_only,requires_botanical_calibration,linear_endpoint,chelsa_bio04,thermal,2,0,0,unexecuted_no_measurement,,,,,,,,,False,True
among_taxon,among_taxon_min2,corolla_white_pixel_fraction,corolla_white_pixel_fraction,1,colour,descriptive_only,requires_botanical_calibration,linear_endpoint,chelsa_bio12,hydric,2,0,0,unexecuted_no_measurement,,,,,,,,,False,True
among_taxon,among_taxon_min2,corolla_white_pixel_fraction,corolla_white_pixel_fraction,1,colour,descriptive_only,requires_botanical_calibration,linear_endpoint,chelsa_bio15,hydric,2,0,0,unexecuted_no_measurement,,,,,,,,,False,True
among_taxon,among_taxon_min2,corolla_white_pixel_fraction,corolla_white_pixel_fraction,1,colour,descriptive_only,requires_botanical_calibration,linear_endpoint,chelsa_rsds_mean,radiative_atmospheric,2,0,0,unexecuted_no_measurement,,,,,,,,,False,True
among_taxon,among_taxon_min2,corolla_white_pixel_fraction,corolla_white_pixel_fraction,1,colour,descriptive_only,requires_botanical_calibration,linear_endpoint,chelsa_vpd_mean,radiative_atmospheric,2,0,0,unexecuted_no_measurement,,,,,,,,,False,True
among_taxon,among_taxon_min2,corolla_white_pixel_fraction,corolla_white_pixel_fraction,1,colour,descriptive_only,requires_botanical_calibration,linear_endpoint,chelsa_sfcwind_mean,mechanical,2,0,0,unexecuted_no_measurement,,,,,,,,,False,True
among_taxon,among_taxon_min2,corolla_white_pixel_fraction,corolla_white_pixel_fraction,1,colour,descriptive_only,requires_botanical_calibration,linear_endpoint,chelsa_gsp,growing_season_water_input,2,0,0,unexecuted_no_measurement,,,,,,,,,False,True
among_taxon,among_taxon_min2,corolla_white_pixel_fraction,corolla_white_pixel_fraction,1,colour,descriptive_only,requires_botanical_calibration,linear_endpoint,chelsa_npp,resource_productivity,2,0,0,unexecuted_no_measurement,,,,,,,,,False,True
among_taxon,among_taxon_min2,corolla_yellow_pixel_fraction,corolla_yellow_pixel_fraction,1,colour,descriptive_only,requires_botanical_calibration,linear_endpoint,chelsa_bio01,thermal,2,0,0,unexecuted_no_measurement,,,,,,,,,False,True
among_taxon,among_taxon_min2,corolla_yellow_pixel_fraction,corolla_yellow_pixel_fraction,1,colour,descriptive_only,requires_botanical_calibration,linear_endpoint,chelsa_bio04,thermal,2,0,0,unexecuted_no_measurement,,,,,,,,,False,True
among_taxon,among_taxon_min2,corolla_yellow_pixel_fraction,corolla_yellow_pixel_fraction,1,colour,descriptive_only,requires_botanical_calibration,linear_endpoint,chelsa_bio12,hydric,2,0,0,unexecuted_no_measurement,,,,,,,,,False,True
among_taxon,among_taxon_min2,corolla_yellow_pixel_fraction,corolla_yellow_pixel_fraction,1,colour,descriptive_only,requires_botanical_calibration,linear_endpoint,chelsa_bio15,hydric,2,0,0,unexecuted_no_measurement,,,,,,,,,False,True
among_taxon,among_taxon_min2,corolla_yellow_pixel_fraction,corolla_yellow_pixel_fraction,1,colour,descriptive_only,requires_botanical_calibration,linear_endpoint,chelsa_rsds_mean,radiative_atmospheric,2,0,0,unexecuted_no_measurement,,,,,,,,,False,True
among_taxon,among_taxon_min2,corolla_yellow_pixel_fraction,corolla_yellow_pixel_fraction,1,colour,descriptive_only,requires_botanical_calibration,linear_endpoint,chelsa_vpd_mean,radiative_atmospheric,2,0,0,unexecuted_no_measurement,,,,,,,,,False,True
among_taxon,among_taxon_min2,corolla_yellow_pixel_fraction,corolla_yellow_pixel_fraction,1,colour,descriptive_only,requires_botanical_calibration,linear_endpoint,chelsa_sfcwind_mean,mechanical,2,0,0,unexecuted_no_measurement,,,,,,,,,False,True
among_taxon,among_taxon_min2,corolla_yellow_pixel_fraction,corolla_yellow_pixel_fraction,1,colour,descriptive_only,requires_botanical_calibration,linear_endpoint,chelsa_gsp,growing_season_water_input,2,0,0,unexecuted_no_measurement,,,,,,,,,False,True
among_taxon,among_taxon_min2,corolla_yellow_pixel_fraction,corolla_yellow_pixel_fraction,1,colour,descriptive_only,requires_botanical_calibration,linear_endpoint,chelsa_npp,resource_productivity,2,0,0,unexecuted_no_measurement,,,,,,,,,False,True
among_taxon,among_taxon_min2,visible_floret_fraction,visible_floret_fraction,1,display,candidate,requires_botanical_calibration,linear_endpoint,chelsa_bio01,thermal,2,0,0,unexecuted_no_measurement,,,,,,,,,False,True
among_taxon,among_taxon_min2,visible_floret_fraction,visible_floret_fraction,1,display,candidate,requires_botanical_calibration,linear_endpoint,chelsa_bio04,thermal,2,0,0,unexecuted_no_measurement,,,,,,,,,False,True
among_taxon,among_taxon_min2,visible_floret_fraction,visible_floret_fraction,1,display,candidate,requires_botanical_calibration,linear_endpoint,chelsa_bio12,hydric,2,0,0,unexecuted_no_measurement,,,,,,,,,False,True
among_taxon,among_taxon_min2,visible_floret_fraction,visible_floret_fraction,1,display,candidate,requires_botanical_calibration,linear_endpoint,chelsa_bio15,hydric,2,0,0,unexecuted_no_measurement,,,,,,,,,False,True
among_taxon,among_taxon_min2,visible_floret_fraction,visible_floret_fraction,1,display,candidate,requires_botanical_calibration,linear_endpoint,chelsa_rsds_mean,radiative_atmospheric,2,0,0,unexecuted_no_measurement,,,,,,,,,False,True
among_taxon,among_taxon_min2,visible_floret_fraction,visible_floret_fraction,1,display,candidate,requires_botanical_calibration,linear_endpoint,chelsa_vpd_mean,radiative_atmospheric,2,0,0,unexecuted_no_measurement,,,,,,,,,False,True
among_taxon,among_taxon_min2,visible_floret_fraction,visible_floret_fraction,1,display,candidate,requires_botanical_calibration,linear_endpoint,chelsa_sfcwind_mean,mechanical,2,0,0,unexecuted_no_measurement,,,,,,,,,False,True
among_taxon,among_taxon_min2,visible_floret_fraction,visible_floret_fraction,1,display,candidate,requires_botanical_calibration,linear_endpoint,chelsa_gsp,growing_season_water_input,2,0,0,unexecuted_no_measurement,,,,,,,,,False,True
among_taxon,among_taxon_min2,visible_floret_fraction,visible_floret_fraction,1,display,candidate,requires_botanical_calibration,linear_endpoint,chelsa_npp,resource_productivity,2,0,0,unexecuted_no_measurement,,,,,,,,,False,True
among_taxon,among_taxon_min2,involucre_surface_specular_fraction,involucre_surface_specular_fraction,1,exudate,validation_only,requires_botanical_calibration,linear_endpoint,chelsa_bio01,thermal,2,49,49,ok,0.06038428639407944,0.5828,taxon_label_permutation_two_sided_9999,,,,,0.8330744680851064,False,True
among_taxon,among_taxon_min2,involucre_surface_specular_fraction,involucre_surface_specular_fraction,1,exudate,validation_only,requires_botanical_calibration,linear_endpoint,chelsa_bio04,thermal,2,49,49,ok,-0.21948860441500012,0.156,taxon_label_permutation_two_sided_9999,,,,,0.58968,False,True
among_taxon,among_taxon_min2,involucre_surface_specular_fraction,involucre_surface_specular_fraction,1,exudate,validation_only,requires_botanical_calibration,linear_endpoint,chelsa_bio12,hydric,2,49,49,ok,-0.009647148656218053,0.9482,taxon_label_permutation_two_sided_9999,,,,,0.9889269230769231,False,True
among_taxon,among_taxon_min2,involucre_surface_specular_fraction,involucre_surface_specular_fraction,1,exudate,validation_only,requires_botanical_calibration,linear_endpoint,chelsa_bio15,hydric,2,49,49,ok,-0.14770745755894135,0.2298,taxon_label_permutation_two_sided_9999,,,,,0.6894,False,True
among_taxon,among_taxon_min2,involucre_surface_specular_fraction,involucre_surface_specular_fraction,1,exudate,validation_only,requires_botanical_calibration,linear_endpoint,chelsa_rsds_mean,radiative_atmospheric,2,49,49,ok,-0.18308537376602066,0.2668,taxon_label_permutation_two_sided_9999,,,,,0.7218246575342465,False,True
among_taxon,among_taxon_min2,involucre_surface_specular_fraction,involucre_surface_specular_fraction,1,exudate,validation_only,requires_botanical_calibration,linear_endpoint,chelsa_vpd_mean,radiative_atmospheric,2,49,49,ok,-0.051772397292078956,0.7252,taxon_label_permutation_two_sided_9999,,,,,0.8824846153846155,False,True
among_taxon,among_taxon_min2,involucre_surface_specular_fraction,involucre_surface_specular_fraction,1,exudate,validation_only,requires_botanical_calibration,linear_endpoint,chelsa_sfcwind_mean,mechanical,2,49,49,ok,0.2283190211804962,0.0533,taxon_label_permutation_two_sided_9999,,,,,0.33579000000000003,False,True
among_taxon,among_taxon_min2,involucre_surface_specular_fraction,involucre_surface_specular_fraction,1,exudate,validation_only,requires_botanical_calibration,linear_endpoint,chelsa_gsp,growing_season_water_input,2,49,49,ok,0.08117733753646979,0.5568,taxon_label_permutation_two_sided_9999,,,,,0.8330744680851064,False,True
among_taxon,among_taxon_min2,involucre_surface_specular_fraction,involucre_surface_specular_fraction,1,exudate,validation_only,requires_botanical_calibration,linear_endpoint,chelsa_npp,resource_productivity,2,49,49,ok,0.11581828162457962,0.5145,taxon_label_permutation_two_sided_9999,,,,,0.8230090909090909,False,True
among_taxon,among_taxon_min2,involucre_surface_edge_density,involucre_surface_edge_density,1,indumentum,validation_only,requires_botanical_calibration,linear_endpoint,chelsa_bio01,thermal,2,49,49,ok,-0.04758646814301015,0.7419,taxon_label_permutation_two_sided_9999,,,,,0.8874626582278481,False,True
among_taxon,among_taxon_min2,involucre_surface_edge_density,involucre_surface_edge_density,1,indumentum,validation_only,requires_botanical_calibration,linear_endpoint,chelsa_bio04,thermal,2,49,49,ok,-0.0058722966768985745,0.9641,taxon_label_permutation_two_sided_9999,,,,,0.9902983695652174,False,True
among_taxon,among_taxon_min2,involucre_surface_edge_density,involucre_surface_edge_density,1,indumentum,validation_only,requires_botanical_calibration,linear_endpoint,chelsa_bio12,hydric,2,49,49,ok,-0.13803192492697777,0.345,taxon_label_permutation_two_sided_9999,,,,,0.7771499999999999,False,True
among_taxon,among_taxon_min2,involucre_surface_edge_density,involucre_surface_edge_density,1,indumentum,validation_only,requires_botanical_calibration,linear_endpoint,chelsa_bio15,hydric,2,49,49,ok,0.010181769571323397,0.9456,taxon_label_permutation_two_sided_9999,,,,,0.9889269230769231,False,True
among_taxon,among_taxon_min2,involucre_surface_edge_density,involucre_surface_edge_density,1,indumentum,validation_only,requires_botanical_calibration,linear_endpoint,chelsa_rsds_mean,radiative_atmospheric,2,49,49,ok,0.14586210703274463,0.3132,taxon_label_permutation_two_sided_9999,,,,,0.7589076923076922,False,True
among_taxon,among_taxon_min2,involucre_surface_edge_density,involucre_surface_edge_density,1,indumentum,validation_only,requires_botanical_calibration,linear_endpoint,chelsa_vpd_mean,radiative_atmospheric,2,49,49,ok,0.049947851871941555,0.7284,taxon_label_permutation_two_sided_9999,,,,,0.8824846153846155,False,True
among_taxon,among_taxon_min2,involucre_surface_edge_density,involucre_surface_edge_density,1,indumentum,validation_only,requires_botanical_calibration,linear_endpoint,chelsa_sfcwind_mean,mechanical,2,49,49,ok,-0.07513549183400856,0.6072,taxon_label_permutation_two_sided_9999,,,,,0.8330744680851064,False,True
among_taxon,among_taxon_min2,involucre_surface_edge_density,involucre_surface_edge_density,1,indumentum,validation_only,requires_botanical_calibration,linear_endpoint,chelsa_gsp,growing_season_water_input,2,49,49,ok,-0.23029814396991624,0.1101,taxon_label_permutation_two_sided_9999,,,,,0.5476026315789474,False,True
among_taxon,among_taxon_min2,involucre_surface_edge_density,involucre_surface_edge_density,1,indumentum,validation_only,requires_botanical_calibration,linear_endpoint,chelsa_npp,resource_productivity,2,49,49,ok,-0.21167753025725625,0.1439,taxon_label_permutation_two_sided_9999,,,,,0.56660625,False,True
among_taxon,among_taxon_min2,involucre_surface_high_frequency_energy,involucre_surface_high_frequency_energy,1,indumentum,validation_only,requires_botanical_calibration,linear_endpoint,chelsa_bio01,thermal,2,49,49,ok,-0.13990929730016785,0.3405,taxon_label_permutation_two_sided_9999,,,,,0.7771499999999999,False,True
among_taxon,among_taxon_min2,involucre_surface_high_frequency_energy,involucre_surface_high_frequency_energy,1,indumentum,validation_only,requires_botanical_calibration,linear_endpoint,chelsa_bio04,thermal,2,49,49,ok,0.08507532162979807,0.5656,taxon_label_permutation_two_sided_9999,,,,,0.8330744680851064,False,True
among_taxon,among_taxon_min2,involucre_surface_high_frequency_energy,involucre_surface_high_frequency_energy,1,indumentum,validation_only,requires_botanical_calibration,linear_endpoint,chelsa_bio12,hydric,2,49,49,ok,-0.008977775563994211,0.9523,taxon_label_permutation_two_sided_9999,,,,,0.9889269230769231,False,True
among_taxon,among_taxon_min2,involucre_surface_high_frequency_energy,involucre_surface_high_frequency_energy,1,indumentum,validation_only,requires_botanical_calibration,linear_endpoint,chelsa_bio15,hydric,2,49,49,ok,0.03338093282359464,0.825,taxon_label_permutation_two_sided_9999,,,,,0.9172058823529411,False,True
among_taxon,among_taxon_min2,involucre_surface_high_frequency_energy,involucre_surface_high_frequency_energy,1,indumentum,validation_only,requires_botanical_calibration,linear_endpoint,chelsa_rsds_mean,radiative_atmospheric,2,49,49,ok,0.1261241443567031,0.393,taxon_label_permutation_two_sided_9999,,,,,0.8230090909090909,False,True
among_taxon,among_taxon_min2,involucre_surface_high_frequency_energy,involucre_surface_high_frequency_energy,1,indumentum,validation_only,requires_botanical_calibration,linear_endpoint,chelsa_vpd_mean,radiative_atmospheric,2,49,49,ok,-0.06850970899828986,0.6394,taxon_label_permutation_two_sided_9999,,,,,0.8392124999999999,False,True
among_taxon,among_taxon_min2,involucre_surface_high_frequency_energy,involucre_surface_high_frequency_energy,1,indumentum,validation_only,requires_botanical_calibration,linear_endpoint,chelsa_sfcwind_mean,mechanical,2,49,49,ok,-0.0933682373952175,0.5269,taxon_label_permutation_two_sided_9999,,,,,0.8230090909090909,False,True
among_taxon,among_taxon_min2,involucre_surface_high_frequency_energy,involucre_surface_high_frequency_energy,1,indumentum,validation_only,requires_botanical_calibration,linear_endpoint,chelsa_gsp,growing_season_water_input,2,49,49,ok,-0.11708026974831959,0.4273,taxon_label_permutation_two_sided_9999,,,,,0.8230090909090909,False,True
among_taxon,among_taxon_min2,involucre_surface_high_frequency_energy,involucre_surface_high_frequency_energy,1,indumentum,validation_only,requires_botanical_calibration,linear_endpoint,chelsa_npp,resource_productivity,2,49,49,ok,-0.13652167670818635,0.3454,taxon_label_permutation_two_sided_9999,,,,,0.7771499999999999,False,True
among_taxon,among_taxon_min2,involucre_surface_lbp_entropy,involucre_surface_lbp_entropy,1,indumentum,validation_only,requires_botanical_calibration,linear_endpoint,chelsa_bio01,thermal,2,49,49,ok,-0.09803409902533919,0.4968,taxon_label_permutation_two_sided_9999,,,,,0.8230090909090909,False,True
among_taxon,among_taxon_min2,involucre_surface_lbp_entropy,involucre_surface_lbp_entropy,1,indumentum,validation_only,requires_botanical_calibration,linear_endpoint,chelsa_bio04,thermal,2,49,49,ok,0.15764455444373635,0.2735,taxon_label_permutation_two_sided_9999,,,,,0.7218246575342465,False,True
among_taxon,among_taxon_min2,involucre_surface_lbp_entropy,involucre_surface_lbp_entropy,1,indumentum,validation_only,requires_botanical_calibration,linear_endpoint,chelsa_bio12,hydric,2,49,49,ok,0.15911757952057334,0.2722,taxon_label_permutation_two_sided_9999,,,,,0.7218246575342465,False,True
among_taxon,among_taxon_min2,involucre_surface_lbp_entropy,involucre_surface_lbp_entropy,1,indumentum,validation_only,requires_botanical_calibration,linear_endpoint,chelsa_bio15,hydric,2,49,49,ok,-0.12857322530023974,0.3808,taxon_label_permutation_two_sided_9999,,,,,0.8230090909090908,False,True
among_taxon,among_taxon_min2,involucre_surface_lbp_entropy,involucre_surface_lbp_entropy,1,indumentum,validation_only,requires_botanical_calibration,linear_endpoint,chelsa_rsds_mean,radiative_atmospheric,2,49,49,ok,-0.334523615340118,0.0186,taxon_label_permutation_two_sided_9999,,,,,0.19529999999999997,False,True
among_taxon,among_taxon_min2,involucre_surface_lbp_entropy,involucre_surface_lbp_entropy,1,indumentum,validation_only,requires_botanical_calibration,linear_endpoint,chelsa_vpd_mean,radiative_atmospheric,2,49,49,ok,-0.15709254154078583,0.278,taxon_label_permutation_two_sided_9999,,,,,0.7218246575342465,False,True
among_taxon,among_taxon_min2,involucre_surface_lbp_entropy,involucre_surface_lbp_entropy,1,indumentum,validation_only,requires_botanical_calibration,linear_endpoint,chelsa_sfcwind_mean,mechanical,2,49,49,ok,-0.21450326141289375,0.1378,taxon_label_permutation_two_sided_9999,,,,,0.56660625,False,True
among_taxon,among_taxon_min2,involucre_surface_lbp_entropy,involucre_surface_lbp_entropy,1,indumentum,validation_only,requires_botanical_calibration,linear_endpoint,chelsa_gsp,growing_season_water_input,2,49,49,ok,0.011952232928987859,0.9338,taxon_label_permutation_two_sided_9999,,,,,0.9889269230769231,False,True
among_taxon,among_taxon_min2,involucre_surface_lbp_entropy,involucre_surface_lbp_entropy,1,indumentum,validation_only,requires_botanical_calibration,linear_endpoint,chelsa_npp,resource_productivity,2,49,49,ok,-0.03607068287211079,0.8087,taxon_label_permutation_two_sided_9999,,,,,0.9172058823529411,False,True
among_taxon,among_taxon_min2,bract_projection_asymmetry,bract_projection_asymmetry,1,involucre_architecture,candidate,requires_botanical_calibration,linear_endpoint,chelsa_bio01,thermal,2,78,78,ok,-0.10737650773853082,0.354,taxon_label_permutation_two_sided_9999,,,,,0.7797348837209301,False,True
among_taxon,among_taxon_min2,bract_projection_asymmetry,bract_projection_asymmetry,1,involucre_architecture,candidate,requires_botanical_calibration,linear_endpoint,chelsa_bio04,thermal,2,78,78,ok,0.09426571828466233,0.4079,taxon_label_permutation_two_sided_9999,,,,,0.8230090909090909,False,True
among_taxon,among_taxon_min2,bract_projection_asymmetry,bract_projection_asymmetry,1,involucre_architecture,candidate,requires_botanical_calibration,linear_endpoint,chelsa_bio12,hydric,2,78,78,ok,-0.0737153339896142,0.5214,taxon_label_permutation_two_sided_9999,,,,,0.8230090909090909,False,True
among_taxon,among_taxon_min2,bract_projection_asymmetry,bract_projection_asymmetry,1,involucre_architecture,candidate,requires_botanical_calibration,linear_endpoint,chelsa_bio15,hydric,2,78,78,ok,-0.04529383593291238,0.6966,taxon_label_permutation_two_sided_9999,,,,,0.8607529411764706,False,True
among_taxon,among_taxon_min2,bract_projection_asymmetry,bract_projection_asymmetry,1,involucre_architecture,candidate,requires_botanical_calibration,linear_endpoint,chelsa_rsds_mean,radiative_atmospheric,2,78,78,ok,-0.05422698404229836,0.6455,taxon_label_permutation_two_sided_9999,,,,,0.8413758620689655,False,True
among_taxon,among_taxon_min2,bract_projection_asymmetry,bract_projection_asymmetry,1,involucre_architecture,candidate,requires_botanical_calibration,linear_endpoint,chelsa_vpd_mean,radiative_atmospheric,2,78,78,ok,-0.07615488592931499,0.5105,taxon_label_permutation_two_sided_9999,,,,,0.8230090909090909,False,True
among_taxon,among_taxon_min2,bract_projection_asymmetry,bract_projection_asymmetry,1,involucre_architecture,candidate,requires_botanical_calibration,linear_endpoint,chelsa_sfcwind_mean,mechanical,2,78,78,ok,-0.15000848524848243,0.1762,taxon_label_permutation_two_sided_9999,,,,,0.6167,False,True
among_taxon,among_taxon_min2,bract_projection_asymmetry,bract_projection_asymmetry,1,involucre_architecture,candidate,requires_botanical_calibration,linear_endpoint,chelsa_gsp,growing_season_water_input,2,78,78,ok,-0.08825154128724243,0.4439,taxon_label_permutation_two_sided_9999,,,,,0.8230090909090909,False,True
among_taxon,among_taxon_min2,bract_projection_asymmetry,bract_projection_asymmetry,1,involucre_architecture,candidate,requires_botanical_calibration,linear_endpoint,chelsa_npp,resource_productivity,2,78,78,ok,-0.07877193784015536,0.4934,taxon_label_permutation_two_sided_9999,,,,,0.8230090909090909,False,True
among_taxon,among_taxon_min2,bract_projection_p95,bract_projection_p95,1,involucre_architecture,candidate,requires_botanical_calibration,linear_endpoint,chelsa_bio01,thermal,2,78,78,ok,-0.027497949944985178,0.8168,taxon_label_permutation_two_sided_9999,,,,,0.9172058823529411,False,True
among_taxon,among_taxon_min2,bract_projection_p95,bract_projection_p95,1,involucre_architecture,candidate,requires_botanical_calibration,linear_endpoint,chelsa_bio04,thermal,2,78,78,ok,0.021428028675272957,0.8564,taxon_label_permutation_two_sided_9999,,,,,0.9410441860465116,False,True
among_taxon,among_taxon_min2,bract_projection_p95,bract_projection_p95,1,involucre_architecture,candidate,requires_botanical_calibration,linear_endpoint,chelsa_bio12,hydric,2,78,78,ok,0.05769157560344357,0.6165,taxon_label_permutation_two_sided_9999,,,,,0.8330744680851064,False,True
among_taxon,among_taxon_min2,bract_projection_p95,bract_projection_p95,1,involucre_architecture,candidate,requires_botanical_calibration,linear_endpoint,chelsa_bio15,hydric,2,78,78,ok,0.1496984563263006,0.1927,taxon_label_permutation_two_sided_9999,,,,,0.6172932203389832,False,True
among_taxon,among_taxon_min2,bract_projection_p95,bract_projection_p95,1,involucre_architecture,candidate,requires_botanical_calibration,linear_endpoint,chelsa_rsds_mean,radiative_atmospheric,2,78,78,ok,-0.059876652937511356,0.6055,taxon_label_permutation_two_sided_9999,,,,,0.8330744680851064,False,True
among_taxon,among_taxon_min2,bract_projection_p95,bract_projection_p95,1,involucre_architecture,candidate,requires_botanical_calibration,linear_endpoint,chelsa_vpd_mean,radiative_atmospheric,2,78,78,ok,-0.06039707515475637,0.6002,taxon_label_permutation_two_sided_9999,,,,,0.8330744680851064,False,True
among_taxon,among_taxon_min2,bract_projection_p95,bract_projection_p95,1,involucre_architecture,candidate,requires_botanical_calibration,linear_endpoint,chelsa_sfcwind_mean,mechanical,2,78,78,ok,-0.09078244676974383,0.4271,taxon_label_permutation_two_sided_9999,,,,,0.8230090909090909,False,True
among_taxon,among_taxon_min2,bract_projection_p95,bract_projection_p95,1,involucre_architecture,candidate,requires_botanical_calibration,linear_endpoint,chelsa_gsp,growing_season_water_input,2,78,78,ok,0.07685339289220408,0.5041,taxon_label_permutation_two_sided_9999,,,,,0.8230090909090909,False,True
among_taxon,among_taxon_min2,bract_projection_p95,bract_projection_p95,1,involucre_architecture,candidate,requires_botanical_calibration,linear_endpoint,chelsa_npp,resource_productivity,2,78,78,ok,0.05943359870711006,0.6083,taxon_label_permutation_two_sided_9999,,,,,0.8330744680851064,False,True
among_taxon,among_taxon_min2,bract_projection_roughness,bract_projection_roughness,1,involucre_architecture,candidate,requires_botanical_calibration,linear_endpoint,chelsa_bio01,thermal,2,78,78,ok,-0.012993964984119075,0.9145,taxon_label_permutation_two_sided_9999,,,,,0.9764999999999999,False,True
among_taxon,among_taxon_min2,bract_projection_roughness,bract_projection_roughness,1,involucre_architecture,candidate,requires_botanical_calibration,linear_endpoint,chelsa_bio04,thermal,2,78,78,ok,0.046451425375058246,0.685,taxon_label_permutation_two_sided_9999,,,,,0.8607529411764706,False,True
among_taxon,among_taxon_min2,bract_projection_roughness,bract_projection_roughness,1,involucre_architecture,candidate,requires_botanical_calibration,linear_endpoint,chelsa_bio12,hydric,2,78,78,ok,0.03976713197127364,0.7376,taxon_label_permutation_two_sided_9999,,,,,0.8874626582278481,False,True
among_taxon,among_taxon_min2,bract_projection_roughness,bract_projection_roughness,1,involucre_architecture,candidate,requires_botanical_calibration,linear_endpoint,chelsa_bio15,hydric,2,78,78,ok,0.06327999972593225,0.5899,taxon_label_permutation_two_sided_9999,,,,,0.8330744680851064,False,True
among_taxon,among_taxon_min2,bract_projection_roughness,bract_projection_roughness,1,involucre_architecture,candidate,requires_botanical_calibration,linear_endpoint,chelsa_rsds_mean,radiative_atmospheric,2,78,78,ok,-0.16416349005325956,0.1519,taxon_label_permutation_two_sided_9999,,,,,0.5859000000000001,False,True
among_taxon,among_taxon_min2,bract_projection_roughness,bract_projection_roughness,1,involucre_architecture,candidate,requires_botanical_calibration,linear_endpoint,chelsa_vpd_mean,radiative_atmospheric,2,78,78,ok,-0.07915573209860549,0.4857,taxon_label_permutation_two_sided_9999,,,,,0.8230090909090909,False,True
among_taxon,among_taxon_min2,bract_projection_roughness,bract_projection_roughness,1,involucre_architecture,candidate,requires_botanical_calibration,linear_endpoint,chelsa_sfcwind_mean,mechanical,2,78,78,ok,-0.029771934606360875,0.7905,taxon_label_permutation_two_sided_9999,,,,,0.9061690909090909,False,True
among_taxon,among_taxon_min2,bract_projection_roughness,bract_projection_roughness,1,involucre_architecture,candidate,requires_botanical_calibration,linear_endpoint,chelsa_gsp,growing_season_water_input,2,78,78,ok,0.11110305706981659,0.3315,taxon_label_permutation_two_sided_9999,,,,,0.7771499999999999,False,True
among_taxon,among_taxon_min2,bract_projection_roughness,bract_projection_roughness,1,involucre_architecture,candidate,requires_botanical_calibration,linear_endpoint,chelsa_npp,resource_productivity,2,78,78,ok,0.09908633123653789,0.3832,taxon_label_permutation_two_sided_9999,,,,,0.8230090909090908,False,True
among_taxon,among_taxon_min2,bract_spread_fraction,bract_spread_fraction,1,involucre_architecture,candidate,requires_botanical_calibration,linear_endpoint,chelsa_bio01,thermal,2,78,78,ok,-0.16056316231821796,0.1605,taxon_label_permutation_two_sided_9999,,,,,0.5947941176470589,False,True
among_taxon,among_taxon_min2,bract_spread_fraction,bract_spread_fraction,1,involucre_architecture,candidate,requires_botanical_calibration,linear_endpoint,chelsa_bio04,thermal,2,78,78,ok,0.1465025178192358,0.2039,taxon_label_permutation_two_sided_9999,,,,,0.6317557377049181,False,True
among_taxon,among_taxon_min2,bract_spread_fraction,bract_spread_fraction,1,involucre_architecture,candidate,requires_botanical_calibration,linear_endpoint,chelsa_bio12,hydric,2,78,78,ok,0.03161170224594552,0.7888,taxon_label_permutation_two_sided_9999,,,,,0.9061690909090909,False,True
among_taxon,among_taxon_min2,bract_spread_fraction,bract_spread_fraction,1,involucre_architecture,candidate,requires_botanical_calibration,linear_endpoint,chelsa_bio15,hydric,2,78,78,ok,-0.019645045385005534,0.8619,taxon_label_permutation_two_sided_9999,,,,,0.9416132947976878,False,True
among_taxon,among_taxon_min2,bract_spread_fraction,bract_spread_fraction,1,involucre_architecture,candidate,requires_botanical_calibration,linear_endpoint,chelsa_rsds_mean,radiative_atmospheric,2,78,78,ok,-0.2218092462377345,0.0532,taxon_label_permutation_two_sided_9999,,,,,0.33579000000000003,False,True
among_taxon,among_taxon_min2,bract_spread_fraction,bract_spread_fraction,1,involucre_architecture,candidate,requires_botanical_calibration,linear_endpoint,chelsa_vpd_mean,radiative_atmospheric,2,78,78,ok,-0.21931832975883694,0.0509,taxon_label_permutation_two_sided_9999,,,,,0.33579000000000003,False,True
among_taxon,among_taxon_min2,bract_spread_fraction,bract_spread_fraction,1,involucre_architecture,candidate,requires_botanical_calibration,linear_endpoint,chelsa_sfcwind_mean,mechanical,2,78,78,ok,-0.1064306102777397,0.345,taxon_label_permutation_two_sided_9999,,,,,0.7771499999999999,False,True
among_taxon,among_taxon_min2,bract_spread_fraction,bract_spread_fraction,1,involucre_architecture,candidate,requires_botanical_calibration,linear_endpoint,chelsa_gsp,growing_season_water_input,2,78,78,ok,0.04895933169055578,0.6694,taxon_label_permutation_two_sided_9999,,,,,0.8606571428571428,False,True
among_taxon,among_taxon_min2,bract_spread_fraction,bract_spread_fraction,1,involucre_architecture,candidate,requires_botanical_calibration,linear_endpoint,chelsa_npp,resource_productivity,2,78,78,ok,-0.0005562264402325193,0.9959,taxon_label_permutation_two_sided_9999,,,,,0.9959,False,True
among_taxon,among_taxon_min2,involucre_apical_taper_ratio,involucre_apical_taper_ratio,1,involucre_architecture,candidate,requires_botanical_calibration,linear_endpoint,chelsa_bio01,thermal,2,78,78,ok,-0.005745928827876171,0.9607,taxon_label_permutation_two_sided_9999,,,,,0.9902983695652174,False,True
among_taxon,among_taxon_min2,involucre_apical_taper_ratio,involucre_apical_taper_ratio,1,involucre_architecture,candidate,requires_botanical_calibration,linear_endpoint,chelsa_bio04,thermal,2,78,78,ok,-0.07439276672182285,0.5189,taxon_label_permutation_two_sided_9999,,,,,0.8230090909090909,False,True
among_taxon,among_taxon_min2,involucre_apical_taper_ratio,involucre_apical_taper_ratio,1,involucre_architecture,candidate,requires_botanical_calibration,linear_endpoint,chelsa_bio12,hydric,2,78,78,ok,0.22271715287346294,0.0519,taxon_label_permutation_two_sided_9999,,,,,0.33579000000000003,False,True
among_taxon,among_taxon_min2,involucre_apical_taper_ratio,involucre_apical_taper_ratio,1,involucre_architecture,candidate,requires_botanical_calibration,linear_endpoint,chelsa_bio15,hydric,2,78,78,ok,-0.27829829834752395,0.015,taxon_label_permutation_two_sided_9999,,,,,0.19529999999999997,False,True
among_taxon,among_taxon_min2,involucre_apical_taper_ratio,involucre_apical_taper_ratio,1,involucre_architecture,candidate,requires_botanical_calibration,linear_endpoint,chelsa_rsds_mean,radiative_atmospheric,2,78,78,ok,-0.16683866602840672,0.1429,taxon_label_permutation_two_sided_9999,,,,,0.56660625,False,True
among_taxon,among_taxon_min2,involucre_apical_taper_ratio,involucre_apical_taper_ratio,1,involucre_architecture,candidate,requires_botanical_calibration,linear_endpoint,chelsa_vpd_mean,radiative_atmospheric,2,78,78,ok,-0.05901410756224325,0.607,taxon_label_permutation_two_sided_9999,,,,,0.8330744680851064,False,True
among_taxon,among_taxon_min2,involucre_apical_taper_ratio,involucre_apical_taper_ratio,1,involucre_architecture,candidate,requires_botanical_calibration,linear_endpoint,chelsa_sfcwind_mean,mechanical,2,78,78,ok,0.056161448849096976,0.619,taxon_label_permutation_two_sided_9999,,,,,0.8330744680851064,False,True
among_taxon,among_taxon_min2,involucre_apical_taper_ratio,involucre_apical_taper_ratio,1,involucre_architecture,candidate,requires_botanical_calibration,linear_endpoint,chelsa_gsp,growing_season_water_input,2,78,78,ok,0.11656791556440861,0.3099,taxon_label_permutation_two_sided_9999,,,,,0.7589076923076922,False,True
among_taxon,among_taxon_min2,involucre_apical_taper_ratio,involucre_apical_taper_ratio,1,involucre_architecture,candidate,requires_botanical_calibration,linear_endpoint,chelsa_npp,resource_productivity,2,78,78,ok,0.05623738172158111,0.6187,taxon_label_permutation_two_sided_9999,,,,,0.8330744680851064,False,True
among_taxon,among_taxon_min2,involucre_basal_taper_ratio,involucre_basal_taper_ratio,1,involucre_architecture,candidate,requires_botanical_calibration,linear_endpoint,chelsa_bio01,thermal,2,78,78,ok,0.1515306109809965,0.187,taxon_label_permutation_two_sided_9999,,,,,0.6172932203389832,False,True
among_taxon,among_taxon_min2,involucre_basal_taper_ratio,involucre_basal_taper_ratio,1,involucre_architecture,candidate,requires_botanical_calibration,linear_endpoint,chelsa_bio04,thermal,2,78,78,ok,-0.23358037340411208,0.038,taxon_label_permutation_two_sided_9999,,,,,0.31226086956521737,False,True
among_taxon,among_taxon_min2,involucre_basal_taper_ratio,involucre_basal_taper_ratio,1,involucre_architecture,candidate,requires_botanical_calibration,linear_endpoint,chelsa_bio12,hydric,2,78,78,ok,0.12917299572809762,0.2611,taxon_label_permutation_two_sided_9999,,,,,0.7218246575342465,False,True
among_taxon,among_taxon_min2,involucre_basal_taper_ratio,involucre_basal_taper_ratio,1,involucre_architecture,candidate,requires_botanical_calibration,linear_endpoint,chelsa_bio15,hydric,2,78,78,ok,0.11173541818616742,0.3271,taxon_label_permutation_two_sided_9999,,,,,0.7771499999999999,False,True
among_taxon,among_taxon_min2,involucre_basal_taper_ratio,involucre_basal_taper_ratio,1,involucre_architecture,candidate,requires_botanical_calibration,linear_endpoint,chelsa_rsds_mean,radiative_atmospheric,2,78,78,ok,0.09416044737415302,0.4223,taxon_label_permutation_two_sided_9999,,,,,0.8230090909090909,False,True
among_taxon,among_taxon_min2,involucre_basal_taper_ratio,involucre_basal_taper_ratio,1,involucre_architecture,candidate,requires_botanical_calibration,linear_endpoint,chelsa_vpd_mean,radiative_atmospheric,2,78,78,ok,0.09306179417919974,0.4257,taxon_label_permutation_two_sided_9999,,,,,0.8230090909090909,False,True
among_taxon,among_taxon_min2,involucre_basal_taper_ratio,involucre_basal_taper_ratio,1,involucre_architecture,candidate,requires_botanical_calibration,linear_endpoint,chelsa_sfcwind_mean,mechanical,2,78,78,ok,-0.18149765358781383,0.1092,taxon_label_permutation_two_sided_9999,,,,,0.5476026315789474,False,True
among_taxon,among_taxon_min2,involucre_basal_taper_ratio,involucre_basal_taper_ratio,1,involucre_architecture,candidate,requires_botanical_calibration,linear_endpoint,chelsa_gsp,growing_season_water_input,2,78,78,ok,0.1726899995912259,0.1316,taxon_label_permutation_two_sided_9999,,,,,0.56660625,False,True
among_taxon,among_taxon_min2,involucre_basal_taper_ratio,involucre_basal_taper_ratio,1,involucre_architecture,candidate,requires_botanical_calibration,linear_endpoint,chelsa_npp,resource_productivity,2,78,78,ok,0.16759246222442628,0.1426,taxon_label_permutation_two_sided_9999,,,,,0.56660625,False,True
among_taxon,among_taxon_min2,involucre_length_width_ratio,involucre_length_width_ratio,1,involucre_architecture,candidate,requires_botanical_calibration,linear_endpoint,chelsa_bio01,thermal,2,78,78,ok,0.13688698457547646,0.2358,taxon_label_permutation_two_sided_9999,,,,,0.696346875,False,True
among_taxon,among_taxon_min2,involucre_length_width_ratio,involucre_length_width_ratio,1,involucre_architecture,candidate,requires_botanical_calibration,linear_endpoint,chelsa_bio04,thermal,2,78,78,ok,-0.06174318541460996,0.5949,taxon_label_permutation_two_sided_9999,,,,,0.8330744680851064,False,True
among_taxon,among_taxon_min2,involucre_length_width_ratio,involucre_length_width_ratio,1,involucre_architecture,candidate,requires_botanical_calibration,linear_endpoint,chelsa_bio12,hydric,2,78,78,ok,-0.030881424170412917,0.7871,taxon_label_permutation_two_sided_9999,,,,,0.9061690909090909,False,True
among_taxon,among_taxon_min2,involucre_length_width_ratio,involucre_length_width_ratio,1,involucre_architecture,candidate,requires_botanical_calibration,linear_endpoint,chelsa_bio15,hydric,2,78,78,ok,0.15599363343965825,0.1743,taxon_label_permutation_two_sided_9999,,,,,0.6167,False,True
among_taxon,among_taxon_min2,involucre_length_width_ratio,involucre_length_width_ratio,1,involucre_architecture,candidate,requires_botanical_calibration,linear_endpoint,chelsa_rsds_mean,radiative_atmospheric,2,78,78,ok,0.2882118614031053,0.0104,taxon_label_permutation_two_sided_9999,,,,,0.19529999999999997,False,True
among_taxon,among_taxon_min2,involucre_length_width_ratio,involucre_length_width_ratio,1,involucre_architecture,candidate,requires_botanical_calibration,linear_endpoint,chelsa_vpd_mean,radiative_atmospheric,2,78,78,ok,0.21048784464323175,0.061,taxon_label_permutation_two_sided_9999,,,,,0.37190322580645163,False,True
among_taxon,among_taxon_min2,involucre_length_width_ratio,involucre_length_width_ratio,1,involucre_architecture,candidate,requires_botanical_calibration,linear_endpoint,chelsa_sfcwind_mean,mechanical,2,78,78,ok,-0.06280633413408497,0.5726,taxon_label_permutation_two_sided_9999,,,,,0.8330744680851064,False,True
among_taxon,among_taxon_min2,involucre_length_width_ratio,involucre_length_width_ratio,1,involucre_architecture,candidate,requires_botanical_calibration,linear_endpoint,chelsa_gsp,growing_season_water_input,2,78,78,ok,0.058060285679336514,0.6215,taxon_label_permutation_two_sided_9999,,,,,0.8330744680851064,False,True
among_taxon,among_taxon_min2,involucre_length_width_ratio,involucre_length_width_ratio,1,involucre_architecture,candidate,requires_botanical_calibration,linear_endpoint,chelsa_npp,resource_productivity,2,78,78,ok,0.025046265148339828,0.8203,taxon_label_permutation_two_sided_9999,,,,,0.9172058823529411,False,True
among_taxon,among_taxon_min2,orientation_image_vertical_angle,orientation_image_vertical_angle,1,orientation,primary,frozen_technical,linear_endpoint,chelsa_bio01,thermal,2,199,199,ok,-0.016366866070374044,0.8211,taxon_label_permutation_two_sided_9999,,,,,0.9172058823529411,False,True
among_taxon,among_taxon_min2,orientation_image_vertical_angle,orientation_image_vertical_angle,1,orientation,primary,frozen_technical,linear_endpoint,chelsa_bio04,thermal,2,199,199,ok,-0.129614608829699,0.0655,taxon_label_permutation_two_sided_9999,,,,,0.386859375,False,True
among_taxon,among_taxon_min2,orientation_image_vertical_angle,orientation_image_vertical_angle,1,orientation,primary,frozen_technical,linear_endpoint,chelsa_bio12,hydric,2,199,199,ok,0.2684483626341059,0.0001,taxon_label_permutation_two_sided_9999,,,,,0.00945,True,True
among_taxon,among_taxon_min2,orientation_image_vertical_angle,orientation_image_vertical_angle,1,orientation,primary,frozen_technical,linear_endpoint,chelsa_bio15,hydric,2,199,199,ok,0.02758217599752191,0.6968,taxon_label_permutation_two_sided_9999,,,,,0.8607529411764706,False,True
among_taxon,among_taxon_min2,orientation_image_vertical_angle,orientation_image_vertical_angle,1,orientation,primary,frozen_technical,linear_endpoint,chelsa_rsds_mean,radiative_atmospheric,2,199,199,ok,-0.056465283086184676,0.4319,taxon_label_permutation_two_sided_9999,,,,,0.8230090909090909,False,True
among_taxon,among_taxon_min2,orientation_image_vertical_angle,orientation_image_vertical_angle,1,orientation,primary,frozen_technical,linear_endpoint,chelsa_vpd_mean,radiative_atmospheric,2,199,199,ok,-0.10643973228385177,0.1347,taxon_label_permutation_two_sided_9999,,,,,0.56660625,False,True
among_taxon,among_taxon_min2,orientation_image_vertical_angle,orientation_image_vertical_angle,1,orientation,primary,frozen_technical,linear_endpoint,chelsa_sfcwind_mean,mechanical,2,199,199,ok,0.07663159926140027,0.2882,taxon_label_permutation_two_sided_9999,,,,,0.7360783783783784,False,True
among_taxon,among_taxon_min2,orientation_image_vertical_angle,orientation_image_vertical_angle,1,orientation,primary,frozen_technical,linear_endpoint,chelsa_gsp,growing_season_water_input,2,199,199,ok,0.25487543171161314,0.0006,taxon_label_permutation_two_sided_9999,,,,,0.018899999999999997,True,True
among_taxon,among_taxon_min2,orientation_image_vertical_angle,orientation_image_vertical_angle,1,orientation,primary,frozen_technical,linear_endpoint,chelsa_npp,resource_productivity,2,199,199,ok,0.14418703098970304,0.0432,taxon_label_permutation_two_sided_9999,,,,,0.326592,False,True
among_taxon,among_taxon_min2,capitulum_outline_aspect_ratio,capitulum_outline_aspect_ratio,1,shape,primary,frozen_technical,linear_endpoint,chelsa_bio01,thermal,2,200,200,ok,0.08602187421955558,0.2293,taxon_label_permutation_two_sided_9999,,,,,0.6894,False,True
among_taxon,among_taxon_min2,capitulum_outline_aspect_ratio,capitulum_outline_aspect_ratio,1,shape,primary,frozen_technical,linear_endpoint,chelsa_bio04,thermal,2,200,200,ok,-0.05268038067393619,0.4627,taxon_label_permutation_two_sided_9999,,,,,0.8230090909090909,False,True
among_taxon,among_taxon_min2,capitulum_outline_aspect_ratio,capitulum_outline_aspect_ratio,1,shape,primary,frozen_technical,linear_endpoint,chelsa_bio12,hydric,2,200,200,ok,-0.18432052157307247,0.0111,taxon_label_permutation_two_sided_9999,,,,,0.19529999999999997,False,True
among_taxon,among_taxon_min2,capitulum_outline_aspect_ratio,capitulum_outline_aspect_ratio,1,shape,primary,frozen_technical,linear_endpoint,chelsa_bio15,hydric,2,200,200,ok,0.04484332174592177,0.5263,taxon_label_permutation_two_sided_9999,,,,,0.8230090909090909,False,True
among_taxon,among_taxon_min2,capitulum_outline_aspect_ratio,capitulum_outline_aspect_ratio,1,shape,primary,frozen_technical,linear_endpoint,chelsa_rsds_mean,radiative_atmospheric,2,200,200,ok,0.04648478111216915,0.515,taxon_label_permutation_two_sided_9999,,,,,0.8230090909090909,False,True
among_taxon,among_taxon_min2,capitulum_outline_aspect_ratio,capitulum_outline_aspect_ratio,1,shape,primary,frozen_technical,linear_endpoint,chelsa_vpd_mean,radiative_atmospheric,2,200,200,ok,0.12267088058468448,0.0817,taxon_label_permutation_two_sided_9999,,,,,0.4679181818181818,False,True
among_taxon,among_taxon_min2,capitulum_outline_aspect_ratio,capitulum_outline_aspect_ratio,1,shape,primary,frozen_technical,linear_endpoint,chelsa_sfcwind_mean,mechanical,2,200,200,ok,-0.052170612963485956,0.4493,taxon_label_permutation_two_sided_9999,,,,,0.8230090909090909,False,True
among_taxon,among_taxon_min2,capitulum_outline_aspect_ratio,capitulum_outline_aspect_ratio,1,shape,primary,frozen_technical,linear_endpoint,chelsa_gsp,growing_season_water_input,2,200,200,ok,-0.10565613107034569,0.1335,taxon_label_permutation_two_sided_9999,,,,,0.56660625,False,True
among_taxon,among_taxon_min2,capitulum_outline_aspect_ratio,capitulum_outline_aspect_ratio,1,shape,primary,frozen_technical,linear_endpoint,chelsa_npp,resource_productivity,2,200,200,ok,0.051465215222274825,0.4662,taxon_label_permutation_two_sided_9999,,,,,0.8230090909090909,False,True
among_taxon,among_taxon_min2,capitulum_outline_circularity,capitulum_outline_circularity,1,shape,primary,frozen_technical,linear_endpoint,chelsa_bio01,thermal,2,200,200,ok,-0.04896148636818316,0.4924,taxon_label_permutation_two_sided_9999,,,,,0.8230090909090909,False,True
among_taxon,among_taxon_min2,capitulum_outline_circularity,capitulum_outline_circularity,1,shape,primary,frozen_technical,linear_endpoint,chelsa_bio04,thermal,2,200,200,ok,-0.03406486991933223,0.6306,taxon_label_permutation_two_sided_9999,,,,,0.8334503496503497,False,True
among_taxon,among_taxon_min2,capitulum_outline_circularity,capitulum_outline_circularity,1,shape,primary,frozen_technical,linear_endpoint,chelsa_bio12,hydric,2,200,200,ok,0.028145441629568172,0.692,taxon_label_permutation_two_sided_9999,,,,,0.8607529411764706,False,True
among_taxon,among_taxon_min2,capitulum_outline_circularity,capitulum_outline_circularity,1,shape,primary,frozen_technical,linear_endpoint,chelsa_bio15,hydric,2,200,200,ok,0.05619705160803886,0.4281,taxon_label_permutation_two_sided_9999,,,,,0.8230090909090909,False,True
among_taxon,among_taxon_min2,capitulum_outline_circularity,capitulum_outline_circularity,1,shape,primary,frozen_technical,linear_endpoint,chelsa_rsds_mean,radiative_atmospheric,2,200,200,ok,-0.020956049979432262,0.7644,taxon_label_permutation_two_sided_9999,,,,,0.9029475,False,True
among_taxon,among_taxon_min2,capitulum_outline_circularity,capitulum_outline_circularity,1,shape,primary,frozen_technical,linear_endpoint,chelsa_vpd_mean,radiative_atmospheric,2,200,200,ok,-0.07334647103508028,0.2978,taxon_label_permutation_two_sided_9999,,,,,0.750456,False,True
among_taxon,among_taxon_min2,capitulum_outline_circularity,capitulum_outline_circularity,1,shape,primary,frozen_technical,linear_endpoint,chelsa_sfcwind_mean,mechanical,2,200,200,ok,0.11587768819839976,0.1046,taxon_label_permutation_two_sided_9999,,,,,0.5476026315789474,False,True
among_taxon,among_taxon_min2,capitulum_outline_circularity,capitulum_outline_circularity,1,shape,primary,frozen_technical,linear_endpoint,chelsa_gsp,growing_season_water_input,2,200,200,ok,0.054321510874935884,0.4482,taxon_label_permutation_two_sided_9999,,,,,0.8230090909090909,False,True
among_taxon,among_taxon_min2,capitulum_outline_circularity,capitulum_outline_circularity,1,shape,primary,frozen_technical,linear_endpoint,chelsa_npp,resource_productivity,2,200,200,ok,0.04195035273661586,0.5581,taxon_label_permutation_two_sided_9999,,,,,0.8330744680851064,False,True
among_taxon,among_taxon_min2,capitulum_outline_solidity,capitulum_outline_solidity,1,shape,primary,frozen_technical,linear_endpoint,chelsa_bio01,thermal,2,200,200,ok,-0.07112892959650634,0.3124,taxon_label_permutation_two_sided_9999,,,,,0.7589076923076922,False,True
among_taxon,among_taxon_min2,capitulum_outline_solidity,capitulum_outline_solidity,1,shape,primary,frozen_technical,linear_endpoint,chelsa_bio04,thermal,2,200,200,ok,-0.04918408392680956,0.485,taxon_label_permutation_two_sided_9999,,,,,0.8230090909090909,False,True
among_taxon,among_taxon_min2,capitulum_outline_solidity,capitulum_outline_solidity,1,shape,primary,frozen_technical,linear_endpoint,chelsa_bio12,hydric,2,200,200,ok,-0.013856611177990317,0.8442,taxon_label_permutation_two_sided_9999,,,,,0.9330631578947368,False,True
among_taxon,among_taxon_min2,capitulum_outline_solidity,capitulum_outline_solidity,1,shape,primary,frozen_technical,linear_endpoint,chelsa_bio15,hydric,2,200,200,ok,0.10830839729319633,0.1275,taxon_label_permutation_two_sided_9999,,,,,0.56660625,False,True
among_taxon,among_taxon_min2,capitulum_outline_solidity,capitulum_outline_solidity,1,shape,primary,frozen_technical,linear_endpoint,chelsa_rsds_mean,radiative_atmospheric,2,200,200,ok,0.09317514656058996,0.183,taxon_label_permutation_two_sided_9999,,,,,0.6172932203389832,False,True
among_taxon,among_taxon_min2,capitulum_outline_solidity,capitulum_outline_solidity,1,shape,primary,frozen_technical,linear_endpoint,chelsa_vpd_mean,radiative_atmospheric,2,200,200,ok,-0.057809949616267495,0.4116,taxon_label_permutation_two_sided_9999,,,,,0.8230090909090909,False,True
among_taxon,among_taxon_min2,capitulum_outline_solidity,capitulum_outline_solidity,1,shape,primary,frozen_technical,linear_endpoint,chelsa_sfcwind_mean,mechanical,2,200,200,ok,0.15693229309917722,0.0259,taxon_label_permutation_two_sided_9999,,,,,0.23109545454545455,False,True
among_taxon,among_taxon_min2,capitulum_outline_solidity,capitulum_outline_solidity,1,shape,primary,frozen_technical,linear_endpoint,chelsa_gsp,growing_season_water_input,2,200,200,ok,0.009875190480476418,0.8843,taxon_label_permutation_two_sided_9999,,,,,0.955044,False,True
among_taxon,among_taxon_min2,capitulum_outline_solidity,capitulum_outline_solidity,1,shape,primary,frozen_technical,linear_endpoint,chelsa_npp,resource_productivity,2,200,200,ok,-0.0021879700578906276,0.9761,taxon_label_permutation_two_sided_9999,,,,,0.9916468085106385,False,True
among_taxon,among_taxon_min2,capitulum_width_profile_cv,capitulum_width_profile_cv,1,shape,primary,frozen_technical,linear_endpoint,chelsa_bio01,thermal,2,200,200,ok,0.17126617774773717,0.0162,taxon_label_permutation_two_sided_9999,,,,,0.19529999999999997,False,True
among_taxon,among_taxon_min2,capitulum_width_profile_cv,capitulum_width_profile_cv,1,shape,primary,frozen_technical,linear_endpoint,chelsa_bio04,thermal,2,200,200,ok,-0.018795536847582145,0.7911,taxon_label_permutation_two_sided_9999,,,,,0.9061690909090909,False,True
among_taxon,among_taxon_min2,capitulum_width_profile_cv,capitulum_width_profile_cv,1,shape,primary,frozen_technical,linear_endpoint,chelsa_bio12,hydric,2,200,200,ok,0.05763437607350043,0.4246,taxon_label_permutation_two_sided_9999,,,,,0.8230090909090909,False,True
among_taxon,among_taxon_min2,capitulum_width_profile_cv,capitulum_width_profile_cv,1,shape,primary,frozen_technical,linear_endpoint,chelsa_bio15,hydric,2,200,200,ok,-0.09069987660253488,0.2033,taxon_label_permutation_two_sided_9999,,,,,0.6317557377049181,False,True
among_taxon,among_taxon_min2,capitulum_width_profile_cv,capitulum_width_profile_cv,1,shape,primary,frozen_technical,linear_endpoint,chelsa_rsds_mean,radiative_atmospheric,2,200,200,ok,-0.1434837074389736,0.0427,taxon_label_permutation_two_sided_9999,,,,,0.326592,False,True
among_taxon,among_taxon_min2,capitulum_width_profile_cv,capitulum_width_profile_cv,1,shape,primary,frozen_technical,linear_endpoint,chelsa_vpd_mean,radiative_atmospheric,2,200,200,ok,0.11193738907027335,0.1141,taxon_label_permutation_two_sided_9999,,,,,0.5529461538461538,False,True
among_taxon,among_taxon_min2,capitulum_width_profile_cv,capitulum_width_profile_cv,1,shape,primary,frozen_technical,linear_endpoint,chelsa_sfcwind_mean,mechanical,2,200,200,ok,0.00814313108334068,0.9065,taxon_label_permutation_two_sided_9999,,,,,0.9734573863636363,False,True
among_taxon,among_taxon_min2,capitulum_width_profile_cv,capitulum_width_profile_cv,1,shape,primary,frozen_technical,linear_endpoint,chelsa_gsp,growing_season_water_input,2,200,200,ok,0.03791355024907174,0.5764,taxon_label_permutation_two_sided_9999,,,,,0.8330744680851064,False,True
among_taxon,among_taxon_min2,capitulum_width_profile_cv,capitulum_width_profile_cv,1,shape,primary,frozen_technical,linear_endpoint,chelsa_npp,resource_productivity,2,200,200,ok,0.1646300170716096,0.0212,taxon_label_permutation_two_sided_9999,,,,,0.20034000000000002,False,True
