scale,unit_id,member_endpoint_ids,module,inferential_unit,predictor,environment_block,sensitivity_family,scenario,excluded_taxa,excluded_region,native_only,equal_taxon_weight,baseline_beta_std,baseline_effect_magnitude,n_observations,n_taxa,status,beta_std_sensitivity,effect_magnitude_sensitivity,effect_magnitude_ratio_to_baseline,direction_stable,baseline_beta_sine,baseline_beta_cosine,baseline_effect_direction_degrees,beta_sine_sensitivity,beta_cosine_sensitivity,effect_direction_degrees_sensitivity,circular_vector_alignment_cosine
within_taxon,bract_projection_maximum,bract_projection_maximum,armature,linear_endpoint,chelsa_gsp,growing_season_water_input,equal_taxon_weight,equal_total_weight_per_taxon,,,False,True,-0.0164476795231648,0.0164476795231648,2277,78,ok,-0.02915039812415629,0.02915039812415629,1.772310682677217,True,,,,,,,
within_taxon,bract_projection_maximum,bract_projection_maximum,armature,linear_endpoint,chelsa_gsp,growing_season_water_input,dominant_taxon_omission,omit:Cirsium vulgare,Cirsium vulgare,,False,False,-0.0164476795231648,0.0164476795231648,1535,77,ok,-0.019433453095145763,0.019433453095145763,1.1815315995047095,True,,,,,,,
within_taxon,bract_projection_maximum,bract_projection_maximum,armature,linear_endpoint,chelsa_gsp,growing_season_water_input,dominant_taxon_omission,omit:Cirsium arvense,Cirsium arvense,,False,False,-0.0164476795231648,0.0164476795231648,1873,77,ok,-0.01878197106521652,0.01878197106521652,1.1419222412963557,True,,,,,,,
within_taxon,bract_projection_maximum,bract_projection_maximum,armature,linear_endpoint,chelsa_gsp,growing_season_water_input,dominant_taxon_omission,omit:Cirsium palustre,Cirsium palustre,,False,False,-0.0164476795231648,0.0164476795231648,1990,77,ok,-0.017226060748502997,0.017226060748502997,1.0473246833537784,True,,,,,,,
within_taxon,bract_projection_maximum,bract_projection_maximum,armature,linear_endpoint,chelsa_gsp,growing_season_water_input,dominant_taxon_omission,omit:Cirsium oleraceum,Cirsium oleraceum,,False,False,-0.0164476795231648,0.0164476795231648,2143,77,ok,-0.017062814735748142,0.017062814735748142,1.0373995135129543,True,,,,,,,
within_taxon,bract_projection_maximum,bract_projection_maximum,armature,linear_endpoint,chelsa_gsp,growing_season_water_input,dominant_taxon_omission,omit:Cirsium heterophyllum,Cirsium heterophyllum,,False,False,-0.0164476795231648,0.0164476795231648,2190,77,ok,-0.016769724814125045,0.016769724814125045,1.0195799833348334,True,,,,,,,
within_taxon,bract_projection_maximum,bract_projection_maximum,armature,linear_endpoint,chelsa_gsp,growing_season_water_input,dominant_taxon_omission,omit:Cirsium horridulum,Cirsium horridulum,,False,False,-0.0164476795231648,0.0164476795231648,2234,77,ok,-0.01669076671917611,0.01669076671917611,1.0147794219645967,True,,,,,,,
within_taxon,bract_projection_maximum,bract_projection_maximum,armature,linear_endpoint,chelsa_gsp,growing_season_water_input,dominant_taxon_omission,omit:Cirsium discolor,Cirsium discolor,,False,False,-0.0164476795231648,0.0164476795231648,2221,77,ok,-0.01665019385987495,0.01665019385987495,1.012312638778311,True,,,,,,,
within_taxon,bract_projection_maximum,bract_projection_maximum,armature,linear_endpoint,chelsa_gsp,growing_season_water_input,dominant_taxon_omission,omit:Cirsium undulatum,Cirsium undulatum,,False,False,-0.0164476795231648,0.0164476795231648,2248,77,ok,-0.01658438508423819,0.01658438508423819,1.008311540900396,True,,,,,,,
within_taxon,bract_projection_maximum,bract_projection_maximum,armature,linear_endpoint,chelsa_gsp,growing_season_water_input,dominant_taxon_omission,omit:Cirsium acaulon,Cirsium acaulon,,False,False,-0.0164476795231648,0.0164476795231648,2270,77,ok,-0.016463656291467118,0.016463656291467118,1.0009713691393256,True,,,,,,,
within_taxon,bract_projection_maximum,bract_projection_maximum,armature,linear_endpoint,chelsa_gsp,growing_season_water_input,dominant_taxon_omission,omit:Cirsium altissimum,Cirsium altissimum,,False,False,-0.0164476795231648,0.0164476795231648,2251,77,ok,-0.016537533193378477,0.016537533193378477,1.005462999816304,True,,,,,,,
within_taxon,bract_projection_maximum,bract_projection_maximum,armature,linear_endpoint,chelsa_gsp,growing_season_water_input,dominant_taxon_omission,omit_top2_joint,Cirsium vulgare|Cirsium arvense,,False,False,-0.0164476795231648,0.0164476795231648,1131,76,ok,-0.023660727160076073,0.023660727160076073,1.4385450012418144,True,,,,,,,
within_taxon,bract_projection_maximum,bract_projection_maximum,armature,linear_endpoint,chelsa_gsp,growing_season_water_input,leave_one_broad_region_out,omit_region:Africa,,Africa,False,False,-0.0164476795231648,0.0164476795231648,2246,78,ok,-0.0165119839619805,0.0165119839619805,1.0039096359291981,True,,,,,,,
within_taxon,bract_projection_maximum,bract_projection_maximum,armature,linear_endpoint,chelsa_gsp,growing_season_water_input,leave_one_broad_region_out,omit_region:Asia,,Asia,False,False,-0.0164476795231648,0.0164476795231648,2241,76,ok,-0.01658265212753453,0.01658265212753453,1.0082061791257324,True,,,,,,,
within_taxon,bract_projection_maximum,bract_projection_maximum,armature,linear_endpoint,chelsa_gsp,growing_season_water_input,leave_one_broad_region_out,omit_region:Europe,,Europe,False,False,-0.0164476795231648,0.0164476795231648,1068,49,ok,-0.022355482553835734,0.022355482553835734,1.3591876302277428,True,,,,,,,
within_taxon,bract_projection_maximum,bract_projection_maximum,armature,linear_endpoint,chelsa_gsp,growing_season_water_input,leave_one_broad_region_out,omit_region:North America,,North America,False,False,-0.0164476795231648,0.0164476795231648,1393,36,ok,-0.01002237387339349,0.01002237387339349,0.6093488056645345,True,,,,,,,
within_taxon,bract_projection_maximum,bract_projection_maximum,armature,linear_endpoint,chelsa_gsp,growing_season_water_input,leave_one_broad_region_out,omit_region:Oceania,,Oceania,False,False,-0.0164476795231648,0.0164476795231648,2203,78,ok,-0.016660373490333873,0.016660373490333873,1.012931548603529,True,,,,,,,
within_taxon,bract_projection_maximum,bract_projection_maximum,armature,linear_endpoint,chelsa_gsp,growing_season_water_input,leave_one_broad_region_out,omit_region:South America,,South America,False,False,-0.0164476795231648,0.0164476795231648,2231,78,ok,-0.016570344200810858,0.016570344200810858,1.0074578713351814,True,,,,,,,
within_taxon,bract_projection_maximum,bract_projection_maximum,armature,linear_endpoint,chelsa_gsp,growing_season_water_input,native_only,native_only,,,True,False,-0.0164476795231648,0.0164476795231648,1260,69,ok,-0.019050040070141112,0.019050040070141112,1.1582205285135307,True,,,,,,,
within_taxon,bract_projection_peak_density,bract_projection_peak_density,armature,linear_endpoint,chelsa_vpd_mean,radiative_atmospheric,equal_taxon_weight,equal_total_weight_per_taxon,,,False,True,-0.0514993173825592,0.0514993173825592,2277,78,ok,-0.04814919780709616,0.04814919780709616,0.9349482722153983,True,,,,,,,
within_taxon,bract_projection_peak_density,bract_projection_peak_density,armature,linear_endpoint,chelsa_vpd_mean,radiative_atmospheric,dominant_taxon_omission,omit:Cirsium vulgare,Cirsium vulgare,,False,False,-0.0514993173825592,0.0514993173825592,1535,77,ok,-0.03910038362852357,0.03910038362852357,0.759240813583392,True,,,,,,,
within_taxon,bract_projection_peak_density,bract_projection_peak_density,armature,linear_endpoint,chelsa_vpd_mean,radiative_atmospheric,dominant_taxon_omission,omit:Cirsium arvense,Cirsium arvense,,False,False,-0.0514993173825592,0.0514993173825592,1873,77,ok,-0.04544321641610732,0.04544321641610732,0.8824042477793531,True,,,,,,,
within_taxon,bract_projection_peak_density,bract_projection_peak_density,armature,linear_endpoint,chelsa_vpd_mean,radiative_atmospheric,dominant_taxon_omission,omit:Cirsium palustre,Cirsium palustre,,False,False,-0.0514993173825592,0.0514993173825592,1990,77,ok,-0.062280687111809396,0.062280687111809396,1.2093497599038356,True,,,,,,,
within_taxon,bract_projection_peak_density,bract_projection_peak_density,armature,linear_endpoint,chelsa_vpd_mean,radiative_atmospheric,dominant_taxon_omission,omit:Cirsium oleraceum,Cirsium oleraceum,,False,False,-0.0514993173825592,0.0514993173825592,2143,77,ok,-0.05424909387324603,0.05424909387324603,1.053394425993267,True,,,,,,,
within_taxon,bract_projection_peak_density,bract_projection_peak_density,armature,linear_endpoint,chelsa_vpd_mean,radiative_atmospheric,dominant_taxon_omission,omit:Cirsium heterophyllum,Cirsium heterophyllum,,False,False,-0.0514993173825592,0.0514993173825592,2190,77,ok,-0.051384795985014615,0.051384795985014615,0.9977762540677215,True,,,,,,,
within_taxon,bract_projection_peak_density,bract_projection_peak_density,armature,linear_endpoint,chelsa_vpd_mean,radiative_atmospheric,dominant_taxon_omission,omit:Cirsium horridulum,Cirsium horridulum,,False,False,-0.0514993173825592,0.0514993173825592,2234,77,ok,-0.052506583084600295,0.052506583084600295,1.0195588165675806,True,,,,,,,
within_taxon,bract_projection_peak_density,bract_projection_peak_density,armature,linear_endpoint,chelsa_vpd_mean,radiative_atmospheric,dominant_taxon_omission,omit:Cirsium discolor,Cirsium discolor,,False,False,-0.0514993173825592,0.0514993173825592,2221,77,ok,-0.05551869443232944,0.05551869443232944,1.0780471907989104,True,,,,,,,
within_taxon,bract_projection_peak_density,bract_projection_peak_density,armature,linear_endpoint,chelsa_vpd_mean,radiative_atmospheric,dominant_taxon_omission,omit:Cirsium undulatum,Cirsium undulatum,,False,False,-0.0514993173825592,0.0514993173825592,2248,77,ok,-0.047370902426391005,0.047370902426391005,0.9198355402363774,True,,,,,,,
within_taxon,bract_projection_peak_density,bract_projection_peak_density,armature,linear_endpoint,chelsa_vpd_mean,radiative_atmospheric,dominant_taxon_omission,omit:Cirsium acaulon,Cirsium acaulon,,False,False,-0.0514993173825592,0.0514993173825592,2270,77,ok,-0.05186239355106785,0.05186239355106785,1.0070501161367162,True,,,,,,,
within_taxon,bract_projection_peak_density,bract_projection_peak_density,armature,linear_endpoint,chelsa_vpd_mean,radiative_atmospheric,dominant_taxon_omission,omit:Cirsium altissimum,Cirsium altissimum,,False,False,-0.0514993173825592,0.0514993173825592,2251,77,ok,-0.05133794959869545,0.05133794959869545,0.9968666034412642,True,,,,,,,
within_taxon,bract_projection_peak_density,bract_projection_peak_density,armature,linear_endpoint,chelsa_vpd_mean,radiative_atmospheric,dominant_taxon_omission,omit_top2_joint,Cirsium vulgare|Cirsium arvense,,False,False,-0.0514993173825592,0.0514993173825592,1131,76,ok,-0.019792644225877842,0.019792644225877842,0.3843282830110062,True,,,,,,,
within_taxon,bract_projection_peak_density,bract_projection_peak_density,armature,linear_endpoint,chelsa_vpd_mean,radiative_atmospheric,leave_one_broad_region_out,omit_region:Africa,,Africa,False,False,-0.0514993173825592,0.0514993173825592,2246,78,ok,-0.04579718452511258,0.04579718452511258,0.8892775060475324,True,,,,,,,
within_taxon,bract_projection_peak_density,bract_projection_peak_density,armature,linear_endpoint,chelsa_vpd_mean,radiative_atmospheric,leave_one_broad_region_out,omit_region:Asia,,Asia,False,False,-0.0514993173825592,0.0514993173825592,2241,76,ok,-0.05535895589915135,0.05535895589915135,1.0749454305951491,True,,,,,,,
within_taxon,bract_projection_peak_density,bract_projection_peak_density,armature,linear_endpoint,chelsa_vpd_mean,radiative_atmospheric,leave_one_broad_region_out,omit_region:Europe,,Europe,False,False,-0.0514993173825592,0.0514993173825592,1068,49,ok,-0.05643167574386589,0.05643167574386589,1.0957752182357485,True,,,,,,,
within_taxon,bract_projection_peak_density,bract_projection_peak_density,armature,linear_endpoint,chelsa_vpd_mean,radiative_atmospheric,leave_one_broad_region_out,omit_region:North America,,North America,False,False,-0.0514993173825592,0.0514993173825592,1393,36,ok,-0.046924987033400076,0.046924987033400076,0.911176874148078,True,,,,,,,
within_taxon,bract_projection_peak_density,bract_projection_peak_density,armature,linear_endpoint,chelsa_vpd_mean,radiative_atmospheric,leave_one_broad_region_out,omit_region:Oceania,,Oceania,False,False,-0.0514993173825592,0.0514993173825592,2203,78,ok,-0.055696841753353564,0.055696841753353564,1.0815064079318437,True,,,,,,,
within_taxon,bract_projection_peak_density,bract_projection_peak_density,armature,linear_endpoint,chelsa_vpd_mean,radiative_atmospheric,leave_one_broad_region_out,omit_region:South America,,South America,False,False,-0.0514993173825592,0.0514993173825592,2231,78,ok,-0.050710726625368914,0.050710726625368914,0.9846873551481801,True,,,,,,,
within_taxon,bract_projection_peak_density,bract_projection_peak_density,armature,linear_endpoint,chelsa_vpd_mean,radiative_atmospheric,native_only,native_only,,,True,False,-0.0514993173825592,0.0514993173825592,1260,69,ok,-0.0820152903156617,0.0820152903156617,1.5925510178400355,True,,,,,,,
within_taxon,corolla_hue,corolla_hue_sin|corolla_hue_cos,colour,circular_joint,chelsa_bio01,thermal,equal_taxon_weight,equal_total_weight_per_taxon,,,False,True,,0.02072982789943606,40453,203,ok,,0.0470946696658085,2.271831193885101,True,-0.0200895123437217,-0.0051124611031959,255.7222067349341,-0.017748643221260116,-0.04362216838645278,202.1400360928082,0.5936693255236947
within_taxon,corolla_hue,corolla_hue_sin|corolla_hue_cos,colour,circular_joint,chelsa_bio01,thermal,dominant_taxon_omission,omit:Cirsium vulgare,Cirsium vulgare,,False,False,,0.02072982789943606,29314,202,ok,,0.016318043902821693,0.7871770080283983,True,-0.0200895123437217,-0.0051124611031959,255.7222067349341,-0.007847662289467419,-0.014307087523492938,208.74546032478406,0.6822951250338019
within_taxon,corolla_hue,corolla_hue_sin|corolla_hue_cos,colour,circular_joint,chelsa_bio01,thermal,dominant_taxon_omission,omit:Cirsium arvense,Cirsium arvense,,False,False,,0.02072982789943606,30027,202,ok,,0.026573507862990838,1.2818971769521421,True,-0.0200895123437217,-0.0051124611031959,255.7222067349341,-0.026255812304943178,-0.004096784147600448,261.1314547203124,0.9955467618194666
within_taxon,corolla_hue,corolla_hue_sin|corolla_hue_cos,colour,circular_joint,chelsa_bio01,thermal,dominant_taxon_omission,omit:Cirsium palustre,Cirsium palustre,,False,False,,0.02072982789943606,37413,202,ok,,0.01920095564091194,0.9262477109824095,True,-0.0200895123437217,-0.0051124611031959,255.7222067349341,-0.018017789036501128,-0.006635960801602716,249.7812222205589,0.9946290336266185
within_taxon,corolla_hue,corolla_hue_sin|corolla_hue_cos,colour,circular_joint,chelsa_bio01,thermal,dominant_taxon_omission,omit:Cirsium oleraceum,Cirsium oleraceum,,False,False,,0.02072982789943606,38807,202,ok,,0.022154665497800922,1.0687336916291343,True,-0.0200895123437217,-0.0051124611031959,255.7222067349341,-0.021499677632509293,-0.005347248359449012,256.03318198,0.9999852709305188
within_taxon,corolla_hue,corolla_hue_sin|corolla_hue_cos,colour,circular_joint,chelsa_bio01,thermal,dominant_taxon_omission,omit:Cirsium heterophyllum,Cirsium heterophyllum,,False,False,,0.02072982789943606,38877,202,ok,,0.01956606487700186,0.943860459040962,True,-0.0200895123437217,-0.0051124611031959,255.7222067349341,-0.018988093177220233,-0.004720509746229562,256.03907867172137,0.9999847070527932
within_taxon,corolla_hue,corolla_hue_sin|corolla_hue_cos,colour,circular_joint,chelsa_bio01,thermal,dominant_taxon_omission,omit:Cirsium horridulum,Cirsium horridulum,,False,False,,0.02072982789943606,39246,202,ok,,0.0180500071658542,0.8707263395247596,True,-0.0200895123437217,-0.0051124611031959,255.7222067349341,-0.01783089563631333,-0.002803911463347246,261.06340930518996,0.9956580151445472
within_taxon,corolla_hue,corolla_hue_sin|corolla_hue_cos,colour,circular_joint,chelsa_bio01,thermal,dominant_taxon_omission,omit:Cirsium discolor,Cirsium discolor,,False,False,,0.02072982789943606,39311,202,ok,,0.020225444425132705,0.9756687090336589,True,-0.0200895123437217,-0.0051124611031959,255.7222067349341,-0.0197281912569431,-0.00445724936744686,257.2687457671395,0.9996357327375103
within_taxon,corolla_hue,corolla_hue_sin|corolla_hue_cos,colour,circular_joint,chelsa_bio01,thermal,dominant_taxon_omission,omit:Cirsium undulatum,Cirsium undulatum,,False,False,,0.02072982789943606,39804,202,ok,,0.024876364954152515,1.200027567755604,True,-0.0200895123437217,-0.0051124611031959,255.7222067349341,-0.024660355383378303,-0.003271147458870098,262.4439394593022,0.9931263239969337
within_taxon,corolla_hue,corolla_hue_sin|corolla_hue_cos,colour,circular_joint,chelsa_bio01,thermal,dominant_taxon_omission,omit:Cirsium acaulon,Cirsium acaulon,,False,False,,0.02072982789943606,39865,202,ok,,0.02104137046016695,1.0150287094635921,True,-0.0200895123437217,-0.0051124611031959,255.7222067349341,-0.020623552585296426,-0.004172331435001226,258.5629135164923,0.9987711790964542
within_taxon,corolla_hue,corolla_hue_sin|corolla_hue_cos,colour,circular_joint,chelsa_bio01,thermal,dominant_taxon_omission,omit:Cirsium altissimum,Cirsium altissimum,,False,False,,0.02072982789943606,39868,202,ok,,0.020164900546505327,0.972748092474704,True,-0.0200895123437217,-0.0051124611031959,255.7222067349341,-0.0195559710190843,-0.004918049567784552,255.88366064811623,0.9999960297157289
within_taxon,corolla_hue,corolla_hue_sin|corolla_hue_cos,colour,circular_joint,chelsa_bio01,thermal,dominant_taxon_omission,omit_top2_joint,Cirsium vulgare|Cirsium arvense,,False,False,,0.02072982789943606,18888,201,ok,,0.022284864560550104,1.0750144510923,True,-0.0200895123437217,-0.0051124611031959,255.7222067349341,-0.010490740459106385,-0.019661117798887486,208.08340101991627,0.6738020863962242
within_taxon,corolla_hue,corolla_hue_sin|corolla_hue_cos,colour,circular_joint,chelsa_bio01,thermal,leave_one_broad_region_out,omit_region:Africa,,Africa,False,False,,0.02072982789943606,40075,203,ok,,0.022778913719127707,1.0988472181067837,True,-0.0200895123437217,-0.0051124611031959,255.7222067349341,-0.020406466475794503,-0.01012200751806377,243.61768684563998,0.9777666975470845
within_taxon,corolla_hue,corolla_hue_sin|corolla_hue_cos,colour,circular_joint,chelsa_bio01,thermal,leave_one_broad_region_out,omit_region:Asia,,Asia,False,False,,0.02072982789943606,39427,158,ok,,0.023781007955249657,1.1471879106095522,True,-0.0200895123437217,-0.0051124611031959,255.7222067349341,-0.023403623448276047,-0.0042198043626394685,259.77906711161063,0.9974943326616633
within_taxon,corolla_hue,corolla_hue_sin|corolla_hue_cos,colour,circular_joint,chelsa_bio01,thermal,leave_one_broad_region_out,omit_region:Europe,,Europe,False,False,,0.02072982789943606,20139,153,ok,,0.010970587078615974,0.5292174701997608,True,-0.0200895123437217,-0.0051124611031959,255.7222067349341,-0.0020140889630976882,-0.010784119180453442,190.5789314776547,0.4203506068725089
within_taxon,corolla_hue,corolla_hue_sin|corolla_hue_cos,colour,circular_joint,chelsa_bio01,thermal,leave_one_broad_region_out,omit_region:North America,,North America,False,False,,0.02072982789943606,23354,110,ok,,0.036722932526458064,1.7715020454876562,True,-0.0200895123437217,-0.0051124611031959,255.7222067349341,-0.03465437142360839,0.012151062281849517,289.32249150759947,0.8329184902217165
within_taxon,corolla_hue,corolla_hue_sin|corolla_hue_cos,colour,circular_joint,chelsa_bio01,thermal,leave_one_broad_region_out,omit_region:Oceania,,Oceania,False,False,,0.02072982789943606,39393,203,ok,,0.024112896907663786,1.1631981232376638,True,-0.0200895123437217,-0.0051124611031959,255.7222067349341,-0.023048403046970867,-0.007085401489259858,252.9118395726925,0.9987972820593579
within_taxon,corolla_hue,corolla_hue_sin|corolla_hue_cos,colour,circular_joint,chelsa_bio01,thermal,leave_one_broad_region_out,omit_region:South America,,South America,False,False,,0.02072982789943606,39871,203,ok,,0.016526265363708395,0.7972215420156952,True,-0.0200895123437217,-0.0051124611031959,255.7222067349341,-0.01494594028011859,-0.00705239789113153,244.73922939670882,0.9816838297609254
within_taxon,corolla_hue,corolla_hue_sin|corolla_hue_cos,colour,circular_joint,chelsa_bio01,thermal,native_only,native_only,,,True,False,,0.02072982789943606,23825,185,ok,,0.01885963700142572,0.9097826133876771,True,-0.0200895123437217,-0.0051124611031959,255.7222067349341,-0.016707269785502226,-0.008749459648457757,242.35931918735523,0.9729257852396694
within_taxon,corolla_hue,corolla_hue_sin|corolla_hue_cos,colour,circular_joint,chelsa_bio04,thermal,equal_taxon_weight,equal_total_weight_per_taxon,,,False,True,,0.0603418580483766,40453,203,ok,,0.03676941225090155,0.6093516746107352,True,0.0533264281085711,-0.0282388366954418,117.90331164449893,0.03509027466082825,0.010984639343391483,72.61782271531561,0.7035747015632056
within_taxon,corolla_hue,corolla_hue_sin|corolla_hue_cos,colour,circular_joint,chelsa_bio04,thermal,dominant_taxon_omission,omit:Cirsium vulgare,Cirsium vulgare,,False,False,,0.0603418580483766,29314,202,ok,,0.05353872357199677,0.8872567949278974,True,0.0533264281085711,-0.0282388366954418,117.90331164449893,0.05085087131812192,-0.01675063604483391,108.23224793365922,0.9857884361633419
within_taxon,corolla_hue,corolla_hue_sin|corolla_hue_cos,colour,circular_joint,chelsa_bio04,thermal,dominant_taxon_omission,omit:Cirsium arvense,Cirsium arvense,,False,False,,0.0603418580483766,30027,202,ok,,0.0619979255298946,1.027444754521651,True,0.0533264281085711,-0.0282388366954418,117.90331164449893,0.05239570228599283,-0.03314261836318855,122.31517810548596,0.9970368416562264
within_taxon,corolla_hue,corolla_hue_sin|corolla_hue_cos,colour,circular_joint,chelsa_bio04,thermal,dominant_taxon_omission,omit:Cirsium palustre,Cirsium palustre,,False,False,,0.0603418580483766,37413,202,ok,,0.05753287235762265,0.9534488035071449,True,0.0533264281085711,-0.0282388366954418,117.90331164449893,0.05215402943812638,-0.024289681247096424,114.97279457138566,0.9986922685393128
within_taxon,corolla_hue,corolla_hue_sin|corolla_hue_cos,colour,circular_joint,chelsa_bio04,thermal,dominant_taxon_omission,omit:Cirsium oleraceum,Cirsium oleraceum,,False,False,,0.0603418580483766,38807,202,ok,,0.06288797623240854,1.0421948920099657,True,0.0533264281085711,-0.0282388366954418,117.90331164449893,0.05578627790327155,-0.029030824175468,117.49218212270256,0.9999742557524841
within_taxon,corolla_hue,corolla_hue_sin|corolla_hue_cos,colour,circular_joint,chelsa_bio04,thermal,dominant_taxon_omission,omit:Cirsium heterophyllum,Cirsium heterophyllum,,False,False,,0.0603418580483766,38877,202,ok,,0.05758530958151279,0.9543178059804877,True,0.0533264281085711,-0.0282388366954418,117.90331164449893,0.05034439451340694,-0.02795549714594805,119.04276583853878,0.9998022556114172
within_taxon,corolla_hue,corolla_hue_sin|corolla_hue_cos,colour,circular_joint,chelsa_bio04,thermal,dominant_taxon_omission,omit:Cirsium horridulum,Cirsium horridulum,,False,False,,0.0603418580483766,39246,202,ok,,0.060443640537389064,1.0016867642512908,True,0.0533264281085711,-0.0282388366954418,117.90331164449893,0.052170705376658265,-0.03052296155216631,120.33016964400278,0.9991030906744445
within_taxon,corolla_hue,corolla_hue_sin|corolla_hue_cos,colour,circular_joint,chelsa_bio04,thermal,dominant_taxon_omission,omit:Cirsium discolor,Cirsium discolor,,False,False,,0.0603418580483766,39311,202,ok,,0.06030367599205087,0.9993672376429789,True,0.0533264281085711,-0.0282388366954418,117.90331164449893,0.052834417089260205,-0.029069876315394632,118.81990717123145,0.9998720409685472
within_taxon,corolla_hue,corolla_hue_sin|corolla_hue_cos,colour,circular_joint,chelsa_bio04,thermal,dominant_taxon_omission,omit:Cirsium undulatum,Cirsium undulatum,,False,False,,0.0603418580483766,39804,202,ok,,0.06160912323001007,1.0210014279079291,True,0.0533264281085711,-0.0282388366954418,117.90331164449893,0.05434697417867535,-0.029018794992090223,118.10017496386295,0.9999940972563942
within_taxon,corolla_hue,corolla_hue_sin|corolla_hue_cos,colour,circular_joint,chelsa_bio04,thermal,dominant_taxon_omission,omit:Cirsium acaulon,Cirsium acaulon,,False,False,,0.0603418580483766,39865,202,ok,,0.060865598737630706,1.0086795585385226,True,0.0533264281085711,-0.0282388366954418,117.90331164449893,0.05372931171788054,-0.02859689095012074,118.0236957243187,0.999997792693233
within_taxon,corolla_hue,corolla_hue_sin|corolla_hue_cos,colour,circular_joint,chelsa_bio04,thermal,dominant_taxon_omission,omit:Cirsium altissimum,Cirsium altissimum,,False,False,,0.0603418580483766,39868,202,ok,,0.06051231866418377,1.0028249149316966,True,0.0533264281085711,-0.0282388366954418,117.90331164449893,0.053354249664126226,-0.02854933892218541,118.15080142091986,0.9999906709248634
within_taxon,corolla_hue,corolla_hue_sin|corolla_hue_cos,colour,circular_joint,chelsa_bio04,thermal,dominant_taxon_omission,omit_top2_joint,Cirsium vulgare|Cirsium arvense,,False,False,,0.0603418580483766,18888,201,ok,,0.049551275345469235,0.8211758296495203,True,0.0533264281085711,-0.0282388366954418,117.90331164449893,0.047010547267761056,-0.01566324787354496,108.42734193048113,0.9863547370120385
within_taxon,corolla_hue,corolla_hue_sin|corolla_hue_cos,colour,circular_joint,chelsa_bio04,thermal,leave_one_broad_region_out,omit_region:Africa,,Africa,False,False,,0.0603418580483766,40075,203,ok,,0.05932982233149668,0.9832282970791426,True,0.0533264281085711,-0.0282388366954418,117.90331164449893,0.054122082356148925,-0.024306954135004152,114.18548879072742,0.9978954960893263
within_taxon,corolla_hue,corolla_hue_sin|corolla_hue_cos,colour,circular_joint,chelsa_bio04,thermal,leave_one_broad_region_out,omit_region:Asia,,Asia,False,False,,0.0603418580483766,39427,158,ok,,0.06312621012436259,1.0461429622162737,True,0.0533264281085711,-0.0282388366954418,117.90331164449893,0.055904221455082566,-0.029319557093623775,117.67523625761466,0.9999920771577931
within_taxon,corolla_hue,corolla_hue_sin|corolla_hue_cos,colour,circular_joint,chelsa_bio04,thermal,leave_one_broad_region_out,omit_region:Europe,,Europe,False,False,,0.0603418580483766,20139,153,ok,,0.0416523192469935,0.6902724011846051,True,0.0533264281085711,-0.0282388366954418,117.90331164449893,0.019957725132876584,-0.03655960757686017,151.3700724706261,0.8342058785980172
within_taxon,corolla_hue,corolla_hue_sin|corolla_hue_cos,colour,circular_joint,chelsa_bio04,thermal,leave_one_broad_region_out,omit_region:North America,,North America,False,False,,0.0603418580483766,23354,110,ok,,0.08062124457144278,1.3360749433139432,True,0.0533264281085711,-0.0282388366954418,117.90331164449893,0.07461133063510145,-0.03054397513598982,112.2629407139757,0.9951583954742247
within_taxon,corolla_hue,corolla_hue_sin|corolla_hue_cos,colour,circular_joint,chelsa_bio04,thermal,leave_one_broad_region_out,omit_region:Oceania,,Oceania,False,False,,0.0603418580483766,39393,203,ok,,0.0671206253392759,1.1123393861267035,True,0.0533264281085711,-0.0282388366954418,117.90331164449893,0.06166633130414223,-0.02650362106247399,113.25758755789627,0.9967145594407028
within_taxon,corolla_hue,corolla_hue_sin|corolla_hue_cos,colour,circular_joint,chelsa_bio04,thermal,leave_one_broad_region_out,omit_region:South America,,South America,False,False,,0.0603418580483766,39871,203,ok,,0.05432559790504472,0.9002970684378232,True,0.0533264281085711,-0.0282388366954418,117.90331164449893,0.04838318412637077,-0.02470502138299627,117.04938962885963,0.9998889411628546
within_taxon,corolla_hue,corolla_hue_sin|corolla_hue_cos,colour,circular_joint,chelsa_bio04,thermal,native_only,native_only,,,True,False,,0.0603418580483766,23825,185,ok,,0.06850152042112001,1.1352239164760511,True,0.0533264281085711,-0.0282388366954418,117.90331164449893,0.0684373717755821,-0.002963856348725433,92.47979150273676,0.903159137204931
within_taxon,corolla_hue,corolla_hue_sin|corolla_hue_cos,colour,circular_joint,chelsa_bio12,hydric,equal_taxon_weight,equal_total_weight_per_taxon,,,False,True,,0.043966852505973535,40453,203,ok,,0.02020414858959241,0.45953138416827505,False,-0.0438162968271125,-0.0036354162953371,265.25706120749675,0.006472184549188588,0.019139447416045573,18.683450733673176,-0.3975705517012909
within_taxon,corolla_hue,corolla_hue_sin|corolla_hue_cos,colour,circular_joint,chelsa_bio12,hydric,dominant_taxon_omission,omit:Cirsium vulgare,Cirsium vulgare,,False,False,,0.043966852505973535,29314,202,ok,,0.04021011276999913,0.9145551814184563,True,-0.0438162968271125,-0.0036354162953371,265.25706120749675,-0.04016780374116983,0.001844101837456504,272.62860058770724,0.9917350168696746
within_taxon,corolla_hue,corolla_hue_sin|corolla_hue_cos,colour,circular_joint,chelsa_bio12,hydric,dominant_taxon_omission,omit:Cirsium arvense,Cirsium arvense,,False,False,,0.043966852505973535,30027,202,ok,,0.03684328973629413,0.8379787871166906,True,-0.0438162968271125,-0.0036354162953371,265.25706120749675,-0.03680366803084821,0.0017082207315325905,272.6574428908067,0.9916703043724174
within_taxon,corolla_hue,corolla_hue_sin|corolla_hue_cos,colour,circular_joint,chelsa_bio12,hydric,dominant_taxon_omission,omit:Cirsium palustre,Cirsium palustre,,False,False,,0.043966852505973535,37413,202,ok,,0.04545271460602053,1.0337950527581004,True,-0.0438162968271125,-0.0036354162953371,265.25706120749675,-0.043607371657173134,-0.012819766074680362,253.61763280677724,0.9794366448079503
within_taxon,corolla_hue,corolla_hue_sin|corolla_hue_cos,colour,circular_joint,chelsa_bio12,hydric,dominant_taxon_omission,omit:Cirsium oleraceum,Cirsium oleraceum,,False,False,,0.043966852505973535,38807,202,ok,,0.04547801034834655,1.0343703894238894,True,-0.0438162968271125,-0.0036354162953371,265.25706120749675,-0.045296885291185675,-0.004054825293583318,264.8847081892622,0.9999788829636238
within_taxon,corolla_hue,corolla_hue_sin|corolla_hue_cos,colour,circular_joint,chelsa_bio12,hydric,dominant_taxon_omission,omit:Cirsium heterophyllum,Cirsium heterophyllum,,False,False,,0.043966852505973535,38877,202,ok,,0.04243453585102469,0.9651483659254285,True,-0.0438162968271125,-0.0036354162953371,265.25706120749675,-0.04219749635449638,-0.004478965762781023,263.9411439869874,0.999736268023471
within_taxon,corolla_hue,corolla_hue_sin|corolla_hue_cos,colour,circular_joint,chelsa_bio12,hydric,dominant_taxon_omission,omit:Cirsium horridulum,Cirsium horridulum,,False,False,,0.043966852505973535,39246,202,ok,,0.04336516085248664,0.9863148799790672,True,-0.0438162968271125,-0.0036354162953371,265.25706120749675,-0.04322963554389485,-0.003425753421375069,265.4690369357584,0.9999931562125013
within_taxon,corolla_hue,corolla_hue_sin|corolla_hue_cos,colour,circular_joint,chelsa_bio12,hydric,dominant_taxon_omission,omit:Cirsium discolor,Cirsium discolor,,False,False,,0.043966852505973535,39311,202,ok,,0.04386035055699283,0.9975776762967913,True,-0.0438162968271125,-0.0036354162953371,265.25706120749675,-0.04374241617635394,-0.003214246107091202,265.7973893435028,0.9999555331171406
within_taxon,corolla_hue,corolla_hue_sin|corolla_hue_cos,colour,circular_joint,chelsa_bio12,hydric,dominant_taxon_omission,omit:Cirsium undulatum,Cirsium undulatum,,False,False,,0.043966852505973535,39804,202,ok,,0.046020415061109925,1.0467070631189117,True,-0.0438162968271125,-0.0036354162953371,265.25706120749675,-0.04595358972519814,-0.002479151823708534,266.91194158961736,0.9995829119350491
within_taxon,corolla_hue,corolla_hue_sin|corolla_hue_cos,colour,circular_joint,chelsa_bio12,hydric,dominant_taxon_omission,omit:Cirsium acaulon,Cirsium acaulon,,False,False,,0.043966852505973535,39865,202,ok,,0.04383482758810402,0.9969971714975144,True,-0.0438162968271125,-0.0036354162953371,265.25706120749675,-0.04363730673121649,-0.00415662975552703,264.5587626215869,0.9999257320068139
within_taxon,corolla_hue,corolla_hue_sin|corolla_hue_cos,colour,circular_joint,chelsa_bio12,hydric,dominant_taxon_omission,omit:Cirsium altissimum,Cirsium altissimum,,False,False,,0.043966852505973535,39868,202,ok,,0.04352932032860904,0.9900485899620618,True,-0.0438162968271125,-0.0036354162953371,265.25706120749675,-0.04340592249186394,-0.0032753047035285533,265.68477833744527,0.9999721364780352
within_taxon,corolla_hue,corolla_hue_sin|corolla_hue_cos,colour,circular_joint,chelsa_bio12,hydric,dominant_taxon_omission,omit_top2_joint,Cirsium vulgare|Cirsium arvense,,False,False,,0.043966852505973535,18888,201,ok,,0.028823002382316696,0.6555621050745143,True,-0.0438162968271125,-0.0036354162953371,265.25706120749675,-0.024286066983244245,0.015522642069454789,302.58501886527796,0.7951776921995822
within_taxon,corolla_hue,corolla_hue_sin|corolla_hue_cos,colour,circular_joint,chelsa_bio12,hydric,leave_one_broad_region_out,omit_region:Africa,,Africa,False,False,,0.043966852505973535,40075,203,ok,,0.0442413664897747,1.0062436578502831,True,-0.0438162968271125,-0.0036354162953371,265.25706120749675,-0.04416955651706499,-0.002519679735276193,266.73506525449767,0.9996673006878913
within_taxon,corolla_hue,corolla_hue_sin|corolla_hue_cos,colour,circular_joint,chelsa_bio12,hydric,leave_one_broad_region_out,omit_region:Asia,,Asia,False,False,,0.043966852505973535,39427,158,ok,,0.04472598423380925,1.017266001193344,True,-0.0438162968271125,-0.0036354162953371,265.25706120749675,-0.04464964272842717,-0.0026121006693396167,266.6518891373357,0.9997036911923465
within_taxon,corolla_hue,corolla_hue_sin|corolla_hue_cos,colour,circular_joint,chelsa_bio12,hydric,leave_one_broad_region_out,omit_region:Europe,,Europe,False,False,,0.043966852505973535,20139,153,ok,,0.03128670155970493,0.7115974825683548,True,-0.0438162968271125,-0.0036354162953371,265.25706120749675,-0.02087160138523462,-0.02330737973479462,221.84423085248642,0.7264207919163855
within_taxon,corolla_hue,corolla_hue_sin|corolla_hue_cos,colour,circular_joint,chelsa_bio12,hydric,leave_one_broad_region_out,omit_region:North America,,North America,False,False,,0.043966852505973535,23354,110,ok,,0.06459981427757647,1.4692844858248528,True,-0.0438162968271125,-0.0036354162953371,265.25706120749675,-0.06237672888784477,0.016801181445055716,285.0748658312117,0.9407754609541831
within_taxon,corolla_hue,corolla_hue_sin|corolla_hue_cos,colour,circular_joint,chelsa_bio12,hydric,leave_one_broad_region_out,omit_region:Oceania,,Oceania,False,False,,0.043966852505973535,39393,203,ok,,0.04605831180899717,1.047569002187261,True,-0.0438162968271125,-0.0036354162953371,265.25706120749675,-0.04578395061093029,-0.005019756283994713,263.7430773201194,0.9996509063283271
within_taxon,corolla_hue,corolla_hue_sin|corolla_hue_cos,colour,circular_joint,chelsa_bio12,hydric,leave_one_broad_region_out,omit_region:South America,,South America,False,False,,0.043966852505973535,39871,203,ok,,0.04182063170953022,0.9511854801034093,True,-0.0438162968271125,-0.0036354162953371,265.25706120749675,-0.041437810133874896,-0.005645629096309814,262.2415960666872,0.9986153719798211
within_taxon,corolla_hue,corolla_hue_sin|corolla_hue_cos,colour,circular_joint,chelsa_bio12,hydric,native_only,native_only,,,True,False,,0.043966852505973535,23825,185,ok,,0.051920163248478375,1.1808933387129377,True,-0.0438162968271125,-0.0036354162953371,265.25706120749675,-0.05172933328147244,0.004447407110102789,274.9138964668007,0.9858301236655915
within_taxon,corolla_hue,corolla_hue_sin|corolla_hue_cos,colour,circular_joint,chelsa_bio15,hydric,equal_taxon_weight,equal_total_weight_per_taxon,,,False,True,,0.020991388662088207,40453,203,ok,,0.02849549481325705,1.3574849797680009,False,0.0063460216616609,0.0200091580790541,17.596729206436947,0.025024473649021106,-0.01362970811286169,118.5751475908903,-0.190439232093453
within_taxon,corolla_hue,corolla_hue_sin|corolla_hue_cos,colour,circular_joint,chelsa_bio15,hydric,dominant_taxon_omission,omit:Cirsium vulgare,Cirsium vulgare,,False,False,,0.020991388662088207,29314,202,ok,,0.016928220131211893,0.8064364108404768,True,0.0063460216616609,0.0200091580790541,17.596729206436947,0.012969412326762785,0.010879291369808104,50.008653992737756,0.8442163873086695
within_taxon,corolla_hue,corolla_hue_sin|corolla_hue_cos,colour,circular_joint,chelsa_bio15,hydric,dominant_taxon_omission,omit:Cirsium arvense,Cirsium arvense,,False,False,,0.020991388662088207,30027,202,ok,,0.02072437337138657,0.9872797700523795,True,0.0063460216616609,0.0200091580790541,17.596729206436947,-0.006707063544024537,0.019609052762768878,341.11730433129674,0.8040704118291614
within_taxon,corolla_hue,corolla_hue_sin|corolla_hue_cos,colour,circular_joint,chelsa_bio15,hydric,dominant_taxon_omission,omit:Cirsium palustre,Cirsium palustre,,False,False,,0.020991388662088207,37413,202,ok,,0.02256846516236977,1.0751296889247668,True,0.0063460216616609,0.0200091580790541,17.596729206436947,0.00410500200826836,0.022191993562931896,10.479928005642718,0.9922956507856602
within_taxon,corolla_hue,corolla_hue_sin|corolla_hue_cos,colour,circular_joint,chelsa_bio15,hydric,dominant_taxon_omission,omit:Cirsium oleraceum,Cirsium oleraceum,,False,False,,0.020991388662088207,38807,202,ok,,0.021563223536389207,1.0272414028202799,True,0.0063460216616609,0.0200091580790541,17.596729206436947,0.006928961976213992,0.02041964973285463,18.743520830926414,0.9997997007764671
within_taxon,corolla_hue,corolla_hue_sin|corolla_hue_cos,colour,circular_joint,chelsa_bio15,hydric,dominant_taxon_omission,omit:Cirsium heterophyllum,Cirsium heterophyllum,,False,False,,0.020991388662088207,38877,202,ok,,0.022022689229482376,1.049129697134176,True,0.0063460216616609,0.0200091580790541,17.596729206436947,0.005814965416592937,0.021241116216013396,15.310172297472985,0.999203783581797
within_taxon,corolla_hue,corolla_hue_sin|corolla_hue_cos,colour,circular_joint,chelsa_bio15,hydric,dominant_taxon_omission,omit:Cirsium horridulum,Cirsium horridulum,,False,False,,0.020991388662088207,39246,202,ok,,0.024972945084336513,1.1896757039918588,True,0.0063460216616609,0.0200091580790541,17.596729206436947,0.009588174571990201,0.023058943916891072,22.578104065268768,0.9962229771775595
within_taxon,corolla_hue,corolla_hue_sin|corolla_hue_cos,colour,circular_joint,chelsa_bio15,hydric,dominant_taxon_omission,omit:Cirsium discolor,Cirsium discolor,,False,False,,0.020991388662088207,39311,202,ok,,0.020403342919639716,0.9719863344005183,True,0.0063460216616609,0.0200091580790541,17.596729206436947,0.0040606379857207366,0.01999518995772068,11.47955594248751,0.9943060489389596
within_taxon,corolla_hue,corolla_hue_sin|corolla_hue_cos,colour,circular_joint,chelsa_bio15,hydric,dominant_taxon_omission,omit:Cirsium undulatum,Cirsium undulatum,,False,False,,0.020991388662088207,39804,202,ok,,0.020736032034974004,0.9878351722592135,True,0.0063460216616609,0.0200091580790541,17.596729206436947,0.00866603983300587,0.01883833268015574,24.703451398676425,0.992317429588235
within_taxon,corolla_hue,corolla_hue_sin|corolla_hue_cos,colour,circular_joint,chelsa_bio15,hydric,dominant_taxon_omission,omit:Cirsium acaulon,Cirsium acaulon,,False,False,,0.020991388662088207,39865,202,ok,,0.020944737608285864,0.9977776099259885,True,0.0063460216616609,0.0200091580790541,17.596729206436947,0.0062784360199146065,0.019981573377083776,17.44330766762916,0.9999964149340539
within_taxon,corolla_hue,corolla_hue_sin|corolla_hue_cos,colour,circular_joint,chelsa_bio15,hydric,dominant_taxon_omission,omit:Cirsium altissimum,Cirsium altissimum,,False,False,,0.020991388662088207,39868,202,ok,,0.020291863933538424,0.9666756335271344,True,0.0063460216616609,0.0200091580790541,17.596729206436947,0.004997751768462509,0.019666779582790554,14.258281389248415,0.9983029640200373
within_taxon,corolla_hue,corolla_hue_sin|corolla_hue_cos,colour,circular_joint,chelsa_bio15,hydric,dominant_taxon_omission,omit_top2_joint,Cirsium vulgare|Cirsium arvense,,False,False,,0.020991388662088207,18888,201,ok,,0.009160440063136457,0.4363903794359636,False,0.0063460216616609,0.0200091580790541,17.596729206436947,-0.008995504217708264,0.0017304814415382483,280.8890697520261,-0.11680350578880079
within_taxon,corolla_hue,corolla_hue_sin|corolla_hue_cos,colour,circular_joint,chelsa_bio15,hydric,leave_one_broad_region_out,omit_region:Africa,,Africa,False,False,,0.020991388662088207,40075,203,ok,,0.01814964403422908,0.8646233141787566,True,0.0063460216616609,0.0200091580790541,17.596729206436947,0.006204640164282348,0.017056143145535618,19.99024549036075,0.9991275624424453
within_taxon,corolla_hue,corolla_hue_sin|corolla_hue_cos,colour,circular_joint,chelsa_bio15,hydric,leave_one_broad_region_out,omit_region:Asia,,Asia,False,False,,0.020991388662088207,39427,158,ok,,0.02259404718847354,1.0763483803851357,True,0.0063460216616609,0.0200091580790541,17.596729206436947,0.007540408541314491,0.021298666798300794,19.49558980395119,0.9994508750787818
within_taxon,corolla_hue,corolla_hue_sin|corolla_hue_cos,colour,circular_joint,chelsa_bio15,hydric,leave_one_broad_region_out,omit_region:Europe,,Europe,False,False,,0.020991388662088207,20139,153,ok,,0.036976434651993274,1.7615049317235065,True,0.0063460216616609,0.0200091580790541,17.596729206436947,-0.0033971826714901676,0.03682004711389783,354.7285587533952,0.9214014335905147
within_taxon,corolla_hue,corolla_hue_sin|corolla_hue_cos,colour,circular_joint,chelsa_bio15,hydric,leave_one_broad_region_out,omit_region:North America,,North America,False,False,,0.020991388662088207,23354,110,ok,,0.012486895991707605,0.5948580245317328,True,0.0063460216616609,0.0200091580790541,17.596729206436947,0.00813803872149298,0.0094707390036472,40.67188549469902,0.9199915300132953
within_taxon,corolla_hue,corolla_hue_sin|corolla_hue_cos,colour,circular_joint,chelsa_bio15,hydric,leave_one_broad_region_out,omit_region:Oceania,,Oceania,False,False,,0.020991388662088207,39393,203,ok,,0.0226607386786253,1.0795254684389721,True,0.0063460216616609,0.0200091580790541,17.596729206436947,0.009379923751438654,0.020628284171935914,24.451852081811104,0.9928511350079204
within_taxon,corolla_hue,corolla_hue_sin|corolla_hue_cos,colour,circular_joint,chelsa_bio15,hydric,leave_one_broad_region_out,omit_region:South America,,South America,False,False,,0.020991388662088207,39871,203,ok,,0.020674991778415953,0.9849273009630046,True,0.0063460216616609,0.0200091580790541,17.596729206436947,0.010359798793005021,0.017892172981670475,30.071394445738775,0.9763916158587389
within_taxon,corolla_hue,corolla_hue_sin|corolla_hue_cos,colour,circular_joint,chelsa_bio15,hydric,native_only,native_only,,,True,False,,0.020991388662088207,23825,185,ok,,0.0023918455011342895,0.11394412916826774,True,0.0063460216616609,0.0200091580790541,17.596729206436947,-0.00032135895734148646,0.002370158923328293,352.27861390668477,0.9039473860445452
within_taxon,corolla_hue,corolla_hue_sin|corolla_hue_cos,colour,circular_joint,chelsa_rsds_mean,radiative_atmospheric,equal_taxon_weight,equal_total_weight_per_taxon,,,False,True,,0.03405861696237764,40453,203,ok,,0.04562838885042834,1.3397017530345132,False,-0.0279559496659535,0.0194539010911599,304.83316716656117,0.02690642967714756,-0.03685096893047191,143.86525925623872,-0.9453360724570811
within_taxon,corolla_hue,corolla_hue_sin|corolla_hue_cos,colour,circular_joint,chelsa_rsds_mean,radiative_atmospheric,dominant_taxon_omission,omit:Cirsium vulgare,Cirsium vulgare,,False,False,,0.03405861696237764,29314,202,ok,,0.01908176966775843,0.5602626110401614,True,-0.0279559496659535,0.0194539010911599,304.83316716656117,-0.01567733084493397,0.010878199815772259,304.75604054455164,0.9999990939893662
within_taxon,corolla_hue,corolla_hue_sin|corolla_hue_cos,colour,circular_joint,chelsa_rsds_mean,radiative_atmospheric,dominant_taxon_omission,omit:Cirsium arvense,Cirsium arvense,,False,False,,0.03405861696237764,30027,202,ok,,0.04454606868114698,1.3079235933260047,True,-0.0279559496659535,0.0194539010911599,304.83316716656117,-0.035837981578209235,0.026457348909998506,306.43655537099494,0.9996084621374164
within_taxon,corolla_hue,corolla_hue_sin|corolla_hue_cos,colour,circular_joint,chelsa_rsds_mean,radiative_atmospheric,dominant_taxon_omission,omit:Cirsium palustre,Cirsium palustre,,False,False,,0.03405861696237764,37413,202,ok,,0.03208500137423415,0.9420523860283694,True,-0.0279559496659535,0.0194539010911599,304.83316716656117,-0.02669843086651947,0.017794412113084492,303.68331917040666,0.9997986317346784
within_taxon,corolla_hue,corolla_hue_sin|corolla_hue_cos,colour,circular_joint,chelsa_rsds_mean,radiative_atmospheric,dominant_taxon_omission,omit:Cirsium oleraceum,Cirsium oleraceum,,False,False,,0.03405861696237764,38807,202,ok,,0.034942468694291275,1.0259508990893542,True,-0.0279559496659535,0.0194539010911599,304.83316716656117,-0.0288173330691889,0.019762019968387782,304.4411029976893,0.9999765880627226
within_taxon,corolla_hue,corolla_hue_sin|corolla_hue_cos,colour,circular_joint,chelsa_rsds_mean,radiative_atmospheric,dominant_taxon_omission,omit:Cirsium heterophyllum,Cirsium heterophyllum,,False,False,,0.03405861696237764,38877,202,ok,,0.03575142845292862,1.0497028840725071,True,-0.0279559496659535,0.0194539010911599,304.83316716656117,-0.029457726352914566,0.0202585042523301,304.51686586517354,0.9999847620833353
within_taxon,corolla_hue,corolla_hue_sin|corolla_hue_cos,colour,circular_joint,chelsa_rsds_mean,radiative_atmospheric,dominant_taxon_omission,omit:Cirsium horridulum,Cirsium horridulum,,False,False,,0.03405861696237764,39246,202,ok,,0.034176657872409706,1.0034658163061188,True,-0.0279559496659535,0.0194539010911599,304.83316716656117,-0.027225143111913257,0.020659998205798245,307.19330966924696,0.9991517189187846
within_taxon,corolla_hue,corolla_hue_sin|corolla_hue_cos,colour,circular_joint,chelsa_rsds_mean,radiative_atmospheric,dominant_taxon_omission,omit:Cirsium discolor,Cirsium discolor,,False,False,,0.03405861696237764,39311,202,ok,,0.03473439688060677,1.019841672343173,True,-0.0279559496659535,0.0194539010911599,304.83316716656117,-0.028452106427510684,0.019923753825449423,305.0018571588642,0.9999956658587329
within_taxon,corolla_hue,corolla_hue_sin|corolla_hue_cos,colour,circular_joint,chelsa_rsds_mean,radiative_atmospheric,dominant_taxon_omission,omit:Cirsium undulatum,Cirsium undulatum,,False,False,,0.03405861696237764,39804,202,ok,,0.033864099900806945,0.9942887562996006,True,-0.0279559496659535,0.0194539010911599,304.83316716656117,-0.027911285986151144,0.019176479778392996,304.49105429100433,0.9999821736557982
within_taxon,corolla_hue,corolla_hue_sin|corolla_hue_cos,colour,circular_joint,chelsa_rsds_mean,radiative_atmospheric,dominant_taxon_omission,omit:Cirsium acaulon,Cirsium acaulon,,False,False,,0.03405861696237764,39865,202,ok,,0.033520777695700166,0.9842084231643465,True,-0.0279559496659535,0.0194539010911599,304.83316716656117,-0.027302537447927273,0.0194477244486104,305.462447648797,0.9999396872823888
within_taxon,corolla_hue,corolla_hue_sin|corolla_hue_cos,colour,circular_joint,chelsa_rsds_mean,radiative_atmospheric,dominant_taxon_omission,omit:Cirsium altissimum,Cirsium altissimum,,False,False,,0.03405861696237764,39868,202,ok,,0.03424625624755856,1.0055093043087506,True,-0.0279559496659535,0.0194539010911599,304.83316716656117,-0.028130195125536387,0.01953197862922987,304.7738749260216,0.9999994645481486
within_taxon,corolla_hue,corolla_hue_sin|corolla_hue_cos,colour,circular_joint,chelsa_rsds_mean,radiative_atmospheric,dominant_taxon_omission,omit_top2_joint,Cirsium vulgare|Cirsium arvense,,False,False,,0.03405861696237764,18888,201,ok,,0.03070877836642116,0.9016449023852955,True,-0.0279559496659535,0.0194539010911599,304.83316716656117,-0.023066801954892135,0.020271944068879052,311.31018105084985,0.9936171909689581
within_taxon,corolla_hue,corolla_hue_sin|corolla_hue_cos,colour,circular_joint,chelsa_rsds_mean,radiative_atmospheric,leave_one_broad_region_out,omit_region:Africa,,Africa,False,False,,0.03405861696237764,40075,203,ok,,0.03190669407431165,0.9368170794943588,True,-0.0279559496659535,0.0194539010911599,304.83316716656117,-0.02903193136391723,0.013235712600102556,294.5083323638987,0.9838074438558962
within_taxon,corolla_hue,corolla_hue_sin|corolla_hue_cos,colour,circular_joint,chelsa_rsds_mean,radiative_atmospheric,leave_one_broad_region_out,omit_region:Asia,,Asia,False,False,,0.03405861696237764,39427,158,ok,,0.03353443473001614,0.9846094093327238,True,-0.0279559496659535,0.0194539010911599,304.83316716656117,-0.02839688427480038,0.017837468322194926,302.134934138438,0.998891327225266
within_taxon,corolla_hue,corolla_hue_sin|corolla_hue_cos,colour,circular_joint,chelsa_rsds_mean,radiative_atmospheric,leave_one_broad_region_out,omit_region:Europe,,Europe,False,False,,0.03405861696237764,20139,153,ok,,0.043533413916266125,1.2781908896757224,True,-0.0279559496659535,0.0194539010911599,304.83316716656117,-0.017387455406568473,0.03991033101453239,336.4590237418352,0.8514903818190717
within_taxon,corolla_hue,corolla_hue_sin|corolla_hue_cos,colour,circular_joint,chelsa_rsds_mean,radiative_atmospheric,leave_one_broad_region_out,omit_region:North America,,North America,False,False,,0.03405861696237764,23354,110,ok,,0.050180068409593756,1.47334427774987,True,-0.0279559496659535,0.0194539010911599,304.83316716656117,-0.03358445250546809,0.0372843642228142,317.9885787037929,0.9737563142289711
within_taxon,corolla_hue,corolla_hue_sin|corolla_hue_cos,colour,circular_joint,chelsa_rsds_mean,radiative_atmospheric,leave_one_broad_region_out,omit_region:Oceania,,Oceania,False,False,,0.03405861696237764,39393,203,ok,,0.03615340451937058,1.0615053617505055,True,-0.0279559496659535,0.0194539010911599,304.83316716656117,-0.031118527013164983,0.018403965194277193,300.60070881499047,0.9972728273810644
within_taxon,corolla_hue,corolla_hue_sin|corolla_hue_cos,colour,circular_joint,chelsa_rsds_mean,radiative_atmospheric,leave_one_broad_region_out,omit_region:South America,,South America,False,False,,0.03405861696237764,39871,203,ok,,0.02834325165992714,0.8321903291386172,True,-0.0279559496659535,0.0194539010911599,304.83316716656117,-0.02332859108041569,0.016097103865624778,304.60630119403925,0.9999921609597463
within_taxon,corolla_hue,corolla_hue_sin|corolla_hue_cos,colour,circular_joint,chelsa_rsds_mean,radiative_atmospheric,native_only,native_only,,,True,False,,0.03405861696237764,23825,185,ok,,0.04149061018585462,1.2182118326086646,True,-0.0279559496659535,0.0194539010911599,304.83316716656117,-0.03763216837858698,0.017472568120348565,294.9053824730831,0.985025835996084
within_taxon,corolla_hue,corolla_hue_sin|corolla_hue_cos,colour,circular_joint,chelsa_sfcwind_mean,mechanical,equal_taxon_weight,equal_total_weight_per_taxon,,,False,True,,0.023376171614538966,40448,203,ok,,0.06178376662876842,2.6430233165443395,True,0.0171048032923223,0.0159333331002442,47.03074981606564,0.030255844222972735,0.0538685224337305,29.321220289650885,0.9526109008083171
within_taxon,corolla_hue,corolla_hue_sin|corolla_hue_cos,colour,circular_joint,chelsa_sfcwind_mean,mechanical,dominant_taxon_omission,omit:Cirsium vulgare,Cirsium vulgare,,False,False,,0.023376171614538966,29310,202,ok,,0.017852738927485498,0.7637152576507381,True,0.0171048032923223,0.0159333331002442,47.03074981606564,0.01150310678548495,0.013652795372914889,40.11567591976836,0.9927257008771333
within_taxon,corolla_hue,corolla_hue_sin|corolla_hue_cos,colour,circular_joint,chelsa_sfcwind_mean,mechanical,dominant_taxon_omission,omit:Cirsium arvense,Cirsium arvense,,False,False,,0.023376171614538966,30025,202,ok,,0.03166749817521097,1.354691379640418,True,0.0171048032923223,0.0159333331002442,47.03074981606564,0.02412936011734479,0.020508642592928495,49.63727418982537,0.9989653977487247
within_taxon,corolla_hue,corolla_hue_sin|corolla_hue_cos,colour,circular_joint,chelsa_sfcwind_mean,mechanical,dominant_taxon_omission,omit:Cirsium palustre,Cirsium palustre,,False,False,,0.023376171614538966,37409,202,ok,,0.022732083674710475,0.9724468167649875,True,0.0171048032923223,0.0159333331002442,47.03074981606564,0.020139903536588875,0.010541912242612028,62.37090632842672,0.9643722426215184
within_taxon,corolla_hue,corolla_hue_sin|corolla_hue_cos,colour,circular_joint,chelsa_sfcwind_mean,mechanical,dominant_taxon_omission,omit:Cirsium oleraceum,Cirsium oleraceum,,False,False,,0.023376171614538966,38802,202,ok,,0.02436127720079624,1.0421414422558646,True,0.0171048032923223,0.0159333331002442,47.03074981606564,0.01739067487009383,0.017059784711910105,45.550298220001736,0.999666197948315
within_taxon,corolla_hue,corolla_hue_sin|corolla_hue_cos,colour,circular_joint,chelsa_sfcwind_mean,mechanical,dominant_taxon_omission,omit:Cirsium heterophyllum,Cirsium heterophyllum,,False,False,,0.023376171614538966,38872,202,ok,,0.02513688243302588,1.075320751726165,True,0.0171048032923223,0.0159333331002442,47.03074981606564,0.01965401856901815,0.01567106928516541,51.43300433841962,0.9970497326504174
within_taxon,corolla_hue,corolla_hue_sin|corolla_hue_cos,colour,circular_joint,chelsa_sfcwind_mean,mechanical,dominant_taxon_omission,omit:Cirsium horridulum,Cirsium horridulum,,False,False,,0.023376171614538966,39241,202,ok,,0.023210756990217806,0.9929237932092234,True,0.0171048032923223,0.0159333331002442,47.03074981606564,0.014370752746022852,0.018226922548022786,38.25350027764204,0.9882890496969859
within_taxon,corolla_hue,corolla_hue_sin|corolla_hue_cos,colour,circular_joint,chelsa_sfcwind_mean,mechanical,dominant_taxon_omission,omit:Cirsium discolor,Cirsium discolor,,False,False,,0.023376171614538966,39306,202,ok,,0.024426740453308823,1.0449418688437608,True,0.0171048032923223,0.0159333331002442,47.03074981606564,0.017528462443095878,0.017012308883696273,45.85612504930505,0.9997898604316766
within_taxon,corolla_hue,corolla_hue_sin|corolla_hue_cos,colour,circular_joint,chelsa_sfcwind_mean,mechanical,dominant_taxon_omission,omit:Cirsium undulatum,Cirsium undulatum,,False,False,,0.023376171614538966,39799,202,ok,,0.022237767025494747,0.9513006403351274,True,0.0171048032923223,0.0159333331002442,47.03074981606564,0.015890849253625487,0.01555632322493756,45.60947313023199,0.9996923480063142
within_taxon,corolla_hue,corolla_hue_sin|corolla_hue_cos,colour,circular_joint,chelsa_sfcwind_mean,mechanical,dominant_taxon_omission,omit:Cirsium acaulon,Cirsium acaulon,,False,False,,0.023376171614538966,39860,202,ok,,0.022538902932850376,0.9641828142137764,True,0.0171048032923223,0.0159333331002442,47.03074981606564,0.01622978687894974,0.015639570431451182,46.06098926526971,0.9998567668977327
within_taxon,corolla_hue,corolla_hue_sin|corolla_hue_cos,colour,circular_joint,chelsa_sfcwind_mean,mechanical,dominant_taxon_omission,omit:Cirsium altissimum,Cirsium altissimum,,False,False,,0.023376171614538966,39863,202,ok,,0.022715607450648535,0.9717419868923451,True,0.0171048032923223,0.0159333331002442,47.03074981606564,0.01647966481179076,0.015633920478977263,46.508594629490354,0.9999584739209684
within_taxon,corolla_hue,corolla_hue_sin|corolla_hue_cos,colour,circular_joint,chelsa_sfcwind_mean,mechanical,dominant_taxon_omission,omit_top2_joint,Cirsium vulgare|Cirsium arvense,,False,False,,0.023376171614538966,18887,201,ok,,0.028861566263103496,1.2346575281451497,True,0.0171048032923223,0.0159333331002442,47.03074981606564,0.020440732441070884,0.020375634086625776,45.09138142656174,0.9994271988257154
within_taxon,corolla_hue,corolla_hue_sin|corolla_hue_cos,colour,circular_joint,chelsa_sfcwind_mean,mechanical,leave_one_broad_region_out,omit_region:Africa,,Africa,False,False,,0.023376171614538966,40070,203,ok,,0.02412587188420667,1.0320711313225226,True,0.0171048032923223,0.0159333331002442,47.03074981606564,0.01738132092820852,0.016731628042834755,46.09108598464226,0.9998655192796474
within_taxon,corolla_hue,corolla_hue_sin|corolla_hue_cos,colour,circular_joint,chelsa_sfcwind_mean,mechanical,leave_one_broad_region_out,omit_region:Asia,,Asia,False,False,,0.023376171614538966,39422,158,ok,,0.023655268354040877,1.0119393690337355,True,0.0171048032923223,0.0159333331002442,47.03074981606564,0.015533749889616305,0.01784024482086872,41.04654376437661,0.9945506715226872
within_taxon,corolla_hue,corolla_hue_sin|corolla_hue_cos,colour,circular_joint,chelsa_sfcwind_mean,mechanical,leave_one_broad_region_out,omit_region:Europe,,Europe,False,False,,0.023376171614538966,20138,153,ok,,0.04026936892008272,1.7226674061135363,True,0.0171048032923223,0.0159333331002442,47.03074981606564,0.0401542531281667,0.0030427009285894364,85.6666757901952,0.7811291297501501
within_taxon,corolla_hue,corolla_hue_sin|corolla_hue_cos,colour,circular_joint,chelsa_sfcwind_mean,mechanical,leave_one_broad_region_out,omit_region:North America,,North America,False,False,,0.023376171614538966,23350,110,ok,,0.020286649325143187,0.8678345479174088,True,0.0171048032923223,0.0159333331002442,47.03074981606564,0.006785944559976562,0.019118030684938683,19.542316976583404,0.8871040352368578
within_taxon,corolla_hue,corolla_hue_sin|corolla_hue_cos,colour,circular_joint,chelsa_sfcwind_mean,mechanical,leave_one_broad_region_out,omit_region:Oceania,,Oceania,False,False,,0.023376171614538966,39388,203,ok,,0.02046506254872347,0.8754668166448216,True,0.0171048032923223,0.0159333331002442,47.03074981606564,0.013888890745792267,0.015030552184620825,42.7392914109809,0.9971963001943023
within_taxon,corolla_hue,corolla_hue_sin|corolla_hue_cos,colour,circular_joint,chelsa_sfcwind_mean,mechanical,leave_one_broad_region_out,omit_region:South America,,South America,False,False,,0.023376171614538966,39866,203,ok,,0.02331475612095893,0.9973727308905519,True,0.0171048032923223,0.0159333331002442,47.03074981606564,0.01508023911372362,0.017781007880677407,40.301589036754834,0.9931111411500376
within_taxon,corolla_hue,corolla_hue_sin|corolla_hue_cos,colour,circular_joint,chelsa_sfcwind_mean,mechanical,native_only,native_only,,,True,False,,0.023376171614538966,23823,185,ok,,0.02101770299395892,0.8991080036769931,True,0.0171048032923223,0.0159333331002442,47.03074981606564,0.020287427573523618,0.005492187323034732,74.85204785686673,0.8844075484263658
within_taxon,corolla_hue,corolla_hue_sin|corolla_hue_cos,colour,circular_joint,chelsa_npp,resource_productivity,equal_taxon_weight,equal_total_weight_per_taxon,,,False,True,,0.045742429798566075,40453,203,ok,,0.04113617040839562,0.8993000719363874,True,-0.0335852538633148,-0.0310548000607546,227.24180397058004,-0.0179734908656872,-0.037001866736282675,205.90795580119308,0.9314764699940478
within_taxon,corolla_hue,corolla_hue_sin|corolla_hue_cos,colour,circular_joint,chelsa_npp,resource_productivity,dominant_taxon_omission,omit:Cirsium vulgare,Cirsium vulgare,,False,False,,0.045742429798566075,29314,202,ok,,0.03314998335832717,0.7247097170899817,True,-0.0335852538633148,-0.0310548000607546,227.24180397058004,-0.021037818730320245,-0.025618969138658854,219.3922005401937,0.9906299743664894
within_taxon,corolla_hue,corolla_hue_sin|corolla_hue_cos,colour,circular_joint,chelsa_npp,resource_productivity,dominant_taxon_omission,omit:Cirsium arvense,Cirsium arvense,,False,False,,0.045742429798566075,30027,202,ok,,0.04461668860893022,0.9753895629376657,True,-0.0335852538633148,-0.0310548000607546,227.24180397058004,-0.03484427448973584,-0.02786620601571351,231.34943088705847,0.9974312567255585
within_taxon,corolla_hue,corolla_hue_sin|corolla_hue_cos,colour,circular_joint,chelsa_npp,resource_productivity,dominant_taxon_omission,omit:Cirsium palustre,Cirsium palustre,,False,False,,0.045742429798566075,37413,202,ok,,0.04713584532903351,1.0304622106128503,True,-0.0335852538633148,-0.0310548000607546,227.24180397058004,-0.03155273608984167,-0.03501732085878892,222.02077539905284,0.9958510677717598
within_taxon,corolla_hue,corolla_hue_sin|corolla_hue_cos,colour,circular_joint,chelsa_npp,resource_productivity,dominant_taxon_omission,omit:Cirsium oleraceum,Cirsium oleraceum,,False,False,,0.045742429798566075,38807,202,ok,,0.04700386226617823,1.0275768574858632,True,-0.0335852538633148,-0.0310548000607546,227.24180397058004,-0.03502050855404976,-0.03135166739670446,228.16390720962383,0.9998704986007991
within_taxon,corolla_hue,corolla_hue_sin|corolla_hue_cos,colour,circular_joint,chelsa_npp,resource_productivity,dominant_taxon_omission,omit:Cirsium heterophyllum,Cirsium heterophyllum,,False,False,,0.045742429798566075,38877,202,ok,,0.04528865850182014,0.9900798602360176,True,-0.0335852538633148,-0.0310548000607546,227.24180397058004,-0.03268679072999019,-0.031347030173021394,226.1986076442519,0.9998342533192337
within_taxon,corolla_hue,corolla_hue_sin|corolla_hue_cos,colour,circular_joint,chelsa_npp,resource_productivity,dominant_taxon_omission,omit:Cirsium horridulum,Cirsium horridulum,,False,False,,0.045742429798566075,39246,202,ok,,0.04496052077264253,0.982906263848099,True,-0.0335852538633148,-0.0310548000607546,227.24180397058004,-0.032233251077492746,-0.031344312931096976,225.80105436898288,0.9996838604203049
within_taxon,corolla_hue,corolla_hue_sin|corolla_hue_cos,colour,circular_joint,chelsa_npp,resource_productivity,dominant_taxon_omission,omit:Cirsium discolor,Cirsium discolor,,False,False,,0.045742429798566075,39311,202,ok,,0.04492048869214771,0.9820311008829676,True,-0.0335852538633148,-0.0310548000607546,227.24180397058004,-0.03277139882064881,-0.030722723246472596,226.84804123425852,0.9999763847656957
within_taxon,corolla_hue,corolla_hue_sin|corolla_hue_cos,colour,circular_joint,chelsa_npp,resource_productivity,dominant_taxon_omission,omit:Cirsium undulatum,Cirsium undulatum,,False,False,,0.045742429798566075,39804,202,ok,,0.04779202857303335,1.0448073874407853,True,-0.0335852538633148,-0.0310548000607546,227.24180397058004,-0.03792726019052882,-0.029079218173217177,232.52224866685896,0.9957561666798901
within_taxon,corolla_hue,corolla_hue_sin|corolla_hue_cos,colour,circular_joint,chelsa_npp,resource_productivity,dominant_taxon_omission,omit:Cirsium acaulon,Cirsium acaulon,,False,False,,0.045742429798566075,39865,202,ok,,0.04553020340998086,0.9953604041254522,True,-0.0335852538633148,-0.0310548000607546,227.24180397058004,-0.0339537528754513,-0.030333843940836366,228.22281016560467,0.9998534257671828
within_taxon,corolla_hue,corolla_hue_sin|corolla_hue_cos,colour,circular_joint,chelsa_npp,resource_productivity,dominant_taxon_omission,omit:Cirsium altissimum,Cirsium altissimum,,False,False,,0.045742429798566075,39868,202,ok,,0.04465570012814455,0.9762424148606205,True,-0.0335852538633148,-0.0310548000607546,227.24180397058004,-0.03264847953865672,-0.03046651174238171,226.98000146949346,0.999989560695482
within_taxon,corolla_hue,corolla_hue_sin|corolla_hue_cos,colour,circular_joint,chelsa_npp,resource_productivity,dominant_taxon_omission,omit_top2_joint,Cirsium vulgare|Cirsium arvense,,False,False,,0.045742429798566075,18888,201,ok,,0.019081852826550567,0.4171587060543238,True,-0.0335852538633148,-0.0310548000607546,227.24180397058004,-0.012518250100637182,-0.01440175411927426,220.99772537221057,0.9940675840825012
within_taxon,corolla_hue,corolla_hue_sin|corolla_hue_cos,colour,circular_joint,chelsa_npp,resource_productivity,leave_one_broad_region_out,omit_region:Africa,,Africa,False,False,,0.045742429798566075,40075,203,ok,,0.04584662399313846,1.0022778456463992,True,-0.0335852538633148,-0.0310548000607546,227.24180397058004,-0.033884424171777124,-0.030882984475521555,227.653292506262,0.9999742107713402
within_taxon,corolla_hue,corolla_hue_sin|corolla_hue_cos,colour,circular_joint,chelsa_npp,resource_productivity,leave_one_broad_region_out,omit_region:Asia,,Asia,False,False,,0.045742429798566075,39427,158,ok,,0.04542747228116129,0.9931145433508507,True,-0.0335852538633148,-0.0310548000607546,227.24180397058004,-0.034905601386051574,-0.029073256262994552,230.20871561002977,0.998659592286288
within_taxon,corolla_hue,corolla_hue_sin|corolla_hue_cos,colour,circular_joint,chelsa_npp,resource_productivity,leave_one_broad_region_out,omit_region:Europe,,Europe,False,False,,0.045742429798566075,20139,153,ok,,0.0508287400051788,1.1111945786223225,True,-0.0335852538633148,-0.0310548000607546,227.24180397058004,-0.015256002693123607,-0.048485205912128175,197.46632480167213,0.8679780634608367
within_taxon,corolla_hue,corolla_hue_sin|corolla_hue_cos,colour,circular_joint,chelsa_npp,resource_productivity,leave_one_broad_region_out,omit_region:North America,,North America,False,False,,0.045742429798566075,23354,110,ok,,0.05753389534539041,1.257779606346884,True,-0.0335852538633148,-0.0310548000607546,227.24180397058004,-0.056795180322407816,-0.009190027516798642,260.8086355577408,0.8332414583942681
within_taxon,corolla_hue,corolla_hue_sin|corolla_hue_cos,colour,circular_joint,chelsa_npp,resource_productivity,leave_one_broad_region_out,omit_region:Oceania,,Oceania,False,False,,0.045742429798566075,39393,203,ok,,0.04778458753025966,1.0446447147798346,True,-0.0335852538633148,-0.0310548000607546,227.24180397058004,-0.03432252069115956,-0.033246524312203984,225.91232369599342,0.9997308037227296
within_taxon,corolla_hue,corolla_hue_sin|corolla_hue_cos,colour,circular_joint,chelsa_npp,resource_productivity,leave_one_broad_region_out,omit_region:South America,,South America,False,False,,0.045742429798566075,39871,203,ok,,0.044463978301576404,0.9720510803072873,True,-0.0335852538633148,-0.0310548000607546,227.24180397058004,-0.02948769871590253,-0.033279437958643736,221.54298456696256,0.9950576162626311
within_taxon,corolla_hue,corolla_hue_sin|corolla_hue_cos,colour,circular_joint,chelsa_npp,resource_productivity,native_only,native_only,,,True,False,,0.045742429798566075,23825,185,ok,,0.0365914204365402,0.7999448345371295,True,-0.0335852538633148,-0.0310548000607546,227.24180397058004,-0.03196134953084712,-0.017815840865102895,240.86390490896144,0.9718702259299832
within_taxon,corolla_lab_chroma,corolla_lab_chroma,colour,linear_endpoint,chelsa_vpd_mean,radiative_atmospheric,equal_taxon_weight,equal_total_weight_per_taxon,,,False,True,-0.0289618968396134,0.0289618968396134,40460,203,ok,-0.013318892769683783,0.013318892769683783,0.45987639702750804,True,,,,,,,
within_taxon,corolla_lab_chroma,corolla_lab_chroma,colour,linear_endpoint,chelsa_vpd_mean,radiative_atmospheric,dominant_taxon_omission,omit:Cirsium vulgare,Cirsium vulgare,,False,False,-0.0289618968396134,0.0289618968396134,29319,202,ok,-0.03257132550002817,0.03257132550002817,1.1246268046738526,True,,,,,,,
within_taxon,corolla_lab_chroma,corolla_lab_chroma,colour,linear_endpoint,chelsa_vpd_mean,radiative_atmospheric,dominant_taxon_omission,omit:Cirsium arvense,Cirsium arvense,,False,False,-0.0289618968396134,0.0289618968396134,30034,202,ok,-0.025860293531938756,0.025860293531938756,0.8929074526834049,True,,,,,,,
within_taxon,corolla_lab_chroma,corolla_lab_chroma,colour,linear_endpoint,chelsa_vpd_mean,radiative_atmospheric,dominant_taxon_omission,omit:Cirsium palustre,Cirsium palustre,,False,False,-0.0289618968396134,0.0289618968396134,37419,202,ok,-0.032150728095599025,0.032150728095599025,1.1101043648364914,True,,,,,,,
within_taxon,corolla_lab_chroma,corolla_lab_chroma,colour,linear_endpoint,chelsa_vpd_mean,radiative_atmospheric,dominant_taxon_omission,omit:Cirsium oleraceum,Cirsium oleraceum,,False,False,-0.0289618968396134,0.0289618968396134,38812,202,ok,-0.029541689909458064,0.029541689909458064,1.0200191677035337,True,,,,,,,
within_taxon,corolla_lab_chroma,corolla_lab_chroma,colour,linear_endpoint,chelsa_vpd_mean,radiative_atmospheric,dominant_taxon_omission,omit:Cirsium heterophyllum,Cirsium heterophyllum,,False,False,-0.0289618968396134,0.0289618968396134,38884,202,ok,-0.02964778352335219,0.02964778352335219,1.023682381286596,True,,,,,,,
within_taxon,corolla_lab_chroma,corolla_lab_chroma,colour,linear_endpoint,chelsa_vpd_mean,radiative_atmospheric,dominant_taxon_omission,omit:Cirsium horridulum,Cirsium horridulum,,False,False,-0.0289618968396134,0.0289618968396134,39253,202,ok,-0.027092506510615302,0.027092506510615302,0.9354534566796333,True,,,,,,,
within_taxon,corolla_lab_chroma,corolla_lab_chroma,colour,linear_endpoint,chelsa_vpd_mean,radiative_atmospheric,dominant_taxon_omission,omit:Cirsium discolor,Cirsium discolor,,False,False,-0.0289618968396134,0.0289618968396134,39318,202,ok,-0.029753995069934078,0.029753995069934078,1.0273496668642663,True,,,,,,,
within_taxon,corolla_lab_chroma,corolla_lab_chroma,colour,linear_endpoint,chelsa_vpd_mean,radiative_atmospheric,dominant_taxon_omission,omit:Cirsium undulatum,Cirsium undulatum,,False,False,-0.0289618968396134,0.0289618968396134,39811,202,ok,-0.02614637662336313,0.02614637662336313,0.9027853654806454,True,,,,,,,
within_taxon,corolla_lab_chroma,corolla_lab_chroma,colour,linear_endpoint,chelsa_vpd_mean,radiative_atmospheric,dominant_taxon_omission,omit:Cirsium acaulon,Cirsium acaulon,,False,False,-0.0289618968396134,0.0289618968396134,39872,202,ok,-0.028741093435165732,0.028741093435165732,0.9923760724074654,True,,,,,,,
within_taxon,corolla_lab_chroma,corolla_lab_chroma,colour,linear_endpoint,chelsa_vpd_mean,radiative_atmospheric,dominant_taxon_omission,omit:Cirsium altissimum,Cirsium altissimum,,False,False,-0.0289618968396134,0.0289618968396134,39875,202,ok,-0.02871327239057379,0.02871327239057379,0.9914154638967035,True,,,,,,,
within_taxon,corolla_lab_chroma,corolla_lab_chroma,colour,linear_endpoint,chelsa_vpd_mean,radiative_atmospheric,dominant_taxon_omission,omit_top2_joint,Cirsium vulgare|Cirsium arvense,,False,False,-0.0289618968396134,0.0289618968396134,18893,201,ok,-0.027961123234602814,0.027961123234602814,0.9654451636730591,True,,,,,,,
within_taxon,corolla_lab_chroma,corolla_lab_chroma,colour,linear_endpoint,chelsa_vpd_mean,radiative_atmospheric,leave_one_broad_region_out,omit_region:Africa,,Africa,False,False,-0.0289618968396134,0.0289618968396134,40082,203,ok,-0.026856073732224275,0.026856073732224275,0.9272898761068429,True,,,,,,,
within_taxon,corolla_lab_chroma,corolla_lab_chroma,colour,linear_endpoint,chelsa_vpd_mean,radiative_atmospheric,leave_one_broad_region_out,omit_region:Asia,,Asia,False,False,-0.0289618968396134,0.0289618968396134,39434,158,ok,-0.02784043699039124,0.02784043699039124,0.9612780939234528,True,,,,,,,
within_taxon,corolla_lab_chroma,corolla_lab_chroma,colour,linear_endpoint,chelsa_vpd_mean,radiative_atmospheric,leave_one_broad_region_out,omit_region:Europe,,Europe,False,False,-0.0289618968396134,0.0289618968396134,20141,153,ok,-0.0505797521630559,0.0505797521630559,1.7464240150829522,True,,,,,,,
within_taxon,corolla_lab_chroma,corolla_lab_chroma,colour,linear_endpoint,chelsa_vpd_mean,radiative_atmospheric,leave_one_broad_region_out,omit_region:North America,,North America,False,False,-0.0289618968396134,0.0289618968396134,23360,110,ok,-0.02246443344332004,0.02246443344332004,0.7756547703945177,True,,,,,,,
within_taxon,corolla_lab_chroma,corolla_lab_chroma,colour,linear_endpoint,chelsa_vpd_mean,radiative_atmospheric,leave_one_broad_region_out,omit_region:Oceania,,Oceania,False,False,-0.0289618968396134,0.0289618968396134,39399,203,ok,-0.025947043514081957,0.025947043514081957,0.8959027669276206,True,,,,,,,
within_taxon,corolla_lab_chroma,corolla_lab_chroma,colour,linear_endpoint,chelsa_vpd_mean,radiative_atmospheric,leave_one_broad_region_out,omit_region:South America,,South America,False,False,-0.0289618968396134,0.0289618968396134,39878,203,ok,-0.031787973744440964,0.031787973744440964,1.0975791371842096,True,,,,,,,
within_taxon,corolla_lab_chroma,corolla_lab_chroma,colour,linear_endpoint,chelsa_vpd_mean,radiative_atmospheric,native_only,native_only,,,True,False,-0.0289618968396134,0.0289618968396134,23831,185,ok,-0.035874187034059604,0.035874187034059604,1.2386684212268768,True,,,,,,,
within_taxon,involucre_surface_specular_fraction,involucre_surface_specular_fraction,exudate,linear_endpoint,chelsa_gsp,growing_season_water_input,equal_taxon_weight,equal_total_weight_per_taxon,,,False,True,-0.0279537532448324,0.0279537532448324,873,49,ok,-0.04241008226153258,0.04241008226153258,1.5171516286233449,True,,,,,,,
within_taxon,involucre_surface_specular_fraction,involucre_surface_specular_fraction,exudate,linear_endpoint,chelsa_gsp,growing_season_water_input,dominant_taxon_omission,omit:Cirsium vulgare,Cirsium vulgare,,False,False,-0.0279537532448324,0.0279537532448324,651,48,ok,-0.029080523149010138,0.029080523149010138,1.04030835839141,True,,,,,,,
within_taxon,involucre_surface_specular_fraction,involucre_surface_specular_fraction,exudate,linear_endpoint,chelsa_gsp,growing_season_water_input,dominant_taxon_omission,omit:Cirsium arvense,Cirsium arvense,,False,False,-0.0279537532448324,0.0279537532448324,641,48,ok,-0.03807022428639105,0.03807022428639105,1.3619002769665218,True,,,,,,,
within_taxon,involucre_surface_specular_fraction,involucre_surface_specular_fraction,exudate,linear_endpoint,chelsa_gsp,growing_season_water_input,dominant_taxon_omission,omit:Cirsium palustre,Cirsium palustre,,False,False,-0.0279537532448324,0.0279537532448324,805,48,ok,-0.02796522824706511,0.02796522824706511,1.0004104995179792,True,,,,,,,
within_taxon,involucre_surface_specular_fraction,involucre_surface_specular_fraction,exudate,linear_endpoint,chelsa_gsp,growing_season_water_input,dominant_taxon_omission,omit:Cirsium oleraceum,Cirsium oleraceum,,False,False,-0.0279537532448324,0.0279537532448324,792,48,ok,-0.02796457899110808,0.02796457899110808,1.0003872734434216,True,,,,,,,
within_taxon,involucre_surface_specular_fraction,involucre_surface_specular_fraction,exudate,linear_endpoint,chelsa_gsp,growing_season_water_input,dominant_taxon_omission,omit:Cirsium heterophyllum,Cirsium heterophyllum,,False,False,-0.0279537532448324,0.0279537532448324,839,48,ok,-0.027962634542645054,0.027962634542645054,1.0003177139661665,True,,,,,,,
within_taxon,involucre_surface_specular_fraction,involucre_surface_specular_fraction,exudate,linear_endpoint,chelsa_gsp,growing_season_water_input,dominant_taxon_omission,omit:Cirsium horridulum,Cirsium horridulum,,False,False,-0.0279537532448324,0.0279537532448324,854,48,ok,-0.02796712990297857,0.02796712990297857,1.0004785281614605,True,,,,,,,
within_taxon,involucre_surface_specular_fraction,involucre_surface_specular_fraction,exudate,linear_endpoint,chelsa_gsp,growing_season_water_input,dominant_taxon_omission,omit:Cirsium discolor,Cirsium discolor,,False,False,-0.0279537532448324,0.0279537532448324,847,48,ok,-0.027981103163194285,0.027981103163194285,1.0009783987904,True,,,,,,,
within_taxon,involucre_surface_specular_fraction,involucre_surface_specular_fraction,exudate,linear_endpoint,chelsa_gsp,growing_season_water_input,dominant_taxon_omission,omit:Cirsium undulatum,Cirsium undulatum,,False,False,-0.0279537532448324,0.0279537532448324,860,48,ok,-0.029856045566664418,0.029856045566664418,1.0680514099545355,True,,,,,,,
within_taxon,involucre_surface_specular_fraction,involucre_surface_specular_fraction,exudate,linear_endpoint,chelsa_gsp,growing_season_water_input,dominant_taxon_omission,omit:Cirsium acaulon,Cirsium acaulon,,False,False,-0.0279537532448324,0.0279537532448324,867,48,ok,-0.028533563402722454,0.028533563402722454,1.0207417641850023,True,,,,,,,
within_taxon,involucre_surface_specular_fraction,involucre_surface_specular_fraction,exudate,linear_endpoint,chelsa_gsp,growing_season_water_input,dominant_taxon_omission,omit:Cirsium altissimum,Cirsium altissimum,,False,False,-0.0279537532448324,0.0279537532448324,857,48,ok,-0.027953905822237318,0.027953905822237318,1.0000054582081905,True,,,,,,,
within_taxon,involucre_surface_specular_fraction,involucre_surface_specular_fraction,exudate,linear_endpoint,chelsa_gsp,growing_season_water_input,dominant_taxon_omission,omit_top2_joint,Cirsium vulgare|Cirsium arvense,,False,False,-0.0279537532448324,0.0279537532448324,419,47,ok,-0.041075275656692875,0.041075275656692875,1.469401096050891,True,,,,,,,
within_taxon,involucre_surface_specular_fraction,involucre_surface_specular_fraction,exudate,linear_endpoint,chelsa_gsp,growing_season_water_input,leave_one_broad_region_out,omit_region:Africa,,Africa,False,False,-0.0279537532448324,0.0279537532448324,867,49,ok,-0.02795404730807885,0.02795404730807885,1.0000105196337634,True,,,,,,,
within_taxon,involucre_surface_specular_fraction,involucre_surface_specular_fraction,exudate,linear_endpoint,chelsa_gsp,growing_season_water_input,leave_one_broad_region_out,omit_region:Asia,,Asia,False,False,-0.0279537532448324,0.0279537532448324,855,46,ok,-0.027955566533352145,0.027955566533352145,1.0000648674438766,True,,,,,,,
within_taxon,involucre_surface_specular_fraction,involucre_surface_specular_fraction,exudate,linear_endpoint,chelsa_gsp,growing_season_water_input,leave_one_broad_region_out,omit_region:Europe,,Europe,False,False,-0.0279537532448324,0.0279537532448324,390,30,ok,-0.04873162154104187,0.04873162154104187,1.7432944018009644,True,,,,,,,
within_taxon,involucre_surface_specular_fraction,involucre_surface_specular_fraction,exudate,linear_endpoint,chelsa_gsp,growing_season_water_input,leave_one_broad_region_out,omit_region:North America,,North America,False,False,-0.0279537532448324,0.0279537532448324,549,25,ok,0.0408009384935196,0.0408009384935196,1.4595871307929702,False,,,,,,,
within_taxon,involucre_surface_specular_fraction,involucre_surface_specular_fraction,exudate,linear_endpoint,chelsa_gsp,growing_season_water_input,leave_one_broad_region_out,omit_region:Oceania,,Oceania,False,False,-0.0279537532448324,0.0279537532448324,841,49,ok,-0.027956604892160536,0.027956604892160536,1.0001020130392926,True,,,,,,,
within_taxon,involucre_surface_specular_fraction,involucre_surface_specular_fraction,exudate,linear_endpoint,chelsa_gsp,growing_season_water_input,leave_one_broad_region_out,omit_region:South America,,South America,False,False,-0.0279537532448324,0.0279537532448324,861,49,ok,-0.02795429919129191,0.02795429919129191,1.0000195303455222,True,,,,,,,
within_taxon,involucre_surface_specular_fraction,involucre_surface_specular_fraction,exudate,linear_endpoint,chelsa_gsp,growing_season_water_input,native_only,native_only,,,True,False,-0.0279537532448324,0.0279537532448324,537,44,ok,-0.03386644279517322,0.03386644279517322,1.211516839923235,True,,,,,,,
within_taxon,involucre_surface_edge_density,involucre_surface_edge_density,indumentum,linear_endpoint,chelsa_bio01,thermal,equal_taxon_weight,equal_total_weight_per_taxon,,,False,True,0.0708014392838451,0.0708014392838451,873,49,ok,0.10407291676028947,0.10407291676028947,1.4699265694735106,True,,,,,,,
within_taxon,involucre_surface_edge_density,involucre_surface_edge_density,indumentum,linear_endpoint,chelsa_bio01,thermal,dominant_taxon_omission,omit:Cirsium vulgare,Cirsium vulgare,,False,False,0.0708014392838451,0.0708014392838451,651,48,ok,0.06901689550740096,0.06901689550740096,0.9747950918160033,True,,,,,,,
within_taxon,involucre_surface_edge_density,involucre_surface_edge_density,indumentum,linear_endpoint,chelsa_bio01,thermal,dominant_taxon_omission,omit:Cirsium arvense,Cirsium arvense,,False,False,0.0708014392838451,0.0708014392838451,641,48,ok,0.06639360318787624,0.06639360318787624,0.937743693623265,True,,,,,,,
within_taxon,involucre_surface_edge_density,involucre_surface_edge_density,indumentum,linear_endpoint,chelsa_bio01,thermal,dominant_taxon_omission,omit:Cirsium palustre,Cirsium palustre,,False,False,0.0708014392838451,0.0708014392838451,805,48,ok,0.07113267199104996,0.07113267199104996,1.0046783329626527,True,,,,,,,
within_taxon,involucre_surface_edge_density,involucre_surface_edge_density,indumentum,linear_endpoint,chelsa_bio01,thermal,dominant_taxon_omission,omit:Cirsium oleraceum,Cirsium oleraceum,,False,False,0.0708014392838451,0.0708014392838451,792,48,ok,0.08644615014682304,0.08644615014682304,1.2209660004263165,True,,,,,,,
within_taxon,involucre_surface_edge_density,involucre_surface_edge_density,indumentum,linear_endpoint,chelsa_bio01,thermal,dominant_taxon_omission,omit:Cirsium heterophyllum,Cirsium heterophyllum,,False,False,0.0708014392838451,0.0708014392838451,839,48,ok,0.07031835277632131,0.07031835277632131,0.9931768829502594,True,,,,,,,
within_taxon,involucre_surface_edge_density,involucre_surface_edge_density,indumentum,linear_endpoint,chelsa_bio01,thermal,dominant_taxon_omission,omit:Cirsium horridulum,Cirsium horridulum,,False,False,0.0708014392838451,0.0708014392838451,854,48,ok,0.06714602402035647,0.06714602402035647,0.9483708904725233,True,,,,,,,
within_taxon,involucre_surface_edge_density,involucre_surface_edge_density,indumentum,linear_endpoint,chelsa_bio01,thermal,dominant_taxon_omission,omit:Cirsium discolor,Cirsium discolor,,False,False,0.0708014392838451,0.0708014392838451,847,48,ok,0.08337178177115431,0.08337178177115431,1.1775436010123232,True,,,,,,,
within_taxon,involucre_surface_edge_density,involucre_surface_edge_density,indumentum,linear_endpoint,chelsa_bio01,thermal,dominant_taxon_omission,omit:Cirsium undulatum,Cirsium undulatum,,False,False,0.0708014392838451,0.0708014392838451,860,48,ok,0.07122113347159346,0.07122113347159346,1.0059277635030244,True,,,,,,,
within_taxon,involucre_surface_edge_density,involucre_surface_edge_density,indumentum,linear_endpoint,chelsa_bio01,thermal,dominant_taxon_omission,omit:Cirsium acaulon,Cirsium acaulon,,False,False,0.0708014392838451,0.0708014392838451,867,48,ok,0.07332028624038164,0.07332028624038164,1.0355762111902616,True,,,,,,,
within_taxon,involucre_surface_edge_density,involucre_surface_edge_density,indumentum,linear_endpoint,chelsa_bio01,thermal,dominant_taxon_omission,omit:Cirsium altissimum,Cirsium altissimum,,False,False,0.0708014392838451,0.0708014392838451,857,48,ok,0.06437690520443562,0.06437690520443562,0.909259837873446,True,,,,,,,
within_taxon,involucre_surface_edge_density,involucre_surface_edge_density,indumentum,linear_endpoint,chelsa_bio01,thermal,dominant_taxon_omission,omit_top2_joint,Cirsium vulgare|Cirsium arvense,,False,False,0.0708014392838451,0.0708014392838451,419,47,ok,0.06071307422573534,0.06071307422573534,0.8575118647282692,True,,,,,,,
within_taxon,involucre_surface_edge_density,involucre_surface_edge_density,indumentum,linear_endpoint,chelsa_bio01,thermal,leave_one_broad_region_out,omit_region:Africa,,Africa,False,False,0.0708014392838451,0.0708014392838451,867,49,ok,0.07028845723724197,0.07028845723724197,0.9927546381571911,True,,,,,,,
within_taxon,involucre_surface_edge_density,involucre_surface_edge_density,indumentum,linear_endpoint,chelsa_bio01,thermal,leave_one_broad_region_out,omit_region:Asia,,Asia,False,False,0.0708014392838451,0.0708014392838451,855,46,ok,0.06554598687172306,0.06554598687172306,0.9257719551285847,True,,,,,,,
within_taxon,involucre_surface_edge_density,involucre_surface_edge_density,indumentum,linear_endpoint,chelsa_bio01,thermal,leave_one_broad_region_out,omit_region:Europe,,Europe,False,False,0.0708014392838451,0.0708014392838451,390,30,ok,0.07162945825675607,0.07162945825675607,1.0116949454882043,True,,,,,,,
within_taxon,involucre_surface_edge_density,involucre_surface_edge_density,indumentum,linear_endpoint,chelsa_bio01,thermal,leave_one_broad_region_out,omit_region:North America,,North America,False,False,0.0708014392838451,0.0708014392838451,549,25,ok,0.07993898489664147,0.07993898489664147,1.1290587550934337,True,,,,,,,
within_taxon,involucre_surface_edge_density,involucre_surface_edge_density,indumentum,linear_endpoint,chelsa_bio01,thermal,leave_one_broad_region_out,omit_region:Oceania,,Oceania,False,False,0.0708014392838451,0.0708014392838451,841,49,ok,0.06421854127284933,0.06421854127284933,0.9070231046489785,True,,,,,,,
within_taxon,involucre_surface_edge_density,involucre_surface_edge_density,indumentum,linear_endpoint,chelsa_bio01,thermal,leave_one_broad_region_out,omit_region:South America,,South America,False,False,0.0708014392838451,0.0708014392838451,861,49,ok,0.07448850245799646,0.07448850245799646,1.05207610482846,True,,,,,,,
within_taxon,involucre_surface_edge_density,involucre_surface_edge_density,indumentum,linear_endpoint,chelsa_bio01,thermal,native_only,native_only,,,True,False,0.0708014392838451,0.0708014392838451,537,44,ok,0.12100108811095986,0.12100108811095986,1.7090201743761573,True,,,,,,,
within_taxon,involucre_surface_edge_density,involucre_surface_edge_density,indumentum,linear_endpoint,chelsa_gsp,growing_season_water_input,equal_taxon_weight,equal_total_weight_per_taxon,,,False,True,-0.0092874979971358,0.0092874979971358,873,49,ok,-0.021169702291778073,0.021169702291778073,2.2793762430211735,True,,,,,,,
within_taxon,involucre_surface_edge_density,involucre_surface_edge_density,indumentum,linear_endpoint,chelsa_gsp,growing_season_water_input,dominant_taxon_omission,omit:Cirsium vulgare,Cirsium vulgare,,False,False,-0.0092874979971358,0.0092874979971358,651,48,ok,-0.010650800051775478,0.010650800051775478,1.146788947363446,True,,,,,,,
within_taxon,involucre_surface_edge_density,involucre_surface_edge_density,indumentum,linear_endpoint,chelsa_gsp,growing_season_water_input,dominant_taxon_omission,omit:Cirsium arvense,Cirsium arvense,,False,False,-0.0092874979971358,0.0092874979971358,641,48,ok,-0.010787177825591559,0.010787177825591559,1.1614729638615535,True,,,,,,,
within_taxon,involucre_surface_edge_density,involucre_surface_edge_density,indumentum,linear_endpoint,chelsa_gsp,growing_season_water_input,dominant_taxon_omission,omit:Cirsium palustre,Cirsium palustre,,False,False,-0.0092874979971358,0.0092874979971358,805,48,ok,-0.009646372632030428,0.009646372632030428,1.0386406150510399,True,,,,,,,
within_taxon,involucre_surface_edge_density,involucre_surface_edge_density,indumentum,linear_endpoint,chelsa_gsp,growing_season_water_input,dominant_taxon_omission,omit:Cirsium oleraceum,Cirsium oleraceum,,False,False,-0.0092874979971358,0.0092874979971358,792,48,ok,-0.009892527332615347,0.009892527332615347,1.0651444916237003,True,,,,,,,
within_taxon,involucre_surface_edge_density,involucre_surface_edge_density,indumentum,linear_endpoint,chelsa_gsp,growing_season_water_input,dominant_taxon_omission,omit:Cirsium heterophyllum,Cirsium heterophyllum,,False,False,-0.0092874979971358,0.0092874979971358,839,48,ok,-0.009472651228613694,0.009472651228613694,1.0199357492766077,True,,,,,,,
within_taxon,involucre_surface_edge_density,involucre_surface_edge_density,indumentum,linear_endpoint,chelsa_gsp,growing_season_water_input,dominant_taxon_omission,omit:Cirsium horridulum,Cirsium horridulum,,False,False,-0.0092874979971358,0.0092874979971358,854,48,ok,-0.009456674690206493,0.009456674690206493,1.0182155294270714,True,,,,,,,
within_taxon,involucre_surface_edge_density,involucre_surface_edge_density,indumentum,linear_endpoint,chelsa_gsp,growing_season_water_input,dominant_taxon_omission,omit:Cirsium discolor,Cirsium discolor,,False,False,-0.0092874979971358,0.0092874979971358,847,48,ok,-0.009405293352269176,0.009405293352269176,1.0126832172851832,True,,,,,,,
within_taxon,involucre_surface_edge_density,involucre_surface_edge_density,indumentum,linear_endpoint,chelsa_gsp,growing_season_water_input,dominant_taxon_omission,omit:Cirsium undulatum,Cirsium undulatum,,False,False,-0.0092874979971358,0.0092874979971358,860,48,ok,-0.009394232391240005,0.009394232391240005,1.0114922656389396,True,,,,,,,
within_taxon,involucre_surface_edge_density,involucre_surface_edge_density,indumentum,linear_endpoint,chelsa_gsp,growing_season_water_input,dominant_taxon_omission,omit:Cirsium acaulon,Cirsium acaulon,,False,False,-0.0092874979971358,0.0092874979971358,867,48,ok,-0.009339624072157033,0.009339624072157033,1.005612499193788,True,,,,,,,
within_taxon,involucre_surface_edge_density,involucre_surface_edge_density,indumentum,linear_endpoint,chelsa_gsp,growing_season_water_input,dominant_taxon_omission,omit:Cirsium altissimum,Cirsium altissimum,,False,False,-0.0092874979971358,0.0092874979971358,857,48,ok,-0.009390425420416125,0.009390425420416125,1.0110823629046344,True,,,,,,,
within_taxon,involucre_surface_edge_density,involucre_surface_edge_density,indumentum,linear_endpoint,chelsa_gsp,growing_season_water_input,dominant_taxon_omission,omit_top2_joint,Cirsium vulgare|Cirsium arvense,,False,False,-0.0092874979971358,0.0092874979971358,419,47,ok,-0.013112265106066051,0.013112265106066051,1.4118188892325774,True,,,,,,,
within_taxon,involucre_surface_edge_density,involucre_surface_edge_density,indumentum,linear_endpoint,chelsa_gsp,growing_season_water_input,leave_one_broad_region_out,omit_region:Africa,,Africa,False,False,-0.0092874979971358,0.0092874979971358,867,49,ok,-0.009317280257593687,0.009317280257593687,1.0032067043747488,True,,,,,,,
within_taxon,involucre_surface_edge_density,involucre_surface_edge_density,indumentum,linear_endpoint,chelsa_gsp,growing_season_water_input,leave_one_broad_region_out,omit_region:Asia,,Asia,False,False,-0.0092874979971358,0.0092874979971358,855,46,ok,-0.009371906162736383,0.009371906162736383,1.0090883643395254,True,,,,,,,
within_taxon,involucre_surface_edge_density,involucre_surface_edge_density,indumentum,linear_endpoint,chelsa_gsp,growing_season_water_input,leave_one_broad_region_out,omit_region:Europe,,Europe,False,False,-0.0092874979971358,0.0092874979971358,390,30,ok,-0.013948405569462186,0.013948405569462186,1.501847491516421,True,,,,,,,
within_taxon,involucre_surface_edge_density,involucre_surface_edge_density,indumentum,linear_endpoint,chelsa_gsp,growing_season_water_input,leave_one_broad_region_out,omit_region:North America,,North America,False,False,-0.0092874979971358,0.0092874979971358,549,25,ok,0.018331716537045135,0.018331716537045135,1.9738057055515392,False,,,,,,,
within_taxon,involucre_surface_edge_density,involucre_surface_edge_density,indumentum,linear_endpoint,chelsa_gsp,growing_season_water_input,leave_one_broad_region_out,omit_region:Oceania,,Oceania,False,False,-0.0092874979971358,0.0092874979971358,841,49,ok,-0.00941990204727195,0.00941990204727195,1.0142561592128452,True,,,,,,,
within_taxon,involucre_surface_edge_density,involucre_surface_edge_density,indumentum,linear_endpoint,chelsa_gsp,growing_season_water_input,leave_one_broad_region_out,omit_region:South America,,South America,False,False,-0.0092874979971358,0.0092874979971358,861,49,ok,-0.00933444995618217,0.00933444995618217,1.0050553937196918,True,,,,,,,
within_taxon,involucre_surface_edge_density,involucre_surface_edge_density,indumentum,linear_endpoint,chelsa_gsp,growing_season_water_input,native_only,native_only,,,True,False,-0.0092874979971358,0.0092874979971358,537,44,ok,-0.011762031784935588,0.011762031784935588,1.2664370736405992,True,,,,,,,
within_taxon,involucre_surface_high_frequency_energy,involucre_surface_high_frequency_energy,indumentum,linear_endpoint,chelsa_bio01,thermal,equal_taxon_weight,equal_total_weight_per_taxon,,,False,True,0.0825048238564478,0.0825048238564478,873,49,ok,0.1030639495131718,0.1030639495131718,1.2491869529046609,True,,,,,,,
within_taxon,involucre_surface_high_frequency_energy,involucre_surface_high_frequency_energy,indumentum,linear_endpoint,chelsa_bio01,thermal,dominant_taxon_omission,omit:Cirsium vulgare,Cirsium vulgare,,False,False,0.0825048238564478,0.0825048238564478,651,48,ok,0.0784843223108595,0.0784843223108595,0.9512694972528676,True,,,,,,,
within_taxon,involucre_surface_high_frequency_energy,involucre_surface_high_frequency_energy,indumentum,linear_endpoint,chelsa_bio01,thermal,dominant_taxon_omission,omit:Cirsium arvense,Cirsium arvense,,False,False,0.0825048238564478,0.0825048238564478,641,48,ok,0.0714322388286637,0.0714322388286637,0.865794695264733,True,,,,,,,
within_taxon,involucre_surface_high_frequency_energy,involucre_surface_high_frequency_energy,indumentum,linear_endpoint,chelsa_bio01,thermal,dominant_taxon_omission,omit:Cirsium palustre,Cirsium palustre,,False,False,0.0825048238564478,0.0825048238564478,805,48,ok,0.0781443321503224,0.0781443321503224,0.9471486453481517,True,,,,,,,
within_taxon,involucre_surface_high_frequency_energy,involucre_surface_high_frequency_energy,indumentum,linear_endpoint,chelsa_bio01,thermal,dominant_taxon_omission,omit:Cirsium oleraceum,Cirsium oleraceum,,False,False,0.0825048238564478,0.0825048238564478,792,48,ok,0.10428772577473347,0.10428772577473347,1.2640197372724082,True,,,,,,,
within_taxon,involucre_surface_high_frequency_energy,involucre_surface_high_frequency_energy,indumentum,linear_endpoint,chelsa_bio01,thermal,dominant_taxon_omission,omit:Cirsium heterophyllum,Cirsium heterophyllum,,False,False,0.0825048238564478,0.0825048238564478,839,48,ok,0.08390735416629809,0.08390735416629809,1.016999373421978,True,,,,,,,
within_taxon,involucre_surface_high_frequency_energy,involucre_surface_high_frequency_energy,indumentum,linear_endpoint,chelsa_bio01,thermal,dominant_taxon_omission,omit:Cirsium horridulum,Cirsium horridulum,,False,False,0.0825048238564478,0.0825048238564478,854,48,ok,0.07949825536888272,0.07949825536888272,0.9635588763537476,True,,,,,,,
within_taxon,involucre_surface_high_frequency_energy,involucre_surface_high_frequency_energy,indumentum,linear_endpoint,chelsa_bio01,thermal,dominant_taxon_omission,omit:Cirsium discolor,Cirsium discolor,,False,False,0.0825048238564478,0.0825048238564478,847,48,ok,0.09091000809308677,0.09091000809308677,1.1018750643145832,True,,,,,,,
within_taxon,involucre_surface_high_frequency_energy,involucre_surface_high_frequency_energy,indumentum,linear_endpoint,chelsa_bio01,thermal,dominant_taxon_omission,omit:Cirsium undulatum,Cirsium undulatum,,False,False,0.0825048238564478,0.0825048238564478,860,48,ok,0.08409452248472568,0.08409452248472568,1.0192679476662339,True,,,,,,,
within_taxon,involucre_surface_high_frequency_energy,involucre_surface_high_frequency_energy,indumentum,linear_endpoint,chelsa_bio01,thermal,dominant_taxon_omission,omit:Cirsium acaulon,Cirsium acaulon,,False,False,0.0825048238564478,0.0825048238564478,867,48,ok,0.08348180242321344,0.08348180242321344,1.0118414720630822,True,,,,,,,
within_taxon,involucre_surface_high_frequency_energy,involucre_surface_high_frequency_energy,indumentum,linear_endpoint,chelsa_bio01,thermal,dominant_taxon_omission,omit:Cirsium altissimum,Cirsium altissimum,,False,False,0.0825048238564478,0.0825048238564478,857,48,ok,0.07949687634947049,0.07949687634947049,0.9635421619442407,True,,,,,,,
within_taxon,involucre_surface_high_frequency_energy,involucre_surface_high_frequency_energy,indumentum,linear_endpoint,chelsa_bio01,thermal,dominant_taxon_omission,omit_top2_joint,Cirsium vulgare|Cirsium arvense,,False,False,0.0825048238564478,0.0825048238564478,419,47,ok,0.05324720679603396,0.05324720679603396,0.6453829522584049,True,,,,,,,
within_taxon,involucre_surface_high_frequency_energy,involucre_surface_high_frequency_energy,indumentum,linear_endpoint,chelsa_bio01,thermal,leave_one_broad_region_out,omit_region:Africa,,Africa,False,False,0.0825048238564478,0.0825048238564478,867,49,ok,0.07927274349736167,0.07927274349736167,0.960825558942957,True,,,,,,,
within_taxon,involucre_surface_high_frequency_energy,involucre_surface_high_frequency_energy,indumentum,linear_endpoint,chelsa_bio01,thermal,leave_one_broad_region_out,omit_region:Asia,,Asia,False,False,0.0825048238564478,0.0825048238564478,855,46,ok,0.08282615223086648,0.08282615223086648,1.0038946616621807,True,,,,,,,
within_taxon,involucre_surface_high_frequency_energy,involucre_surface_high_frequency_energy,indumentum,linear_endpoint,chelsa_bio01,thermal,leave_one_broad_region_out,omit_region:Europe,,Europe,False,False,0.0825048238564478,0.0825048238564478,390,30,ok,0.11950756958023234,0.11950756958023234,1.4484919062207384,True,,,,,,,
within_taxon,involucre_surface_high_frequency_energy,involucre_surface_high_frequency_energy,indumentum,linear_endpoint,chelsa_bio01,thermal,leave_one_broad_region_out,omit_region:North America,,North America,False,False,0.0825048238564478,0.0825048238564478,549,25,ok,0.04458036724948906,0.04458036724948906,0.5403364938643532,True,,,,,,,
within_taxon,involucre_surface_high_frequency_energy,involucre_surface_high_frequency_energy,indumentum,linear_endpoint,chelsa_bio01,thermal,leave_one_broad_region_out,omit_region:Oceania,,Oceania,False,False,0.0825048238564478,0.0825048238564478,841,49,ok,0.07983884063024636,0.07983884063024636,0.967686941180069,True,,,,,,,
within_taxon,involucre_surface_high_frequency_energy,involucre_surface_high_frequency_energy,indumentum,linear_endpoint,chelsa_bio01,thermal,leave_one_broad_region_out,omit_region:South America,,South America,False,False,0.0825048238564478,0.0825048238564478,861,49,ok,0.09023731707679535,0.09023731707679535,1.093721710548725,True,,,,,,,
within_taxon,involucre_surface_high_frequency_energy,involucre_surface_high_frequency_energy,indumentum,linear_endpoint,chelsa_bio01,thermal,native_only,native_only,,,True,False,0.0825048238564478,0.0825048238564478,537,44,ok,0.06298123282637241,0.06298123282637241,0.7633642480826942,True,,,,,,,
within_taxon,involucre_surface_high_frequency_energy,involucre_surface_high_frequency_energy,indumentum,linear_endpoint,chelsa_vpd_mean,radiative_atmospheric,equal_taxon_weight,equal_total_weight_per_taxon,,,False,True,0.0774942761238086,0.0774942761238086,873,49,ok,0.10624922227349319,0.10624922227349319,1.3710589683261805,True,,,,,,,
within_taxon,involucre_surface_high_frequency_energy,involucre_surface_high_frequency_energy,indumentum,linear_endpoint,chelsa_vpd_mean,radiative_atmospheric,dominant_taxon_omission,omit:Cirsium vulgare,Cirsium vulgare,,False,False,0.0774942761238086,0.0774942761238086,651,48,ok,0.0894747901093796,0.0894747901093796,1.154598695346613,True,,,,,,,
within_taxon,involucre_surface_high_frequency_energy,involucre_surface_high_frequency_energy,indumentum,linear_endpoint,chelsa_vpd_mean,radiative_atmospheric,dominant_taxon_omission,omit:Cirsium arvense,Cirsium arvense,,False,False,0.0774942761238086,0.0774942761238086,641,48,ok,0.06959632620653344,0.06959632620653344,0.8980834416124229,True,,,,,,,
within_taxon,involucre_surface_high_frequency_energy,involucre_surface_high_frequency_energy,indumentum,linear_endpoint,chelsa_vpd_mean,radiative_atmospheric,dominant_taxon_omission,omit:Cirsium palustre,Cirsium palustre,,False,False,0.0774942761238086,0.0774942761238086,805,48,ok,0.07557788782409007,0.07557788782409007,0.9752705826084908,True,,,,,,,
within_taxon,involucre_surface_high_frequency_energy,involucre_surface_high_frequency_energy,indumentum,linear_endpoint,chelsa_vpd_mean,radiative_atmospheric,dominant_taxon_omission,omit:Cirsium oleraceum,Cirsium oleraceum,,False,False,0.0774942761238086,0.0774942761238086,792,48,ok,0.08760867719395303,0.08760867719395303,1.130518040506439,True,,,,,,,
within_taxon,involucre_surface_high_frequency_energy,involucre_surface_high_frequency_energy,indumentum,linear_endpoint,chelsa_vpd_mean,radiative_atmospheric,dominant_taxon_omission,omit:Cirsium heterophyllum,Cirsium heterophyllum,,False,False,0.0774942761238086,0.0774942761238086,839,48,ok,0.07844627502646309,0.07844627502646309,1.0122847641177204,True,,,,,,,
within_taxon,involucre_surface_high_frequency_energy,involucre_surface_high_frequency_energy,indumentum,linear_endpoint,chelsa_vpd_mean,radiative_atmospheric,dominant_taxon_omission,omit:Cirsium horridulum,Cirsium horridulum,,False,False,0.0774942761238086,0.0774942761238086,854,48,ok,0.07448829108397073,0.07448829108397073,0.9612102313848914,True,,,,,,,
within_taxon,involucre_surface_high_frequency_energy,involucre_surface_high_frequency_energy,indumentum,linear_endpoint,chelsa_vpd_mean,radiative_atmospheric,dominant_taxon_omission,omit:Cirsium discolor,Cirsium discolor,,False,False,0.0774942761238086,0.0774942761238086,847,48,ok,0.08593072669534338,0.08593072669534338,1.1088654671482614,True,,,,,,,
within_taxon,involucre_surface_high_frequency_energy,involucre_surface_high_frequency_energy,indumentum,linear_endpoint,chelsa_vpd_mean,radiative_atmospheric,dominant_taxon_omission,omit:Cirsium undulatum,Cirsium undulatum,,False,False,0.0774942761238086,0.0774942761238086,860,48,ok,0.08046252502632813,0.08046252502632813,1.0383028147495346,True,,,,,,,
within_taxon,involucre_surface_high_frequency_energy,involucre_surface_high_frequency_energy,indumentum,linear_endpoint,chelsa_vpd_mean,radiative_atmospheric,dominant_taxon_omission,omit:Cirsium acaulon,Cirsium acaulon,,False,False,0.0774942761238086,0.0774942761238086,867,48,ok,0.07862794667908028,0.07862794667908028,1.0146290876175226,True,,,,,,,
within_taxon,involucre_surface_high_frequency_energy,involucre_surface_high_frequency_energy,indumentum,linear_endpoint,chelsa_vpd_mean,radiative_atmospheric,dominant_taxon_omission,omit:Cirsium altissimum,Cirsium altissimum,,False,False,0.0774942761238086,0.0774942761238086,857,48,ok,0.07217056114220265,0.07217056114220265,0.9313018296589992,True,,,,,,,
within_taxon,involucre_surface_high_frequency_energy,involucre_surface_high_frequency_energy,indumentum,linear_endpoint,chelsa_vpd_mean,radiative_atmospheric,dominant_taxon_omission,omit_top2_joint,Cirsium vulgare|Cirsium arvense,,False,False,0.0774942761238086,0.0774942761238086,419,47,ok,0.08093136178242927,0.08093136178242927,1.0443527681080524,True,,,,,,,
within_taxon,involucre_surface_high_frequency_energy,involucre_surface_high_frequency_energy,indumentum,linear_endpoint,chelsa_vpd_mean,radiative_atmospheric,leave_one_broad_region_out,omit_region:Africa,,Africa,False,False,0.0774942761238086,0.0774942761238086,867,49,ok,0.06996487045518296,0.06996487045518296,0.9028392025161148,True,,,,,,,
within_taxon,involucre_surface_high_frequency_energy,involucre_surface_high_frequency_energy,indumentum,linear_endpoint,chelsa_vpd_mean,radiative_atmospheric,leave_one_broad_region_out,omit_region:Asia,,Asia,False,False,0.0774942761238086,0.0774942761238086,855,46,ok,0.07494576719102092,0.07494576719102092,0.96711358489605,True,,,,,,,
within_taxon,involucre_surface_high_frequency_energy,involucre_surface_high_frequency_energy,indumentum,linear_endpoint,chelsa_vpd_mean,radiative_atmospheric,leave_one_broad_region_out,omit_region:Europe,,Europe,False,False,0.0774942761238086,0.0774942761238086,390,30,ok,0.12737656388327898,0.12737656388327898,1.6436899633693722,True,,,,,,,
within_taxon,involucre_surface_high_frequency_energy,involucre_surface_high_frequency_energy,indumentum,linear_endpoint,chelsa_vpd_mean,radiative_atmospheric,leave_one_broad_region_out,omit_region:North America,,North America,False,False,0.0774942761238086,0.0774942761238086,549,25,ok,0.038404098404759494,0.038404098404759494,0.4955733549069256,True,,,,,,,
within_taxon,involucre_surface_high_frequency_energy,involucre_surface_high_frequency_energy,indumentum,linear_endpoint,chelsa_vpd_mean,radiative_atmospheric,leave_one_broad_region_out,omit_region:Oceania,,Oceania,False,False,0.0774942761238086,0.0774942761238086,841,49,ok,0.07617909697951913,0.07617909697951913,0.9830286930845282,True,,,,,,,
within_taxon,involucre_surface_high_frequency_energy,involucre_surface_high_frequency_energy,indumentum,linear_endpoint,chelsa_vpd_mean,radiative_atmospheric,leave_one_broad_region_out,omit_region:South America,,South America,False,False,0.0774942761238086,0.0774942761238086,861,49,ok,0.08291435277273054,0.08291435277273054,1.0699416385316325,True,,,,,,,
within_taxon,involucre_surface_high_frequency_energy,involucre_surface_high_frequency_energy,indumentum,linear_endpoint,chelsa_vpd_mean,radiative_atmospheric,native_only,native_only,,,True,False,0.0774942761238086,0.0774942761238086,537,44,ok,0.05452617972236276,0.05452617972236276,0.7036155758813606,True,,,,,,,
within_taxon,involucre_surface_high_frequency_energy,involucre_surface_high_frequency_energy,indumentum,linear_endpoint,chelsa_gsp,growing_season_water_input,equal_taxon_weight,equal_total_weight_per_taxon,,,False,True,0.042759345678848,0.042759345678848,873,49,ok,0.10482818305183791,0.10482818305183791,2.451585294105514,True,,,,,,,
within_taxon,involucre_surface_high_frequency_energy,involucre_surface_high_frequency_energy,indumentum,linear_endpoint,chelsa_gsp,growing_season_water_input,dominant_taxon_omission,omit:Cirsium vulgare,Cirsium vulgare,,False,False,0.042759345678848,0.042759345678848,651,48,ok,0.05103574520550045,0.05103574520550045,1.1935576748253793,True,,,,,,,
within_taxon,involucre_surface_high_frequency_energy,involucre_surface_high_frequency_energy,indumentum,linear_endpoint,chelsa_gsp,growing_season_water_input,dominant_taxon_omission,omit:Cirsium arvense,Cirsium arvense,,False,False,0.042759345678848,0.042759345678848,641,48,ok,0.05046100829840776,0.05046100829840776,1.1801164750603184,True,,,,,,,
within_taxon,involucre_surface_high_frequency_energy,involucre_surface_high_frequency_energy,indumentum,linear_endpoint,chelsa_gsp,growing_season_water_input,dominant_taxon_omission,omit:Cirsium palustre,Cirsium palustre,,False,False,0.042759345678848,0.042759345678848,805,48,ok,0.04450528143727312,0.04450528143727312,1.04083167622672,True,,,,,,,
within_taxon,involucre_surface_high_frequency_energy,involucre_surface_high_frequency_energy,indumentum,linear_endpoint,chelsa_gsp,growing_season_water_input,dominant_taxon_omission,omit:Cirsium oleraceum,Cirsium oleraceum,,False,False,0.042759345678848,0.042759345678848,792,48,ok,0.04463157754666003,0.04463157754666003,1.0437853254788736,True,,,,,,,
within_taxon,involucre_surface_high_frequency_energy,involucre_surface_high_frequency_energy,indumentum,linear_endpoint,chelsa_gsp,growing_season_water_input,dominant_taxon_omission,omit:Cirsium heterophyllum,Cirsium heterophyllum,,False,False,0.042759345678848,0.042759345678848,839,48,ok,0.04366919475741628,0.04366919475741628,1.0212783676673134,True,,,,,,,
within_taxon,involucre_surface_high_frequency_energy,involucre_surface_high_frequency_energy,indumentum,linear_endpoint,chelsa_gsp,growing_season_water_input,dominant_taxon_omission,omit:Cirsium horridulum,Cirsium horridulum,,False,False,0.042759345678848,0.042759345678848,854,48,ok,0.04367004853774831,0.04367004853774831,1.0212983347720124,True,,,,,,,
within_taxon,involucre_surface_high_frequency_energy,involucre_surface_high_frequency_energy,indumentum,linear_endpoint,chelsa_gsp,growing_season_water_input,dominant_taxon_omission,omit:Cirsium discolor,Cirsium discolor,,False,False,0.042759345678848,0.042759345678848,847,48,ok,0.04327303216409222,0.04327303216409222,1.0120134318495506,True,,,,,,,
within_taxon,involucre_surface_high_frequency_energy,involucre_surface_high_frequency_energy,indumentum,linear_endpoint,chelsa_gsp,growing_season_water_input,dominant_taxon_omission,omit:Cirsium undulatum,Cirsium undulatum,,False,False,0.042759345678848,0.042759345678848,860,48,ok,0.04312850386788039,0.04312850386788039,1.0086333919093389,True,,,,,,,
within_taxon,involucre_surface_high_frequency_energy,involucre_surface_high_frequency_energy,indumentum,linear_endpoint,chelsa_gsp,growing_season_water_input,dominant_taxon_omission,omit:Cirsium acaulon,Cirsium acaulon,,False,False,0.042759345678848,0.042759345678848,867,48,ok,0.0428648106612395,0.0428648106612395,1.0024664779293773,True,,,,,,,
within_taxon,involucre_surface_high_frequency_energy,involucre_surface_high_frequency_energy,indumentum,linear_endpoint,chelsa_gsp,growing_season_water_input,dominant_taxon_omission,omit:Cirsium altissimum,Cirsium altissimum,,False,False,0.042759345678848,0.042759345678848,857,48,ok,0.04293251822010416,0.04293251822010416,1.0040499343127653,True,,,,,,,
within_taxon,involucre_surface_high_frequency_energy,involucre_surface_high_frequency_energy,indumentum,linear_endpoint,chelsa_gsp,growing_season_water_input,dominant_taxon_omission,omit_top2_joint,Cirsium vulgare|Cirsium arvense,,False,False,0.042759345678848,0.042759345678848,419,47,ok,0.06597963473748386,0.06597963473748386,1.543045939782057,True,,,,,,,
within_taxon,involucre_surface_high_frequency_energy,involucre_surface_high_frequency_energy,indumentum,linear_endpoint,chelsa_gsp,growing_season_water_input,leave_one_broad_region_out,omit_region:Africa,,Africa,False,False,0.042759345678848,0.042759345678848,867,49,ok,0.042907091779310486,0.042907091779310486,1.003455293763664,True,,,,,,,
within_taxon,involucre_surface_high_frequency_energy,involucre_surface_high_frequency_energy,indumentum,linear_endpoint,chelsa_gsp,growing_season_water_input,leave_one_broad_region_out,omit_region:Asia,,Asia,False,False,0.042759345678848,0.042759345678848,855,46,ok,0.04327633127001187,0.04327633127001187,1.012090587050765,True,,,,,,,
within_taxon,involucre_surface_high_frequency_energy,involucre_surface_high_frequency_energy,indumentum,linear_endpoint,chelsa_gsp,growing_season_water_input,leave_one_broad_region_out,omit_region:Europe,,Europe,False,False,0.042759345678848,0.042759345678848,390,30,ok,0.06127000449227435,0.06127000449227435,1.4329032289795565,True,,,,,,,
within_taxon,involucre_surface_high_frequency_energy,involucre_surface_high_frequency_energy,indumentum,linear_endpoint,chelsa_gsp,growing_season_water_input,leave_one_broad_region_out,omit_region:North America,,North America,False,False,0.042759345678848,0.042759345678848,549,25,ok,0.0034276083651227887,0.0034276083651227887,0.08016044938728663,True,,,,,,,
within_taxon,involucre_surface_high_frequency_energy,involucre_surface_high_frequency_energy,indumentum,linear_endpoint,chelsa_gsp,growing_season_water_input,leave_one_broad_region_out,omit_region:Oceania,,Oceania,False,False,0.042759345678848,0.042759345678848,841,49,ok,0.043596091759655606,0.043596091759655606,1.0195687297717824,True,,,,,,,
within_taxon,involucre_surface_high_frequency_energy,involucre_surface_high_frequency_energy,indumentum,linear_endpoint,chelsa_gsp,growing_season_water_input,leave_one_broad_region_out,omit_region:South America,,South America,False,False,0.042759345678848,0.042759345678848,861,49,ok,0.042848636505074235,0.042848636505074235,1.0020882177874486,True,,,,,,,
within_taxon,involucre_surface_high_frequency_energy,involucre_surface_high_frequency_energy,indumentum,linear_endpoint,chelsa_gsp,growing_season_water_input,native_only,native_only,,,True,False,0.042759345678848,0.042759345678848,537,44,ok,0.05640529785767378,0.05640529785767378,1.3191337931435207,True,,,,,,,
within_taxon,involucre_surface_lbp_entropy,involucre_surface_lbp_entropy,indumentum,linear_endpoint,chelsa_gsp,growing_season_water_input,equal_taxon_weight,equal_total_weight_per_taxon,,,False,True,0.0449929464021678,0.0449929464021678,873,49,ok,0.0795739626102869,0.0795739626102869,1.7685875003387856,True,,,,,,,
within_taxon,involucre_surface_lbp_entropy,involucre_surface_lbp_entropy,indumentum,linear_endpoint,chelsa_gsp,growing_season_water_input,dominant_taxon_omission,omit:Cirsium vulgare,Cirsium vulgare,,False,False,0.0449929464021678,0.0449929464021678,651,48,ok,0.04766459613440863,0.04766459613440863,1.0593793015545234,True,,,,,,,
within_taxon,involucre_surface_lbp_entropy,involucre_surface_lbp_entropy,indumentum,linear_endpoint,chelsa_gsp,growing_season_water_input,dominant_taxon_omission,omit:Cirsium arvense,Cirsium arvense,,False,False,0.0449929464021678,0.0449929464021678,641,48,ok,0.06298323950258156,0.06298323950258156,1.3998469657801067,True,,,,,,,
within_taxon,involucre_surface_lbp_entropy,involucre_surface_lbp_entropy,indumentum,linear_endpoint,chelsa_gsp,growing_season_water_input,dominant_taxon_omission,omit:Cirsium palustre,Cirsium palustre,,False,False,0.0449929464021678,0.0449929464021678,805,48,ok,0.04565141656121445,0.04565141656121445,1.0146349641821841,True,,,,,,,
within_taxon,involucre_surface_lbp_entropy,involucre_surface_lbp_entropy,indumentum,linear_endpoint,chelsa_gsp,growing_season_water_input,dominant_taxon_omission,omit:Cirsium oleraceum,Cirsium oleraceum,,False,False,0.0449929464021678,0.0449929464021678,792,48,ok,0.045690534934584956,0.045690534934584956,1.0155043976489513,True,,,,,,,
within_taxon,involucre_surface_lbp_entropy,involucre_surface_lbp_entropy,indumentum,linear_endpoint,chelsa_gsp,growing_season_water_input,dominant_taxon_omission,omit:Cirsium heterophyllum,Cirsium heterophyllum,,False,False,0.0449929464021678,0.0449929464021678,839,48,ok,0.04562205540962283,0.04562205540962283,1.0139823918583095,True,,,,,,,
within_taxon,involucre_surface_lbp_entropy,involucre_surface_lbp_entropy,indumentum,linear_endpoint,chelsa_gsp,growing_season_water_input,dominant_taxon_omission,omit:Cirsium horridulum,Cirsium horridulum,,False,False,0.0449929464021678,0.0449929464021678,854,48,ok,0.045208702872066915,0.045208702872066915,1.00479533987329,True,,,,,,,
within_taxon,involucre_surface_lbp_entropy,involucre_surface_lbp_entropy,indumentum,linear_endpoint,chelsa_gsp,growing_season_water_input,dominant_taxon_omission,omit:Cirsium discolor,Cirsium discolor,,False,False,0.0449929464021678,0.0449929464021678,847,48,ok,0.045186503812353916,0.045186503812353916,1.0043019500980446,True,,,,,,,
within_taxon,involucre_surface_lbp_entropy,involucre_surface_lbp_entropy,indumentum,linear_endpoint,chelsa_gsp,growing_season_water_input,dominant_taxon_omission,omit:Cirsium undulatum,Cirsium undulatum,,False,False,0.0449929464021678,0.0449929464021678,860,48,ok,0.045922623839978104,0.045922623839978104,1.0206627374322281,True,,,,,,,
within_taxon,involucre_surface_lbp_entropy,involucre_surface_lbp_entropy,indumentum,linear_endpoint,chelsa_gsp,growing_season_water_input,dominant_taxon_omission,omit:Cirsium acaulon,Cirsium acaulon,,False,False,0.0449929464021678,0.0449929464021678,867,48,ok,0.045317640815974204,0.045317640815974204,1.0072165625897032,True,,,,,,,
within_taxon,involucre_surface_lbp_entropy,involucre_surface_lbp_entropy,indumentum,linear_endpoint,chelsa_gsp,growing_season_water_input,dominant_taxon_omission,omit:Cirsium altissimum,Cirsium altissimum,,False,False,0.0449929464021678,0.0449929464021678,857,48,ok,0.045082462824032214,0.045082462824032214,1.0019895656769013,True,,,,,,,
within_taxon,involucre_surface_lbp_entropy,involucre_surface_lbp_entropy,indumentum,linear_endpoint,chelsa_gsp,growing_season_water_input,dominant_taxon_omission,omit_top2_joint,Cirsium vulgare|Cirsium arvense,,False,False,0.0449929464021678,0.0449929464021678,419,47,ok,0.0710204094931157,0.0710204094931157,1.5784787432746097,True,,,,,,,
within_taxon,involucre_surface_lbp_entropy,involucre_surface_lbp_entropy,indumentum,linear_endpoint,chelsa_gsp,growing_season_water_input,leave_one_broad_region_out,omit_region:Africa,,Africa,False,False,0.0449929464021678,0.0449929464021678,867,49,ok,0.04501316428243114,0.04501316428243114,1.0004493566632118,True,,,,,,,
within_taxon,involucre_surface_lbp_entropy,involucre_surface_lbp_entropy,indumentum,linear_endpoint,chelsa_gsp,growing_season_water_input,leave_one_broad_region_out,omit_region:Asia,,Asia,False,False,0.0449929464021678,0.0449929464021678,855,46,ok,0.0451126273805596,0.0451126273805596,1.0026599942426984,True,,,,,,,
within_taxon,involucre_surface_lbp_entropy,involucre_surface_lbp_entropy,indumentum,linear_endpoint,chelsa_gsp,growing_season_water_input,leave_one_broad_region_out,omit_region:Europe,,Europe,False,False,0.0449929464021678,0.0449929464021678,390,30,ok,0.08471101944311321,0.08471101944311321,1.8827622153465318,True,,,,,,,
within_taxon,involucre_surface_lbp_entropy,involucre_surface_lbp_entropy,indumentum,linear_endpoint,chelsa_gsp,growing_season_water_input,leave_one_broad_region_out,omit_region:North America,,North America,False,False,0.0449929464021678,0.0449929464021678,549,25,ok,-0.027380548744777983,0.027380548744777983,0.6085520272452921,False,,,,,,,
within_taxon,involucre_surface_lbp_entropy,involucre_surface_lbp_entropy,indumentum,linear_endpoint,chelsa_gsp,growing_season_water_input,leave_one_broad_region_out,omit_region:Oceania,,Oceania,False,False,0.0449929464021678,0.0449929464021678,841,49,ok,0.045350728671937665,0.045350728671937665,1.0079519635493939,True,,,,,,,
within_taxon,involucre_surface_lbp_entropy,involucre_surface_lbp_entropy,indumentum,linear_endpoint,chelsa_gsp,growing_season_water_input,leave_one_broad_region_out,omit_region:South America,,South America,False,False,0.0449929464021678,0.0449929464021678,861,49,ok,0.04507956769466508,0.04507956769466508,1.0019252193826789,True,,,,,,,
within_taxon,involucre_surface_lbp_entropy,involucre_surface_lbp_entropy,indumentum,linear_endpoint,chelsa_gsp,growing_season_water_input,native_only,native_only,,,True,False,0.0449929464021678,0.0449929464021678,537,44,ok,0.05409443586358724,0.05409443586358724,1.2022870291726644,True,,,,,,,
within_taxon,bract_projection_asymmetry,bract_projection_asymmetry,involucre_architecture,linear_endpoint,chelsa_gsp,growing_season_water_input,equal_taxon_weight,equal_total_weight_per_taxon,,,False,True,-0.0170628607545262,0.0170628607545262,2277,78,ok,-0.029438072957327855,0.029438072957327855,1.7252718275579273,True,,,,,,,
within_taxon,bract_projection_asymmetry,bract_projection_asymmetry,involucre_architecture,linear_endpoint,chelsa_gsp,growing_season_water_input,dominant_taxon_omission,omit:Cirsium vulgare,Cirsium vulgare,,False,False,-0.0170628607545262,0.0170628607545262,1535,77,ok,-0.020226477703019347,0.020226477703019347,1.1854095273943992,True,,,,,,,
within_taxon,bract_projection_asymmetry,bract_projection_asymmetry,involucre_architecture,linear_endpoint,chelsa_gsp,growing_season_water_input,dominant_taxon_omission,omit:Cirsium arvense,Cirsium arvense,,False,False,-0.0170628607545262,0.0170628607545262,1873,77,ok,-0.020784039080621056,0.020784039080621056,1.2180864263987943,True,,,,,,,
within_taxon,bract_projection_asymmetry,bract_projection_asymmetry,involucre_architecture,linear_endpoint,chelsa_gsp,growing_season_water_input,dominant_taxon_omission,omit:Cirsium palustre,Cirsium palustre,,False,False,-0.0170628607545262,0.0170628607545262,1990,77,ok,-0.017839902951058636,0.017839902951058636,1.0455399717381104,True,,,,,,,
within_taxon,bract_projection_asymmetry,bract_projection_asymmetry,involucre_architecture,linear_endpoint,chelsa_gsp,growing_season_water_input,dominant_taxon_omission,omit:Cirsium oleraceum,Cirsium oleraceum,,False,False,-0.0170628607545262,0.0170628607545262,2143,77,ok,-0.0175922909542559,0.0175922909542559,1.0310282201411776,True,,,,,,,
within_taxon,bract_projection_asymmetry,bract_projection_asymmetry,involucre_architecture,linear_endpoint,chelsa_gsp,growing_season_water_input,dominant_taxon_omission,omit:Cirsium heterophyllum,Cirsium heterophyllum,,False,False,-0.0170628607545262,0.0170628607545262,2190,77,ok,-0.017378654210018586,0.017378654210018586,1.0185076500380288,True,,,,,,,
within_taxon,bract_projection_asymmetry,bract_projection_asymmetry,involucre_architecture,linear_endpoint,chelsa_gsp,growing_season_water_input,dominant_taxon_omission,omit:Cirsium horridulum,Cirsium horridulum,,False,False,-0.0170628607545262,0.0170628607545262,2234,77,ok,-0.017127686603081546,0.017127686603081546,1.00379923680372,True,,,,,,,
within_taxon,bract_projection_asymmetry,bract_projection_asymmetry,involucre_architecture,linear_endpoint,chelsa_gsp,growing_season_water_input,dominant_taxon_omission,omit:Cirsium discolor,Cirsium discolor,,False,False,-0.0170628607545262,0.0170628607545262,2221,77,ok,-0.01723201846331482,0.01723201846331482,1.0099137953021005,True,,,,,,,
within_taxon,bract_projection_asymmetry,bract_projection_asymmetry,involucre_architecture,linear_endpoint,chelsa_gsp,growing_season_water_input,dominant_taxon_omission,omit:Cirsium undulatum,Cirsium undulatum,,False,False,-0.0170628607545262,0.0170628607545262,2248,77,ok,-0.017148931653125987,0.017148931653125987,1.0050443416164523,True,,,,,,,
within_taxon,bract_projection_asymmetry,bract_projection_asymmetry,involucre_architecture,linear_endpoint,chelsa_gsp,growing_season_water_input,dominant_taxon_omission,omit:Cirsium acaulon,Cirsium acaulon,,False,False,-0.0170628607545262,0.0170628607545262,2270,77,ok,-0.017070604157031696,0.017070604157031696,1.0004538161927765,True,,,,,,,
within_taxon,bract_projection_asymmetry,bract_projection_asymmetry,involucre_architecture,linear_endpoint,chelsa_gsp,growing_season_water_input,dominant_taxon_omission,omit:Cirsium altissimum,Cirsium altissimum,,False,False,-0.0170628607545262,0.0170628607545262,2251,77,ok,-0.017114715425541997,0.017114715425541997,1.0030390373432567,True,,,,,,,
within_taxon,bract_projection_asymmetry,bract_projection_asymmetry,involucre_architecture,linear_endpoint,chelsa_gsp,growing_season_water_input,dominant_taxon_omission,omit_top2_joint,Cirsium vulgare|Cirsium arvense,,False,False,-0.0170628607545262,0.0170628607545262,1131,76,ok,-0.027477525504988363,0.027477525504988363,1.6103703769427704,True,,,,,,,
within_taxon,bract_projection_asymmetry,bract_projection_asymmetry,involucre_architecture,linear_endpoint,chelsa_gsp,growing_season_water_input,leave_one_broad_region_out,omit_region:Africa,,Africa,False,False,-0.0170628607545262,0.0170628607545262,2246,78,ok,-0.017221178467615977,0.017221178467615977,1.0092784976310483,True,,,,,,,
within_taxon,bract_projection_asymmetry,bract_projection_asymmetry,involucre_architecture,linear_endpoint,chelsa_gsp,growing_season_water_input,leave_one_broad_region_out,omit_region:Asia,,Asia,False,False,-0.0170628607545262,0.0170628607545262,2241,76,ok,-0.017116418308644476,0.017116418308644476,1.0031388379058341,True,,,,,,,
within_taxon,bract_projection_asymmetry,bract_projection_asymmetry,involucre_architecture,linear_endpoint,chelsa_gsp,growing_season_water_input,leave_one_broad_region_out,omit_region:Europe,,Europe,False,False,-0.0170628607545262,0.0170628607545262,1068,49,ok,-0.011882946050018543,0.011882946050018543,0.6964216740071795,True,,,,,,,
within_taxon,bract_projection_asymmetry,bract_projection_asymmetry,involucre_architecture,linear_endpoint,chelsa_gsp,growing_season_water_input,leave_one_broad_region_out,omit_region:North America,,North America,False,False,-0.0170628607545262,0.0170628607545262,1393,36,ok,-0.020859199291544304,0.020859199291544304,1.2224913273122189,True,,,,,,,
within_taxon,bract_projection_asymmetry,bract_projection_asymmetry,involucre_architecture,linear_endpoint,chelsa_gsp,growing_season_water_input,leave_one_broad_region_out,omit_region:Oceania,,Oceania,False,False,-0.0170628607545262,0.0170628607545262,2203,78,ok,-0.01722682374956147,0.01722682374956147,1.009609349650924,True,,,,,,,
within_taxon,bract_projection_asymmetry,bract_projection_asymmetry,involucre_architecture,linear_endpoint,chelsa_gsp,growing_season_water_input,leave_one_broad_region_out,omit_region:South America,,South America,False,False,-0.0170628607545262,0.0170628607545262,2231,78,ok,-0.017204270027175703,0.017204270027175703,1.0082875477145292,True,,,,,,,
within_taxon,bract_projection_asymmetry,bract_projection_asymmetry,involucre_architecture,linear_endpoint,chelsa_gsp,growing_season_water_input,native_only,native_only,,,True,False,-0.0170628607545262,0.0170628607545262,1260,69,ok,-0.023997306911234802,0.023997306911234802,1.4064058340785044,True,,,,,,,
within_taxon,bract_projection_p95,bract_projection_p95,involucre_architecture,linear_endpoint,chelsa_bio15,hydric,equal_taxon_weight,equal_total_weight_per_taxon,,,False,True,-0.0336728451770176,0.0336728451770176,2277,78,ok,-0.005836976875357677,0.005836976875357677,0.17334373869130404,True,,,,,,,
within_taxon,bract_projection_p95,bract_projection_p95,involucre_architecture,linear_endpoint,chelsa_bio15,hydric,dominant_taxon_omission,omit:Cirsium vulgare,Cirsium vulgare,,False,False,-0.0336728451770176,0.0336728451770176,1535,77,ok,-0.018443701971723597,0.018443701971723597,0.5477322119578953,True,,,,,,,
within_taxon,bract_projection_p95,bract_projection_p95,involucre_architecture,linear_endpoint,chelsa_bio15,hydric,dominant_taxon_omission,omit:Cirsium arvense,Cirsium arvense,,False,False,-0.0336728451770176,0.0336728451770176,1873,77,ok,-0.029119347170913933,0.029119347170913933,0.8647724009608928,True,,,,,,,
within_taxon,bract_projection_p95,bract_projection_p95,involucre_architecture,linear_endpoint,chelsa_bio15,hydric,dominant_taxon_omission,omit:Cirsium palustre,Cirsium palustre,,False,False,-0.0336728451770176,0.0336728451770176,1990,77,ok,-0.039708285867663846,0.039708285867663846,1.1792376218557723,True,,,,,,,
within_taxon,bract_projection_p95,bract_projection_p95,involucre_architecture,linear_endpoint,chelsa_bio15,hydric,dominant_taxon_omission,omit:Cirsium oleraceum,Cirsium oleraceum,,False,False,-0.0336728451770176,0.0336728451770176,2143,77,ok,-0.03588695870329105,0.03588695870329105,1.0657536811823856,True,,,,,,,
within_taxon,bract_projection_p95,bract_projection_p95,involucre_architecture,linear_endpoint,chelsa_bio15,hydric,dominant_taxon_omission,omit:Cirsium heterophyllum,Cirsium heterophyllum,,False,False,-0.0336728451770176,0.0336728451770176,2190,77,ok,-0.03518133801405538,0.03518133801405538,1.0447984965068338,True,,,,,,,
within_taxon,bract_projection_p95,bract_projection_p95,involucre_architecture,linear_endpoint,chelsa_bio15,hydric,dominant_taxon_omission,omit:Cirsium horridulum,Cirsium horridulum,,False,False,-0.0336728451770176,0.0336728451770176,2234,77,ok,-0.03384970092296982,0.03384970092296982,1.0052521770887637,True,,,,,,,
within_taxon,bract_projection_p95,bract_projection_p95,involucre_architecture,linear_endpoint,chelsa_bio15,hydric,dominant_taxon_omission,omit:Cirsium discolor,Cirsium discolor,,False,False,-0.0336728451770176,0.0336728451770176,2221,77,ok,-0.03572168256868243,0.03572168256868243,1.060845389835463,True,,,,,,,
within_taxon,bract_projection_p95,bract_projection_p95,involucre_architecture,linear_endpoint,chelsa_bio15,hydric,dominant_taxon_omission,omit:Cirsium undulatum,Cirsium undulatum,,False,False,-0.0336728451770176,0.0336728451770176,2248,77,ok,-0.03405190536660019,0.03405190536660019,1.0112571476389913,True,,,,,,,
within_taxon,bract_projection_p95,bract_projection_p95,involucre_architecture,linear_endpoint,chelsa_bio15,hydric,dominant_taxon_omission,omit:Cirsium acaulon,Cirsium acaulon,,False,False,-0.0336728451770176,0.0336728451770176,2270,77,ok,-0.034280832751113835,0.034280832751113835,1.0180557232660339,True,,,,,,,
within_taxon,bract_projection_p95,bract_projection_p95,involucre_architecture,linear_endpoint,chelsa_bio15,hydric,dominant_taxon_omission,omit:Cirsium altissimum,Cirsium altissimum,,False,False,-0.0336728451770176,0.0336728451770176,2251,77,ok,-0.03204314229389038,0.03204314229389038,0.9516018657003915,True,,,,,,,
within_taxon,bract_projection_p95,bract_projection_p95,involucre_architecture,linear_endpoint,chelsa_bio15,hydric,dominant_taxon_omission,omit_top2_joint,Cirsium vulgare|Cirsium arvense,,False,False,-0.0336728451770176,0.0336728451770176,1131,76,ok,0.0019108430646741163,0.0019108430646741163,0.05674730052149871,False,,,,,,,
within_taxon,bract_projection_p95,bract_projection_p95,involucre_architecture,linear_endpoint,chelsa_bio15,hydric,leave_one_broad_region_out,omit_region:Africa,,Africa,False,False,-0.0336728451770176,0.0336728451770176,2246,78,ok,-0.032665823192968596,0.032665823192968596,0.9700939442819546,True,,,,,,,
within_taxon,bract_projection_p95,bract_projection_p95,involucre_architecture,linear_endpoint,chelsa_bio15,hydric,leave_one_broad_region_out,omit_region:Asia,,Asia,False,False,-0.0336728451770176,0.0336728451770176,2241,76,ok,-0.03142819324789482,0.03142819324789482,0.9333394039819718,True,,,,,,,
within_taxon,bract_projection_p95,bract_projection_p95,involucre_architecture,linear_endpoint,chelsa_bio15,hydric,leave_one_broad_region_out,omit_region:Europe,,Europe,False,False,-0.0336728451770176,0.0336728451770176,1068,49,ok,-0.06942754084711908,0.06942754084711908,2.0618257970818807,True,,,,,,,
within_taxon,bract_projection_p95,bract_projection_p95,involucre_architecture,linear_endpoint,chelsa_bio15,hydric,leave_one_broad_region_out,omit_region:North America,,North America,False,False,-0.0336728451770176,0.0336728451770176,1393,36,ok,-0.012555296035903914,0.012555296035903914,0.37286115770440326,True,,,,,,,
within_taxon,bract_projection_p95,bract_projection_p95,involucre_architecture,linear_endpoint,chelsa_bio15,hydric,leave_one_broad_region_out,omit_region:Oceania,,Oceania,False,False,-0.0336728451770176,0.0336728451770176,2203,78,ok,-0.030269746089134315,0.030269746089134315,0.8989363960784053,True,,,,,,,
within_taxon,bract_projection_p95,bract_projection_p95,involucre_architecture,linear_endpoint,chelsa_bio15,hydric,leave_one_broad_region_out,omit_region:South America,,South America,False,False,-0.0336728451770176,0.0336728451770176,2231,78,ok,-0.02985809952017903,0.02985809952017903,0.8867115137795896,True,,,,,,,
within_taxon,bract_projection_p95,bract_projection_p95,involucre_architecture,linear_endpoint,chelsa_bio15,hydric,native_only,native_only,,,True,False,-0.0336728451770176,0.0336728451770176,1260,69,ok,0.0039350205896920695,0.0039350205896920695,0.11686035346896675,False,,,,,,,
within_taxon,bract_projection_roughness,bract_projection_roughness,involucre_architecture,linear_endpoint,chelsa_rsds_mean,radiative_atmospheric,equal_taxon_weight,equal_total_weight_per_taxon,,,False,True,-0.0437808266786534,0.0437808266786534,2277,78,ok,0.06631716866439327,0.06631716866439327,1.514753687753642,False,,,,,,,
within_taxon,bract_projection_roughness,bract_projection_roughness,involucre_architecture,linear_endpoint,chelsa_rsds_mean,radiative_atmospheric,dominant_taxon_omission,omit:Cirsium vulgare,Cirsium vulgare,,False,False,-0.0437808266786534,0.0437808266786534,1535,77,ok,-0.008258748060923459,0.008258748060923459,0.18863846773707105,True,,,,,,,
within_taxon,bract_projection_roughness,bract_projection_roughness,involucre_architecture,linear_endpoint,chelsa_rsds_mean,radiative_atmospheric,dominant_taxon_omission,omit:Cirsium arvense,Cirsium arvense,,False,False,-0.0437808266786534,0.0437808266786534,1873,77,ok,-0.044341163049618035,0.044341163049618035,1.0127986704106215,True,,,,,,,
within_taxon,bract_projection_roughness,bract_projection_roughness,involucre_architecture,linear_endpoint,chelsa_rsds_mean,radiative_atmospheric,dominant_taxon_omission,omit:Cirsium palustre,Cirsium palustre,,False,False,-0.0437808266786534,0.0437808266786534,1990,77,ok,-0.051404996532439726,0.051404996532439726,1.174144035921179,True,,,,,,,
within_taxon,bract_projection_roughness,bract_projection_roughness,involucre_architecture,linear_endpoint,chelsa_rsds_mean,radiative_atmospheric,dominant_taxon_omission,omit:Cirsium oleraceum,Cirsium oleraceum,,False,False,-0.0437808266786534,0.0437808266786534,2143,77,ok,-0.04413949950955791,0.04413949950955791,1.008192463644808,True,,,,,,,
within_taxon,bract_projection_roughness,bract_projection_roughness,involucre_architecture,linear_endpoint,chelsa_rsds_mean,radiative_atmospheric,dominant_taxon_omission,omit:Cirsium heterophyllum,Cirsium heterophyllum,,False,False,-0.0437808266786534,0.0437808266786534,2190,77,ok,-0.04337642530629391,0.04337642530629391,0.9907630485068784,True,,,,,,,
within_taxon,bract_projection_roughness,bract_projection_roughness,involucre_architecture,linear_endpoint,chelsa_rsds_mean,radiative_atmospheric,dominant_taxon_omission,omit:Cirsium horridulum,Cirsium horridulum,,False,False,-0.0437808266786534,0.0437808266786534,2234,77,ok,-0.043704136031002906,0.043704136031002906,0.9982483051721843,True,,,,,,,
within_taxon,bract_projection_roughness,bract_projection_roughness,involucre_architecture,linear_endpoint,chelsa_rsds_mean,radiative_atmospheric,dominant_taxon_omission,omit:Cirsium discolor,Cirsium discolor,,False,False,-0.0437808266786534,0.0437808266786534,2221,77,ok,-0.04503260049423462,0.04503260049423462,1.0285918268462382,True,,,,,,,
within_taxon,bract_projection_roughness,bract_projection_roughness,involucre_architecture,linear_endpoint,chelsa_rsds_mean,radiative_atmospheric,dominant_taxon_omission,omit:Cirsium undulatum,Cirsium undulatum,,False,False,-0.0437808266786534,0.0437808266786534,2248,77,ok,-0.04432698243349061,0.04432698243349061,1.0124747702652108,True,,,,,,,
within_taxon,bract_projection_roughness,bract_projection_roughness,involucre_architecture,linear_endpoint,chelsa_rsds_mean,radiative_atmospheric,dominant_taxon_omission,omit:Cirsium acaulon,Cirsium acaulon,,False,False,-0.0437808266786534,0.0437808266786534,2270,77,ok,-0.04556895972990632,0.04556895972990632,1.040842834338822,True,,,,,,,
within_taxon,bract_projection_roughness,bract_projection_roughness,involucre_architecture,linear_endpoint,chelsa_rsds_mean,radiative_atmospheric,dominant_taxon_omission,omit:Cirsium altissimum,Cirsium altissimum,,False,False,-0.0437808266786534,0.0437808266786534,2251,77,ok,-0.04531631880740682,0.04531631880740682,1.0350722506914676,True,,,,,,,
within_taxon,bract_projection_roughness,bract_projection_roughness,involucre_architecture,linear_endpoint,chelsa_rsds_mean,radiative_atmospheric,dominant_taxon_omission,omit_top2_joint,Cirsium vulgare|Cirsium arvense,,False,False,-0.0437808266786534,0.0437808266786534,1131,76,ok,0.014334656443691004,0.014334656443691004,0.32741858779656796,False,,,,,,,
within_taxon,bract_projection_roughness,bract_projection_roughness,involucre_architecture,linear_endpoint,chelsa_rsds_mean,radiative_atmospheric,leave_one_broad_region_out,omit_region:Africa,,Africa,False,False,-0.0437808266786534,0.0437808266786534,2246,78,ok,-0.041823978491493476,0.041823978491493476,0.9553035350035078,True,,,,,,,
within_taxon,bract_projection_roughness,bract_projection_roughness,involucre_architecture,linear_endpoint,chelsa_rsds_mean,radiative_atmospheric,leave_one_broad_region_out,omit_region:Asia,,Asia,False,False,-0.0437808266786534,0.0437808266786534,2241,76,ok,-0.037947391071815974,0.037947391071815974,0.8667582124555523,True,,,,,,,
within_taxon,bract_projection_roughness,bract_projection_roughness,involucre_architecture,linear_endpoint,chelsa_rsds_mean,radiative_atmospheric,leave_one_broad_region_out,omit_region:Europe,,Europe,False,False,-0.0437808266786534,0.0437808266786534,1068,49,ok,-0.09333355917220362,0.09333355917220362,2.1318363825622115,True,,,,,,,
within_taxon,bract_projection_roughness,bract_projection_roughness,involucre_architecture,linear_endpoint,chelsa_rsds_mean,radiative_atmospheric,leave_one_broad_region_out,omit_region:North America,,North America,False,False,-0.0437808266786534,0.0437808266786534,1393,36,ok,-0.02258209933982942,0.02258209933982942,0.5157988337127488,True,,,,,,,
within_taxon,bract_projection_roughness,bract_projection_roughness,involucre_architecture,linear_endpoint,chelsa_rsds_mean,radiative_atmospheric,leave_one_broad_region_out,omit_region:Oceania,,Oceania,False,False,-0.0437808266786534,0.0437808266786534,2203,78,ok,-0.04365364962591247,0.04365364962591247,0.9970951427282451,True,,,,,,,
within_taxon,bract_projection_roughness,bract_projection_roughness,involucre_architecture,linear_endpoint,chelsa_rsds_mean,radiative_atmospheric,leave_one_broad_region_out,omit_region:South America,,South America,False,False,-0.0437808266786534,0.0437808266786534,2231,78,ok,-0.04312098120131814,0.04312098120131814,0.9849284372317029,True,,,,,,,
within_taxon,bract_projection_roughness,bract_projection_roughness,involucre_architecture,linear_endpoint,chelsa_rsds_mean,radiative_atmospheric,native_only,native_only,,,True,False,-0.0437808266786534,0.0437808266786534,1260,69,ok,-0.013251837590812509,0.013251837590812509,0.302685869503552,True,,,,,,,
within_taxon,involucre_apical_taper_ratio,involucre_apical_taper_ratio,involucre_architecture,linear_endpoint,chelsa_bio12,hydric,equal_taxon_weight,equal_total_weight_per_taxon,,,False,True,-0.0497213610752589,0.0497213610752589,2277,78,ok,0.01648152312934779,0.01648152312934779,0.33147771446564267,False,,,,,,,
within_taxon,involucre_apical_taper_ratio,involucre_apical_taper_ratio,involucre_architecture,linear_endpoint,chelsa_bio12,hydric,dominant_taxon_omission,omit:Cirsium vulgare,Cirsium vulgare,,False,False,-0.0497213610752589,0.0497213610752589,1535,77,ok,-0.04195958399148198,0.04195958399148198,0.8438945170461325,True,,,,,,,
within_taxon,involucre_apical_taper_ratio,involucre_apical_taper_ratio,involucre_architecture,linear_endpoint,chelsa_bio12,hydric,dominant_taxon_omission,omit:Cirsium arvense,Cirsium arvense,,False,False,-0.0497213610752589,0.0497213610752589,1873,77,ok,-0.04605492151567748,0.04605492151567748,0.9262602736471383,True,,,,,,,
within_taxon,involucre_apical_taper_ratio,involucre_apical_taper_ratio,involucre_architecture,linear_endpoint,chelsa_bio12,hydric,dominant_taxon_omission,omit:Cirsium palustre,Cirsium palustre,,False,False,-0.0497213610752589,0.0497213610752589,1990,77,ok,-0.04326625026915732,0.04326625026915732,0.8701742939753592,True,,,,,,,
within_taxon,involucre_apical_taper_ratio,involucre_apical_taper_ratio,involucre_architecture,linear_endpoint,chelsa_bio12,hydric,dominant_taxon_omission,omit:Cirsium oleraceum,Cirsium oleraceum,,False,False,-0.0497213610752589,0.0497213610752589,2143,77,ok,-0.04791990869382087,0.04791990869382087,0.9637690452859622,True,,,,,,,
within_taxon,involucre_apical_taper_ratio,involucre_apical_taper_ratio,involucre_architecture,linear_endpoint,chelsa_bio12,hydric,dominant_taxon_omission,omit:Cirsium heterophyllum,Cirsium heterophyllum,,False,False,-0.0497213610752589,0.0497213610752589,2190,77,ok,-0.05335315599611095,0.05335315599611095,1.0730429506013506,True,,,,,,,
within_taxon,involucre_apical_taper_ratio,involucre_apical_taper_ratio,involucre_architecture,linear_endpoint,chelsa_bio12,hydric,dominant_taxon_omission,omit:Cirsium horridulum,Cirsium horridulum,,False,False,-0.0497213610752589,0.0497213610752589,2234,77,ok,-0.05041443614474601,0.05041443614474601,1.0139391813598597,True,,,,,,,
within_taxon,involucre_apical_taper_ratio,involucre_apical_taper_ratio,involucre_architecture,linear_endpoint,chelsa_bio12,hydric,dominant_taxon_omission,omit:Cirsium discolor,Cirsium discolor,,False,False,-0.0497213610752589,0.0497213610752589,2221,77,ok,-0.04897014210628668,0.04897014210628668,0.9848914238724245,True,,,,,,,
within_taxon,involucre_apical_taper_ratio,involucre_apical_taper_ratio,involucre_architecture,linear_endpoint,chelsa_bio12,hydric,dominant_taxon_omission,omit:Cirsium undulatum,Cirsium undulatum,,False,False,-0.0497213610752589,0.0497213610752589,2248,77,ok,-0.05194701336159623,0.05194701336159623,1.044762497208565,True,,,,,,,
within_taxon,involucre_apical_taper_ratio,involucre_apical_taper_ratio,involucre_architecture,linear_endpoint,chelsa_bio12,hydric,dominant_taxon_omission,omit:Cirsium acaulon,Cirsium acaulon,,False,False,-0.0497213610752589,0.0497213610752589,2270,77,ok,-0.05127393969500089,0.05127393969500089,1.0312255856671337,True,,,,,,,
within_taxon,involucre_apical_taper_ratio,involucre_apical_taper_ratio,involucre_architecture,linear_endpoint,chelsa_bio12,hydric,dominant_taxon_omission,omit:Cirsium altissimum,Cirsium altissimum,,False,False,-0.0497213610752589,0.0497213610752589,2251,77,ok,-0.04933597477742281,0.04933597477742281,0.9922490798823314,True,,,,,,,
within_taxon,involucre_apical_taper_ratio,involucre_apical_taper_ratio,involucre_architecture,linear_endpoint,chelsa_bio12,hydric,dominant_taxon_omission,omit_top2_joint,Cirsium vulgare|Cirsium arvense,,False,False,-0.0497213610752589,0.0497213610752589,1131,76,ok,-0.03088291829206998,0.03088291829206998,0.6211197285071338,True,,,,,,,
within_taxon,involucre_apical_taper_ratio,involucre_apical_taper_ratio,involucre_architecture,linear_endpoint,chelsa_bio12,hydric,leave_one_broad_region_out,omit_region:Africa,,Africa,False,False,-0.0497213610752589,0.0497213610752589,2246,78,ok,-0.04919514276372702,0.04919514276372702,0.9894166551326825,True,,,,,,,
within_taxon,involucre_apical_taper_ratio,involucre_apical_taper_ratio,involucre_architecture,linear_endpoint,chelsa_bio12,hydric,leave_one_broad_region_out,omit_region:Asia,,Asia,False,False,-0.0497213610752589,0.0497213610752589,2241,76,ok,-0.04757662711192488,0.04757662711192488,0.9568649385907252,True,,,,,,,
within_taxon,involucre_apical_taper_ratio,involucre_apical_taper_ratio,involucre_architecture,linear_endpoint,chelsa_bio12,hydric,leave_one_broad_region_out,omit_region:Europe,,Europe,False,False,-0.0497213610752589,0.0497213610752589,1068,49,ok,-0.022584338598062394,0.022584338598062394,0.45421802842199843,True,,,,,,,
within_taxon,involucre_apical_taper_ratio,involucre_apical_taper_ratio,involucre_architecture,linear_endpoint,chelsa_bio12,hydric,leave_one_broad_region_out,omit_region:North America,,North America,False,False,-0.0497213610752589,0.0497213610752589,1393,36,ok,-0.09400841868588354,0.09400841868588354,1.8907048530628752,True,,,,,,,
within_taxon,involucre_apical_taper_ratio,involucre_apical_taper_ratio,involucre_architecture,linear_endpoint,chelsa_bio12,hydric,leave_one_broad_region_out,omit_region:Oceania,,Oceania,False,False,-0.0497213610752589,0.0497213610752589,2203,78,ok,-0.04638194525020814,0.04638194525020814,0.9328374012128071,True,,,,,,,
within_taxon,involucre_apical_taper_ratio,involucre_apical_taper_ratio,involucre_architecture,linear_endpoint,chelsa_bio12,hydric,leave_one_broad_region_out,omit_region:South America,,South America,False,False,-0.0497213610752589,0.0497213610752589,2231,78,ok,-0.03925638507340406,0.03925638507340406,0.7895275636961161,True,,,,,,,
within_taxon,involucre_apical_taper_ratio,involucre_apical_taper_ratio,involucre_architecture,linear_endpoint,chelsa_bio12,hydric,native_only,native_only,,,True,False,-0.0497213610752589,0.0497213610752589,1260,69,ok,-0.04796590869209496,0.04796590869209496,0.9646942009389713,True,,,,,,,
within_taxon,involucre_basal_taper_ratio,involucre_basal_taper_ratio,involucre_architecture,linear_endpoint,chelsa_npp,resource_productivity,equal_taxon_weight,equal_total_weight_per_taxon,,,False,True,-0.0558399308892213,0.0558399308892213,2277,78,ok,-0.08365198745516918,0.08365198745516918,1.4980675320161687,True,,,,,,,
within_taxon,involucre_basal_taper_ratio,involucre_basal_taper_ratio,involucre_architecture,linear_endpoint,chelsa_npp,resource_productivity,dominant_taxon_omission,omit:Cirsium vulgare,Cirsium vulgare,,False,False,-0.0558399308892213,0.0558399308892213,1535,77,ok,-0.04570128608248414,0.04570128608248414,0.8184337866239335,True,,,,,,,
within_taxon,involucre_basal_taper_ratio,involucre_basal_taper_ratio,involucre_architecture,linear_endpoint,chelsa_npp,resource_productivity,dominant_taxon_omission,omit:Cirsium arvense,Cirsium arvense,,False,False,-0.0558399308892213,0.0558399308892213,1873,77,ok,-0.07360236942191185,0.07360236942191185,1.3180956396226347,True,,,,,,,
within_taxon,involucre_basal_taper_ratio,involucre_basal_taper_ratio,involucre_architecture,linear_endpoint,chelsa_npp,resource_productivity,dominant_taxon_omission,omit:Cirsium palustre,Cirsium palustre,,False,False,-0.0558399308892213,0.0558399308892213,1990,77,ok,-0.05020930367061212,0.05020930367061212,0.899164860540756,True,,,,,,,
within_taxon,involucre_basal_taper_ratio,involucre_basal_taper_ratio,involucre_architecture,linear_endpoint,chelsa_npp,resource_productivity,dominant_taxon_omission,omit:Cirsium oleraceum,Cirsium oleraceum,,False,False,-0.0558399308892213,0.0558399308892213,2143,77,ok,-0.050280311319974014,0.050280311319974014,0.9004364890730828,True,,,,,,,
within_taxon,involucre_basal_taper_ratio,involucre_basal_taper_ratio,involucre_architecture,linear_endpoint,chelsa_npp,resource_productivity,dominant_taxon_omission,omit:Cirsium heterophyllum,Cirsium heterophyllum,,False,False,-0.0558399308892213,0.0558399308892213,2190,77,ok,-0.05784333898695363,0.05784333898695363,1.0358776965843102,True,,,,,,,
within_taxon,involucre_basal_taper_ratio,involucre_basal_taper_ratio,involucre_architecture,linear_endpoint,chelsa_npp,resource_productivity,dominant_taxon_omission,omit:Cirsium horridulum,Cirsium horridulum,,False,False,-0.0558399308892213,0.0558399308892213,2234,77,ok,-0.0584902940675692,0.0584902940675692,1.0474635827111938,True,,,,,,,
within_taxon,involucre_basal_taper_ratio,involucre_basal_taper_ratio,involucre_architecture,linear_endpoint,chelsa_npp,resource_productivity,dominant_taxon_omission,omit:Cirsium discolor,Cirsium discolor,,False,False,-0.0558399308892213,0.0558399308892213,2221,77,ok,-0.05348484777023809,0.05348484777023809,0.9578243905126715,True,,,,,,,
within_taxon,involucre_basal_taper_ratio,involucre_basal_taper_ratio,involucre_architecture,linear_endpoint,chelsa_npp,resource_productivity,dominant_taxon_omission,omit:Cirsium undulatum,Cirsium undulatum,,False,False,-0.0558399308892213,0.0558399308892213,2248,77,ok,-0.05838477302604882,0.05838477302604882,1.0455738769067628,True,,,,,,,
within_taxon,involucre_basal_taper_ratio,involucre_basal_taper_ratio,involucre_architecture,linear_endpoint,chelsa_npp,resource_productivity,dominant_taxon_omission,omit:Cirsium acaulon,Cirsium acaulon,,False,False,-0.0558399308892213,0.0558399308892213,2270,77,ok,-0.05547303648353306,0.05547303648353306,0.9934295333134257,True,,,,,,,
within_taxon,involucre_basal_taper_ratio,involucre_basal_taper_ratio,involucre_architecture,linear_endpoint,chelsa_npp,resource_productivity,dominant_taxon_omission,omit:Cirsium altissimum,Cirsium altissimum,,False,False,-0.0558399308892213,0.0558399308892213,2251,77,ok,-0.05681460658046096,0.05681460658046096,1.0174548155006367,True,,,,,,,
within_taxon,involucre_basal_taper_ratio,involucre_basal_taper_ratio,involucre_architecture,linear_endpoint,chelsa_npp,resource_productivity,dominant_taxon_omission,omit_top2_joint,Cirsium vulgare|Cirsium arvense,,False,False,-0.0558399308892213,0.0558399308892213,1131,76,ok,-0.07568152670508299,0.07568152670508299,1.355329877739725,True,,,,,,,
within_taxon,involucre_basal_taper_ratio,involucre_basal_taper_ratio,involucre_architecture,linear_endpoint,chelsa_npp,resource_productivity,leave_one_broad_region_out,omit_region:Africa,,Africa,False,False,-0.0558399308892213,0.0558399308892213,2246,78,ok,-0.05511499608144328,0.05511499608144328,0.9870176270594571,True,,,,,,,
within_taxon,involucre_basal_taper_ratio,involucre_basal_taper_ratio,involucre_architecture,linear_endpoint,chelsa_npp,resource_productivity,leave_one_broad_region_out,omit_region:Asia,,Asia,False,False,-0.0558399308892213,0.0558399308892213,2241,76,ok,-0.0522207811268504,0.0522207811268504,0.935187065873151,True,,,,,,,
within_taxon,involucre_basal_taper_ratio,involucre_basal_taper_ratio,involucre_architecture,linear_endpoint,chelsa_npp,resource_productivity,leave_one_broad_region_out,omit_region:Europe,,Europe,False,False,-0.0558399308892213,0.0558399308892213,1068,49,ok,-0.07548490862051647,0.07548490862051647,1.3518087758788258,True,,,,,,,
within_taxon,involucre_basal_taper_ratio,involucre_basal_taper_ratio,involucre_architecture,linear_endpoint,chelsa_npp,resource_productivity,leave_one_broad_region_out,omit_region:North America,,North America,False,False,-0.0558399308892213,0.0558399308892213,1393,36,ok,-0.040945093900782645,0.040945093900782645,0.7332583197857471,True,,,,,,,
within_taxon,involucre_basal_taper_ratio,involucre_basal_taper_ratio,involucre_architecture,linear_endpoint,chelsa_npp,resource_productivity,leave_one_broad_region_out,omit_region:Oceania,,Oceania,False,False,-0.0558399308892213,0.0558399308892213,2203,78,ok,-0.053472614483545976,0.053472614483545976,0.957605312757787,True,,,,,,,
within_taxon,involucre_basal_taper_ratio,involucre_basal_taper_ratio,involucre_architecture,linear_endpoint,chelsa_npp,resource_productivity,leave_one_broad_region_out,omit_region:South America,,South America,False,False,-0.0558399308892213,0.0558399308892213,2231,78,ok,-0.057624518391106966,0.057624518391106966,1.0319589847886101,True,,,,,,,
within_taxon,involucre_basal_taper_ratio,involucre_basal_taper_ratio,involucre_architecture,linear_endpoint,chelsa_npp,resource_productivity,native_only,native_only,,,True,False,-0.0558399308892213,0.0558399308892213,1260,69,ok,0.0034081131411133805,0.0034081131411133805,0.06103362032941276,False,,,,,,,
within_taxon,involucre_length_width_ratio,involucre_length_width_ratio,involucre_architecture,linear_endpoint,chelsa_bio15,hydric,equal_taxon_weight,equal_total_weight_per_taxon,,,False,True,0.0549225790253235,0.0549225790253235,2277,78,ok,0.04887115708951065,0.04887115708951065,0.8898190499571645,True,,,,,,,
within_taxon,involucre_length_width_ratio,involucre_length_width_ratio,involucre_architecture,linear_endpoint,chelsa_bio15,hydric,dominant_taxon_omission,omit:Cirsium vulgare,Cirsium vulgare,,False,False,0.0549225790253235,0.0549225790253235,1535,77,ok,0.050264078313297045,0.050264078313297045,0.9151805906660259,True,,,,,,,
within_taxon,involucre_length_width_ratio,involucre_length_width_ratio,involucre_architecture,linear_endpoint,chelsa_bio15,hydric,dominant_taxon_omission,omit:Cirsium arvense,Cirsium arvense,,False,False,0.0549225790253235,0.0549225790253235,1873,77,ok,0.0455743544544582,0.0455743544544582,0.8297926875109951,True,,,,,,,
within_taxon,involucre_length_width_ratio,involucre_length_width_ratio,involucre_architecture,linear_endpoint,chelsa_bio15,hydric,dominant_taxon_omission,omit:Cirsium palustre,Cirsium palustre,,False,False,0.0549225790253235,0.0549225790253235,1990,77,ok,0.0581322053000256,0.0581322053000256,1.0584391034008476,True,,,,,,,
within_taxon,involucre_length_width_ratio,involucre_length_width_ratio,involucre_architecture,linear_endpoint,chelsa_bio15,hydric,dominant_taxon_omission,omit:Cirsium oleraceum,Cirsium oleraceum,,False,False,0.0549225790253235,0.0549225790253235,2143,77,ok,0.054480269752891955,0.054480269752891955,0.9919466769354075,True,,,,,,,
within_taxon,involucre_length_width_ratio,involucre_length_width_ratio,involucre_architecture,linear_endpoint,chelsa_bio15,hydric,dominant_taxon_omission,omit:Cirsium heterophyllum,Cirsium heterophyllum,,False,False,0.0549225790253235,0.0549225790253235,2190,77,ok,0.05519028020938745,0.05519028020938745,1.0048741553804406,True,,,,,,,
within_taxon,involucre_length_width_ratio,involucre_length_width_ratio,involucre_architecture,linear_endpoint,chelsa_bio15,hydric,dominant_taxon_omission,omit:Cirsium horridulum,Cirsium horridulum,,False,False,0.0549225790253235,0.0549225790253235,2234,77,ok,0.05124900019999742,0.05124900019999742,0.9331135046729637,True,,,,,,,
within_taxon,involucre_length_width_ratio,involucre_length_width_ratio,involucre_architecture,linear_endpoint,chelsa_bio15,hydric,dominant_taxon_omission,omit:Cirsium discolor,Cirsium discolor,,False,False,0.0549225790253235,0.0549225790253235,2221,77,ok,0.05542068128922714,0.05542068128922714,1.00906917105393,True,,,,,,,
within_taxon,involucre_length_width_ratio,involucre_length_width_ratio,involucre_architecture,linear_endpoint,chelsa_bio15,hydric,dominant_taxon_omission,omit:Cirsium undulatum,Cirsium undulatum,,False,False,0.0549225790253235,0.0549225790253235,2248,77,ok,0.05849399016589815,0.05849399016589815,1.0650262825226755,True,,,,,,,
within_taxon,involucre_length_width_ratio,involucre_length_width_ratio,involucre_architecture,linear_endpoint,chelsa_bio15,hydric,dominant_taxon_omission,omit:Cirsium acaulon,Cirsium acaulon,,False,False,0.0549225790253235,0.0549225790253235,2270,77,ok,0.055396587883613346,0.055396587883613346,1.0086304916247886,True,,,,,,,
within_taxon,involucre_length_width_ratio,involucre_length_width_ratio,involucre_architecture,linear_endpoint,chelsa_bio15,hydric,dominant_taxon_omission,omit:Cirsium altissimum,Cirsium altissimum,,False,False,0.0549225790253235,0.0549225790253235,2251,77,ok,0.05595343987102936,0.05595343987102936,1.0187693452128415,True,,,,,,,
within_taxon,involucre_length_width_ratio,involucre_length_width_ratio,involucre_architecture,linear_endpoint,chelsa_bio15,hydric,dominant_taxon_omission,omit_top2_joint,Cirsium vulgare|Cirsium arvense,,False,False,0.0549225790253235,0.0549225790253235,1131,76,ok,0.026685930648537227,0.026685930648537227,0.4858826938231174,True,,,,,,,
within_taxon,involucre_length_width_ratio,involucre_length_width_ratio,involucre_architecture,linear_endpoint,chelsa_bio15,hydric,leave_one_broad_region_out,omit_region:Africa,,Africa,False,False,0.0549225790253235,0.0549225790253235,2246,78,ok,0.061464482514821006,0.061464482514821006,1.1191113674119562,True,,,,,,,
within_taxon,involucre_length_width_ratio,involucre_length_width_ratio,involucre_architecture,linear_endpoint,chelsa_bio15,hydric,leave_one_broad_region_out,omit_region:Asia,,Asia,False,False,0.0549225790253235,0.0549225790253235,2241,76,ok,0.058385309445541995,0.058385309445541995,1.0630474839614126,True,,,,,,,
within_taxon,involucre_length_width_ratio,involucre_length_width_ratio,involucre_architecture,linear_endpoint,chelsa_bio15,hydric,leave_one_broad_region_out,omit_region:Europe,,Europe,False,False,0.0549225790253235,0.0549225790253235,1068,49,ok,0.039561009338290085,0.039561009338290085,0.7203050191807169,True,,,,,,,
within_taxon,involucre_length_width_ratio,involucre_length_width_ratio,involucre_architecture,linear_endpoint,chelsa_bio15,hydric,leave_one_broad_region_out,omit_region:North America,,North America,False,False,0.0549225790253235,0.0549225790253235,1393,36,ok,0.08606758571939677,0.08606758571939677,1.5670710889179666,True,,,,,,,
within_taxon,involucre_length_width_ratio,involucre_length_width_ratio,involucre_architecture,linear_endpoint,chelsa_bio15,hydric,leave_one_broad_region_out,omit_region:Oceania,,Oceania,False,False,0.0549225790253235,0.0549225790253235,2203,78,ok,0.05506118498427775,0.05506118498427775,1.0025236607860375,True,,,,,,,
within_taxon,involucre_length_width_ratio,involucre_length_width_ratio,involucre_architecture,linear_endpoint,chelsa_bio15,hydric,leave_one_broad_region_out,omit_region:South America,,South America,False,False,0.0549225790253235,0.0549225790253235,2231,78,ok,0.04127126676602943,0.04127126676602943,0.7514444423121541,True,,,,,,,
within_taxon,involucre_length_width_ratio,involucre_length_width_ratio,involucre_architecture,linear_endpoint,chelsa_bio15,hydric,native_only,native_only,,,True,False,0.0549225790253235,0.0549225790253235,1260,69,ok,0.0663107586745456,0.0663107586745456,1.20734968844,True,,,,,,,
within_taxon,involucre_length_width_ratio,involucre_length_width_ratio,involucre_architecture,linear_endpoint,chelsa_gsp,growing_season_water_input,equal_taxon_weight,equal_total_weight_per_taxon,,,False,True,-0.0224443541428007,0.0224443541428007,2277,78,ok,-0.04055071205832181,0.04055071205832181,1.8067221627461685,True,,,,,,,
within_taxon,involucre_length_width_ratio,involucre_length_width_ratio,involucre_architecture,linear_endpoint,chelsa_gsp,growing_season_water_input,dominant_taxon_omission,omit:Cirsium vulgare,Cirsium vulgare,,False,False,-0.0224443541428007,0.0224443541428007,1535,77,ok,-0.026941182333487756,0.026941182333487756,1.2003545373627722,True,,,,,,,
within_taxon,involucre_length_width_ratio,involucre_length_width_ratio,involucre_architecture,linear_endpoint,chelsa_gsp,growing_season_water_input,dominant_taxon_omission,omit:Cirsium arvense,Cirsium arvense,,False,False,-0.0224443541428007,0.0224443541428007,1873,77,ok,-0.025466516323288838,0.025466516323288838,1.134651331967934,True,,,,,,,
within_taxon,involucre_length_width_ratio,involucre_length_width_ratio,involucre_architecture,linear_endpoint,chelsa_gsp,growing_season_water_input,dominant_taxon_omission,omit:Cirsium palustre,Cirsium palustre,,False,False,-0.0224443541428007,0.0224443541428007,1990,77,ok,-0.0238427661499861,0.0238427661499861,1.0623057361458519,True,,,,,,,
within_taxon,involucre_length_width_ratio,involucre_length_width_ratio,involucre_architecture,linear_endpoint,chelsa_gsp,growing_season_water_input,dominant_taxon_omission,omit:Cirsium oleraceum,Cirsium oleraceum,,False,False,-0.0224443541428007,0.0224443541428007,2143,77,ok,-0.023334367788414783,0.023334367788414783,1.039654232861923,True,,,,,,,
within_taxon,involucre_length_width_ratio,involucre_length_width_ratio,involucre_architecture,linear_endpoint,chelsa_gsp,growing_season_water_input,dominant_taxon_omission,omit:Cirsium heterophyllum,Cirsium heterophyllum,,False,False,-0.0224443541428007,0.0224443541428007,2190,77,ok,-0.022758392161973288,0.022758392161973288,1.0139918492274067,True,,,,,,,
within_taxon,involucre_length_width_ratio,involucre_length_width_ratio,involucre_architecture,linear_endpoint,chelsa_gsp,growing_season_water_input,dominant_taxon_omission,omit:Cirsium horridulum,Cirsium horridulum,,False,False,-0.0224443541428007,0.0224443541428007,2234,77,ok,-0.02258049499183012,0.02258049499183012,1.0060657057968,True,,,,,,,
within_taxon,involucre_length_width_ratio,involucre_length_width_ratio,involucre_architecture,linear_endpoint,chelsa_gsp,growing_season_water_input,dominant_taxon_omission,omit:Cirsium discolor,Cirsium discolor,,False,False,-0.0224443541428007,0.0224443541428007,2221,77,ok,-0.022642694441441312,0.022642694441441312,1.0088369795530174,True,,,,,,,
within_taxon,involucre_length_width_ratio,involucre_length_width_ratio,involucre_architecture,linear_endpoint,chelsa_gsp,growing_season_water_input,dominant_taxon_omission,omit:Cirsium undulatum,Cirsium undulatum,,False,False,-0.0224443541428007,0.0224443541428007,2248,77,ok,-0.02256059839819454,0.02256059839819454,1.0051792203355125,True,,,,,,,
within_taxon,involucre_length_width_ratio,involucre_length_width_ratio,involucre_architecture,linear_endpoint,chelsa_gsp,growing_season_water_input,dominant_taxon_omission,omit:Cirsium acaulon,Cirsium acaulon,,False,False,-0.0224443541428007,0.0224443541428007,2270,77,ok,-0.02247149585494421,0.02247149585494421,1.0012092890697954,True,,,,,,,
within_taxon,involucre_length_width_ratio,involucre_length_width_ratio,involucre_architecture,linear_endpoint,chelsa_gsp,growing_season_water_input,dominant_taxon_omission,omit:Cirsium altissimum,Cirsium altissimum,,False,False,-0.0224443541428007,0.0224443541428007,2251,77,ok,-0.022530896599795062,0.022530896599795062,1.0038558675577716,True,,,,,,,
within_taxon,involucre_length_width_ratio,involucre_length_width_ratio,involucre_architecture,linear_endpoint,chelsa_gsp,growing_season_water_input,dominant_taxon_omission,omit_top2_joint,Cirsium vulgare|Cirsium arvense,,False,False,-0.0224443541428007,0.0224443541428007,1131,76,ok,-0.03271177839066818,0.03271177839066818,1.4574613367148674,True,,,,,,,
within_taxon,involucre_length_width_ratio,involucre_length_width_ratio,involucre_architecture,linear_endpoint,chelsa_gsp,growing_season_water_input,leave_one_broad_region_out,omit_region:Africa,,Africa,False,False,-0.0224443541428007,0.0224443541428007,2246,78,ok,-0.022527521819106687,0.022527521819106687,1.0037055054369948,True,,,,,,,
within_taxon,involucre_length_width_ratio,involucre_length_width_ratio,involucre_architecture,linear_endpoint,chelsa_gsp,growing_season_water_input,leave_one_broad_region_out,omit_region:Asia,,Asia,False,False,-0.0224443541428007,0.0224443541428007,2241,76,ok,-0.02251814113161744,0.02251814113161744,1.003287552332639,True,,,,,,,
within_taxon,involucre_length_width_ratio,involucre_length_width_ratio,involucre_architecture,linear_endpoint,chelsa_gsp,growing_season_water_input,leave_one_broad_region_out,omit_region:Europe,,Europe,False,False,-0.0224443541428007,0.0224443541428007,1068,49,ok,-0.03261755661471464,0.03261755661471464,1.4532633199060938,True,,,,,,,
within_taxon,involucre_length_width_ratio,involucre_length_width_ratio,involucre_architecture,linear_endpoint,chelsa_gsp,growing_season_water_input,leave_one_broad_region_out,omit_region:North America,,North America,False,False,-0.0224443541428007,0.0224443541428007,1393,36,ok,-0.01290928680411355,0.01290928680411355,0.5751685578466227,True,,,,,,,
within_taxon,involucre_length_width_ratio,involucre_length_width_ratio,involucre_architecture,linear_endpoint,chelsa_gsp,growing_season_water_input,leave_one_broad_region_out,omit_region:Oceania,,Oceania,False,False,-0.0224443541428007,0.0224443541428007,2203,78,ok,-0.02289323854563811,0.02289323854563811,1.0199998805927502,True,,,,,,,
within_taxon,involucre_length_width_ratio,involucre_length_width_ratio,involucre_architecture,linear_endpoint,chelsa_gsp,growing_season_water_input,leave_one_broad_region_out,omit_region:South America,,South America,False,False,-0.0224443541428007,0.0224443541428007,2231,78,ok,-0.022695504573298546,0.022695504573298546,1.0111899156865871,True,,,,,,,
within_taxon,involucre_length_width_ratio,involucre_length_width_ratio,involucre_architecture,linear_endpoint,chelsa_gsp,growing_season_water_input,native_only,native_only,,,True,False,-0.0224443541428007,0.0224443541428007,1260,69,ok,-0.03328490436698422,0.03328490436698422,1.4829967552290095,True,,,,,,,
within_taxon,orientation_image_vertical_angle,orientation_image_vertical_angle,orientation,linear_endpoint,chelsa_bio01,thermal,equal_taxon_weight,equal_total_weight_per_taxon,,,False,True,0.0171502769396607,0.0171502769396607,37196,199,ok,0.03656678398125902,0.03656678398125902,2.132139563105064,True,,,,,,,
within_taxon,orientation_image_vertical_angle,orientation_image_vertical_angle,orientation,linear_endpoint,chelsa_bio01,thermal,dominant_taxon_omission,omit:Cirsium vulgare,Cirsium vulgare,,False,False,0.0171502769396607,0.0171502769396607,26936,198,ok,0.008386489685232992,0.008386489685232992,0.48900024849388296,True,,,,,,,
within_taxon,orientation_image_vertical_angle,orientation_image_vertical_angle,orientation,linear_endpoint,chelsa_bio01,thermal,dominant_taxon_omission,omit:Cirsium arvense,Cirsium arvense,,False,False,0.0171502769396607,0.0171502769396607,27509,198,ok,0.018561842932111935,0.018561842932111935,1.0823057258735533,True,,,,,,,
within_taxon,orientation_image_vertical_angle,orientation_image_vertical_angle,orientation,linear_endpoint,chelsa_bio01,thermal,dominant_taxon_omission,omit:Cirsium palustre,Cirsium palustre,,False,False,0.0171502769396607,0.0171502769396607,34371,198,ok,0.020288159461732767,0.020288159461732767,1.182963956390441,True,,,,,,,
within_taxon,orientation_image_vertical_angle,orientation_image_vertical_angle,orientation,linear_endpoint,chelsa_bio01,thermal,dominant_taxon_omission,omit:Cirsium oleraceum,Cirsium oleraceum,,False,False,0.0171502769396607,0.0171502769396607,35712,198,ok,0.017094721329806332,0.017094721329806332,0.9967606581485636,True,,,,,,,
within_taxon,orientation_image_vertical_angle,orientation_image_vertical_angle,orientation,linear_endpoint,chelsa_bio01,thermal,dominant_taxon_omission,omit:Cirsium heterophyllum,Cirsium heterophyllum,,False,False,0.0171502769396607,0.0171502769396607,35712,198,ok,0.017407250502059532,0.017407250502059532,1.014983639232354,True,,,,,,,
within_taxon,orientation_image_vertical_angle,orientation_image_vertical_angle,orientation,linear_endpoint,chelsa_bio01,thermal,dominant_taxon_omission,omit:Cirsium horridulum,Cirsium horridulum,,False,False,0.0171502769396607,0.0171502769396607,36146,198,ok,0.015474410598235766,0.015474410598235766,0.9022834239166467,True,,,,,,,
within_taxon,orientation_image_vertical_angle,orientation_image_vertical_angle,orientation,linear_endpoint,chelsa_bio01,thermal,dominant_taxon_omission,omit:Cirsium discolor,Cirsium discolor,,False,False,0.0171502769396607,0.0171502769396607,36150,198,ok,0.018309955338507433,0.018309955338507433,1.0676186397996252,True,,,,,,,
within_taxon,orientation_image_vertical_angle,orientation_image_vertical_angle,orientation,linear_endpoint,chelsa_bio01,thermal,dominant_taxon_omission,omit:Cirsium undulatum,Cirsium undulatum,,False,False,0.0171502769396607,0.0171502769396607,36617,198,ok,0.016680539591773017,0.016680539591773017,0.9726105094663868,True,,,,,,,
within_taxon,orientation_image_vertical_angle,orientation_image_vertical_angle,orientation,linear_endpoint,chelsa_bio01,thermal,dominant_taxon_omission,omit:Cirsium acaulon,Cirsium acaulon,,False,False,0.0171502769396607,0.0171502769396607,36706,198,ok,0.017143585363939975,0.017143585363939975,0.9996098269582312,True,,,,,,,
within_taxon,orientation_image_vertical_angle,orientation_image_vertical_angle,orientation,linear_endpoint,chelsa_bio01,thermal,dominant_taxon_omission,omit:Cirsium altissimum,Cirsium altissimum,,False,False,0.0171502769396607,0.0171502769396607,36663,198,ok,0.016931800661216016,0.016931800661216016,0.9872610641091487,True,,,,,,,
within_taxon,orientation_image_vertical_angle,orientation_image_vertical_angle,orientation,linear_endpoint,chelsa_bio01,thermal,dominant_taxon_omission,omit_top2_joint,Cirsium vulgare|Cirsium arvense,,False,False,0.0171502769396607,0.0171502769396607,17249,197,ok,0.004695897844545067,0.004695897844545067,0.2738088639073586,True,,,,,,,
within_taxon,orientation_image_vertical_angle,orientation_image_vertical_angle,orientation,linear_endpoint,chelsa_bio01,thermal,leave_one_broad_region_out,omit_region:Africa,,Africa,False,False,0.0171502769396607,0.0171502769396607,36856,199,ok,0.017293155385425963,0.017293155385425963,1.0083309701801288,True,,,,,,,
within_taxon,orientation_image_vertical_angle,orientation_image_vertical_angle,orientation,linear_endpoint,chelsa_bio01,thermal,leave_one_broad_region_out,omit_region:Asia,,Asia,False,False,0.0171502769396607,0.0171502769396607,36265,159,ok,0.01573647913699255,0.01573647913699255,0.9175641415213136,True,,,,,,,
within_taxon,orientation_image_vertical_angle,orientation_image_vertical_angle,orientation,linear_endpoint,chelsa_bio01,thermal,leave_one_broad_region_out,omit_region:Europe,,Europe,False,False,0.0171502769396607,0.0171502769396607,18454,148,ok,0.0169707377414559,0.0169707377414559,0.9895314111348483,True,,,,,,,
within_taxon,orientation_image_vertical_angle,orientation_image_vertical_angle,orientation,linear_endpoint,chelsa_bio01,thermal,leave_one_broad_region_out,omit_region:North America,,North America,False,False,0.0171502769396607,0.0171502769396607,21509,106,ok,0.019305357935023106,0.019305357935023106,1.1256586702911309,True,,,,,,,
within_taxon,orientation_image_vertical_angle,orientation_image_vertical_angle,orientation,linear_endpoint,chelsa_bio01,thermal,leave_one_broad_region_out,omit_region:Oceania,,Oceania,False,False,0.0171502769396607,0.0171502769396607,36234,199,ok,0.01556377538620043,0.01556377538620043,0.9074941145824053,True,,,,,,,
within_taxon,orientation_image_vertical_angle,orientation_image_vertical_angle,orientation,linear_endpoint,chelsa_bio01,thermal,leave_one_broad_region_out,omit_region:South America,,South America,False,False,0.0171502769396607,0.0171502769396607,36655,199,ok,0.019069788695218234,0.019069788695218234,1.111923076362609,True,,,,,,,
within_taxon,orientation_image_vertical_angle,orientation_image_vertical_angle,orientation,linear_endpoint,chelsa_bio01,thermal,native_only,native_only,,,True,False,0.0171502769396607,0.0171502769396607,21868,182,ok,0.022675545233989597,0.022675545233989597,1.3221678759922235,True,,,,,,,
within_taxon,capitulum_outline_aspect_ratio,capitulum_outline_aspect_ratio,shape,linear_endpoint,chelsa_bio04,thermal,equal_taxon_weight,equal_total_weight_per_taxon,,,False,True,0.0137691408925955,0.0137691408925955,38458,200,ok,0.010435300474752534,0.010435300474752534,0.75787593112394,True,,,,,,,
within_taxon,capitulum_outline_aspect_ratio,capitulum_outline_aspect_ratio,shape,linear_endpoint,chelsa_bio04,thermal,dominant_taxon_omission,omit:Cirsium vulgare,Cirsium vulgare,,False,False,0.0137691408925955,0.0137691408925955,27997,199,ok,0.011820284342896498,0.011820284342896498,0.8584620082762738,True,,,,,,,
within_taxon,capitulum_outline_aspect_ratio,capitulum_outline_aspect_ratio,shape,linear_endpoint,chelsa_bio04,thermal,dominant_taxon_omission,omit:Cirsium arvense,Cirsium arvense,,False,False,0.0137691408925955,0.0137691408925955,28591,199,ok,0.018682537662287915,0.018682537662287915,1.3568412007705322,True,,,,,,,
within_taxon,capitulum_outline_aspect_ratio,capitulum_outline_aspect_ratio,shape,linear_endpoint,chelsa_bio04,thermal,dominant_taxon_omission,omit:Cirsium palustre,Cirsium palustre,,False,False,0.0137691408925955,0.0137691408925955,35535,199,ok,0.012821583063160393,0.012821583063160393,0.9311825017387493,True,,,,,,,
within_taxon,capitulum_outline_aspect_ratio,capitulum_outline_aspect_ratio,shape,linear_endpoint,chelsa_bio04,thermal,dominant_taxon_omission,omit:Cirsium oleraceum,Cirsium oleraceum,,False,False,0.0137691408925955,0.0137691408925955,36905,199,ok,0.013346681843110003,0.013346681843110003,0.9693184162482731,True,,,,,,,
within_taxon,capitulum_outline_aspect_ratio,capitulum_outline_aspect_ratio,shape,linear_endpoint,chelsa_bio04,thermal,dominant_taxon_omission,omit:Cirsium heterophyllum,Cirsium heterophyllum,,False,False,0.0137691408925955,0.0137691408925955,36896,199,ok,0.01235725422707516,0.01235725422707516,0.8974600756478862,True,,,,,,,
within_taxon,capitulum_outline_aspect_ratio,capitulum_outline_aspect_ratio,shape,linear_endpoint,chelsa_bio04,thermal,dominant_taxon_omission,omit:Cirsium horridulum,Cirsium horridulum,,False,False,0.0137691408925955,0.0137691408925955,37299,199,ok,0.013935703818021854,0.013935703818021854,1.0120968277342506,True,,,,,,,
within_taxon,capitulum_outline_aspect_ratio,capitulum_outline_aspect_ratio,shape,linear_endpoint,chelsa_bio04,thermal,dominant_taxon_omission,omit:Cirsium discolor,Cirsium discolor,,False,False,0.0137691408925955,0.0137691408925955,37361,199,ok,0.013896620692859976,0.013896620692859976,1.009258369949067,True,,,,,,,
within_taxon,capitulum_outline_aspect_ratio,capitulum_outline_aspect_ratio,shape,linear_endpoint,chelsa_bio04,thermal,dominant_taxon_omission,omit:Cirsium undulatum,Cirsium undulatum,,False,False,0.0137691408925955,0.0137691408925955,37845,199,ok,0.01353371751230338,0.01353371751230338,0.9829021010004537,True,,,,,,,
within_taxon,capitulum_outline_aspect_ratio,capitulum_outline_aspect_ratio,shape,linear_endpoint,chelsa_bio04,thermal,dominant_taxon_omission,omit:Cirsium acaulon,Cirsium acaulon,,False,False,0.0137691408925955,0.0137691408925955,37917,199,ok,0.01346677365016417,0.01346677365016417,0.9780402245289006,True,,,,,,,
within_taxon,capitulum_outline_aspect_ratio,capitulum_outline_aspect_ratio,shape,linear_endpoint,chelsa_bio04,thermal,dominant_taxon_omission,omit:Cirsium altissimum,Cirsium altissimum,,False,False,0.0137691408925955,0.0137691408925955,37905,199,ok,0.013706784722770208,0.013706784722770208,0.9954713100612671,True,,,,,,,
within_taxon,capitulum_outline_aspect_ratio,capitulum_outline_aspect_ratio,shape,linear_endpoint,chelsa_bio04,thermal,dominant_taxon_omission,omit_top2_joint,Cirsium vulgare|Cirsium arvense,,False,False,0.0137691408925955,0.0137691408925955,18130,198,ok,0.020815724780552238,0.020815724780552238,1.5117664161419186,True,,,,,,,
within_taxon,capitulum_outline_aspect_ratio,capitulum_outline_aspect_ratio,shape,linear_endpoint,chelsa_bio04,thermal,leave_one_broad_region_out,omit_region:Africa,,Africa,False,False,0.0137691408925955,0.0137691408925955,38116,200,ok,0.013901332360850123,0.013901332360850123,1.00960056036072,True,,,,,,,
within_taxon,capitulum_outline_aspect_ratio,capitulum_outline_aspect_ratio,shape,linear_endpoint,chelsa_bio04,thermal,leave_one_broad_region_out,omit_region:Asia,,Asia,False,False,0.0137691408925955,0.0137691408925955,37479,159,ok,0.013186360273377553,0.013186360273377553,0.9576748742885373,True,,,,,,,
within_taxon,capitulum_outline_aspect_ratio,capitulum_outline_aspect_ratio,shape,linear_endpoint,chelsa_bio04,thermal,leave_one_broad_region_out,omit_region:Europe,,Europe,False,False,0.0137691408925955,0.0137691408925955,19134,152,ok,0.00249169480652194,0.00249169480652194,0.18096225653859602,True,,,,,,,
within_taxon,capitulum_outline_aspect_ratio,capitulum_outline_aspect_ratio,shape,linear_endpoint,chelsa_bio04,thermal,leave_one_broad_region_out,omit_region:North America,,North America,False,False,0.0137691408925955,0.0137691408925955,22194,107,ok,0.03066986075615639,0.03066986075615639,2.2274345941691562,True,,,,,,,
within_taxon,capitulum_outline_aspect_ratio,capitulum_outline_aspect_ratio,shape,linear_endpoint,chelsa_bio04,thermal,leave_one_broad_region_out,omit_region:Oceania,,Oceania,False,False,0.0137691408925955,0.0137691408925955,37458,200,ok,0.014154538310627771,0.014154538310627771,1.0279899393170944,True,,,,,,,
within_taxon,capitulum_outline_aspect_ratio,capitulum_outline_aspect_ratio,shape,linear_endpoint,chelsa_bio04,thermal,leave_one_broad_region_out,omit_region:South America,,South America,False,False,0.0137691408925955,0.0137691408925955,37905,200,ok,0.014511018499886978,0.014511018499886978,1.0538797309925436,True,,,,,,,
within_taxon,capitulum_outline_aspect_ratio,capitulum_outline_aspect_ratio,shape,linear_endpoint,chelsa_bio04,thermal,native_only,native_only,,,True,False,0.0137691408925955,0.0137691408925955,22689,184,ok,0.028523084079102853,0.028523084079102853,2.071522421158566,True,,,,,,,
among_taxon,bract_projection_peak_density,bract_projection_peak_density,armature,linear_endpoint,chelsa_vpd_mean,radiative_atmospheric,dominant_taxon_omission,omit:Cirsium vulgare,Cirsium vulgare,,False,False,0.4436988261742537,0.4436988261742537,1440,43,ok,0.4478484915936664,0.4478484915936664,1.0093524372268297,True,,,,,,,
among_taxon,bract_projection_peak_density,bract_projection_peak_density,armature,linear_endpoint,chelsa_vpd_mean,radiative_atmospheric,dominant_taxon_omission,omit:Cirsium arvense,Cirsium arvense,,False,False,0.4436988261742537,0.4436988261742537,1778,43,ok,0.4411440109481103,0.4411440109481103,0.9942420058935652,True,,,,,,,
among_taxon,bract_projection_peak_density,bract_projection_peak_density,armature,linear_endpoint,chelsa_vpd_mean,radiative_atmospheric,dominant_taxon_omission,omit:Cirsium palustre,Cirsium palustre,,False,False,0.4436988261742537,0.4436988261742537,1895,43,ok,0.4429222023361831,0.4429222023361831,0.9982496599218732,True,,,,,,,
among_taxon,bract_projection_peak_density,bract_projection_peak_density,armature,linear_endpoint,chelsa_vpd_mean,radiative_atmospheric,dominant_taxon_omission,omit:Cirsium oleraceum,Cirsium oleraceum,,False,False,0.4436988261742537,0.4436988261742537,2048,43,ok,0.4404500747667591,0.4404500747667591,0.9926780256880402,True,,,,,,,
among_taxon,bract_projection_peak_density,bract_projection_peak_density,armature,linear_endpoint,chelsa_vpd_mean,radiative_atmospheric,dominant_taxon_omission,omit:Cirsium heterophyllum,Cirsium heterophyllum,,False,False,0.4436988261742537,0.4436988261742537,2095,43,ok,0.4488359535070529,0.4488359535070529,1.0115779601607098,True,,,,,,,
among_taxon,bract_projection_peak_density,bract_projection_peak_density,armature,linear_endpoint,chelsa_vpd_mean,radiative_atmospheric,dominant_taxon_omission,omit:Cirsium horridulum,Cirsium horridulum,,False,False,0.4436988261742537,0.4436988261742537,2139,43,ok,0.5030789572041701,0.5030789572041701,1.133829813213425,True,,,,,,,
among_taxon,bract_projection_peak_density,bract_projection_peak_density,armature,linear_endpoint,chelsa_vpd_mean,radiative_atmospheric,dominant_taxon_omission,omit:Cirsium discolor,Cirsium discolor,,False,False,0.4436988261742537,0.4436988261742537,2126,43,ok,0.44062355264801956,0.44062355264801956,0.9930690068469408,True,,,,,,,
among_taxon,bract_projection_peak_density,bract_projection_peak_density,armature,linear_endpoint,chelsa_vpd_mean,radiative_atmospheric,dominant_taxon_omission,omit:Cirsium undulatum,Cirsium undulatum,,False,False,0.4436988261742537,0.4436988261742537,2153,43,ok,0.459011755673907,0.459011755673907,1.0345119901075408,True,,,,,,,
among_taxon,bract_projection_peak_density,bract_projection_peak_density,armature,linear_endpoint,chelsa_vpd_mean,radiative_atmospheric,dominant_taxon_omission,omit:Cirsium acaulon,Cirsium acaulon,,False,False,0.4436988261742537,0.4436988261742537,2175,43,ok,0.44068372023749247,0.44068372023749247,0.9932046114190595,True,,,,,,,
among_taxon,bract_projection_peak_density,bract_projection_peak_density,armature,linear_endpoint,chelsa_vpd_mean,radiative_atmospheric,dominant_taxon_omission,omit:Cirsium altissimum,Cirsium altissimum,,False,False,0.4436988261742537,0.4436988261742537,2156,43,ok,0.45401238085611706,0.45401238085611706,1.0232444939527807,True,,,,,,,
among_taxon,bract_projection_peak_density,bract_projection_peak_density,armature,linear_endpoint,chelsa_vpd_mean,radiative_atmospheric,dominant_taxon_omission,omit_top2_joint,Cirsium vulgare|Cirsium arvense,,False,False,0.4436988261742537,0.4436988261742537,1036,42,ok,0.44534408428844147,0.44534408428844147,1.0037080515366106,True,,,,,,,
among_taxon,bract_projection_peak_density,bract_projection_peak_density,armature,linear_endpoint,chelsa_vpd_mean,radiative_atmospheric,leave_one_broad_region_out,omit_region:Africa,,Africa,False,False,0.4436988261742537,0.4436988261742537,2151,44,ok,0.44333256162577384,0.44333256162577384,0.9991745199065818,True,,,,,,,
among_taxon,bract_projection_peak_density,bract_projection_peak_density,armature,linear_endpoint,chelsa_vpd_mean,radiative_atmospheric,leave_one_broad_region_out,omit_region:Asia,,Asia,False,False,0.4436988261742537,0.4436988261742537,2144,41,ok,0.4419138636847611,0.4419138636847611,0.995977085391721,True,,,,,,,
among_taxon,bract_projection_peak_density,bract_projection_peak_density,armature,linear_endpoint,chelsa_vpd_mean,radiative_atmospheric,leave_one_broad_region_out,omit_region:Europe,,Europe,False,False,0.4436988261742537,0.4436988261742537,1015,28,ok,0.3060712333589695,0.3060712333589695,0.6898175413219738,True,,,,,,,
among_taxon,bract_projection_peak_density,bract_projection_peak_density,armature,linear_endpoint,chelsa_vpd_mean,radiative_atmospheric,leave_one_broad_region_out,omit_region:North America,,North America,False,False,0.4436988261742537,0.4436988261742537,1343,20,ok,0.4839094627987815,0.4839094627987815,1.090625970258339,True,,,,,,,
among_taxon,bract_projection_peak_density,bract_projection_peak_density,armature,linear_endpoint,chelsa_vpd_mean,radiative_atmospheric,leave_one_broad_region_out,omit_region:Oceania,,Oceania,False,False,0.4436988261742537,0.4436988261742537,2108,44,ok,0.4439133868766921,0.4439133868766921,1.000483572842165,True,,,,,,,
among_taxon,bract_projection_peak_density,bract_projection_peak_density,armature,linear_endpoint,chelsa_vpd_mean,radiative_atmospheric,leave_one_broad_region_out,omit_region:South America,,South America,False,False,0.4436988261742537,0.4436988261742537,2136,44,ok,0.443453413954197,0.443453413954197,0.9994468945925038,True,,,,,,,
among_taxon,bract_projection_peak_density,bract_projection_peak_density,armature,linear_endpoint,chelsa_vpd_mean,radiative_atmospheric,native_only,native_only,,,True,False,0.4436988261742537,0.4436988261742537,1175,39,ok,0.4352921328352715,0.4352921328352715,0.9810531539795405,True,,,,,,,
among_taxon,corolla_hue,corolla_hue_sin|corolla_hue_cos,colour,circular_joint,chelsa_bio01,thermal,dominant_taxon_omission,omit:Cirsium vulgare,Cirsium vulgare,,False,False,,0.30378754599948377,29144,142,ok,,0.30432672828434487,1.0017748663233943,True,-0.2355245549777385,0.191872502216776,309.1683366308672,-0.23547551644993225,0.1927849545501182,309.3073541456696,0.9999970565032049
among_taxon,corolla_hue,corolla_hue_sin|corolla_hue_cos,colour,circular_joint,chelsa_bio01,thermal,dominant_taxon_omission,omit:Cirsium arvense,Cirsium arvense,,False,False,,0.30378754599948377,29857,142,ok,,0.3045558050181745,1.0025289352009579,True,-0.2355245549777385,0.191872502216776,309.1683366308672,-0.2365985062182385,0.1917690935097897,309.02564425981325,0.9999968988267869
among_taxon,corolla_hue,corolla_hue_sin|corolla_hue_cos,colour,circular_joint,chelsa_bio01,thermal,dominant_taxon_omission,omit:Cirsium palustre,Cirsium palustre,,False,False,,0.30378754599948377,37243,142,ok,,0.30544596686415215,1.005459146981197,True,-0.2355245549777385,0.191872502216776,309.1683366308672,-0.23710248653604868,0.19256076846543688,309.08148397445814,0.9999988510771461
among_taxon,corolla_hue,corolla_hue_sin|corolla_hue_cos,colour,circular_joint,chelsa_bio01,thermal,dominant_taxon_omission,omit:Cirsium oleraceum,Cirsium oleraceum,,False,False,,0.30378754599948377,38637,142,ok,,0.30295339320387266,0.9972541573655803,True,-0.2355245549777385,0.191872502216776,309.1683366308672,-0.23504251521991487,0.19114333494222696,309.11900134312805,0.9999996292850986
among_taxon,corolla_hue,corolla_hue_sin|corolla_hue_cos,colour,circular_joint,chelsa_bio01,thermal,dominant_taxon_omission,omit:Cirsium heterophyllum,Cirsium heterophyllum,,False,False,,0.30378754599948377,38707,142,ok,,0.31098123428821234,1.0236799973648056,True,-0.2355245549777385,0.191872502216776,309.1683366308672,-0.24570377612080677,0.1906278638588716,307.80589291017634,0.9997172898386197
among_taxon,corolla_hue,corolla_hue_sin|corolla_hue_cos,colour,circular_joint,chelsa_bio01,thermal,dominant_taxon_omission,omit:Cirsium horridulum,Cirsium horridulum,,False,False,,0.30378754599948377,39076,142,ok,,0.3025317941755322,0.9958663485699519,True,-0.2355245549777385,0.191872502216776,309.1683366308672,-0.24011022958826178,0.18404500572995403,307.47024219760596,0.9995608462187852
among_taxon,corolla_hue,corolla_hue_sin|corolla_hue_cos,colour,circular_joint,chelsa_bio01,thermal,dominant_taxon_omission,omit:Cirsium discolor,Cirsium discolor,,False,False,,0.30378754599948377,39141,142,ok,,0.30376772159660287,0.9999347425424711,True,-0.2355245549777385,0.191872502216776,309.1683366308672,-0.23326480919470907,0.19458252099134496,309.8338526068147,0.9999325414771246
among_taxon,corolla_hue,corolla_hue_sin|corolla_hue_cos,colour,circular_joint,chelsa_bio01,thermal,dominant_taxon_omission,omit:Cirsium undulatum,Cirsium undulatum,,False,False,,0.30378754599948377,39634,142,ok,,0.30422534114274713,1.0014411227485411,True,-0.2355245549777385,0.191872502216776,309.1683366308672,-0.23584566568405077,0.19217148636430903,309.1737957903468,0.9999999954608314
among_taxon,corolla_hue,corolla_hue_sin|corolla_hue_cos,colour,circular_joint,chelsa_bio01,thermal,dominant_taxon_omission,omit:Cirsium acaulon,Cirsium acaulon,,False,False,,0.30378754599948377,39695,142,ok,,0.30584123382371486,1.006760276552728,True,-0.2355245549777385,0.191872502216776,309.1683366308672,-0.23819419665881433,0.19183947712833851,308.8476581645094,0.9999843374236284
among_taxon,corolla_hue,corolla_hue_sin|corolla_hue_cos,colour,circular_joint,chelsa_bio01,thermal,dominant_taxon_omission,omit:Cirsium altissimum,Cirsium altissimum,,False,False,,0.30378754599948377,39698,142,ok,,0.30683953001799275,1.010046442188628,True,-0.2355245549777385,0.191872502216776,309.1683366308672,-0.2323115104642676,0.20045413262757436,310.78985311969456,0.9995995590425931
among_taxon,corolla_hue,corolla_hue_sin|corolla_hue_cos,colour,circular_joint,chelsa_bio01,thermal,dominant_taxon_omission,omit_top2_joint,Cirsium vulgare|Cirsium arvense,,False,False,,0.30378754599948377,18718,141,ok,,0.3050889456701059,1.004283913833072,True,-0.2355245549777385,0.191872502216776,309.1683366308672,-0.2365482972521871,0.19267632920830668,309.1639431134797,0.9999999970599857
among_taxon,corolla_hue,corolla_hue_sin|corolla_hue_cos,colour,circular_joint,chelsa_bio01,thermal,leave_one_broad_region_out,omit_region:Africa,,Africa,False,False,,0.30378754599948377,39905,143,ok,,0.30386966480985667,1.0002703165796436,True,-0.2355245549777385,0.191872502216776,309.1683366308672,-0.23550379407236685,0.19202795673853032,309.1935341148601,0.9999999032971911
among_taxon,corolla_hue,corolla_hue_sin|corolla_hue_cos,colour,circular_joint,chelsa_bio01,thermal,leave_one_broad_region_out,omit_region:Asia,,Asia,False,False,,0.30378754599948377,39334,124,ok,,0.3395400244332702,1.1176890853644381,True,-0.2355245549777385,0.191872502216776,309.1683366308672,-0.20477805863906823,0.27083828180698544,322.9074461266304,0.9713872304494866
among_taxon,corolla_hue,corolla_hue_sin|corolla_hue_cos,colour,circular_joint,chelsa_bio01,thermal,leave_one_broad_region_out,omit_region:Europe,,Europe,False,False,,0.30378754599948377,19995,102,ok,,0.37268057420030276,1.2267802913847432,True,-0.2355245549777385,0.191872502216776,309.1683366308672,-0.3316230770751459,0.17004983133622695,297.1478642914392,0.9780732494253966
among_taxon,corolla_hue,corolla_hue_sin|corolla_hue_cos,colour,circular_joint,chelsa_bio01,thermal,leave_one_broad_region_out,omit_region:North America,,North America,False,False,,0.30378754599948377,23240,70,ok,,0.21797900870899348,0.7175376725593744,True,-0.2355245549777385,0.191872502216776,309.1683366308672,-0.21776178234050605,-0.009729048753168202,267.44186984355446,0.7463308110621492
among_taxon,corolla_hue,corolla_hue_sin|corolla_hue_cos,colour,circular_joint,chelsa_bio01,thermal,leave_one_broad_region_out,omit_region:Oceania,,Oceania,False,False,,0.30378754599948377,39223,143,ok,,0.30382570904883244,1.0001256241404601,True,-0.2355245549777385,0.191872502216776,309.1683366308672,-0.23530430825275167,0.1922028719783339,309.24287174204676,0.9999991538517016
among_taxon,corolla_hue,corolla_hue_sin|corolla_hue_cos,colour,circular_joint,chelsa_bio01,thermal,leave_one_broad_region_out,omit_region:South America,,South America,False,False,,0.30378754599948377,39701,143,ok,,0.30385849338165105,1.0002335427607272,True,-0.2355245549777385,0.191872502216776,309.1683366308672,-0.23549844545659301,0.19201683829210126,309.192546630303,0.9999999107282002
among_taxon,corolla_hue,corolla_hue_sin|corolla_hue_cos,colour,circular_joint,chelsa_bio01,thermal,native_only,native_only,,,True,False,,0.30378754599948377,23666,128,ok,,0.34887425580938014,1.1484152671945709,True,-0.2355245549777385,0.191872502216776,309.1683366308672,-0.23813397478687248,0.2549616763726541,316.95455434324236,0.9907804576860086
among_taxon,corolla_hue,corolla_hue_sin|corolla_hue_cos,colour,circular_joint,chelsa_bio04,thermal,dominant_taxon_omission,omit:Cirsium vulgare,Cirsium vulgare,,False,False,,0.3347659507000928,29144,142,ok,,0.3350620473808135,1.0008844886407997,True,-0.0038746684239681,-0.3347435267376223,180.6631711027913,-0.0038140804028562215,-0.3350403384455416,180.6522237634205,0.9999999817466785
among_taxon,corolla_hue,corolla_hue_sin|corolla_hue_cos,colour,circular_joint,chelsa_bio04,thermal,dominant_taxon_omission,omit:Cirsium arvense,Cirsium arvense,,False,False,,0.3347659507000928,29857,142,ok,,0.33468013126920537,0.9997436434897039,True,-0.0038746684239681,-0.3347435267376223,180.6631711027913,-0.0013914706908994964,-0.3346772386579179,180.23821440277825,0.9999724949707992
among_taxon,corolla_hue,corolla_hue_sin|corolla_hue_cos,colour,circular_joint,chelsa_bio04,thermal,dominant_taxon_omission,omit:Cirsium palustre,Cirsium palustre,,False,False,,0.3347659507000928,37243,142,ok,,0.3343854898398919,0.9988635019200572,True,-0.0038746684239681,-0.3347435267376223,180.6631711027913,-0.005176460414077772,-0.33434542029620495,180.8870037454625,0.999992369183122
among_taxon,corolla_hue,corolla_hue_sin|corolla_hue_cos,colour,circular_joint,chelsa_bio04,thermal,dominant_taxon_omission,omit:Cirsium oleraceum,Cirsium oleraceum,,False,False,,0.3347659507000928,38637,142,ok,,0.33605430627389193,1.003848526324451,True,-0.0038746684239681,-0.3347435267376223,180.6631711027913,-0.004879627211105244,-0.336018877451115,180.83198419139293,0.9999956595310189
among_taxon,corolla_hue,corolla_hue_sin|corolla_hue_cos,colour,circular_joint,chelsa_bio04,thermal,dominant_taxon_omission,omit:Cirsium heterophyllum,Cirsium heterophyllum,,False,False,,0.3347659507000928,38707,142,ok,,0.3340420495411265,0.997837590240428,True,-0.0038746684239681,-0.3347435267376223,180.6631711027913,0.0013073127294668176,-0.33403949137050215,179.77576567616248,0.9998800610567138
among_taxon,corolla_hue,corolla_hue_sin|corolla_hue_cos,colour,circular_joint,chelsa_bio04,thermal,dominant_taxon_omission,omit:Cirsium horridulum,Cirsium horridulum,,False,False,,0.3347659507000928,39076,142,ok,,0.33485383425754095,1.0002625223899395,True,-0.0038746684239681,-0.3347435267376223,180.6631711027913,-0.0036726135316299873,-0.33483369338646907,180.62842187432767,0.9999998160858861
among_taxon,corolla_hue,corolla_hue_sin|corolla_hue_cos,colour,circular_joint,chelsa_bio04,thermal,dominant_taxon_omission,omit:Cirsium discolor,Cirsium discolor,,False,False,,0.3347659507000928,39141,142,ok,,0.3325132897728972,0.993270937732811,True,-0.0038746684239681,-0.3347435267376223,180.6631711027913,0.0009657999458553926,-0.3325118871650445,179.83358157324813,0.9998951801155997
among_taxon,corolla_hue,corolla_hue_sin|corolla_hue_cos,colour,circular_joint,chelsa_bio04,thermal,dominant_taxon_omission,omit:Cirsium undulatum,Cirsium undulatum,,False,False,,0.3347659507000928,39634,142,ok,,0.3340729475805178,0.9979298876778665,True,-0.0038746684239681,-0.3347435267376223,180.6631711027913,-0.0052757535397442564,-0.3340312870521611,180.9048651786767,0.9999911027435879
among_taxon,corolla_hue,corolla_hue_sin|corolla_hue_cos,colour,circular_joint,chelsa_bio04,thermal,dominant_taxon_omission,omit:Cirsium acaulon,Cirsium acaulon,,False,False,,0.3347659507000928,39695,142,ok,,0.33535527021208095,1.0017603926288075,True,-0.0038746684239681,-0.3347435267376223,180.6631711027913,-0.007618356187194147,-0.335268724917823,181.3017156676226,0.9999378984171515
among_taxon,corolla_hue,corolla_hue_sin|corolla_hue_cos,colour,circular_joint,chelsa_bio04,thermal,dominant_taxon_omission,omit:Cirsium altissimum,Cirsium altissimum,,False,False,,0.3347659507000928,39698,142,ok,,0.3307756475482888,0.9880803195681667,True,-0.0038746684239681,-0.3347435267376223,180.6631711027913,-4.9656888844064526e-05,-0.330775643820979,180.00860138945018,0.9999347422900041
among_taxon,corolla_hue,corolla_hue_sin|corolla_hue_cos,colour,circular_joint,chelsa_bio04,thermal,dominant_taxon_omission,omit_top2_joint,Cirsium vulgare|Cirsium arvense,,False,False,,0.3347659507000928,18718,141,ok,,0.33495588817968736,1.0005673739494634,True,-0.0038746684239681,-0.3347435267376223,180.6631711027913,-0.0013249471610746212,-0.3349532676975455,180.2266390323452,0.9999709761547882
among_taxon,corolla_hue,corolla_hue_sin|corolla_hue_cos,colour,circular_joint,chelsa_bio04,thermal,leave_one_broad_region_out,omit_region:Africa,,Africa,False,False,,0.3347659507000928,39905,143,ok,,0.3349729472861043,1.0006183322574431,True,-0.0038746684239681,-0.3347435267376223,180.6631711027913,-0.003906670612900119,-0.3349501654548949,180.66823549318303,0.9999999960935786
among_taxon,corolla_hue,corolla_hue_sin|corolla_hue_cos,colour,circular_joint,chelsa_bio04,thermal,leave_one_broad_region_out,omit_region:Asia,,Asia,False,False,,0.3347659507000928,39334,124,ok,,0.34785898688055666,1.0391110151826448,True,-0.0038746684239681,-0.3347435267376223,180.6631711027913,0.004198789174590646,-0.3478336454729971,179.30840153655018,0.9997204655301104
among_taxon,corolla_hue,corolla_hue_sin|corolla_hue_cos,colour,circular_joint,chelsa_bio04,thermal,leave_one_broad_region_out,omit_region:Europe,,Europe,False,False,,0.3347659507000928,19995,102,ok,,0.38309658200759905,1.1443714069678619,True,-0.0038746684239681,-0.3347435267376223,180.6631711027913,-0.028922448894449386,-0.3820032501116359,184.32975021052545,0.9979530904953481
among_taxon,corolla_hue,corolla_hue_sin|corolla_hue_cos,colour,circular_joint,chelsa_bio04,thermal,leave_one_broad_region_out,omit_region:North America,,North America,False,False,,0.3347659507000928,23240,70,ok,,0.09649873153101572,0.28825730731936405,True,-0.0038746684239681,-0.3347435267376223,180.6631711027913,0.0287338182851905,-0.09212151146094326,162.67666549766616,0.9511292701001942
among_taxon,corolla_hue,corolla_hue_sin|corolla_hue_cos,colour,circular_joint,chelsa_bio04,thermal,leave_one_broad_region_out,omit_region:Oceania,,Oceania,False,False,,0.3347659507000928,39223,143,ok,,0.33518932141173385,1.0012646767413342,True,-0.0038746684239681,-0.3347435267376223,180.6631711027913,-0.00422167247022888,-0.3351627346081493,180.72165309303034,0.9999994790824495
among_taxon,corolla_hue,corolla_hue_sin|corolla_hue_cos,colour,circular_joint,chelsa_bio04,thermal,leave_one_broad_region_out,omit_region:South America,,South America,False,False,,0.3347659507000928,39701,143,ok,,0.33509666074038946,1.000987884340104,True,-0.0038746684239681,-0.3347435267376223,180.6631711027913,-0.003899410887870059,-0.33507397188395166,180.66674740527148,0.9999999980519809
among_taxon,corolla_hue,corolla_hue_sin|corolla_hue_cos,colour,circular_joint,chelsa_bio04,thermal,native_only,native_only,,,True,False,,0.3347659507000928,23666,128,ok,,0.36387532482232543,1.0869544051937077,True,-0.0038746684239681,-0.3347435267376223,180.6631711027913,0.015046668169068337,-0.3635640930999138,177.63007711136805,0.9985991389725974
among_taxon,corolla_hue,corolla_hue_sin|corolla_hue_cos,colour,circular_joint,chelsa_bio15,hydric,dominant_taxon_omission,omit:Cirsium vulgare,Cirsium vulgare,,False,False,,0.41019064195139865,29144,142,ok,,0.4073890132815072,0.9931699351877866,True,0.0162409148606312,0.4098689978871179,2.269138004126701,0.01564955660574541,0.4070883190666659,2.2015179290942797,0.9999993035723816
among_taxon,corolla_hue,corolla_hue_sin|corolla_hue_cos,colour,circular_joint,chelsa_bio15,hydric,dominant_taxon_omission,omit:Cirsium arvense,Cirsium arvense,,False,False,,0.41019064195139865,29857,142,ok,,0.41038572132609985,1.0004755822165352,True,0.0162409148606312,0.4098689978871179,2.269138004126701,0.01266466176403107,0.41019025660142877,1.7684506483152849,0.9999618183032665
among_taxon,corolla_hue,corolla_hue_sin|corolla_hue_cos,colour,circular_joint,chelsa_bio15,hydric,dominant_taxon_omission,omit:Cirsium palustre,Cirsium palustre,,False,False,,0.41019064195139865,37243,142,ok,,0.4144928647756715,1.0104883495240309,True,0.0162409148606312,0.4098689978871179,2.269138004126701,0.010891235622118193,0.41434975073790814,1.5056801154059452,0.9999112254483428
among_taxon,corolla_hue,corolla_hue_sin|corolla_hue_cos,colour,circular_joint,chelsa_bio15,hydric,dominant_taxon_omission,omit:Cirsium oleraceum,Cirsium oleraceum,,False,False,,0.41019064195139865,38637,142,ok,,0.40634927298455,0.9906351618638247,True,0.0162409148606312,0.4098689978871179,2.269138004126701,0.023924500220397493,0.4056443638758913,3.375337855060355,0.9998136289550252
among_taxon,corolla_hue,corolla_hue_sin|corolla_hue_cos,colour,circular_joint,chelsa_bio15,hydric,dominant_taxon_omission,omit:Cirsium heterophyllum,Cirsium heterophyllum,,False,False,,0.41019064195139865,38707,142,ok,,0.4092806652963831,0.9977815762673509,True,0.0162409148606312,0.4098689978871179,2.269138004126701,0.009138564489132011,0.4091786280153546,1.2794269008373047,0.9998508130532674
among_taxon,corolla_hue,corolla_hue_sin|corolla_hue_cos,colour,circular_joint,chelsa_bio15,hydric,dominant_taxon_omission,omit:Cirsium horridulum,Cirsium horridulum,,False,False,,0.41019064195139865,39076,142,ok,,0.4209680388814993,1.0262741170272178,True,0.0162409148606312,0.4098689978871179,2.269138004126701,0.018092188412079963,0.42057907993408006,2.4631927423382236,0.9999942644796237
among_taxon,corolla_hue,corolla_hue_sin|corolla_hue_cos,colour,circular_joint,chelsa_bio15,hydric,dominant_taxon_omission,omit:Cirsium discolor,Cirsium discolor,,False,False,,0.41019064195139865,39141,142,ok,,0.4069037584176894,0.9919869368104729,True,0.0162409148606312,0.4098689978871179,2.269138004126701,0.007950383484479755,0.4068260807972997,1.1195581223315327,0.9997987256281635
among_taxon,corolla_hue,corolla_hue_sin|corolla_hue_cos,colour,circular_joint,chelsa_bio15,hydric,dominant_taxon_omission,omit:Cirsium undulatum,Cirsium undulatum,,False,False,,0.41019064195139865,39634,142,ok,,0.4104841546114215,1.000715551819092,True,0.0162409148606312,0.4098689978871179,2.269138004126701,0.016067234127657853,0.4101695809961295,2.2432533105271624,0.9999998979505217
among_taxon,corolla_hue,corolla_hue_sin|corolla_hue_cos,colour,circular_joint,chelsa_bio15,hydric,dominant_taxon_omission,omit:Cirsium acaulon,Cirsium acaulon,,False,False,,0.41019064195139865,39695,142,ok,,0.4103660040848272,1.0004275137350631,True,0.0162409148606312,0.4098689978871179,2.269138004126701,0.004312514668467611,0.4103433434646926,0.6021294048658385,0.9995767764911737
among_taxon,corolla_hue,corolla_hue_sin|corolla_hue_cos,colour,circular_joint,chelsa_bio15,hydric,dominant_taxon_omission,omit:Cirsium altissimum,Cirsium altissimum,,False,False,,0.41019064195139865,39698,142,ok,,0.40630162542673653,0.9905190023200897,True,0.0162409148606312,0.4098689978871179,2.269138004126701,0.012197787215593524,0.4061184861730025,1.7203641539541759,0.9999541321655452
among_taxon,corolla_hue,corolla_hue_sin|corolla_hue_cos,colour,circular_joint,chelsa_bio15,hydric,dominant_taxon_omission,omit_top2_joint,Cirsium vulgare|Cirsium arvense,,False,False,,0.41019064195139865,18718,141,ok,,0.40756100973808906,0.9935892437701659,True,0.0162409148606312,0.4098689978871179,2.269138004126701,0.012031337966613702,0.40738338646226585,1.6916364220827296,0.9999492042450534
among_taxon,corolla_hue,corolla_hue_sin|corolla_hue_cos,colour,circular_joint,chelsa_bio15,hydric,leave_one_broad_region_out,omit_region:Africa,,Africa,False,False,,0.41019064195139865,39905,143,ok,,0.41033111712380793,1.000342463133096,True,0.0162409148606312,0.4098689978871179,2.269138004126701,0.016254544652536645,0.4100090431419908,2.270265430819861,0.9999999998064019
among_taxon,corolla_hue,corolla_hue_sin|corolla_hue_cos,colour,circular_joint,chelsa_bio15,hydric,leave_one_broad_region_out,omit_region:Asia,,Asia,False,False,,0.41019064195139865,39334,124,ok,,0.45978798247317304,1.1209129010984382,True,0.0162409148606312,0.4098689978871179,2.269138004126701,0.038630386298192515,0.4581622879299466,4.819548359130798,0.9990094574073142
among_taxon,corolla_hue,corolla_hue_sin|corolla_hue_cos,colour,circular_joint,chelsa_bio15,hydric,leave_one_broad_region_out,omit_region:Europe,,Europe,False,False,,0.41019064195139865,19995,102,ok,,0.3855137625349488,0.9398404622322571,True,0.0162409148606312,0.4098689978871179,2.269138004126701,-0.08567703539580705,0.3758727267435594,347.15929724394755,0.9654278740346756
among_taxon,corolla_hue,corolla_hue_sin|corolla_hue_cos,colour,circular_joint,chelsa_bio15,hydric,leave_one_broad_region_out,omit_region:North America,,North America,False,False,,0.41019064195139865,23240,70,ok,,0.16997858113003655,0.41438922234158726,True,0.0162409148606312,0.4098689978871179,2.269138004126701,-0.01634403109290444,0.1691909887985013,354.4822870443747,0.9907789602968524
among_taxon,corolla_hue,corolla_hue_sin|corolla_hue_cos,colour,circular_joint,chelsa_bio15,hydric,leave_one_broad_region_out,omit_region:Oceania,,Oceania,False,False,,0.41019064195139865,39223,143,ok,,0.410349254406305,1.0003866798475747,True,0.0162409148606312,0.4098689978871179,2.269138004126701,0.01622074771316447,0.410028533074756,2.26544237390143,0.999999997919816
among_taxon,corolla_hue,corolla_hue_sin|corolla_hue_cos,colour,circular_joint,chelsa_bio15,hydric,leave_one_broad_region_out,omit_region:South America,,South America,False,False,,0.41019064195139865,39701,143,ok,,0.4103337291791956,1.000348831038944,True,0.0162409148606312,0.4098689978871179,2.269138004126701,0.016096152965311413,0.4100179059039041,2.2481171960834625,0.9999999326986853
among_taxon,corolla_hue,corolla_hue_sin|corolla_hue_cos,colour,circular_joint,chelsa_bio15,hydric,native_only,native_only,,,True,False,,0.41019064195139865,23666,128,ok,,0.43780921834707437,1.0673310738252972,True,0.0162409148606312,0.4098689978871179,2.269138004126701,0.028532562941545242,0.43687847797947543,3.736684440210421,0.9996719918005434
among_taxon,corolla_hue,corolla_hue_sin|corolla_hue_cos,colour,circular_joint,chelsa_rsds_mean,radiative_atmospheric,dominant_taxon_omission,omit:Cirsium vulgare,Cirsium vulgare,,False,False,,0.5003711415702184,29144,142,ok,,0.4981475142815276,0.9955560440961626,True,0.2524893442262619,0.4319958453139055,30.305077111803804,0.2524735346442871,0.4294275960963439,30.452564460263353,0.9999966869038825
among_taxon,corolla_hue,corolla_hue_sin|corolla_hue_cos,colour,circular_joint,chelsa_rsds_mean,radiative_atmospheric,dominant_taxon_omission,omit:Cirsium arvense,Cirsium arvense,,False,False,,0.5003711415702184,29857,142,ok,,0.4995606212986764,0.9983801618354756,True,0.2524893442262619,0.4319958453139055,30.305077111803804,0.24880752485997462,0.4331923705761364,29.87125221606118,0.9999713350223934
among_taxon,corolla_hue,corolla_hue_sin|corolla_hue_cos,colour,circular_joint,chelsa_rsds_mean,radiative_atmospheric,dominant_taxon_omission,omit:Cirsium palustre,Cirsium palustre,,False,False,,0.5003711415702184,37243,142,ok,,0.5069853249729319,1.0132185548949875,True,0.2524893442262619,0.4319958453139055,30.305077111803804,0.24503272294433182,0.4438390298569918,28.902019848957476,0.9997001846740098
among_taxon,corolla_hue,corolla_hue_sin|corolla_hue_cos,colour,circular_joint,chelsa_rsds_mean,radiative_atmospheric,dominant_taxon_omission,omit:Cirsium oleraceum,Cirsium oleraceum,,False,False,,0.5003711415702184,38637,142,ok,,0.5032816477191082,1.0058166946633977,True,0.2524893442262619,0.4319958453139055,30.305077111803804,0.27439005657007975,0.42190344130657315,33.03845451631395,0.9988622638163988
among_taxon,corolla_hue,corolla_hue_sin|corolla_hue_cos,colour,circular_joint,chelsa_rsds_mean,radiative_atmospheric,dominant_taxon_omission,omit:Cirsium heterophyllum,Cirsium heterophyllum,,False,False,,0.5003711415702184,38707,142,ok,,0.4948388873644567,0.9889436984946794,True,0.2524893442262619,0.4319958453139055,30.305077111803804,0.23598460647386382,0.43494458262572844,28.482596404243967,0.9994941590301967
among_taxon,corolla_hue,corolla_hue_sin|corolla_hue_cos,colour,circular_joint,chelsa_rsds_mean,radiative_atmospheric,dominant_taxon_omission,omit:Cirsium horridulum,Cirsium horridulum,,False,False,,0.5003711415702184,39076,142,ok,,0.5007402742444449,1.0007377177530024,True,0.2524893442262619,0.4319958453139055,30.305077111803804,0.25237001728189523,0.43249300182492867,30.26458445393962,0.9999997502662208
among_taxon,corolla_hue,corolla_hue_sin|corolla_hue_cos,colour,circular_joint,chelsa_rsds_mean,radiative_atmospheric,dominant_taxon_omission,omit:Cirsium discolor,Cirsium discolor,,False,False,,0.5003711415702184,39141,142,ok,,0.49864838956025453,0.9965570516226061,True,0.2524893442262619,0.4319958453139055,30.305077111803804,0.25072413309079744,0.43103088694071967,30.185914916421183,0.9999978372736347
among_taxon,corolla_hue,corolla_hue_sin|corolla_hue_cos,colour,circular_joint,chelsa_rsds_mean,radiative_atmospheric,dominant_taxon_omission,omit:Cirsium undulatum,Cirsium undulatum,,False,False,,0.5003711415702184,39634,142,ok,,0.5006811816762733,1.0006196202784234,True,0.2524893442262619,0.4319958453139055,30.305077111803804,0.25224344721531655,0.4324984266118007,30.251761533182332,0.9999995670547669
among_taxon,corolla_hue,corolla_hue_sin|corolla_hue_cos,colour,circular_joint,chelsa_rsds_mean,radiative_atmospheric,dominant_taxon_omission,omit:Cirsium acaulon,Cirsium acaulon,,False,False,,0.5003711415702184,39695,142,ok,,0.4955952010572153,0.9904552039152063,True,0.2524893442262619,0.4319958453139055,30.305077111803804,0.2396921005665116,0.43377678618957344,28.923729240276526,0.9997093904854076
among_taxon,corolla_hue,corolla_hue_sin|corolla_hue_cos,colour,circular_joint,chelsa_rsds_mean,radiative_atmospheric,dominant_taxon_omission,omit:Cirsium altissimum,Cirsium altissimum,,False,False,,0.5003711415702184,39698,142,ok,,0.5017147778754608,1.0026852793728789,True,0.2524893442262619,0.4319958453139055,30.305077111803804,0.252481747643198,0.4335558619666669,30.214430973076233,0.9999987485218625
among_taxon,corolla_hue,corolla_hue_sin|corolla_hue_cos,colour,circular_joint,chelsa_rsds_mean,radiative_atmospheric,dominant_taxon_omission,omit_top2_joint,Cirsium vulgare|Cirsium arvense,,False,False,,0.5003711415702184,18718,141,ok,,0.49728301217226706,0.9938283223363752,True,0.2524893442262619,0.4319958453139055,30.305077111803804,0.2487656861989604,0.43058800211464726,30.016522531487222,0.9999873182330976
among_taxon,corolla_hue,corolla_hue_sin|corolla_hue_cos,colour,circular_joint,chelsa_rsds_mean,radiative_atmospheric,leave_one_broad_region_out,omit_region:Africa,,Africa,False,False,,0.5003711415702184,39905,143,ok,,0.5005201597192648,1.000297815234865,True,0.2524893442262619,0.4319958453139055,30.305077111803804,0.25246316697799653,0.4321837336189766,30.291636971670034,0.9999999724873557
among_taxon,corolla_hue,corolla_hue_sin|corolla_hue_cos,colour,circular_joint,chelsa_rsds_mean,radiative_atmospheric,leave_one_broad_region_out,omit_region:Asia,,Asia,False,False,,0.5003711415702184,39334,124,ok,,0.5395078729393965,1.0782154047620787,True,0.2524893442262619,0.4319958453139055,30.305077111803804,0.22297196750063672,0.491276140955865,24.411530941932707,0.9947143894182929
among_taxon,corolla_hue,corolla_hue_sin|corolla_hue_cos,colour,circular_joint,chelsa_rsds_mean,radiative_atmospheric,leave_one_broad_region_out,omit_region:Europe,,Europe,False,False,,0.5003711415702184,19995,102,ok,,0.5244791289256421,1.0481802113522578,True,0.2524893442262619,0.4319958453139055,30.305077111803804,0.2508001397434784,0.4606274487948498,28.56718810848863,0.9995400236392327
among_taxon,corolla_hue,corolla_hue_sin|corolla_hue_cos,colour,circular_joint,chelsa_rsds_mean,radiative_atmospheric,leave_one_broad_region_out,omit_region:North America,,North America,False,False,,0.5003711415702184,23240,70,ok,,0.2515744176446027,0.5027756334131004,True,0.2524893442262619,0.4319958453139055,30.305077111803804,0.24653207608800912,0.050116095946882,78.50924438424623,0.6664782480602177
among_taxon,corolla_hue,corolla_hue_sin|corolla_hue_cos,colour,circular_joint,chelsa_rsds_mean,radiative_atmospheric,leave_one_broad_region_out,omit_region:Oceania,,Oceania,False,False,,0.5003711415702184,39223,143,ok,,0.5007503971713524,1.0007579485898084,True,0.2524893442262619,0.4319958453139055,30.305077111803804,0.2526969502299465,0.4323137883664493,30.307228369580713,0.999999999295129
among_taxon,corolla_hue,corolla_hue_sin|corolla_hue_cos,colour,circular_joint,chelsa_rsds_mean,radiative_atmospheric,leave_one_broad_region_out,omit_region:South America,,South America,False,False,,0.5003711415702184,39701,143,ok,,0.500484509568362,1.000226567818815,True,0.2524893442262619,0.4319958453139055,30.305077111803804,0.25230245620019565,0.43223629522893164,30.2727155032501,0.9999998404910968
among_taxon,corolla_hue,corolla_hue_sin|corolla_hue_cos,colour,circular_joint,chelsa_rsds_mean,radiative_atmospheric,native_only,native_only,,,True,False,,0.5003711415702184,23666,128,ok,,0.49296049063020175,0.9851896915622247,True,0.2524893442262619,0.4319958453139055,30.305077111803804,0.23859875672307618,0.431370697443129,28.94775678181403,0.9997194119719609
among_taxon,corolla_hue,corolla_hue_sin|corolla_hue_cos,colour,circular_joint,chelsa_sfcwind_mean,mechanical,dominant_taxon_omission,omit:Cirsium vulgare,Cirsium vulgare,,False,False,,0.2973499101937109,29144,142,ok,,0.2969961339303706,0.9988102358493742,True,0.1123669160472712,-0.2753010084802332,157.7966717726386,0.11253401851888342,-0.27485050162875496,157.7339820908085,0.9999994014274074
among_taxon,corolla_hue,corolla_hue_sin|corolla_hue_cos,colour,circular_joint,chelsa_sfcwind_mean,mechanical,dominant_taxon_omission,omit:Cirsium arvense,Cirsium arvense,,False,False,,0.2973499101937109,29857,142,ok,,0.29795640351849356,1.0020396620412213,True,0.1123669160472712,-0.2753010084802332,157.7966717726386,0.1143329222787411,-0.2751472356409904,157.4354735288866,0.9999801292361918
among_taxon,corolla_hue,corolla_hue_sin|corolla_hue_cos,colour,circular_joint,chelsa_sfcwind_mean,mechanical,dominant_taxon_omission,omit:Cirsium palustre,Cirsium palustre,,False,False,,0.2973499101937109,37243,142,ok,,0.29923908768731644,1.0063533817527466,True,0.1123669160472712,-0.2753010084802332,157.7966717726386,0.11438118094336044,-0.2765157808262301,157.5274907491591,0.9999889639713099
among_taxon,corolla_hue,corolla_hue_sin|corolla_hue_cos,colour,circular_joint,chelsa_sfcwind_mean,mechanical,dominant_taxon_omission,omit:Cirsium oleraceum,Cirsium oleraceum,,False,False,,0.2973499101937109,38637,142,ok,,0.2992405618778572,1.0063583395162778,True,0.1123669160472712,-0.2753010084802332,157.7966717726386,0.1129649894548639,-0.27709894447730793,157.82074055084922,0.9999999117666389
among_taxon,corolla_hue,corolla_hue_sin|corolla_hue_cos,colour,circular_joint,chelsa_sfcwind_mean,mechanical,dominant_taxon_omission,omit:Cirsium heterophyllum,Cirsium heterophyllum,,False,False,,0.2973499101937109,38707,142,ok,,0.2975346908552747,1.0006214249785494,True,0.1123669160472712,-0.2753010084802332,157.7966717726386,0.11190905730082841,-0.2756868788252059,157.90638310331968,0.9999981667251859
among_taxon,corolla_hue,corolla_hue_sin|corolla_hue_cos,colour,circular_joint,chelsa_sfcwind_mean,mechanical,dominant_taxon_omission,omit:Cirsium horridulum,Cirsium horridulum,,False,False,,0.2973499101937109,39076,142,ok,,0.2967577912236891,0.9980086795061212,True,0.1123669160472712,-0.2753010084802332,157.7966717726386,0.11280022015813289,-0.27448369165442127,157.6595836518797,0.9999971376404996
among_taxon,corolla_hue,corolla_hue_sin|corolla_hue_cos,colour,circular_joint,chelsa_sfcwind_mean,mechanical,dominant_taxon_omission,omit:Cirsium discolor,Cirsium discolor,,False,False,,0.2973499101937109,39141,142,ok,,0.2974508806701317,1.000339567872595,True,0.1123669160472712,-0.2753010084802332,157.7966717726386,0.11505559868230379,-0.2742977134853544,157.24413418847323,0.9999535008490695
among_taxon,corolla_hue,corolla_hue_sin|corolla_hue_cos,colour,circular_joint,chelsa_sfcwind_mean,mechanical,dominant_taxon_omission,omit:Cirsium undulatum,Cirsium undulatum,,False,False,,0.2973499101937109,39634,142,ok,,0.2958823129945214,0.9950644101481874,True,0.1123669160472712,-0.2753010084802332,157.7966717726386,0.11077119528528657,-0.2743648764657328,158.01425758870758,0.9999927891679544
among_taxon,corolla_hue,corolla_hue_sin|corolla_hue_cos,colour,circular_joint,chelsa_sfcwind_mean,mechanical,dominant_taxon_omission,omit:Cirsium acaulon,Cirsium acaulon,,False,False,,0.2973499101937109,39695,142,ok,,0.30041302710214,1.0103013883758487,True,0.1123669160472712,-0.2753010084802332,157.7966717726386,0.12092587147975671,-0.27499985538093014,156.2634351592248,0.9996419718404372
among_taxon,corolla_hue,corolla_hue_sin|corolla_hue_cos,colour,circular_joint,chelsa_sfcwind_mean,mechanical,dominant_taxon_omission,omit:Cirsium altissimum,Cirsium altissimum,,False,False,,0.2973499101937109,39698,142,ok,,0.2963296965484864,0.996568979474183,True,0.1123669160472712,-0.2753010084802332,157.7966717726386,0.11499497001540444,-0.2731070228457596,157.16589331222386,0.9999393997992782
among_taxon,corolla_hue,corolla_hue_sin|corolla_hue_cos,colour,circular_joint,chelsa_sfcwind_mean,mechanical,dominant_taxon_omission,omit_top2_joint,Cirsium vulgare|Cirsium arvense,,False,False,,0.2973499101937109,18718,141,ok,,0.2975944452165455,1.0008223813576245,True,0.1123669160472712,-0.2753010084802332,157.7966717726386,0.11450986147747934,-0.274681534596252,157.36961012149158,0.9999722218141949
among_taxon,corolla_hue,corolla_hue_sin|corolla_hue_cos,colour,circular_joint,chelsa_sfcwind_mean,mechanical,leave_one_broad_region_out,omit_region:Africa,,Africa,False,False,,0.2973499101937109,39905,143,ok,,0.29741217914865903,1.0002094130612234,True,0.1123669160472712,-0.2753010084802332,157.7966717726386,0.11235370495121101,-0.27537365394984736,157.8043167671304,0.9999999910981741
among_taxon,corolla_hue,corolla_hue_sin|corolla_hue_cos,colour,circular_joint,chelsa_sfcwind_mean,mechanical,leave_one_broad_region_out,omit_region:Asia,,Asia,False,False,,0.2973499101937109,39334,124,ok,,0.33976260291395033,1.142635633192589,True,0.1123669160472712,-0.2753010084802332,157.7966717726386,0.15858221666772349,-0.3004834552776806,152.17683925052273,0.9951935627418775
among_taxon,corolla_hue,corolla_hue_sin|corolla_hue_cos,colour,circular_joint,chelsa_sfcwind_mean,mechanical,leave_one_broad_region_out,omit_region:Europe,,Europe,False,False,,0.2973499101937109,19995,102,ok,,0.30376607386930266,1.0215778228129004,True,0.1123669160472712,-0.2753010084802332,157.7966717726386,0.13687362076034457,-0.2711815620095216,153.21852662614668,0.9968093969515507
among_taxon,corolla_hue,corolla_hue_sin|corolla_hue_cos,colour,circular_joint,chelsa_sfcwind_mean,mechanical,leave_one_broad_region_out,omit_region:North America,,North America,False,False,,0.2973499101937109,23240,70,ok,,0.1491148869902065,0.5014795090843124,True,0.1123669160472712,-0.2753010084802332,157.7966717726386,-0.008945664218251872,-0.14884631205977641,183.43933968493752,0.9015105040332467
among_taxon,corolla_hue,corolla_hue_sin|corolla_hue_cos,colour,circular_joint,chelsa_sfcwind_mean,mechanical,leave_one_broad_region_out,omit_region:Oceania,,Oceania,False,False,,0.2973499101937109,39223,143,ok,,0.29738175773459724,1.0001071045922483,True,0.1123669160472712,-0.2753010084802332,157.7966717726386,0.11238250499449406,-0.2753290438811009,157.7959322033288,0.9999999999166928
among_taxon,corolla_hue,corolla_hue_sin|corolla_hue_cos,colour,circular_joint,chelsa_sfcwind_mean,mechanical,leave_one_broad_region_out,omit_region:South America,,South America,False,False,,0.2973499101937109,39701,143,ok,,0.2973998953351568,1.0001681020902726,True,0.1123669160472712,-0.2753010084802332,157.7966717726386,0.1124029974741077,-0.2753402693108982,157.7930942558258,0.9999999980506576
among_taxon,corolla_hue,corolla_hue_sin|corolla_hue_cos,colour,circular_joint,chelsa_sfcwind_mean,mechanical,native_only,native_only,,,True,False,,0.2973499101937109,23666,128,ok,,0.2915717980439536,0.9805679707587835,True,0.1123669160472712,-0.2753010084802332,157.7966717726386,0.10479663886167957,-0.2720878128433517,158.9354398650209,0.9998024936682733
among_taxon,corolla_hue,corolla_hue_sin|corolla_hue_cos,colour,circular_joint,chelsa_npp,resource_productivity,dominant_taxon_omission,omit:Cirsium vulgare,Cirsium vulgare,,False,False,,0.31552805871739587,29144,142,ok,,0.31528119931116544,0.9992176308907871,True,-0.3132327200148209,-0.0379897216373752,263.08478550593276,-0.31312992273638174,-0.03676800410947575,263.3029433522816,0.9999927512037948
among_taxon,corolla_hue,corolla_hue_sin|corolla_hue_cos,colour,circular_joint,chelsa_npp,resource_productivity,dominant_taxon_omission,omit:Cirsium arvense,Cirsium arvense,,False,False,,0.31552805871739587,29857,142,ok,,0.3163513840769487,1.002609357034362,True,-0.3132327200148209,-0.0379897216373752,263.08478550593276,-0.3140536373017012,-0.038059310358604846,263.0901748034081,0.9999999955762655
among_taxon,corolla_hue,corolla_hue_sin|corolla_hue_cos,colour,circular_joint,chelsa_npp,resource_productivity,dominant_taxon_omission,omit:Cirsium palustre,Cirsium palustre,,False,False,,0.31552805871739587,37243,142,ok,,0.31553599621816236,1.0000251562437863,True,-0.3132327200148209,-0.0379897216373752,263.08478550593276,-0.3131790095475753,-0.038495102132451664,262.9925105950481,0.9999987031435257
among_taxon,corolla_hue,corolla_hue_sin|corolla_hue_cos,colour,circular_joint,chelsa_npp,resource_productivity,dominant_taxon_omission,omit:Cirsium oleraceum,Cirsium oleraceum,,False,False,,0.31552805871739587,38637,142,ok,,0.317398142119054,1.005926837091002,True,-0.3132327200148209,-0.0379897216373752,263.08478550593276,-0.3150750595719066,-0.038331285608320866,263.06361794649433,0.9999999317557114
among_taxon,corolla_hue,corolla_hue_sin|corolla_hue_cos,colour,circular_joint,chelsa_npp,resource_productivity,dominant_taxon_omission,omit:Cirsium heterophyllum,Cirsium heterophyllum,,False,False,,0.31552805871739587,38707,142,ok,,0.32234044949224705,1.0215904436598862,True,-0.3132327200148209,-0.0379897216373752,263.08478550593276,-0.3199773559961312,-0.03895968465720678,263.0579720817566,0.9999998904961751
among_taxon,corolla_hue,corolla_hue_sin|corolla_hue_cos,colour,circular_joint,chelsa_npp,resource_productivity,dominant_taxon_omission,omit:Cirsium horridulum,Cirsium horridulum,,False,False,,0.31552805871739587,39076,142,ok,,0.3235511375312782,1.0254274654574167,True,-0.3132327200148209,-0.0379897216373752,263.08478550593276,-0.31966349247058606,-0.050005901444646096,261.10910898350517,0.999405552663687
among_taxon,corolla_hue,corolla_hue_sin|corolla_hue_cos,colour,circular_joint,chelsa_npp,resource_productivity,dominant_taxon_omission,omit:Cirsium discolor,Cirsium discolor,,False,False,,0.31552805871739587,39141,142,ok,,0.30962492539012487,0.9812912571031974,True,-0.3132327200148209,-0.0379897216373752,263.08478550593276,-0.3078802699401093,-0.03282276351018928,263.9147468832211,0.9998950861291402
among_taxon,corolla_hue,corolla_hue_sin|corolla_hue_cos,colour,circular_joint,chelsa_npp,resource_productivity,dominant_taxon_omission,omit:Cirsium undulatum,Cirsium undulatum,,False,False,,0.31552805871739587,39634,142,ok,,0.31492325670733934,0.9980832068865285,True,-0.3132327200148209,-0.0379897216373752,263.08478550593276,-0.31243292696982766,-0.03952624141280164,262.78975043747874,0.999986742212303
among_taxon,corolla_hue,corolla_hue_sin|corolla_hue_cos,colour,circular_joint,chelsa_npp,resource_productivity,dominant_taxon_omission,omit:Cirsium acaulon,Cirsium acaulon,,False,False,,0.31552805871739587,39695,142,ok,,0.3169734259356388,1.0045807882320144,True,-0.3132327200148209,-0.0379897216373752,263.08478550593276,-0.314704776733668,-0.037855729426179326,263.1408666565366,0.9999995209746071
among_taxon,corolla_hue,corolla_hue_sin|corolla_hue_cos,colour,circular_joint,chelsa_npp,resource_productivity,dominant_taxon_omission,omit:Cirsium altissimum,Cirsium altissimum,,False,False,,0.31552805871739587,39698,142,ok,,0.31034649690555743,0.9835781266715196,True,-0.3132327200148209,-0.0379897216373752,263.08478550593276,-0.3091052464290804,-0.027728951865670398,264.873879914399,0.9995125209363771
among_taxon,corolla_hue,corolla_hue_sin|corolla_hue_cos,colour,circular_joint,chelsa_npp,resource_productivity,dominant_taxon_omission,omit_top2_joint,Cirsium vulgare|Cirsium arvense,,False,False,,0.31552805871739587,18718,141,ok,,0.3160987421540193,1.0018086614513562,True,-0.3132327200148209,-0.0379897216373752,263.08478550593276,-0.31394466358379625,-0.036839693248046576,263.30726001442724,0.9999924615040506
among_taxon,corolla_hue,corolla_hue_sin|corolla_hue_cos,colour,circular_joint,chelsa_npp,resource_productivity,leave_one_broad_region_out,omit_region:Africa,,Africa,False,False,,0.31552805871739587,39905,143,ok,,0.3155317157460435,1.0000115901852358,True,-0.3132327200148209,-0.0379897216373752,263.08478550593276,-0.31323285334163214,-0.03801898511403945,263.0795132725632,0.9999999957663592
among_taxon,corolla_hue,corolla_hue_sin|corolla_hue_cos,colour,circular_joint,chelsa_npp,resource_productivity,leave_one_broad_region_out,omit_region:Asia,,Asia,False,False,,0.31552805871739587,39334,124,ok,,0.2694176252400633,0.853862652770822,True,-0.3132327200148209,-0.0379897216373752,263.08478550593276,-0.2681242193978803,0.026367778864980977,275.6165022273234,0.976176044966927
among_taxon,corolla_hue,corolla_hue_sin|corolla_hue_cos,colour,circular_joint,chelsa_npp,resource_productivity,leave_one_broad_region_out,omit_region:Europe,,Europe,False,False,,0.31552805871739587,19995,102,ok,,0.3891714697889843,1.2333973446638782,True,-0.3132327200148209,-0.0379897216373752,263.08478550593276,-0.384316903802919,-0.061277649669812355,260.94069614950075,0.9992999004153994
among_taxon,corolla_hue,corolla_hue_sin|corolla_hue_cos,colour,circular_joint,chelsa_npp,resource_productivity,leave_one_broad_region_out,omit_region:North America,,North America,False,False,,0.31552805871739587,23240,70,ok,,0.2675125085041504,0.8478247848751518,True,-0.3132327200148209,-0.0379897216373752,263.08478550593276,-0.26223578862649416,-0.05287091232070655,258.6010703011254,0.9969395933685423
among_taxon,corolla_hue,corolla_hue_sin|corolla_hue_cos,colour,circular_joint,chelsa_npp,resource_productivity,leave_one_broad_region_out,omit_region:Oceania,,Oceania,False,False,,0.31552805871739587,39223,143,ok,,0.31541204734578676,0.9996323262911049,True,-0.3132327200148209,-0.0379897216373752,263.08478550593276,-0.3131392404530939,-0.037796503797577284,263.117584413153,0.9999998361511201
among_taxon,corolla_hue,corolla_hue_sin|corolla_hue_cos,colour,circular_joint,chelsa_npp,resource_productivity,leave_one_broad_region_out,omit_region:South America,,South America,False,False,,0.31552805871739587,39701,143,ok,,0.31546414559730773,0.9997974407716768,True,-0.3132327200148209,-0.0379897216373752,263.08478550593276,-0.3131919548747371,-0.037794530810422756,263.1190874681742,0.9999998207898285
among_taxon,corolla_hue,corolla_hue_sin|corolla_hue_cos,colour,circular_joint,chelsa_npp,resource_productivity,native_only,native_only,,,True,False,,0.31552805871739587,23666,128,ok,,0.33626148485307367,1.0657102452946912,True,-0.3132327200148209,-0.0379897216373752,263.08478550593276,-0.3348589288089294,0.030680351897105454,275.2349224107554,0.9775994348523753
among_taxon,corolla_lab_chroma,corolla_lab_chroma,colour,linear_endpoint,chelsa_rsds_mean,radiative_atmospheric,dominant_taxon_omission,omit:Cirsium vulgare,Cirsium vulgare,,False,False,-0.3453720170895292,0.3453720170895292,29149,142,ok,-0.3427255730142201,0.3427255730142201,0.9923374102580433,True,,,,,,,
among_taxon,corolla_lab_chroma,corolla_lab_chroma,colour,linear_endpoint,chelsa_rsds_mean,radiative_atmospheric,dominant_taxon_omission,omit:Cirsium arvense,Cirsium arvense,,False,False,-0.3453720170895292,0.3453720170895292,29864,142,ok,-0.35280226103181683,0.35280226103181683,1.0215137404729624,True,,,,,,,
among_taxon,corolla_lab_chroma,corolla_lab_chroma,colour,linear_endpoint,chelsa_rsds_mean,radiative_atmospheric,dominant_taxon_omission,omit:Cirsium palustre,Cirsium palustre,,False,False,-0.3453720170895292,0.3453720170895292,37249,142,ok,-0.34782049490999456,0.34782049490999456,1.0070893925949729,True,,,,,,,
among_taxon,corolla_lab_chroma,corolla_lab_chroma,colour,linear_endpoint,chelsa_rsds_mean,radiative_atmospheric,dominant_taxon_omission,omit:Cirsium oleraceum,Cirsium oleraceum,,False,False,-0.3453720170895292,0.3453720170895292,38642,142,ok,-0.34598939852084487,0.34598939852084487,1.0017875838248806,True,,,,,,,
among_taxon,corolla_lab_chroma,corolla_lab_chroma,colour,linear_endpoint,chelsa_rsds_mean,radiative_atmospheric,dominant_taxon_omission,omit:Cirsium heterophyllum,Cirsium heterophyllum,,False,False,-0.3453720170895292,0.3453720170895292,38714,142,ok,-0.3284374518672472,0.3284374518672472,0.9509671763074768,True,,,,,,,
among_taxon,corolla_lab_chroma,corolla_lab_chroma,colour,linear_endpoint,chelsa_rsds_mean,radiative_atmospheric,dominant_taxon_omission,omit:Cirsium horridulum,Cirsium horridulum,,False,False,-0.3453720170895292,0.3453720170895292,39083,142,ok,-0.34526162840461705,0.34526162840461705,0.9996803774496776,True,,,,,,,
among_taxon,corolla_lab_chroma,corolla_lab_chroma,colour,linear_endpoint,chelsa_rsds_mean,radiative_atmospheric,dominant_taxon_omission,omit:Cirsium discolor,Cirsium discolor,,False,False,-0.3453720170895292,0.3453720170895292,39148,142,ok,-0.34488340985865357,0.34488340985865357,0.9985852726720794,True,,,,,,,
among_taxon,corolla_lab_chroma,corolla_lab_chroma,colour,linear_endpoint,chelsa_rsds_mean,radiative_atmospheric,dominant_taxon_omission,omit:Cirsium undulatum,Cirsium undulatum,,False,False,-0.3453720170895292,0.3453720170895292,39641,142,ok,-0.34514597524685636,0.34514597524685636,0.9993455119943483,True,,,,,,,
among_taxon,corolla_lab_chroma,corolla_lab_chroma,colour,linear_endpoint,chelsa_rsds_mean,radiative_atmospheric,dominant_taxon_omission,omit:Cirsium acaulon,Cirsium acaulon,,False,False,-0.3453720170895292,0.3453720170895292,39702,142,ok,-0.3278402980267858,0.3278402980267858,0.9492381600267322,True,,,,,,,
among_taxon,corolla_lab_chroma,corolla_lab_chroma,colour,linear_endpoint,chelsa_rsds_mean,radiative_atmospheric,dominant_taxon_omission,omit:Cirsium altissimum,Cirsium altissimum,,False,False,-0.3453720170895292,0.3453720170895292,39705,142,ok,-0.345288184984383,0.345288184984383,0.999757270129026,True,,,,,,,
among_taxon,corolla_lab_chroma,corolla_lab_chroma,colour,linear_endpoint,chelsa_rsds_mean,radiative_atmospheric,dominant_taxon_omission,omit_top2_joint,Cirsium vulgare|Cirsium arvense,,False,False,-0.3453720170895292,0.3453720170895292,18723,141,ok,-0.3501627596441903,0.3501627596441903,1.0138712527871627,True,,,,,,,
among_taxon,corolla_lab_chroma,corolla_lab_chroma,colour,linear_endpoint,chelsa_rsds_mean,radiative_atmospheric,leave_one_broad_region_out,omit_region:Africa,,Africa,False,False,-0.3453720170895292,0.3453720170895292,39912,143,ok,-0.34553102361321997,0.34553102361321997,1.000460392028951,True,,,,,,,
among_taxon,corolla_lab_chroma,corolla_lab_chroma,colour,linear_endpoint,chelsa_rsds_mean,radiative_atmospheric,leave_one_broad_region_out,omit_region:Asia,,Asia,False,False,-0.3453720170895292,0.3453720170895292,39341,124,ok,-0.34306228737226574,0.34306228737226574,0.9933123426248377,True,,,,,,,
among_taxon,corolla_lab_chroma,corolla_lab_chroma,colour,linear_endpoint,chelsa_rsds_mean,radiative_atmospheric,leave_one_broad_region_out,omit_region:Europe,,Europe,False,False,-0.3453720170895292,0.3453720170895292,19997,102,ok,-0.21236091287276954,0.21236091287276954,0.614875850864664,True,,,,,,,
among_taxon,corolla_lab_chroma,corolla_lab_chroma,colour,linear_endpoint,chelsa_rsds_mean,radiative_atmospheric,leave_one_broad_region_out,omit_region:North America,,North America,False,False,-0.3453720170895292,0.3453720170895292,23246,70,ok,-0.29627588860601445,0.29627588860601445,0.8578456677027549,True,,,,,,,
among_taxon,corolla_lab_chroma,corolla_lab_chroma,colour,linear_endpoint,chelsa_rsds_mean,radiative_atmospheric,leave_one_broad_region_out,omit_region:Oceania,,Oceania,False,False,-0.3453720170895292,0.3453720170895292,39229,143,ok,-0.3454049722657115,0.3454049722657115,1.000095419358117,True,,,,,,,
among_taxon,corolla_lab_chroma,corolla_lab_chroma,colour,linear_endpoint,chelsa_rsds_mean,radiative_atmospheric,leave_one_broad_region_out,omit_region:South America,,South America,False,False,-0.3453720170895292,0.3453720170895292,39708,143,ok,-0.3454247395556472,0.3454247395556472,1.0001526541338301,True,,,,,,,
among_taxon,corolla_lab_chroma,corolla_lab_chroma,colour,linear_endpoint,chelsa_rsds_mean,radiative_atmospheric,native_only,native_only,,,True,False,-0.3453720170895292,0.3453720170895292,23672,128,ok,-0.3015030300557248,0.3015030300557248,0.8729804823115348,True,,,,,,,
among_taxon,orientation_image_vertical_angle,orientation_image_vertical_angle,orientation,linear_endpoint,chelsa_bio12,hydric,dominant_taxon_omission,omit:Cirsium vulgare,Cirsium vulgare,,False,False,0.3043592858977514,0.3043592858977514,26782,141,ok,0.30406202300465685,0.30406202300465685,0.9990233158412837,True,,,,,,,
among_taxon,orientation_image_vertical_angle,orientation_image_vertical_angle,orientation,linear_endpoint,chelsa_bio12,hydric,dominant_taxon_omission,omit:Cirsium arvense,Cirsium arvense,,False,False,0.3043592858977514,0.3043592858977514,27355,141,ok,0.3056138152539268,0.3056138152539268,1.0041218698239318,True,,,,,,,
among_taxon,orientation_image_vertical_angle,orientation_image_vertical_angle,orientation,linear_endpoint,chelsa_bio12,hydric,dominant_taxon_omission,omit:Cirsium palustre,Cirsium palustre,,False,False,0.3043592858977514,0.3043592858977514,34217,141,ok,0.30418436050347963,0.30418436050347963,0.9994252667739189,True,,,,,,,
among_taxon,orientation_image_vertical_angle,orientation_image_vertical_angle,orientation,linear_endpoint,chelsa_bio12,hydric,dominant_taxon_omission,omit:Cirsium oleraceum,Cirsium oleraceum,,False,False,0.3043592858977514,0.3043592858977514,35558,141,ok,0.30613042264265766,0.30613042264265766,1.0058192301893534,True,,,,,,,
among_taxon,orientation_image_vertical_angle,orientation_image_vertical_angle,orientation,linear_endpoint,chelsa_bio12,hydric,dominant_taxon_omission,omit:Cirsium heterophyllum,Cirsium heterophyllum,,False,False,0.3043592858977514,0.3043592858977514,35558,141,ok,0.3019181010506444,0.3019181010506444,0.9919792660838116,True,,,,,,,
among_taxon,orientation_image_vertical_angle,orientation_image_vertical_angle,orientation,linear_endpoint,chelsa_bio12,hydric,dominant_taxon_omission,omit:Cirsium horridulum,Cirsium horridulum,,False,False,0.3043592858977514,0.3043592858977514,35992,141,ok,0.30435263811536656,0.30435263811536656,0.999978158108877,True,,,,,,,
among_taxon,orientation_image_vertical_angle,orientation_image_vertical_angle,orientation,linear_endpoint,chelsa_bio12,hydric,dominant_taxon_omission,omit:Cirsium discolor,Cirsium discolor,,False,False,0.3043592858977514,0.3043592858977514,35996,141,ok,0.3043444068897356,0.3043444068897356,0.9999511136715545,True,,,,,,,
among_taxon,orientation_image_vertical_angle,orientation_image_vertical_angle,orientation,linear_endpoint,chelsa_bio12,hydric,dominant_taxon_omission,omit:Cirsium undulatum,Cirsium undulatum,,False,False,0.3043592858977514,0.3043592858977514,36463,141,ok,0.30145311771761335,0.30145311771761335,0.9904515212290438,True,,,,,,,
among_taxon,orientation_image_vertical_angle,orientation_image_vertical_angle,orientation,linear_endpoint,chelsa_bio12,hydric,dominant_taxon_omission,omit:Cirsium acaulon,Cirsium acaulon,,False,False,0.3043592858977514,0.3043592858977514,36552,141,ok,0.3051886970358397,0.3051886970358397,1.0027251054149433,True,,,,,,,
among_taxon,orientation_image_vertical_angle,orientation_image_vertical_angle,orientation,linear_endpoint,chelsa_bio12,hydric,dominant_taxon_omission,omit:Cirsium altissimum,Cirsium altissimum,,False,False,0.3043592858977514,0.3043592858977514,36509,141,ok,0.30443268192756817,0.30443268192756817,1.0002411493035288,True,,,,,,,
among_taxon,orientation_image_vertical_angle,orientation_image_vertical_angle,orientation,linear_endpoint,chelsa_bio12,hydric,dominant_taxon_omission,omit_top2_joint,Cirsium vulgare|Cirsium arvense,,False,False,0.3043592858977514,0.3043592858977514,17095,140,ok,0.3053179323931776,0.3053179323931776,1.0031497198864774,True,,,,,,,
among_taxon,orientation_image_vertical_angle,orientation_image_vertical_angle,orientation,linear_endpoint,chelsa_bio12,hydric,leave_one_broad_region_out,omit_region:Africa,,Africa,False,False,0.3043592858977514,0.3043592858977514,36702,142,ok,0.30435814618843277,0.30435814618843277,0.9999962553818088,True,,,,,,,
among_taxon,orientation_image_vertical_angle,orientation_image_vertical_angle,orientation,linear_endpoint,chelsa_bio12,hydric,leave_one_broad_region_out,omit_region:Asia,,Asia,False,False,0.3043592858977514,0.3043592858977514,36172,123,ok,0.2376386910395027,0.2376386910395027,0.7807834426295004,True,,,,,,,
among_taxon,orientation_image_vertical_angle,orientation_image_vertical_angle,orientation,linear_endpoint,chelsa_bio12,hydric,leave_one_broad_region_out,omit_region:Europe,,Europe,False,False,0.3043592858977514,0.3043592858977514,18323,100,ok,0.35266029669709936,0.35266029669709936,1.1586973456613199,True,,,,,,,
among_taxon,orientation_image_vertical_angle,orientation_image_vertical_angle,orientation,linear_endpoint,chelsa_bio12,hydric,leave_one_broad_region_out,omit_region:North America,,North America,False,False,0.3043592858977514,0.3043592858977514,21414,71,ok,0.3105348300446577,0.3105348300446577,1.0202903096210476,True,,,,,,,
among_taxon,orientation_image_vertical_angle,orientation_image_vertical_angle,orientation,linear_endpoint,chelsa_bio12,hydric,leave_one_broad_region_out,omit_region:Oceania,,Oceania,False,False,0.3043592858977514,0.3043592858977514,36080,142,ok,0.3043958047670984,0.3043958047670984,1.000119986052797,True,,,,,,,
among_taxon,orientation_image_vertical_angle,orientation_image_vertical_angle,orientation,linear_endpoint,chelsa_bio12,hydric,leave_one_broad_region_out,omit_region:South America,,South America,False,False,0.3043592858977514,0.3043592858977514,36501,142,ok,0.30434518119788884,0.30434518119788884,0.9999536577311221,True,,,,,,,
among_taxon,orientation_image_vertical_angle,orientation_image_vertical_angle,orientation,linear_endpoint,chelsa_bio12,hydric,native_only,native_only,,,True,False,0.3043592858977514,0.3043592858977514,21725,128,ok,0.2826613421075625,0.2826613421075625,0.9287094404687286,True,,,,,,,
among_taxon,orientation_image_vertical_angle,orientation_image_vertical_angle,orientation,linear_endpoint,chelsa_gsp,growing_season_water_input,dominant_taxon_omission,omit:Cirsium vulgare,Cirsium vulgare,,False,False,0.2580783524593076,0.2580783524593076,26782,141,ok,0.25792644438160317,0.25792644438160317,0.9994113877577997,True,,,,,,,
among_taxon,orientation_image_vertical_angle,orientation_image_vertical_angle,orientation,linear_endpoint,chelsa_gsp,growing_season_water_input,dominant_taxon_omission,omit:Cirsium arvense,Cirsium arvense,,False,False,0.2580783524593076,0.2580783524593076,27355,141,ok,0.2588952039406499,0.2588952039406499,1.0031651297892996,True,,,,,,,
among_taxon,orientation_image_vertical_angle,orientation_image_vertical_angle,orientation,linear_endpoint,chelsa_gsp,growing_season_water_input,dominant_taxon_omission,omit:Cirsium palustre,Cirsium palustre,,False,False,0.2580783524593076,0.2580783524593076,34217,141,ok,0.2579861229970862,0.2579861229970862,0.9996426299945635,True,,,,,,,
among_taxon,orientation_image_vertical_angle,orientation_image_vertical_angle,orientation,linear_endpoint,chelsa_gsp,growing_season_water_input,dominant_taxon_omission,omit:Cirsium oleraceum,Cirsium oleraceum,,False,False,0.2580783524593076,0.2580783524593076,35558,141,ok,0.25932369703517905,0.25932369703517905,1.004825451511156,True,,,,,,,
among_taxon,orientation_image_vertical_angle,orientation_image_vertical_angle,orientation,linear_endpoint,chelsa_gsp,growing_season_water_input,dominant_taxon_omission,omit:Cirsium heterophyllum,Cirsium heterophyllum,,False,False,0.2580783524593076,0.2580783524593076,35558,141,ok,0.25511835927806326,0.25511835927806326,0.9885306413612855,True,,,,,,,
among_taxon,orientation_image_vertical_angle,orientation_image_vertical_angle,orientation,linear_endpoint,chelsa_gsp,growing_season_water_input,dominant_taxon_omission,omit:Cirsium horridulum,Cirsium horridulum,,False,False,0.2580783524593076,0.2580783524593076,35992,141,ok,0.2583663820351181,0.2583663820351181,1.0011160547681188,True,,,,,,,
among_taxon,orientation_image_vertical_angle,orientation_image_vertical_angle,orientation,linear_endpoint,chelsa_gsp,growing_season_water_input,dominant_taxon_omission,omit:Cirsium discolor,Cirsium discolor,,False,False,0.2580783524593076,0.2580783524593076,35996,141,ok,0.2580020926369794,0.2580020926369794,0.9997045090314568,True,,,,,,,
among_taxon,orientation_image_vertical_angle,orientation_image_vertical_angle,orientation,linear_endpoint,chelsa_gsp,growing_season_water_input,dominant_taxon_omission,omit:Cirsium undulatum,Cirsium undulatum,,False,False,0.2580783524593076,0.2580783524593076,36463,141,ok,0.2558484922148607,0.2558484922148607,0.9913597548062523,True,,,,,,,
among_taxon,orientation_image_vertical_angle,orientation_image_vertical_angle,orientation,linear_endpoint,chelsa_gsp,growing_season_water_input,dominant_taxon_omission,omit:Cirsium acaulon,Cirsium acaulon,,False,False,0.2580783524593076,0.2580783524593076,36552,141,ok,0.25848349788736835,0.25848349788736835,1.0015698543647695,True,,,,,,,
among_taxon,orientation_image_vertical_angle,orientation_image_vertical_angle,orientation,linear_endpoint,chelsa_gsp,growing_season_water_input,dominant_taxon_omission,omit:Cirsium altissimum,Cirsium altissimum,,False,False,0.2580783524593076,0.2580783524593076,36509,141,ok,0.2573738139363706,0.2573738139363706,0.9972700595915029,True,,,,,,,
among_taxon,orientation_image_vertical_angle,orientation_image_vertical_angle,orientation,linear_endpoint,chelsa_gsp,growing_season_water_input,dominant_taxon_omission,omit_top2_joint,Cirsium vulgare|Cirsium arvense,,False,False,0.2580783524593076,0.2580783524593076,17095,140,ok,0.2587417494526369,0.2587417494526369,1.0025705255284203,True,,,,,,,
among_taxon,orientation_image_vertical_angle,orientation_image_vertical_angle,orientation,linear_endpoint,chelsa_gsp,growing_season_water_input,leave_one_broad_region_out,omit_region:Africa,,Africa,False,False,0.2580783524593076,0.2580783524593076,36702,142,ok,0.25808594032614207,0.25808594032614207,1.000029401407604,True,,,,,,,
among_taxon,orientation_image_vertical_angle,orientation_image_vertical_angle,orientation,linear_endpoint,chelsa_gsp,growing_season_water_input,leave_one_broad_region_out,omit_region:Asia,,Asia,False,False,0.2580783524593076,0.2580783524593076,36172,123,ok,0.16792562286053503,0.16792562286053503,0.6506769020350618,True,,,,,,,
among_taxon,orientation_image_vertical_angle,orientation_image_vertical_angle,orientation,linear_endpoint,chelsa_gsp,growing_season_water_input,leave_one_broad_region_out,omit_region:Europe,,Europe,False,False,0.2580783524593076,0.2580783524593076,18323,100,ok,0.316751988286383,0.316751988286383,1.227348149381598,True,,,,,,,
among_taxon,orientation_image_vertical_angle,orientation_image_vertical_angle,orientation,linear_endpoint,chelsa_gsp,growing_season_water_input,leave_one_broad_region_out,omit_region:North America,,North America,False,False,0.2580783524593076,0.2580783524593076,21414,71,ok,0.2672724572841328,0.2672724572841328,1.0356252461208457,True,,,,,,,
among_taxon,orientation_image_vertical_angle,orientation_image_vertical_angle,orientation,linear_endpoint,chelsa_gsp,growing_season_water_input,leave_one_broad_region_out,omit_region:Oceania,,Oceania,False,False,0.2580783524593076,0.2580783524593076,36080,142,ok,0.2581047262014166,0.2581047262014166,1.0001021927715272,True,,,,,,,
among_taxon,orientation_image_vertical_angle,orientation_image_vertical_angle,orientation,linear_endpoint,chelsa_gsp,growing_season_water_input,leave_one_broad_region_out,omit_region:South America,,South America,False,False,0.2580783524593076,0.2580783524593076,36501,142,ok,0.258094118154177,0.258094118154177,1.0000610887922956,True,,,,,,,
among_taxon,orientation_image_vertical_angle,orientation_image_vertical_angle,orientation,linear_endpoint,chelsa_gsp,growing_season_water_input,native_only,native_only,,,True,False,0.2580783524593076,0.2580783524593076,21725,128,ok,0.19920569265503332,0.19920569265503332,0.7718806740539891,True,,,,,,,
