scale,scope,unit_id,member_endpoint_ids,n_registered_endpoints_in_unit,module,analysis_tier_metadata_only,validation_status,inferential_unit,predictor,environment_block,minimum_trait_observations_per_taxon,n_observations,n_taxa,status,beta_std,p_value,p_value_method,beta_sine_std_among,beta_cosine_std_among,effect_magnitude,effect_direction_degrees,q_fdr_bh_global_family,fdr_significant_0_05,result_retained_regardless_of_q
among_taxon,among_taxon_min5,bract_projection_maximum,bract_projection_maximum,1,armature,candidate,requires_botanical_calibration,linear_endpoint,chelsa_bio01,thermal,5,44,44,ok,-0.2336791437850915,0.1275,taxon_label_permutation_two_sided_9999,,,,,0.3956896551724138,False,True
among_taxon,among_taxon_min5,bract_projection_maximum,bract_projection_maximum,1,armature,candidate,requires_botanical_calibration,linear_endpoint,chelsa_bio04,thermal,5,44,44,ok,-0.0298311638814354,0.8476,taxon_label_permutation_two_sided_9999,,,,,0.9476273291925468,False,True
among_taxon,among_taxon_min5,bract_projection_maximum,bract_projection_maximum,1,armature,candidate,requires_botanical_calibration,linear_endpoint,chelsa_bio12,hydric,5,44,44,ok,0.1696113825559626,0.2756,taxon_label_permutation_two_sided_9999,,,,,0.5616,False,True
among_taxon,among_taxon_min5,bract_projection_maximum,bract_projection_maximum,1,armature,candidate,requires_botanical_calibration,linear_endpoint,chelsa_bio15,hydric,5,44,44,ok,0.0113783679253612,0.9402,taxon_label_permutation_two_sided_9999,,,,,0.9858539325842696,False,True
among_taxon,among_taxon_min5,bract_projection_maximum,bract_projection_maximum,1,armature,candidate,requires_botanical_calibration,linear_endpoint,chelsa_rsds_mean,radiative_atmospheric,5,44,44,ok,-0.374896858898589,0.0121,taxon_label_permutation_two_sided_9999,,,,,0.1037142857142857,False,True
among_taxon,among_taxon_min5,bract_projection_maximum,bract_projection_maximum,1,armature,candidate,requires_botanical_calibration,linear_endpoint,chelsa_vpd_mean,radiative_atmospheric,5,44,44,ok,-0.4127177219773776,0.0053,taxon_label_permutation_two_sided_9999,,,,,0.0681428571428571,False,True
among_taxon,among_taxon_min5,bract_projection_maximum,bract_projection_maximum,1,armature,candidate,requires_botanical_calibration,linear_endpoint,chelsa_sfcwind_mean,mechanical,5,44,44,ok,-0.1886338135564106,0.2172,taxon_label_permutation_two_sided_9999,,,,,0.5012307692307693,False,True
among_taxon,among_taxon_min5,bract_projection_maximum,bract_projection_maximum,1,armature,candidate,requires_botanical_calibration,linear_endpoint,chelsa_gsp,growing_season_water_input,5,44,44,ok,0.1512127255157995,0.3335,taxon_label_permutation_two_sided_9999,,,,,0.6063636363636363,False,True
among_taxon,among_taxon_min5,bract_projection_maximum,bract_projection_maximum,1,armature,candidate,requires_botanical_calibration,linear_endpoint,chelsa_npp,resource_productivity,5,44,44,ok,0.0741263461607135,0.6399,taxon_label_permutation_two_sided_9999,,,,,0.8227285714285715,False,True
among_taxon,among_taxon_min5,bract_projection_peak_density,bract_projection_peak_density,1,armature,candidate,requires_botanical_calibration,linear_endpoint,chelsa_bio01,thermal,5,44,44,ok,0.4009921932541586,0.0066,taxon_label_permutation_two_sided_9999,,,,,0.0698823529411764,False,True
among_taxon,among_taxon_min5,bract_projection_peak_density,bract_projection_peak_density,1,armature,candidate,requires_botanical_calibration,linear_endpoint,chelsa_bio04,thermal,5,44,44,ok,-0.2547683779211006,0.096,taxon_label_permutation_two_sided_9999,,,,,0.3490588235294117,False,True
among_taxon,among_taxon_min5,bract_projection_peak_density,bract_projection_peak_density,1,armature,candidate,requires_botanical_calibration,linear_endpoint,chelsa_bio12,hydric,5,44,44,ok,-0.0493749010353691,0.7482,taxon_label_permutation_two_sided_9999,,,,,0.8860263157894736,False,True
among_taxon,among_taxon_min5,bract_projection_peak_density,bract_projection_peak_density,1,armature,candidate,requires_botanical_calibration,linear_endpoint,chelsa_bio15,hydric,5,44,44,ok,0.2755154561767208,0.0689,taxon_label_permutation_two_sided_9999,,,,,0.31005,False,True
among_taxon,among_taxon_min5,bract_projection_peak_density,bract_projection_peak_density,1,armature,candidate,requires_botanical_calibration,linear_endpoint,chelsa_rsds_mean,radiative_atmospheric,5,44,44,ok,0.413479736613403,0.0065,taxon_label_permutation_two_sided_9999,,,,,0.0698823529411764,False,True
among_taxon,among_taxon_min5,bract_projection_peak_density,bract_projection_peak_density,1,armature,candidate,requires_botanical_calibration,linear_endpoint,chelsa_vpd_mean,radiative_atmospheric,5,44,44,ok,0.4436988261742537,0.0026,taxon_label_permutation_two_sided_9999,,,,,0.0467999999999999,True,True
among_taxon,among_taxon_min5,bract_projection_peak_density,bract_projection_peak_density,1,armature,candidate,requires_botanical_calibration,linear_endpoint,chelsa_sfcwind_mean,mechanical,5,44,44,ok,-0.2513285276578704,0.0989,taxon_label_permutation_two_sided_9999,,,,,0.3490588235294117,False,True
among_taxon,among_taxon_min5,bract_projection_peak_density,bract_projection_peak_density,1,armature,candidate,requires_botanical_calibration,linear_endpoint,chelsa_gsp,growing_season_water_input,5,44,44,ok,0.1411746185973669,0.3627,taxon_label_permutation_two_sided_9999,,,,,0.6102,False,True
among_taxon,among_taxon_min5,bract_projection_peak_density,bract_projection_peak_density,1,armature,candidate,requires_botanical_calibration,linear_endpoint,chelsa_npp,resource_productivity,5,44,44,ok,0.2462456785728368,0.1088,taxon_label_permutation_two_sided_9999,,,,,0.369,False,True
among_taxon,among_taxon_min5,corolla_hue,corolla_hue_sin|corolla_hue_cos,2,colour,primary,frozen_technical,circular_joint,chelsa_bio01,thermal,5,143,143,ok,,0.0013,taxon_label_permutation_joint_circular_9999,-0.2355245549777385,0.191872502216776,0.3037875459994838,309.1683366308672,0.0334285714285714,True,True
among_taxon,among_taxon_min5,corolla_hue,corolla_hue_sin|corolla_hue_cos,2,colour,primary,frozen_technical,circular_joint,chelsa_bio04,thermal,5,143,143,ok,,0.0005,taxon_label_permutation_joint_circular_9999,-0.0038746684239681,-0.3347435267376223,0.3347659507000928,180.6631711027913,0.021,True,True
among_taxon,among_taxon_min5,corolla_hue,corolla_hue_sin|corolla_hue_cos,2,colour,primary,frozen_technical,circular_joint,chelsa_bio12,hydric,5,143,143,ok,,0.366,taxon_label_permutation_joint_circular_9999,-0.1065683400760882,-0.053977364981289,0.1194586415329426,243.1375718132604,0.6102,False,True
among_taxon,among_taxon_min5,corolla_hue,corolla_hue_sin|corolla_hue_cos,2,colour,primary,frozen_technical,circular_joint,chelsa_bio15,hydric,5,143,143,ok,,0.0001,taxon_label_permutation_joint_circular_9999,0.0162409148606312,0.4098689978871179,0.4101906419513986,2.2691380041267024,0.006,True,True
among_taxon,among_taxon_min5,corolla_hue,corolla_hue_sin|corolla_hue_cos,2,colour,primary,frozen_technical,circular_joint,chelsa_rsds_mean,radiative_atmospheric,5,143,143,ok,,0.0001,taxon_label_permutation_joint_circular_9999,0.2524893442262619,0.4319958453139055,0.5003711415702184,30.305077111803804,0.006,True,True
among_taxon,among_taxon_min5,corolla_hue,corolla_hue_sin|corolla_hue_cos,2,colour,primary,frozen_technical,circular_joint,chelsa_vpd_mean,radiative_atmospheric,5,143,143,ok,,0.0118,taxon_label_permutation_joint_circular_9999,-0.1098653017367703,0.2236286495700536,0.2491588999699537,333.835826376462,0.1037142857142857,False,True
among_taxon,among_taxon_min5,corolla_hue,corolla_hue_sin|corolla_hue_cos,2,colour,primary,frozen_technical,circular_joint,chelsa_sfcwind_mean,mechanical,5,143,143,ok,,0.0017,taxon_label_permutation_joint_circular_9999,0.1123669160472712,-0.2753010084802332,0.2973499101937109,157.7966717726386,0.034,True,True
among_taxon,among_taxon_min5,corolla_hue,corolla_hue_sin|corolla_hue_cos,2,colour,primary,frozen_technical,circular_joint,chelsa_gsp,growing_season_water_input,5,143,143,ok,,0.0202,taxon_label_permutation_joint_circular_9999,-0.2258123149464158,0.0558766381939439,0.2326228713547234,283.8985032747836,0.1398461538461538,False,True
among_taxon,among_taxon_min5,corolla_hue,corolla_hue_sin|corolla_hue_cos,2,colour,primary,frozen_technical,circular_joint,chelsa_npp,resource_productivity,5,143,143,ok,,0.0007,taxon_label_permutation_joint_circular_9999,-0.3132327200148209,-0.0379897216373752,0.3155280587173959,263.0847855059328,0.021,True,True
among_taxon,among_taxon_min5,corolla_lab_chroma,corolla_lab_chroma,1,colour,primary,frozen_technical,linear_endpoint,chelsa_bio01,thermal,5,143,143,ok,0.1149033304462194,0.1706,taxon_label_permutation_two_sided_9999,,,,,0.4433142857142857,False,True
among_taxon,among_taxon_min5,corolla_lab_chroma,corolla_lab_chroma,1,colour,primary,frozen_technical,linear_endpoint,chelsa_bio04,thermal,5,143,143,ok,-0.0132980290196204,0.8709,taxon_label_permutation_two_sided_9999,,,,,0.9558658536585366,False,True
among_taxon,among_taxon_min5,corolla_lab_chroma,corolla_lab_chroma,1,colour,primary,frozen_technical,linear_endpoint,chelsa_bio12,hydric,5,143,143,ok,0.0638111222670086,0.452,taxon_label_permutation_two_sided_9999,,,,,0.6668852459016393,False,True
among_taxon,among_taxon_min5,corolla_lab_chroma,corolla_lab_chroma,1,colour,primary,frozen_technical,linear_endpoint,chelsa_bio15,hydric,5,143,143,ok,-0.0913007938029623,0.2808,taxon_label_permutation_two_sided_9999,,,,,0.5616,False,True
among_taxon,among_taxon_min5,corolla_lab_chroma,corolla_lab_chroma,1,colour,primary,frozen_technical,linear_endpoint,chelsa_rsds_mean,radiative_atmospheric,5,143,143,ok,-0.3453720170895292,0.0001,taxon_label_permutation_two_sided_9999,,,,,0.006,True,True
among_taxon,among_taxon_min5,corolla_lab_chroma,corolla_lab_chroma,1,colour,primary,frozen_technical,linear_endpoint,chelsa_vpd_mean,radiative_atmospheric,5,143,143,ok,-0.0186493021907906,0.8296,taxon_label_permutation_two_sided_9999,,,,,0.9372375,False,True
among_taxon,among_taxon_min5,corolla_lab_chroma,corolla_lab_chroma,1,colour,primary,frozen_technical,linear_endpoint,chelsa_sfcwind_mean,mechanical,5,143,143,ok,-0.058968658956042,0.4821,taxon_label_permutation_two_sided_9999,,,,,0.6998225806451612,False,True
among_taxon,among_taxon_min5,corolla_lab_chroma,corolla_lab_chroma,1,colour,primary,frozen_technical,linear_endpoint,chelsa_gsp,growing_season_water_input,5,143,143,ok,0.0906466258685953,0.2805,taxon_label_permutation_two_sided_9999,,,,,0.5616,False,True
among_taxon,among_taxon_min5,corolla_lab_chroma,corolla_lab_chroma,1,colour,primary,frozen_technical,linear_endpoint,chelsa_npp,resource_productivity,5,143,143,ok,0.2463466831515829,0.0034,taxon_label_permutation_two_sided_9999,,,,,0.0553846153846153,False,True
among_taxon,among_taxon_min5,corolla_lab_lightness,corolla_lab_lightness,1,colour,primary,frozen_technical,linear_endpoint,chelsa_bio01,thermal,5,143,143,ok,-0.0731124178143715,0.3858,taxon_label_permutation_two_sided_9999,,,,,0.6145486725663717,False,True
among_taxon,among_taxon_min5,corolla_lab_lightness,corolla_lab_lightness,1,colour,primary,frozen_technical,linear_endpoint,chelsa_bio04,thermal,5,143,143,ok,0.1902241802941406,0.0239,taxon_label_permutation_two_sided_9999,,,,,0.1536428571428571,False,True
among_taxon,among_taxon_min5,corolla_lab_lightness,corolla_lab_lightness,1,colour,primary,frozen_technical,linear_endpoint,chelsa_bio12,hydric,5,143,143,ok,-0.1802007972954181,0.0315,taxon_label_permutation_two_sided_9999,,,,,0.1729090909090909,False,True
among_taxon,among_taxon_min5,corolla_lab_lightness,corolla_lab_lightness,1,colour,primary,frozen_technical,linear_endpoint,chelsa_bio15,hydric,5,143,143,ok,-0.1947433252018894,0.0198,taxon_label_permutation_two_sided_9999,,,,,0.1398461538461538,False,True
among_taxon,among_taxon_min5,corolla_lab_lightness,corolla_lab_lightness,1,colour,primary,frozen_technical,linear_endpoint,chelsa_rsds_mean,radiative_atmospheric,5,143,143,ok,0.0860091171967016,0.3028,taxon_label_permutation_two_sided_9999,,,,,0.5739157894736842,False,True
among_taxon,among_taxon_min5,corolla_lab_lightness,corolla_lab_lightness,1,colour,primary,frozen_technical,linear_endpoint,chelsa_vpd_mean,radiative_atmospheric,5,143,143,ok,0.067761598131988,0.4266,taxon_label_permutation_two_sided_9999,,,,,0.6452773109243697,False,True
among_taxon,among_taxon_min5,corolla_lab_lightness,corolla_lab_lightness,1,colour,primary,frozen_technical,linear_endpoint,chelsa_sfcwind_mean,mechanical,5,143,143,ok,0.1290284539622408,0.1221,taxon_label_permutation_two_sided_9999,,,,,0.3924642857142857,False,True
among_taxon,among_taxon_min5,corolla_lab_lightness,corolla_lab_lightness,1,colour,primary,frozen_technical,linear_endpoint,chelsa_gsp,growing_season_water_input,5,143,143,ok,-0.2387183035708991,0.004,taxon_label_permutation_two_sided_9999,,,,,0.0553846153846153,False,True
among_taxon,among_taxon_min5,corolla_lab_lightness,corolla_lab_lightness,1,colour,primary,frozen_technical,linear_endpoint,chelsa_npp,resource_productivity,5,143,143,ok,-0.1575254106060093,0.0609,taxon_label_permutation_two_sided_9999,,,,,0.281076923076923,False,True
among_taxon,among_taxon_min5,corolla_purple_pixel_fraction,corolla_purple_pixel_fraction,1,colour,descriptive_only,requires_botanical_calibration,linear_endpoint,chelsa_bio01,thermal,5,0,0,unexecuted_no_measurement,,,,,,,,,False,True
among_taxon,among_taxon_min5,corolla_purple_pixel_fraction,corolla_purple_pixel_fraction,1,colour,descriptive_only,requires_botanical_calibration,linear_endpoint,chelsa_bio04,thermal,5,0,0,unexecuted_no_measurement,,,,,,,,,False,True
among_taxon,among_taxon_min5,corolla_purple_pixel_fraction,corolla_purple_pixel_fraction,1,colour,descriptive_only,requires_botanical_calibration,linear_endpoint,chelsa_bio12,hydric,5,0,0,unexecuted_no_measurement,,,,,,,,,False,True
among_taxon,among_taxon_min5,corolla_purple_pixel_fraction,corolla_purple_pixel_fraction,1,colour,descriptive_only,requires_botanical_calibration,linear_endpoint,chelsa_bio15,hydric,5,0,0,unexecuted_no_measurement,,,,,,,,,False,True
among_taxon,among_taxon_min5,corolla_purple_pixel_fraction,corolla_purple_pixel_fraction,1,colour,descriptive_only,requires_botanical_calibration,linear_endpoint,chelsa_rsds_mean,radiative_atmospheric,5,0,0,unexecuted_no_measurement,,,,,,,,,False,True
among_taxon,among_taxon_min5,corolla_purple_pixel_fraction,corolla_purple_pixel_fraction,1,colour,descriptive_only,requires_botanical_calibration,linear_endpoint,chelsa_vpd_mean,radiative_atmospheric,5,0,0,unexecuted_no_measurement,,,,,,,,,False,True
among_taxon,among_taxon_min5,corolla_purple_pixel_fraction,corolla_purple_pixel_fraction,1,colour,descriptive_only,requires_botanical_calibration,linear_endpoint,chelsa_sfcwind_mean,mechanical,5,0,0,unexecuted_no_measurement,,,,,,,,,False,True
among_taxon,among_taxon_min5,corolla_purple_pixel_fraction,corolla_purple_pixel_fraction,1,colour,descriptive_only,requires_botanical_calibration,linear_endpoint,chelsa_gsp,growing_season_water_input,5,0,0,unexecuted_no_measurement,,,,,,,,,False,True
among_taxon,among_taxon_min5,corolla_purple_pixel_fraction,corolla_purple_pixel_fraction,1,colour,descriptive_only,requires_botanical_calibration,linear_endpoint,chelsa_npp,resource_productivity,5,0,0,unexecuted_no_measurement,,,,,,,,,False,True
among_taxon,among_taxon_min5,corolla_redmagenta_pixel_fraction,corolla_redmagenta_pixel_fraction,1,colour,descriptive_only,requires_botanical_calibration,linear_endpoint,chelsa_bio01,thermal,5,0,0,unexecuted_no_measurement,,,,,,,,,False,True
among_taxon,among_taxon_min5,corolla_redmagenta_pixel_fraction,corolla_redmagenta_pixel_fraction,1,colour,descriptive_only,requires_botanical_calibration,linear_endpoint,chelsa_bio04,thermal,5,0,0,unexecuted_no_measurement,,,,,,,,,False,True
among_taxon,among_taxon_min5,corolla_redmagenta_pixel_fraction,corolla_redmagenta_pixel_fraction,1,colour,descriptive_only,requires_botanical_calibration,linear_endpoint,chelsa_bio12,hydric,5,0,0,unexecuted_no_measurement,,,,,,,,,False,True
among_taxon,among_taxon_min5,corolla_redmagenta_pixel_fraction,corolla_redmagenta_pixel_fraction,1,colour,descriptive_only,requires_botanical_calibration,linear_endpoint,chelsa_bio15,hydric,5,0,0,unexecuted_no_measurement,,,,,,,,,False,True
among_taxon,among_taxon_min5,corolla_redmagenta_pixel_fraction,corolla_redmagenta_pixel_fraction,1,colour,descriptive_only,requires_botanical_calibration,linear_endpoint,chelsa_rsds_mean,radiative_atmospheric,5,0,0,unexecuted_no_measurement,,,,,,,,,False,True
among_taxon,among_taxon_min5,corolla_redmagenta_pixel_fraction,corolla_redmagenta_pixel_fraction,1,colour,descriptive_only,requires_botanical_calibration,linear_endpoint,chelsa_vpd_mean,radiative_atmospheric,5,0,0,unexecuted_no_measurement,,,,,,,,,False,True
among_taxon,among_taxon_min5,corolla_redmagenta_pixel_fraction,corolla_redmagenta_pixel_fraction,1,colour,descriptive_only,requires_botanical_calibration,linear_endpoint,chelsa_sfcwind_mean,mechanical,5,0,0,unexecuted_no_measurement,,,,,,,,,False,True
among_taxon,among_taxon_min5,corolla_redmagenta_pixel_fraction,corolla_redmagenta_pixel_fraction,1,colour,descriptive_only,requires_botanical_calibration,linear_endpoint,chelsa_gsp,growing_season_water_input,5,0,0,unexecuted_no_measurement,,,,,,,,,False,True
among_taxon,among_taxon_min5,corolla_redmagenta_pixel_fraction,corolla_redmagenta_pixel_fraction,1,colour,descriptive_only,requires_botanical_calibration,linear_endpoint,chelsa_npp,resource_productivity,5,0,0,unexecuted_no_measurement,,,,,,,,,False,True
among_taxon,among_taxon_min5,corolla_white_pixel_fraction,corolla_white_pixel_fraction,1,colour,descriptive_only,requires_botanical_calibration,linear_endpoint,chelsa_bio01,thermal,5,0,0,unexecuted_no_measurement,,,,,,,,,False,True
among_taxon,among_taxon_min5,corolla_white_pixel_fraction,corolla_white_pixel_fraction,1,colour,descriptive_only,requires_botanical_calibration,linear_endpoint,chelsa_bio04,thermal,5,0,0,unexecuted_no_measurement,,,,,,,,,False,True
among_taxon,among_taxon_min5,corolla_white_pixel_fraction,corolla_white_pixel_fraction,1,colour,descriptive_only,requires_botanical_calibration,linear_endpoint,chelsa_bio12,hydric,5,0,0,unexecuted_no_measurement,,,,,,,,,False,True
among_taxon,among_taxon_min5,corolla_white_pixel_fraction,corolla_white_pixel_fraction,1,colour,descriptive_only,requires_botanical_calibration,linear_endpoint,chelsa_bio15,hydric,5,0,0,unexecuted_no_measurement,,,,,,,,,False,True
among_taxon,among_taxon_min5,corolla_white_pixel_fraction,corolla_white_pixel_fraction,1,colour,descriptive_only,requires_botanical_calibration,linear_endpoint,chelsa_rsds_mean,radiative_atmospheric,5,0,0,unexecuted_no_measurement,,,,,,,,,False,True
among_taxon,among_taxon_min5,corolla_white_pixel_fraction,corolla_white_pixel_fraction,1,colour,descriptive_only,requires_botanical_calibration,linear_endpoint,chelsa_vpd_mean,radiative_atmospheric,5,0,0,unexecuted_no_measurement,,,,,,,,,False,True
among_taxon,among_taxon_min5,corolla_white_pixel_fraction,corolla_white_pixel_fraction,1,colour,descriptive_only,requires_botanical_calibration,linear_endpoint,chelsa_sfcwind_mean,mechanical,5,0,0,unexecuted_no_measurement,,,,,,,,,False,True
among_taxon,among_taxon_min5,corolla_white_pixel_fraction,corolla_white_pixel_fraction,1,colour,descriptive_only,requires_botanical_calibration,linear_endpoint,chelsa_gsp,growing_season_water_input,5,0,0,unexecuted_no_measurement,,,,,,,,,False,True
among_taxon,among_taxon_min5,corolla_white_pixel_fraction,corolla_white_pixel_fraction,1,colour,descriptive_only,requires_botanical_calibration,linear_endpoint,chelsa_npp,resource_productivity,5,0,0,unexecuted_no_measurement,,,,,,,,,False,True
among_taxon,among_taxon_min5,corolla_yellow_pixel_fraction,corolla_yellow_pixel_fraction,1,colour,descriptive_only,requires_botanical_calibration,linear_endpoint,chelsa_bio01,thermal,5,0,0,unexecuted_no_measurement,,,,,,,,,False,True
among_taxon,among_taxon_min5,corolla_yellow_pixel_fraction,corolla_yellow_pixel_fraction,1,colour,descriptive_only,requires_botanical_calibration,linear_endpoint,chelsa_bio04,thermal,5,0,0,unexecuted_no_measurement,,,,,,,,,False,True
among_taxon,among_taxon_min5,corolla_yellow_pixel_fraction,corolla_yellow_pixel_fraction,1,colour,descriptive_only,requires_botanical_calibration,linear_endpoint,chelsa_bio12,hydric,5,0,0,unexecuted_no_measurement,,,,,,,,,False,True
among_taxon,among_taxon_min5,corolla_yellow_pixel_fraction,corolla_yellow_pixel_fraction,1,colour,descriptive_only,requires_botanical_calibration,linear_endpoint,chelsa_bio15,hydric,5,0,0,unexecuted_no_measurement,,,,,,,,,False,True
among_taxon,among_taxon_min5,corolla_yellow_pixel_fraction,corolla_yellow_pixel_fraction,1,colour,descriptive_only,requires_botanical_calibration,linear_endpoint,chelsa_rsds_mean,radiative_atmospheric,5,0,0,unexecuted_no_measurement,,,,,,,,,False,True
among_taxon,among_taxon_min5,corolla_yellow_pixel_fraction,corolla_yellow_pixel_fraction,1,colour,descriptive_only,requires_botanical_calibration,linear_endpoint,chelsa_vpd_mean,radiative_atmospheric,5,0,0,unexecuted_no_measurement,,,,,,,,,False,True
among_taxon,among_taxon_min5,corolla_yellow_pixel_fraction,corolla_yellow_pixel_fraction,1,colour,descriptive_only,requires_botanical_calibration,linear_endpoint,chelsa_sfcwind_mean,mechanical,5,0,0,unexecuted_no_measurement,,,,,,,,,False,True
among_taxon,among_taxon_min5,corolla_yellow_pixel_fraction,corolla_yellow_pixel_fraction,1,colour,descriptive_only,requires_botanical_calibration,linear_endpoint,chelsa_gsp,growing_season_water_input,5,0,0,unexecuted_no_measurement,,,,,,,,,False,True
among_taxon,among_taxon_min5,corolla_yellow_pixel_fraction,corolla_yellow_pixel_fraction,1,colour,descriptive_only,requires_botanical_calibration,linear_endpoint,chelsa_npp,resource_productivity,5,0,0,unexecuted_no_measurement,,,,,,,,,False,True
among_taxon,among_taxon_min5,visible_floret_fraction,visible_floret_fraction,1,display,candidate,requires_botanical_calibration,linear_endpoint,chelsa_bio01,thermal,5,0,0,unexecuted_no_measurement,,,,,,,,,False,True
among_taxon,among_taxon_min5,visible_floret_fraction,visible_floret_fraction,1,display,candidate,requires_botanical_calibration,linear_endpoint,chelsa_bio04,thermal,5,0,0,unexecuted_no_measurement,,,,,,,,,False,True
among_taxon,among_taxon_min5,visible_floret_fraction,visible_floret_fraction,1,display,candidate,requires_botanical_calibration,linear_endpoint,chelsa_bio12,hydric,5,0,0,unexecuted_no_measurement,,,,,,,,,False,True
among_taxon,among_taxon_min5,visible_floret_fraction,visible_floret_fraction,1,display,candidate,requires_botanical_calibration,linear_endpoint,chelsa_bio15,hydric,5,0,0,unexecuted_no_measurement,,,,,,,,,False,True
among_taxon,among_taxon_min5,visible_floret_fraction,visible_floret_fraction,1,display,candidate,requires_botanical_calibration,linear_endpoint,chelsa_rsds_mean,radiative_atmospheric,5,0,0,unexecuted_no_measurement,,,,,,,,,False,True
among_taxon,among_taxon_min5,visible_floret_fraction,visible_floret_fraction,1,display,candidate,requires_botanical_calibration,linear_endpoint,chelsa_vpd_mean,radiative_atmospheric,5,0,0,unexecuted_no_measurement,,,,,,,,,False,True
among_taxon,among_taxon_min5,visible_floret_fraction,visible_floret_fraction,1,display,candidate,requires_botanical_calibration,linear_endpoint,chelsa_sfcwind_mean,mechanical,5,0,0,unexecuted_no_measurement,,,,,,,,,False,True
among_taxon,among_taxon_min5,visible_floret_fraction,visible_floret_fraction,1,display,candidate,requires_botanical_calibration,linear_endpoint,chelsa_gsp,growing_season_water_input,5,0,0,unexecuted_no_measurement,,,,,,,,,False,True
among_taxon,among_taxon_min5,visible_floret_fraction,visible_floret_fraction,1,display,candidate,requires_botanical_calibration,linear_endpoint,chelsa_npp,resource_productivity,5,0,0,unexecuted_no_measurement,,,,,,,,,False,True
among_taxon,among_taxon_min5,involucre_surface_specular_fraction,involucre_surface_specular_fraction,1,exudate,validation_only,requires_botanical_calibration,linear_endpoint,chelsa_bio01,thermal,5,21,21,failed:ValueError:No finite variation,,,,,,,,,False,True
among_taxon,among_taxon_min5,involucre_surface_specular_fraction,involucre_surface_specular_fraction,1,exudate,validation_only,requires_botanical_calibration,linear_endpoint,chelsa_bio04,thermal,5,21,21,failed:ValueError:No finite variation,,,,,,,,,False,True
among_taxon,among_taxon_min5,involucre_surface_specular_fraction,involucre_surface_specular_fraction,1,exudate,validation_only,requires_botanical_calibration,linear_endpoint,chelsa_bio12,hydric,5,21,21,failed:ValueError:No finite variation,,,,,,,,,False,True
among_taxon,among_taxon_min5,involucre_surface_specular_fraction,involucre_surface_specular_fraction,1,exudate,validation_only,requires_botanical_calibration,linear_endpoint,chelsa_bio15,hydric,5,21,21,failed:ValueError:No finite variation,,,,,,,,,False,True
among_taxon,among_taxon_min5,involucre_surface_specular_fraction,involucre_surface_specular_fraction,1,exudate,validation_only,requires_botanical_calibration,linear_endpoint,chelsa_rsds_mean,radiative_atmospheric,5,21,21,failed:ValueError:No finite variation,,,,,,,,,False,True
among_taxon,among_taxon_min5,involucre_surface_specular_fraction,involucre_surface_specular_fraction,1,exudate,validation_only,requires_botanical_calibration,linear_endpoint,chelsa_vpd_mean,radiative_atmospheric,5,21,21,failed:ValueError:No finite variation,,,,,,,,,False,True
among_taxon,among_taxon_min5,involucre_surface_specular_fraction,involucre_surface_specular_fraction,1,exudate,validation_only,requires_botanical_calibration,linear_endpoint,chelsa_sfcwind_mean,mechanical,5,21,21,failed:ValueError:No finite variation,,,,,,,,,False,True
among_taxon,among_taxon_min5,involucre_surface_specular_fraction,involucre_surface_specular_fraction,1,exudate,validation_only,requires_botanical_calibration,linear_endpoint,chelsa_gsp,growing_season_water_input,5,21,21,failed:ValueError:No finite variation,,,,,,,,,False,True
among_taxon,among_taxon_min5,involucre_surface_specular_fraction,involucre_surface_specular_fraction,1,exudate,validation_only,requires_botanical_calibration,linear_endpoint,chelsa_npp,resource_productivity,5,21,21,failed:ValueError:No finite variation,,,,,,,,,False,True
among_taxon,among_taxon_min5,involucre_surface_edge_density,involucre_surface_edge_density,1,indumentum,validation_only,requires_botanical_calibration,linear_endpoint,chelsa_bio01,thermal,5,21,21,ok,0.0812203092684422,0.7218,taxon_label_permutation_two_sided_9999,,,,,0.8759597315436242,False,True
among_taxon,among_taxon_min5,involucre_surface_edge_density,involucre_surface_edge_density,1,indumentum,validation_only,requires_botanical_calibration,linear_endpoint,chelsa_bio04,thermal,5,21,21,ok,-0.1464927400404427,0.5172,taxon_label_permutation_two_sided_9999,,,,,0.7216744186046512,False,True
among_taxon,among_taxon_min5,involucre_surface_edge_density,involucre_surface_edge_density,1,indumentum,validation_only,requires_botanical_calibration,linear_endpoint,chelsa_bio12,hydric,5,21,21,ok,-0.0834357283129654,0.7162,taxon_label_permutation_two_sided_9999,,,,,0.8759597315436242,False,True
among_taxon,among_taxon_min5,involucre_surface_edge_density,involucre_surface_edge_density,1,indumentum,validation_only,requires_botanical_calibration,linear_endpoint,chelsa_bio15,hydric,5,21,21,ok,0.1007242623836631,0.6513,taxon_label_permutation_two_sided_9999,,,,,0.8314468085106382,False,True
among_taxon,among_taxon_min5,involucre_surface_edge_density,involucre_surface_edge_density,1,indumentum,validation_only,requires_botanical_calibration,linear_endpoint,chelsa_rsds_mean,radiative_atmospheric,5,21,21,ok,0.0420304618430295,0.8612,taxon_label_permutation_two_sided_9999,,,,,0.9510184049079754,False,True
among_taxon,among_taxon_min5,involucre_surface_edge_density,involucre_surface_edge_density,1,indumentum,validation_only,requires_botanical_calibration,linear_endpoint,chelsa_vpd_mean,radiative_atmospheric,5,21,21,ok,0.071055725552854,0.7561,taxon_label_permutation_two_sided_9999,,,,,0.889529411764706,False,True
among_taxon,among_taxon_min5,involucre_surface_edge_density,involucre_surface_edge_density,1,indumentum,validation_only,requires_botanical_calibration,linear_endpoint,chelsa_sfcwind_mean,mechanical,5,21,21,ok,0.2560685676620954,0.2675,taxon_label_permutation_two_sided_9999,,,,,0.5616,False,True
among_taxon,among_taxon_min5,involucre_surface_edge_density,involucre_surface_edge_density,1,indumentum,validation_only,requires_botanical_calibration,linear_endpoint,chelsa_gsp,growing_season_water_input,5,21,21,ok,-0.0111482741944321,0.9633,taxon_label_permutation_two_sided_9999,,,,,0.9858539325842696,False,True
among_taxon,among_taxon_min5,involucre_surface_edge_density,involucre_surface_edge_density,1,indumentum,validation_only,requires_botanical_calibration,linear_endpoint,chelsa_npp,resource_productivity,5,21,21,ok,-0.0549787189295346,0.8179,taxon_label_permutation_two_sided_9999,,,,,0.9372375,False,True
among_taxon,among_taxon_min5,involucre_surface_high_frequency_energy,involucre_surface_high_frequency_energy,1,indumentum,validation_only,requires_botanical_calibration,linear_endpoint,chelsa_bio01,thermal,5,21,21,ok,0.2401800495973881,0.2912,taxon_label_permutation_two_sided_9999,,,,,0.5697391304347826,False,True
among_taxon,among_taxon_min5,involucre_surface_high_frequency_energy,involucre_surface_high_frequency_energy,1,indumentum,validation_only,requires_botanical_calibration,linear_endpoint,chelsa_bio04,thermal,5,21,21,ok,-0.3871803843794456,0.0871,taxon_label_permutation_two_sided_9999,,,,,0.3484,False,True
among_taxon,among_taxon_min5,involucre_surface_high_frequency_energy,involucre_surface_high_frequency_energy,1,indumentum,validation_only,requires_botanical_calibration,linear_endpoint,chelsa_bio12,hydric,5,21,21,ok,0.2046218747945385,0.3698,taxon_label_permutation_two_sided_9999,,,,,0.6102,False,True
among_taxon,among_taxon_min5,involucre_surface_high_frequency_energy,involucre_surface_high_frequency_energy,1,indumentum,validation_only,requires_botanical_calibration,linear_endpoint,chelsa_bio15,hydric,5,21,21,ok,0.3792156547432934,0.0925,taxon_label_permutation_two_sided_9999,,,,,0.3490588235294117,False,True
among_taxon,among_taxon_min5,involucre_surface_high_frequency_energy,involucre_surface_high_frequency_energy,1,indumentum,validation_only,requires_botanical_calibration,linear_endpoint,chelsa_rsds_mean,radiative_atmospheric,5,21,21,ok,0.5856572029074671,0.0039,taxon_label_permutation_two_sided_9999,,,,,0.0553846153846153,False,True
among_taxon,among_taxon_min5,involucre_surface_high_frequency_energy,involucre_surface_high_frequency_energy,1,indumentum,validation_only,requires_botanical_calibration,linear_endpoint,chelsa_vpd_mean,radiative_atmospheric,5,21,21,ok,0.2360702411881556,0.2902,taxon_label_permutation_two_sided_9999,,,,,0.5697391304347826,False,True
among_taxon,among_taxon_min5,involucre_surface_high_frequency_energy,involucre_surface_high_frequency_energy,1,indumentum,validation_only,requires_botanical_calibration,linear_endpoint,chelsa_sfcwind_mean,mechanical,5,21,21,ok,-0.2023510434975955,0.3787,taxon_label_permutation_two_sided_9999,,,,,0.610875,False,True
among_taxon,among_taxon_min5,involucre_surface_high_frequency_energy,involucre_surface_high_frequency_energy,1,indumentum,validation_only,requires_botanical_calibration,linear_endpoint,chelsa_gsp,growing_season_water_input,5,21,21,ok,0.225019838381873,0.3308,taxon_label_permutation_two_sided_9999,,,,,0.6063636363636363,False,True
among_taxon,among_taxon_min5,involucre_surface_high_frequency_energy,involucre_surface_high_frequency_energy,1,indumentum,validation_only,requires_botanical_calibration,linear_endpoint,chelsa_npp,resource_productivity,5,21,21,ok,0.2083715309920632,0.3716,taxon_label_permutation_two_sided_9999,,,,,0.6102,False,True
among_taxon,among_taxon_min5,involucre_surface_lbp_entropy,involucre_surface_lbp_entropy,1,indumentum,validation_only,requires_botanical_calibration,linear_endpoint,chelsa_bio01,thermal,5,21,21,ok,-0.1836976732062419,0.4261,taxon_label_permutation_two_sided_9999,,,,,0.6452773109243697,False,True
among_taxon,among_taxon_min5,involucre_surface_lbp_entropy,involucre_surface_lbp_entropy,1,indumentum,validation_only,requires_botanical_calibration,linear_endpoint,chelsa_bio04,thermal,5,21,21,ok,-0.3106314994317811,0.1724,taxon_label_permutation_two_sided_9999,,,,,0.4433142857142857,False,True
among_taxon,among_taxon_min5,involucre_surface_lbp_entropy,involucre_surface_lbp_entropy,1,indumentum,validation_only,requires_botanical_calibration,linear_endpoint,chelsa_bio12,hydric,5,21,21,ok,0.0141614903871339,0.9563,taxon_label_permutation_two_sided_9999,,,,,0.9858539325842696,False,True
among_taxon,among_taxon_min5,involucre_surface_lbp_entropy,involucre_surface_lbp_entropy,1,indumentum,validation_only,requires_botanical_calibration,linear_endpoint,chelsa_bio15,hydric,5,21,21,ok,0.1534656799609864,0.5118,taxon_label_permutation_two_sided_9999,,,,,0.7197187500000001,False,True
among_taxon,among_taxon_min5,involucre_surface_lbp_entropy,involucre_surface_lbp_entropy,1,indumentum,validation_only,requires_botanical_calibration,linear_endpoint,chelsa_rsds_mean,radiative_atmospheric,5,21,21,ok,0.0936663811042426,0.6839,taxon_label_permutation_two_sided_9999,,,,,0.8548749999999999,False,True
among_taxon,among_taxon_min5,involucre_surface_lbp_entropy,involucre_surface_lbp_entropy,1,indumentum,validation_only,requires_botanical_calibration,linear_endpoint,chelsa_vpd_mean,radiative_atmospheric,5,21,21,ok,-0.2676156018744909,0.2371,taxon_label_permutation_two_sided_9999,,,,,0.526888888888889,False,True
among_taxon,among_taxon_min5,involucre_surface_lbp_entropy,involucre_surface_lbp_entropy,1,indumentum,validation_only,requires_botanical_calibration,linear_endpoint,chelsa_sfcwind_mean,mechanical,5,21,21,ok,-0.3449087033982995,0.1319,taxon_label_permutation_two_sided_9999,,,,,0.3984,False,True
among_taxon,among_taxon_min5,involucre_surface_lbp_entropy,involucre_surface_lbp_entropy,1,indumentum,validation_only,requires_botanical_calibration,linear_endpoint,chelsa_gsp,growing_season_water_input,5,21,21,ok,-0.0260366146487383,0.9112,taxon_label_permutation_two_sided_9999,,,,,0.9858539325842696,False,True
among_taxon,among_taxon_min5,involucre_surface_lbp_entropy,involucre_surface_lbp_entropy,1,indumentum,validation_only,requires_botanical_calibration,linear_endpoint,chelsa_npp,resource_productivity,5,21,21,ok,-0.1246666941856857,0.5916,taxon_label_permutation_two_sided_9999,,,,,0.7914666666666667,False,True
among_taxon,among_taxon_min5,bract_projection_asymmetry,bract_projection_asymmetry,1,involucre_architecture,candidate,requires_botanical_calibration,linear_endpoint,chelsa_bio01,thermal,5,44,44,ok,0.2046431322259562,0.1763,taxon_label_permutation_two_sided_9999,,,,,0.4438356164383561,False,True
among_taxon,among_taxon_min5,bract_projection_asymmetry,bract_projection_asymmetry,1,involucre_architecture,candidate,requires_botanical_calibration,linear_endpoint,chelsa_bio04,thermal,5,44,44,ok,-0.4003181502923176,0.0079,taxon_label_permutation_two_sided_9999,,,,,0.079,False,True
among_taxon,among_taxon_min5,bract_projection_asymmetry,bract_projection_asymmetry,1,involucre_architecture,candidate,requires_botanical_calibration,linear_endpoint,chelsa_bio12,hydric,5,44,44,ok,0.1451941449916796,0.3514,taxon_label_permutation_two_sided_9999,,,,,0.6102,False,True
among_taxon,among_taxon_min5,bract_projection_asymmetry,bract_projection_asymmetry,1,involucre_architecture,candidate,requires_botanical_calibration,linear_endpoint,chelsa_bio15,hydric,5,44,44,ok,0.0728729592598861,0.6326,taxon_label_permutation_two_sided_9999,,,,,0.8211366906474821,False,True
among_taxon,among_taxon_min5,bract_projection_asymmetry,bract_projection_asymmetry,1,involucre_architecture,candidate,requires_botanical_calibration,linear_endpoint,chelsa_rsds_mean,radiative_atmospheric,5,44,44,ok,-0.0126176496723545,0.9368,taxon_label_permutation_two_sided_9999,,,,,0.9858539325842696,False,True
among_taxon,among_taxon_min5,bract_projection_asymmetry,bract_projection_asymmetry,1,involucre_architecture,candidate,requires_botanical_calibration,linear_endpoint,chelsa_vpd_mean,radiative_atmospheric,5,44,44,ok,0.0530020611538282,0.7407,taxon_label_permutation_two_sided_9999,,,,,0.8829536423841059,False,True
among_taxon,among_taxon_min5,bract_projection_asymmetry,bract_projection_asymmetry,1,involucre_architecture,candidate,requires_botanical_calibration,linear_endpoint,chelsa_sfcwind_mean,mechanical,5,44,44,ok,-0.1997157753443585,0.1887,taxon_label_permutation_two_sided_9999,,,,,0.45288,False,True
among_taxon,among_taxon_min5,bract_projection_asymmetry,bract_projection_asymmetry,1,involucre_architecture,candidate,requires_botanical_calibration,linear_endpoint,chelsa_gsp,growing_season_water_input,5,44,44,ok,0.2677769499651994,0.0793,taxon_label_permutation_two_sided_9999,,,,,0.3323720930232558,False,True
among_taxon,among_taxon_min5,bract_projection_asymmetry,bract_projection_asymmetry,1,involucre_architecture,candidate,requires_botanical_calibration,linear_endpoint,chelsa_npp,resource_productivity,5,44,44,ok,0.2645740363993955,0.0817,taxon_label_permutation_two_sided_9999,,,,,0.3342272727272727,False,True
among_taxon,among_taxon_min5,bract_projection_p95,bract_projection_p95,1,involucre_architecture,candidate,requires_botanical_calibration,linear_endpoint,chelsa_bio01,thermal,5,44,44,ok,-0.1513444953701349,0.3268,taxon_label_permutation_two_sided_9999,,,,,0.6063636363636363,False,True
among_taxon,among_taxon_min5,bract_projection_p95,bract_projection_p95,1,involucre_architecture,candidate,requires_botanical_calibration,linear_endpoint,chelsa_bio04,thermal,5,44,44,ok,-0.0120441408406835,0.9372,taxon_label_permutation_two_sided_9999,,,,,0.9858539325842696,False,True
among_taxon,among_taxon_min5,bract_projection_p95,bract_projection_p95,1,involucre_architecture,candidate,requires_botanical_calibration,linear_endpoint,chelsa_bio12,hydric,5,44,44,ok,0.2202730786462247,0.1487,taxon_label_permutation_two_sided_9999,,,,,0.41821875,False,True
among_taxon,among_taxon_min5,bract_projection_p95,bract_projection_p95,1,involucre_architecture,candidate,requires_botanical_calibration,linear_endpoint,chelsa_bio15,hydric,5,44,44,ok,0.0905044661227897,0.5554,taxon_label_permutation_two_sided_9999,,,,,0.7690153846153845,False,True
among_taxon,among_taxon_min5,bract_projection_p95,bract_projection_p95,1,involucre_architecture,candidate,requires_botanical_calibration,linear_endpoint,chelsa_rsds_mean,radiative_atmospheric,5,44,44,ok,-0.302817490661258,0.0448,taxon_label_permutation_two_sided_9999,,,,,0.2304,False,True
among_taxon,among_taxon_min5,bract_projection_p95,bract_projection_p95,1,involucre_architecture,candidate,requires_botanical_calibration,linear_endpoint,chelsa_vpd_mean,radiative_atmospheric,5,44,44,ok,-0.314417815563661,0.0388,taxon_label_permutation_two_sided_9999,,,,,0.2054117647058823,False,True
among_taxon,among_taxon_min5,bract_projection_p95,bract_projection_p95,1,involucre_architecture,candidate,requires_botanical_calibration,linear_endpoint,chelsa_sfcwind_mean,mechanical,5,44,44,ok,-0.1238151161057199,0.4139,taxon_label_permutation_two_sided_9999,,,,,0.6367692307692308,False,True
among_taxon,among_taxon_min5,bract_projection_p95,bract_projection_p95,1,involucre_architecture,candidate,requires_botanical_calibration,linear_endpoint,chelsa_gsp,growing_season_water_input,5,44,44,ok,0.2266405758693436,0.1403,taxon_label_permutation_two_sided_9999,,,,,0.4073225806451613,False,True
among_taxon,among_taxon_min5,bract_projection_p95,bract_projection_p95,1,involucre_architecture,candidate,requires_botanical_calibration,linear_endpoint,chelsa_npp,resource_productivity,5,44,44,ok,0.144374638752288,0.3479,taxon_label_permutation_two_sided_9999,,,,,0.6102,False,True
among_taxon,among_taxon_min5,bract_projection_roughness,bract_projection_roughness,1,involucre_architecture,candidate,requires_botanical_calibration,linear_endpoint,chelsa_bio01,thermal,5,44,44,ok,0.0730879266100382,0.6341,taxon_label_permutation_two_sided_9999,,,,,0.8211366906474821,False,True
among_taxon,among_taxon_min5,bract_projection_roughness,bract_projection_roughness,1,involucre_architecture,candidate,requires_botanical_calibration,linear_endpoint,chelsa_bio04,thermal,5,44,44,ok,-0.1583003817238137,0.3028,taxon_label_permutation_two_sided_9999,,,,,0.5739157894736842,False,True
among_taxon,among_taxon_min5,bract_projection_roughness,bract_projection_roughness,1,involucre_architecture,candidate,requires_botanical_calibration,linear_endpoint,chelsa_bio12,hydric,5,44,44,ok,0.271686226297799,0.0782,taxon_label_permutation_two_sided_9999,,,,,0.3323720930232558,False,True
among_taxon,among_taxon_min5,bract_projection_roughness,bract_projection_roughness,1,involucre_architecture,candidate,requires_botanical_calibration,linear_endpoint,chelsa_bio15,hydric,5,44,44,ok,-0.0652320194069234,0.6679,taxon_label_permutation_two_sided_9999,,,,,0.8412167832167832,False,True
among_taxon,among_taxon_min5,bract_projection_roughness,bract_projection_roughness,1,involucre_architecture,candidate,requires_botanical_calibration,linear_endpoint,chelsa_rsds_mean,radiative_atmospheric,5,44,44,ok,-0.2954671133014522,0.054,taxon_label_permutation_two_sided_9999,,,,,0.2627027027027027,False,True
among_taxon,among_taxon_min5,bract_projection_roughness,bract_projection_roughness,1,involucre_architecture,candidate,requires_botanical_calibration,linear_endpoint,chelsa_vpd_mean,radiative_atmospheric,5,44,44,ok,-0.1393352473122075,0.3729,taxon_label_permutation_two_sided_9999,,,,,0.6102,False,True
among_taxon,among_taxon_min5,bract_projection_roughness,bract_projection_roughness,1,involucre_architecture,candidate,requires_botanical_calibration,linear_endpoint,chelsa_sfcwind_mean,mechanical,5,44,44,ok,-0.0437560098201409,0.776,taxon_label_permutation_two_sided_9999,,,,,0.907012987012987,False,True
among_taxon,among_taxon_min5,bract_projection_roughness,bract_projection_roughness,1,involucre_architecture,candidate,requires_botanical_calibration,linear_endpoint,chelsa_gsp,growing_season_water_input,5,44,44,ok,0.4002272965422287,0.0065,taxon_label_permutation_two_sided_9999,,,,,0.0698823529411764,False,True
among_taxon,among_taxon_min5,bract_projection_roughness,bract_projection_roughness,1,involucre_architecture,candidate,requires_botanical_calibration,linear_endpoint,chelsa_npp,resource_productivity,5,44,44,ok,0.3306033576978301,0.0283,taxon_label_permutation_two_sided_9999,,,,,0.1697999999999999,False,True
among_taxon,among_taxon_min5,bract_spread_fraction,bract_spread_fraction,1,involucre_architecture,candidate,requires_botanical_calibration,linear_endpoint,chelsa_bio01,thermal,5,44,44,ok,0.1055145731866868,0.5003,taxon_label_permutation_two_sided_9999,,,,,0.7197187500000001,False,True
among_taxon,among_taxon_min5,bract_spread_fraction,bract_spread_fraction,1,involucre_architecture,candidate,requires_botanical_calibration,linear_endpoint,chelsa_bio04,thermal,5,44,44,ok,-0.1806468497860834,0.2411,taxon_label_permutation_two_sided_9999,,,,,0.5292439024390244,False,True
among_taxon,among_taxon_min5,bract_spread_fraction,bract_spread_fraction,1,involucre_architecture,candidate,requires_botanical_calibration,linear_endpoint,chelsa_bio12,hydric,5,44,44,ok,0.183450153272038,0.2326,taxon_label_permutation_two_sided_9999,,,,,0.5256000000000001,False,True
among_taxon,among_taxon_min5,bract_spread_fraction,bract_spread_fraction,1,involucre_architecture,candidate,requires_botanical_calibration,linear_endpoint,chelsa_bio15,hydric,5,44,44,ok,-0.0284199176797235,0.8571,taxon_label_permutation_two_sided_9999,,,,,0.9510184049079754,False,True
among_taxon,among_taxon_min5,bract_spread_fraction,bract_spread_fraction,1,involucre_architecture,candidate,requires_botanical_calibration,linear_endpoint,chelsa_rsds_mean,radiative_atmospheric,5,44,44,ok,-0.1357784059232292,0.3801,taxon_label_permutation_two_sided_9999,,,,,0.610875,False,True
among_taxon,among_taxon_min5,bract_spread_fraction,bract_spread_fraction,1,involucre_architecture,candidate,requires_botanical_calibration,linear_endpoint,chelsa_vpd_mean,radiative_atmospheric,5,44,44,ok,-0.0668760643759251,0.6683,taxon_label_permutation_two_sided_9999,,,,,0.8412167832167832,False,True
among_taxon,among_taxon_min5,bract_spread_fraction,bract_spread_fraction,1,involucre_architecture,candidate,requires_botanical_calibration,linear_endpoint,chelsa_sfcwind_mean,mechanical,5,44,44,ok,-0.0811313294951395,0.5936,taxon_label_permutation_two_sided_9999,,,,,0.7914666666666667,False,True
among_taxon,among_taxon_min5,bract_spread_fraction,bract_spread_fraction,1,involucre_architecture,candidate,requires_botanical_calibration,linear_endpoint,chelsa_gsp,growing_season_water_input,5,44,44,ok,0.3705611165417928,0.0138,taxon_label_permutation_two_sided_9999,,,,,0.1129090909090909,False,True
among_taxon,among_taxon_min5,bract_spread_fraction,bract_spread_fraction,1,involucre_architecture,candidate,requires_botanical_calibration,linear_endpoint,chelsa_npp,resource_productivity,5,44,44,ok,0.2673560102799174,0.0794,taxon_label_permutation_two_sided_9999,,,,,0.3323720930232558,False,True
among_taxon,among_taxon_min5,involucre_apical_taper_ratio,involucre_apical_taper_ratio,1,involucre_architecture,candidate,requires_botanical_calibration,linear_endpoint,chelsa_bio01,thermal,5,44,44,ok,-0.1400818065167174,0.3665,taxon_label_permutation_two_sided_9999,,,,,0.6102,False,True
among_taxon,among_taxon_min5,involucre_apical_taper_ratio,involucre_apical_taper_ratio,1,involucre_architecture,candidate,requires_botanical_calibration,linear_endpoint,chelsa_bio04,thermal,5,44,44,ok,-0.1660060012825672,0.2759,taxon_label_permutation_two_sided_9999,,,,,0.5616,False,True
among_taxon,among_taxon_min5,involucre_apical_taper_ratio,involucre_apical_taper_ratio,1,involucre_architecture,candidate,requires_botanical_calibration,linear_endpoint,chelsa_bio12,hydric,5,44,44,ok,0.0048387170759924,0.9749,taxon_label_permutation_two_sided_9999,,,,,0.9858539325842696,False,True
among_taxon,among_taxon_min5,involucre_apical_taper_ratio,involucre_apical_taper_ratio,1,involucre_architecture,candidate,requires_botanical_calibration,linear_endpoint,chelsa_bio15,hydric,5,44,44,ok,-0.0538332093260378,0.7242,taxon_label_permutation_two_sided_9999,,,,,0.8759597315436242,False,True
among_taxon,among_taxon_min5,involucre_apical_taper_ratio,involucre_apical_taper_ratio,1,involucre_architecture,candidate,requires_botanical_calibration,linear_endpoint,chelsa_rsds_mean,radiative_atmospheric,5,44,44,ok,0.0099564887741227,0.9505,taxon_label_permutation_two_sided_9999,,,,,0.9858539325842696,False,True
among_taxon,among_taxon_min5,involucre_apical_taper_ratio,involucre_apical_taper_ratio,1,involucre_architecture,candidate,requires_botanical_calibration,linear_endpoint,chelsa_vpd_mean,radiative_atmospheric,5,44,44,ok,-0.1583551802829196,0.3029,taxon_label_permutation_two_sided_9999,,,,,0.5739157894736842,False,True
among_taxon,among_taxon_min5,involucre_apical_taper_ratio,involucre_apical_taper_ratio,1,involucre_architecture,candidate,requires_botanical_calibration,linear_endpoint,chelsa_sfcwind_mean,mechanical,5,44,44,ok,0.0885111466058118,0.5667,taxon_label_permutation_two_sided_9999,,,,,0.7727727272727273,False,True
among_taxon,among_taxon_min5,involucre_apical_taper_ratio,involucre_apical_taper_ratio,1,involucre_architecture,candidate,requires_botanical_calibration,linear_endpoint,chelsa_gsp,growing_season_water_input,5,44,44,ok,-0.0111751800955157,0.941,taxon_label_permutation_two_sided_9999,,,,,0.9858539325842696,False,True
among_taxon,among_taxon_min5,involucre_apical_taper_ratio,involucre_apical_taper_ratio,1,involucre_architecture,candidate,requires_botanical_calibration,linear_endpoint,chelsa_npp,resource_productivity,5,44,44,ok,-0.1212168656721693,0.4367,taxon_label_permutation_two_sided_9999,,,,,0.6496363636363636,False,True
among_taxon,among_taxon_min5,involucre_basal_taper_ratio,involucre_basal_taper_ratio,1,involucre_architecture,candidate,requires_botanical_calibration,linear_endpoint,chelsa_bio01,thermal,5,44,44,ok,0.2074963773291181,0.1779,taxon_label_permutation_two_sided_9999,,,,,0.4438356164383561,False,True
among_taxon,among_taxon_min5,involucre_basal_taper_ratio,involucre_basal_taper_ratio,1,involucre_architecture,candidate,requires_botanical_calibration,linear_endpoint,chelsa_bio04,thermal,5,44,44,ok,-0.084489869401354,0.5734,taxon_label_permutation_two_sided_9999,,,,,0.77603007518797,False,True
among_taxon,among_taxon_min5,involucre_basal_taper_ratio,involucre_basal_taper_ratio,1,involucre_architecture,candidate,requires_botanical_calibration,linear_endpoint,chelsa_bio12,hydric,5,44,44,ok,0.0025154468630641,0.9856,taxon_label_permutation_two_sided_9999,,,,,0.9911061452513968,False,True
among_taxon,among_taxon_min5,involucre_basal_taper_ratio,involucre_basal_taper_ratio,1,involucre_architecture,candidate,requires_botanical_calibration,linear_endpoint,chelsa_bio15,hydric,5,44,44,ok,0.241882007362959,0.1162,taxon_label_permutation_two_sided_9999,,,,,0.3802909090909091,False,True
among_taxon,among_taxon_min5,involucre_basal_taper_ratio,involucre_basal_taper_ratio,1,involucre_architecture,candidate,requires_botanical_calibration,linear_endpoint,chelsa_rsds_mean,radiative_atmospheric,5,44,44,ok,-0.0335590588105251,0.826,taxon_label_permutation_two_sided_9999,,,,,0.9372375,False,True
among_taxon,among_taxon_min5,involucre_basal_taper_ratio,involucre_basal_taper_ratio,1,involucre_architecture,candidate,requires_botanical_calibration,linear_endpoint,chelsa_vpd_mean,radiative_atmospheric,5,44,44,ok,0.1508223353901371,0.3306,taxon_label_permutation_two_sided_9999,,,,,0.6063636363636363,False,True
among_taxon,among_taxon_min5,involucre_basal_taper_ratio,involucre_basal_taper_ratio,1,involucre_architecture,candidate,requires_botanical_calibration,linear_endpoint,chelsa_sfcwind_mean,mechanical,5,44,44,ok,-0.2210391298584277,0.1487,taxon_label_permutation_two_sided_9999,,,,,0.41821875,False,True
among_taxon,among_taxon_min5,involucre_basal_taper_ratio,involucre_basal_taper_ratio,1,involucre_architecture,candidate,requires_botanical_calibration,linear_endpoint,chelsa_gsp,growing_season_water_input,5,44,44,ok,0.1941359769358447,0.209,taxon_label_permutation_two_sided_9999,,,,,0.4885714285714285,False,True
among_taxon,among_taxon_min5,involucre_basal_taper_ratio,involucre_basal_taper_ratio,1,involucre_architecture,candidate,requires_botanical_calibration,linear_endpoint,chelsa_npp,resource_productivity,5,44,44,ok,0.1819432172691362,0.2336,taxon_label_permutation_two_sided_9999,,,,,0.5256000000000001,False,True
among_taxon,among_taxon_min5,involucre_length_width_ratio,involucre_length_width_ratio,1,involucre_architecture,candidate,requires_botanical_calibration,linear_endpoint,chelsa_bio01,thermal,5,44,44,ok,0.2019189447508148,0.1887,taxon_label_permutation_two_sided_9999,,,,,0.45288,False,True
among_taxon,among_taxon_min5,involucre_length_width_ratio,involucre_length_width_ratio,1,involucre_architecture,candidate,requires_botanical_calibration,linear_endpoint,chelsa_bio04,thermal,5,44,44,ok,-0.0065481336812375,0.9669,taxon_label_permutation_two_sided_9999,,,,,0.9858539325842696,False,True
among_taxon,among_taxon_min5,involucre_length_width_ratio,involucre_length_width_ratio,1,involucre_architecture,candidate,requires_botanical_calibration,linear_endpoint,chelsa_bio12,hydric,5,44,44,ok,-0.3207067087041942,0.0296,taxon_label_permutation_two_sided_9999,,,,,0.1718709677419355,False,True
among_taxon,among_taxon_min5,involucre_length_width_ratio,involucre_length_width_ratio,1,involucre_architecture,candidate,requires_botanical_calibration,linear_endpoint,chelsa_bio15,hydric,5,44,44,ok,-0.0101608910651918,0.9507,taxon_label_permutation_two_sided_9999,,,,,0.9858539325842696,False,True
among_taxon,among_taxon_min5,involucre_length_width_ratio,involucre_length_width_ratio,1,involucre_architecture,candidate,requires_botanical_calibration,linear_endpoint,chelsa_rsds_mean,radiative_atmospheric,5,44,44,ok,0.2439805461982732,0.1107,taxon_label_permutation_two_sided_9999,,,,,0.369,False,True
among_taxon,among_taxon_min5,involucre_length_width_ratio,involucre_length_width_ratio,1,involucre_architecture,candidate,requires_botanical_calibration,linear_endpoint,chelsa_vpd_mean,radiative_atmospheric,5,44,44,ok,0.3485375563973434,0.0216,taxon_label_permutation_two_sided_9999,,,,,0.144,False,True
among_taxon,among_taxon_min5,involucre_length_width_ratio,involucre_length_width_ratio,1,involucre_architecture,candidate,requires_botanical_calibration,linear_endpoint,chelsa_sfcwind_mean,mechanical,5,44,44,ok,-0.0222983160915938,0.8876,taxon_label_permutation_two_sided_9999,,,,,0.9682909090909092,False,True
among_taxon,among_taxon_min5,involucre_length_width_ratio,involucre_length_width_ratio,1,involucre_architecture,candidate,requires_botanical_calibration,linear_endpoint,chelsa_gsp,growing_season_water_input,5,44,44,ok,-0.2180768437168377,0.1561,taxon_label_permutation_two_sided_9999,,,,,0.4300909090909091,False,True
among_taxon,among_taxon_min5,involucre_length_width_ratio,involucre_length_width_ratio,1,involucre_architecture,candidate,requires_botanical_calibration,linear_endpoint,chelsa_npp,resource_productivity,5,44,44,ok,-0.0782875877779193,0.6151,taxon_label_permutation_two_sided_9999,,,,,0.8141029411764705,False,True
among_taxon,among_taxon_min5,orientation_image_vertical_angle,orientation_image_vertical_angle,1,orientation,primary,frozen_technical,linear_endpoint,chelsa_bio01,thermal,5,142,142,ok,-0.0302378798369909,0.7164,taxon_label_permutation_two_sided_9999,,,,,0.8759597315436242,False,True
among_taxon,among_taxon_min5,orientation_image_vertical_angle,orientation_image_vertical_angle,1,orientation,primary,frozen_technical,linear_endpoint,chelsa_bio04,thermal,5,142,142,ok,-0.1177993887302003,0.1577,taxon_label_permutation_two_sided_9999,,,,,0.4300909090909091,False,True
among_taxon,among_taxon_min5,orientation_image_vertical_angle,orientation_image_vertical_angle,1,orientation,primary,frozen_technical,linear_endpoint,chelsa_bio12,hydric,5,142,142,ok,0.3043592858977514,0.0006,taxon_label_permutation_two_sided_9999,,,,,0.021,True,True
among_taxon,among_taxon_min5,orientation_image_vertical_angle,orientation_image_vertical_angle,1,orientation,primary,frozen_technical,linear_endpoint,chelsa_bio15,hydric,5,142,142,ok,0.0670043446773373,0.4306,taxon_label_permutation_two_sided_9999,,,,,0.6458999999999999,False,True
among_taxon,among_taxon_min5,orientation_image_vertical_angle,orientation_image_vertical_angle,1,orientation,primary,frozen_technical,linear_endpoint,chelsa_rsds_mean,radiative_atmospheric,5,142,142,ok,-0.069587679165336,0.4076,taxon_label_permutation_two_sided_9999,,,,,0.6367692307692308,False,True
among_taxon,among_taxon_min5,orientation_image_vertical_angle,orientation_image_vertical_angle,1,orientation,primary,frozen_technical,linear_endpoint,chelsa_vpd_mean,radiative_atmospheric,5,142,142,ok,-0.1194209419359004,0.1657,taxon_label_permutation_two_sided_9999,,,,,0.4407352941176471,False,True
among_taxon,among_taxon_min5,orientation_image_vertical_angle,orientation_image_vertical_angle,1,orientation,primary,frozen_technical,linear_endpoint,chelsa_sfcwind_mean,mechanical,5,142,142,ok,0.0555389240083511,0.5106,taxon_label_permutation_two_sided_9999,,,,,0.7197187500000001,False,True
among_taxon,among_taxon_min5,orientation_image_vertical_angle,orientation_image_vertical_angle,1,orientation,primary,frozen_technical,linear_endpoint,chelsa_gsp,growing_season_water_input,5,142,142,ok,0.2580783524593076,0.0015,taxon_label_permutation_two_sided_9999,,,,,0.03375,True,True
among_taxon,among_taxon_min5,orientation_image_vertical_angle,orientation_image_vertical_angle,1,orientation,primary,frozen_technical,linear_endpoint,chelsa_npp,resource_productivity,5,142,142,ok,0.1386257267727849,0.097,taxon_label_permutation_two_sided_9999,,,,,0.3490588235294117,False,True
among_taxon,among_taxon_min5,capitulum_outline_aspect_ratio,capitulum_outline_aspect_ratio,1,shape,primary,frozen_technical,linear_endpoint,chelsa_bio01,thermal,5,141,141,ok,0.1601325988865125,0.0573,taxon_label_permutation_two_sided_9999,,,,,0.2714210526315789,False,True
among_taxon,among_taxon_min5,capitulum_outline_aspect_ratio,capitulum_outline_aspect_ratio,1,shape,primary,frozen_technical,linear_endpoint,chelsa_bio04,thermal,5,141,141,ok,-0.0409843850017511,0.623,taxon_label_permutation_two_sided_9999,,,,,0.8185401459854015,False,True
among_taxon,among_taxon_min5,capitulum_outline_aspect_ratio,capitulum_outline_aspect_ratio,1,shape,primary,frozen_technical,linear_endpoint,chelsa_bio12,hydric,5,141,141,ok,-0.0878840707539971,0.2693,taxon_label_permutation_two_sided_9999,,,,,0.5616,False,True
among_taxon,among_taxon_min5,capitulum_outline_aspect_ratio,capitulum_outline_aspect_ratio,1,shape,primary,frozen_technical,linear_endpoint,chelsa_bio15,hydric,5,141,141,ok,0.0181776193760026,0.827,taxon_label_permutation_two_sided_9999,,,,,0.9372375,False,True
among_taxon,among_taxon_min5,capitulum_outline_aspect_ratio,capitulum_outline_aspect_ratio,1,shape,primary,frozen_technical,linear_endpoint,chelsa_rsds_mean,radiative_atmospheric,5,141,141,ok,0.0811136780163601,0.3485,taxon_label_permutation_two_sided_9999,,,,,0.6102,False,True
among_taxon,among_taxon_min5,capitulum_outline_aspect_ratio,capitulum_outline_aspect_ratio,1,shape,primary,frozen_technical,linear_endpoint,chelsa_vpd_mean,radiative_atmospheric,5,141,141,ok,0.1874551961318939,0.026,taxon_label_permutation_two_sided_9999,,,,,0.1613793103448275,False,True
among_taxon,among_taxon_min5,capitulum_outline_aspect_ratio,capitulum_outline_aspect_ratio,1,shape,primary,frozen_technical,linear_endpoint,chelsa_sfcwind_mean,mechanical,5,141,141,ok,-0.1380077156142063,0.0971,taxon_label_permutation_two_sided_9999,,,,,0.3490588235294117,False,True
among_taxon,among_taxon_min5,capitulum_outline_aspect_ratio,capitulum_outline_aspect_ratio,1,shape,primary,frozen_technical,linear_endpoint,chelsa_gsp,growing_season_water_input,5,141,141,ok,0.0028746226828065,0.9729,taxon_label_permutation_two_sided_9999,,,,,0.9858539325842696,False,True
among_taxon,among_taxon_min5,capitulum_outline_aspect_ratio,capitulum_outline_aspect_ratio,1,shape,primary,frozen_technical,linear_endpoint,chelsa_npp,resource_productivity,5,141,141,ok,0.1417766379197097,0.0917,taxon_label_permutation_two_sided_9999,,,,,0.3490588235294117,False,True
among_taxon,among_taxon_min5,capitulum_outline_circularity,capitulum_outline_circularity,1,shape,primary,frozen_technical,linear_endpoint,chelsa_bio01,thermal,5,141,141,ok,-0.0707630201839794,0.4107,taxon_label_permutation_two_sided_9999,,,,,0.6367692307692308,False,True
among_taxon,among_taxon_min5,capitulum_outline_circularity,capitulum_outline_circularity,1,shape,primary,frozen_technical,linear_endpoint,chelsa_bio04,thermal,5,141,141,ok,0.1173457851561939,0.1665,taxon_label_permutation_two_sided_9999,,,,,0.4407352941176471,False,True
among_taxon,among_taxon_min5,capitulum_outline_circularity,capitulum_outline_circularity,1,shape,primary,frozen_technical,linear_endpoint,chelsa_bio12,hydric,5,141,141,ok,-0.1288030689175627,0.1257,taxon_label_permutation_two_sided_9999,,,,,0.3956896551724138,False,True
among_taxon,among_taxon_min5,capitulum_outline_circularity,capitulum_outline_circularity,1,shape,primary,frozen_technical,linear_endpoint,chelsa_bio15,hydric,5,141,141,ok,-0.0953625236201904,0.2587,taxon_label_permutation_two_sided_9999,,,,,0.5543571428571428,False,True
among_taxon,among_taxon_min5,capitulum_outline_circularity,capitulum_outline_circularity,1,shape,primary,frozen_technical,linear_endpoint,chelsa_rsds_mean,radiative_atmospheric,5,141,141,ok,-0.1253952540806359,0.1403,taxon_label_permutation_two_sided_9999,,,,,0.4073225806451613,False,True
among_taxon,among_taxon_min5,capitulum_outline_circularity,capitulum_outline_circularity,1,shape,primary,frozen_technical,linear_endpoint,chelsa_vpd_mean,radiative_atmospheric,5,141,141,ok,-0.0718909873628005,0.3914,taxon_label_permutation_two_sided_9999,,,,,0.618,False,True
among_taxon,among_taxon_min5,capitulum_outline_circularity,capitulum_outline_circularity,1,shape,primary,frozen_technical,linear_endpoint,chelsa_sfcwind_mean,mechanical,5,141,141,ok,0.206954354991657,0.0161,taxon_label_permutation_two_sided_9999,,,,,0.126,False,True
among_taxon,among_taxon_min5,capitulum_outline_circularity,capitulum_outline_circularity,1,shape,primary,frozen_technical,linear_endpoint,chelsa_gsp,growing_season_water_input,5,141,141,ok,-0.1358042346566714,0.1069,taxon_label_permutation_two_sided_9999,,,,,0.369,False,True
among_taxon,among_taxon_min5,capitulum_outline_circularity,capitulum_outline_circularity,1,shape,primary,frozen_technical,linear_endpoint,chelsa_npp,resource_productivity,5,141,141,ok,-0.0229100979112934,0.7921,taxon_label_permutation_two_sided_9999,,,,,0.9198580645161292,False,True
among_taxon,among_taxon_min5,capitulum_outline_solidity,capitulum_outline_solidity,1,shape,primary,frozen_technical,linear_endpoint,chelsa_bio01,thermal,5,141,141,ok,-0.0555841172882215,0.5055,taxon_label_permutation_two_sided_9999,,,,,0.7197187500000001,False,True
among_taxon,among_taxon_min5,capitulum_outline_solidity,capitulum_outline_solidity,1,shape,primary,frozen_technical,linear_endpoint,chelsa_bio04,thermal,5,141,141,ok,0.0029546537806838,0.9736,taxon_label_permutation_two_sided_9999,,,,,0.9858539325842696,False,True
among_taxon,among_taxon_min5,capitulum_outline_solidity,capitulum_outline_solidity,1,shape,primary,frozen_technical,linear_endpoint,chelsa_bio12,hydric,5,141,141,ok,-0.077863135307872,0.3481,taxon_label_permutation_two_sided_9999,,,,,0.6102,False,True
among_taxon,among_taxon_min5,capitulum_outline_solidity,capitulum_outline_solidity,1,shape,primary,frozen_technical,linear_endpoint,chelsa_bio15,hydric,5,141,141,ok,0.0287405595108942,0.7319,taxon_label_permutation_two_sided_9999,,,,,0.87828,False,True
among_taxon,among_taxon_min5,capitulum_outline_solidity,capitulum_outline_solidity,1,shape,primary,frozen_technical,linear_endpoint,chelsa_rsds_mean,radiative_atmospheric,5,141,141,ok,0.1099669091507278,0.1973,taxon_label_permutation_two_sided_9999,,,,,0.4672894736842106,False,True
among_taxon,among_taxon_min5,capitulum_outline_solidity,capitulum_outline_solidity,1,shape,primary,frozen_technical,linear_endpoint,chelsa_vpd_mean,radiative_atmospheric,5,141,141,ok,-0.0299434627514032,0.7251,taxon_label_permutation_two_sided_9999,,,,,0.8759597315436242,False,True
among_taxon,among_taxon_min5,capitulum_outline_solidity,capitulum_outline_solidity,1,shape,primary,frozen_technical,linear_endpoint,chelsa_sfcwind_mean,mechanical,5,141,141,ok,0.2112443178060468,0.0115,taxon_label_permutation_two_sided_9999,,,,,0.1037142857142857,False,True
among_taxon,among_taxon_min5,capitulum_outline_solidity,capitulum_outline_solidity,1,shape,primary,frozen_technical,linear_endpoint,chelsa_gsp,growing_season_water_input,5,141,141,ok,-0.0630569467104678,0.4586,taxon_label_permutation_two_sided_9999,,,,,0.6711219512195122,False,True
among_taxon,among_taxon_min5,capitulum_outline_solidity,capitulum_outline_solidity,1,shape,primary,frozen_technical,linear_endpoint,chelsa_npp,resource_productivity,5,141,141,ok,-0.0495136354463808,0.5665,taxon_label_permutation_two_sided_9999,,,,,0.7727727272727273,False,True
among_taxon,among_taxon_min5,capitulum_width_profile_cv,capitulum_width_profile_cv,1,shape,primary,frozen_technical,linear_endpoint,chelsa_bio01,thermal,5,141,141,ok,0.1652971430121418,0.0517,taxon_label_permutation_two_sided_9999,,,,,0.2585,False,True
among_taxon,among_taxon_min5,capitulum_width_profile_cv,capitulum_width_profile_cv,1,shape,primary,frozen_technical,linear_endpoint,chelsa_bio04,thermal,5,141,141,ok,-0.0002096652006811,0.9979,taxon_label_permutation_two_sided_9999,,,,,0.9979,False,True
among_taxon,among_taxon_min5,capitulum_width_profile_cv,capitulum_width_profile_cv,1,shape,primary,frozen_technical,linear_endpoint,chelsa_bio12,hydric,5,141,141,ok,0.0970577802353774,0.2519,taxon_label_permutation_two_sided_9999,,,,,0.546289156626506,False,True
among_taxon,among_taxon_min5,capitulum_width_profile_cv,capitulum_width_profile_cv,1,shape,primary,frozen_technical,linear_endpoint,chelsa_bio15,hydric,5,141,141,ok,-0.078982887086045,0.3584,taxon_label_permutation_two_sided_9999,,,,,0.6102,False,True
among_taxon,among_taxon_min5,capitulum_width_profile_cv,capitulum_width_profile_cv,1,shape,primary,frozen_technical,linear_endpoint,chelsa_rsds_mean,radiative_atmospheric,5,141,141,ok,-0.1796062460228024,0.0317,taxon_label_permutation_two_sided_9999,,,,,0.1729090909090909,False,True
among_taxon,among_taxon_min5,capitulum_width_profile_cv,capitulum_width_profile_cv,1,shape,primary,frozen_technical,linear_endpoint,chelsa_vpd_mean,radiative_atmospheric,5,141,141,ok,0.113527037035616,0.18,taxon_label_permutation_two_sided_9999,,,,,0.4438356164383561,False,True
among_taxon,among_taxon_min5,capitulum_width_profile_cv,capitulum_width_profile_cv,1,shape,primary,frozen_technical,linear_endpoint,chelsa_sfcwind_mean,mechanical,5,141,141,ok,0.017086485774152,0.8331,taxon_label_permutation_two_sided_9999,,,,,0.9372375,False,True
among_taxon,among_taxon_min5,capitulum_width_profile_cv,capitulum_width_profile_cv,1,shape,primary,frozen_technical,linear_endpoint,chelsa_gsp,growing_season_water_input,5,141,141,ok,0.1257717719044323,0.1328,taxon_label_permutation_two_sided_9999,,,,,0.3984,False,True
among_taxon,among_taxon_min5,capitulum_width_profile_cv,capitulum_width_profile_cv,1,shape,primary,frozen_technical,linear_endpoint,chelsa_npp,resource_productivity,5,141,141,ok,0.2031635541856402,0.0168,taxon_label_permutation_two_sided_9999,,,,,0.126,False,True
among_taxon,among_taxon_min2,bract_projection_maximum,bract_projection_maximum,1,armature,candidate,requires_botanical_calibration,linear_endpoint,chelsa_bio01,thermal,2,78,78,ok,-0.0853993271518553,0.4557,taxon_label_permutation_two_sided_9999,,,,,0.8230090909090909,False,True
among_taxon,among_taxon_min2,bract_projection_maximum,bract_projection_maximum,1,armature,candidate,requires_botanical_calibration,linear_endpoint,chelsa_bio04,thermal,2,78,78,ok,0.0710183985259198,0.5385,taxon_label_permutation_two_sided_9999,,,,,0.8274512195121951,False,True
among_taxon,among_taxon_min2,bract_projection_maximum,bract_projection_maximum,1,armature,candidate,requires_botanical_calibration,linear_endpoint,chelsa_bio12,hydric,2,78,78,ok,-0.0016971686753416,0.9864,taxon_label_permutation_two_sided_9999,,,,,0.9916468085106384,False,True
among_taxon,among_taxon_min2,bract_projection_maximum,bract_projection_maximum,1,armature,candidate,requires_botanical_calibration,linear_endpoint,chelsa_bio15,hydric,2,78,78,ok,0.1262871151882578,0.2696,taxon_label_permutation_two_sided_9999,,,,,0.7218246575342465,False,True
among_taxon,among_taxon_min2,bract_projection_maximum,bract_projection_maximum,1,armature,candidate,requires_botanical_calibration,linear_endpoint,chelsa_rsds_mean,radiative_atmospheric,2,78,78,ok,-0.1081707728284013,0.3548,taxon_label_permutation_two_sided_9999,,,,,0.7797348837209301,False,True
among_taxon,among_taxon_min2,bract_projection_maximum,bract_projection_maximum,1,armature,candidate,requires_botanical_calibration,linear_endpoint,chelsa_vpd_mean,radiative_atmospheric,2,78,78,ok,-0.1244571991299773,0.2788,taxon_label_permutation_two_sided_9999,,,,,0.7218246575342465,False,True
among_taxon,among_taxon_min2,bract_projection_maximum,bract_projection_maximum,1,armature,candidate,requires_botanical_calibration,linear_endpoint,chelsa_sfcwind_mean,mechanical,2,78,78,ok,-0.0449893432178053,0.6953,taxon_label_permutation_two_sided_9999,,,,,0.8607529411764706,False,True
among_taxon,among_taxon_min2,bract_projection_maximum,bract_projection_maximum,1,armature,candidate,requires_botanical_calibration,linear_endpoint,chelsa_gsp,growing_season_water_input,2,78,78,ok,0.0167075745797563,0.8805,taxon_label_permutation_two_sided_9999,,,,,0.955044,False,True
among_taxon,among_taxon_min2,bract_projection_maximum,bract_projection_maximum,1,armature,candidate,requires_botanical_calibration,linear_endpoint,chelsa_npp,resource_productivity,2,78,78,ok,0.0090190695815108,0.939,taxon_label_permutation_two_sided_9999,,,,,0.9889269230769232,False,True
among_taxon,among_taxon_min2,bract_projection_peak_density,bract_projection_peak_density,1,armature,candidate,requires_botanical_calibration,linear_endpoint,chelsa_bio01,thermal,2,78,78,ok,0.2209805435953499,0.0506,taxon_label_permutation_two_sided_9999,,,,,0.33579,False,True
among_taxon,among_taxon_min2,bract_projection_peak_density,bract_projection_peak_density,1,armature,candidate,requires_botanical_calibration,linear_endpoint,chelsa_bio04,thermal,2,78,78,ok,-0.1872564441750929,0.1023,taxon_label_permutation_two_sided_9999,,,,,0.5476026315789474,False,True
among_taxon,among_taxon_min2,bract_projection_peak_density,bract_projection_peak_density,1,armature,candidate,requires_botanical_calibration,linear_endpoint,chelsa_bio12,hydric,2,78,78,ok,0.0655652185891417,0.5705,taxon_label_permutation_two_sided_9999,,,,,0.8330744680851064,False,True
among_taxon,among_taxon_min2,bract_projection_peak_density,bract_projection_peak_density,1,armature,candidate,requires_botanical_calibration,linear_endpoint,chelsa_bio15,hydric,2,78,78,ok,0.0884929295415102,0.4392,taxon_label_permutation_two_sided_9999,,,,,0.8230090909090909,False,True
among_taxon,among_taxon_min2,bract_projection_peak_density,bract_projection_peak_density,1,armature,candidate,requires_botanical_calibration,linear_endpoint,chelsa_rsds_mean,radiative_atmospheric,2,78,78,ok,0.0572059375010362,0.6272,taxon_label_permutation_two_sided_9999,,,,,0.8334503496503497,False,True
among_taxon,among_taxon_min2,bract_projection_peak_density,bract_projection_peak_density,1,armature,candidate,requires_botanical_calibration,linear_endpoint,chelsa_vpd_mean,radiative_atmospheric,2,78,78,ok,0.1575598451561621,0.1715,taxon_label_permutation_two_sided_9999,,,,,0.6167,False,True
among_taxon,among_taxon_min2,bract_projection_peak_density,bract_projection_peak_density,1,armature,candidate,requires_botanical_calibration,linear_endpoint,chelsa_sfcwind_mean,mechanical,2,78,78,ok,-0.0353342482669589,0.7569,taxon_label_permutation_two_sided_9999,,,,,0.899711320754717,False,True
among_taxon,among_taxon_min2,bract_projection_peak_density,bract_projection_peak_density,1,armature,candidate,requires_botanical_calibration,linear_endpoint,chelsa_gsp,growing_season_water_input,2,78,78,ok,0.1272568048034355,0.2651,taxon_label_permutation_two_sided_9999,,,,,0.7218246575342465,False,True
among_taxon,among_taxon_min2,bract_projection_peak_density,bract_projection_peak_density,1,armature,candidate,requires_botanical_calibration,linear_endpoint,chelsa_npp,resource_productivity,2,78,78,ok,0.1957878818711289,0.0859,taxon_label_permutation_two_sided_9999,,,,,0.4775029411764706,False,True
among_taxon,among_taxon_min2,corolla_hue,corolla_hue_sin|corolla_hue_cos,2,colour,primary,frozen_technical,circular_joint,chelsa_bio01,thermal,2,203,203,ok,,0.0016,taxon_label_permutation_joint_circular_9999,-0.2208357068707566,0.1277583745902004,0.2551286179695189,300.0503374962242,0.0432,True,True
among_taxon,among_taxon_min2,corolla_hue,corolla_hue_sin|corolla_hue_cos,2,colour,primary,frozen_technical,circular_joint,chelsa_bio04,thermal,2,203,203,ok,,0.0138,taxon_label_permutation_joint_circular_9999,-0.0312820110625148,-0.202153223043355,0.2045592574364009,188.7964123558058,0.1952999999999999,False,True
among_taxon,among_taxon_min2,corolla_hue,corolla_hue_sin|corolla_hue_cos,2,colour,primary,frozen_technical,circular_joint,chelsa_bio12,hydric,2,203,203,ok,,0.0047,taxon_label_permutation_joint_circular_9999,-0.2048745391683831,-0.0963543430443806,0.2264017142668569,244.8119753189364,0.1110375,False,True
among_taxon,among_taxon_min2,corolla_hue,corolla_hue_sin|corolla_hue_cos,2,colour,primary,frozen_technical,circular_joint,chelsa_bio15,hydric,2,203,203,ok,,0.0004,taxon_label_permutation_joint_circular_9999,0.0774883724805665,0.2758319252089866,0.286509509151412,15.691435846113132,0.01512,True,True
among_taxon,among_taxon_min2,corolla_hue,corolla_hue_sin|corolla_hue_cos,2,colour,primary,frozen_technical,circular_joint,chelsa_rsds_mean,radiative_atmospheric,2,203,203,ok,,0.0001,taxon_label_permutation_joint_circular_9999,0.2481367658061483,0.3114147504217907,0.3981846322059673,38.54800494904833,0.00945,True,True
among_taxon,among_taxon_min2,corolla_hue,corolla_hue_sin|corolla_hue_cos,2,colour,primary,frozen_technical,circular_joint,chelsa_vpd_mean,radiative_atmospheric,2,203,203,ok,,0.0168,taxon_label_permutation_joint_circular_9999,-0.1188223332634967,0.1605905243636278,0.1997700262741296,323.50193751873144,0.1952999999999999,False,True
among_taxon,among_taxon_min2,corolla_hue,corolla_hue_sin|corolla_hue_cos,2,colour,primary,frozen_technical,circular_joint,chelsa_sfcwind_mean,mechanical,2,203,203,ok,,0.0269,taxon_label_permutation_joint_circular_9999,-0.0202270880988031,-0.1881066768997291,0.1891910594801346,186.13742568549335,0.2310954545454545,False,True
among_taxon,among_taxon_min2,corolla_hue,corolla_hue_sin|corolla_hue_cos,2,colour,primary,frozen_technical,circular_joint,chelsa_gsp,growing_season_water_input,2,203,203,ok,,0.0149,taxon_label_permutation_joint_circular_9999,-0.2024234517117283,-0.001389212139483,0.2024282186683933,269.6067909021337,0.1952999999999999,False,True
among_taxon,among_taxon_min2,corolla_hue,corolla_hue_sin|corolla_hue_cos,2,colour,primary,frozen_technical,circular_joint,chelsa_npp,resource_productivity,2,203,203,ok,,0.0003,taxon_label_permutation_joint_circular_9999,-0.2782720434660609,-0.0703744981412194,0.2870329252253229,255.80757686128877,0.0141749999999999,True,True
among_taxon,among_taxon_min2,corolla_lab_chroma,corolla_lab_chroma,1,colour,primary,frozen_technical,linear_endpoint,chelsa_bio01,thermal,2,203,203,ok,0.1064737282239671,0.1333,taxon_label_permutation_two_sided_9999,,,,,0.56660625,False,True
among_taxon,among_taxon_min2,corolla_lab_chroma,corolla_lab_chroma,1,colour,primary,frozen_technical,linear_endpoint,chelsa_bio04,thermal,2,203,203,ok,0.0250836735985314,0.7282,taxon_label_permutation_two_sided_9999,,,,,0.8824846153846155,False,True
among_taxon,among_taxon_min2,corolla_lab_chroma,corolla_lab_chroma,1,colour,primary,frozen_technical,linear_endpoint,chelsa_bio12,hydric,2,203,203,ok,-0.0312636365087082,0.6625,taxon_label_permutation_two_sided_9999,,,,,0.8576198630136985,False,True
among_taxon,among_taxon_min2,corolla_lab_chroma,corolla_lab_chroma,1,colour,primary,frozen_technical,linear_endpoint,chelsa_bio15,hydric,2,203,203,ok,-0.0916597909483449,0.1869,taxon_label_permutation_two_sided_9999,,,,,0.6172932203389832,False,True
among_taxon,among_taxon_min2,corolla_lab_chroma,corolla_lab_chroma,1,colour,primary,frozen_technical,linear_endpoint,chelsa_rsds_mean,radiative_atmospheric,2,203,203,ok,-0.283914659802768,0.0002,taxon_label_permutation_two_sided_9999,,,,,0.0126,True,True
among_taxon,among_taxon_min2,corolla_lab_chroma,corolla_lab_chroma,1,colour,primary,frozen_technical,linear_endpoint,chelsa_vpd_mean,radiative_atmospheric,2,203,203,ok,0.0197675701204125,0.7747,taxon_label_permutation_two_sided_9999,,,,,0.9061690909090908,False,True
among_taxon,among_taxon_min2,corolla_lab_chroma,corolla_lab_chroma,1,colour,primary,frozen_technical,linear_endpoint,chelsa_sfcwind_mean,mechanical,2,203,203,ok,-0.051530164819633,0.465,taxon_label_permutation_two_sided_9999,,,,,0.8230090909090909,False,True
among_taxon,among_taxon_min2,corolla_lab_chroma,corolla_lab_chroma,1,colour,primary,frozen_technical,linear_endpoint,chelsa_gsp,growing_season_water_input,2,203,203,ok,-0.0435387006136514,0.535,taxon_label_permutation_two_sided_9999,,,,,0.8274512195121951,False,True
among_taxon,among_taxon_min2,corolla_lab_chroma,corolla_lab_chroma,1,colour,primary,frozen_technical,linear_endpoint,chelsa_npp,resource_productivity,2,203,203,ok,0.1675442296508492,0.0175,taxon_label_permutation_two_sided_9999,,,,,0.1952999999999999,False,True
among_taxon,among_taxon_min2,corolla_lab_lightness,corolla_lab_lightness,1,colour,primary,frozen_technical,linear_endpoint,chelsa_bio01,thermal,2,203,203,ok,-0.00201076923952,0.9783,taxon_label_permutation_two_sided_9999,,,,,0.9916468085106384,False,True
among_taxon,among_taxon_min2,corolla_lab_lightness,corolla_lab_lightness,1,colour,primary,frozen_technical,linear_endpoint,chelsa_bio04,thermal,2,203,203,ok,0.1654218076909498,0.0179,taxon_label_permutation_two_sided_9999,,,,,0.1952999999999999,False,True
among_taxon,among_taxon_min2,corolla_lab_lightness,corolla_lab_lightness,1,colour,primary,frozen_technical,linear_endpoint,chelsa_bio12,hydric,2,203,203,ok,-0.0917070265678998,0.1927,taxon_label_permutation_two_sided_9999,,,,,0.6172932203389832,False,True
among_taxon,among_taxon_min2,corolla_lab_lightness,corolla_lab_lightness,1,colour,primary,frozen_technical,linear_endpoint,chelsa_bio15,hydric,2,203,203,ok,-0.1636080947326839,0.02,taxon_label_permutation_two_sided_9999,,,,,0.1989473684210526,False,True
among_taxon,among_taxon_min2,corolla_lab_lightness,corolla_lab_lightness,1,colour,primary,frozen_technical,linear_endpoint,chelsa_rsds_mean,radiative_atmospheric,2,203,203,ok,0.0015483693380541,0.9821,taxon_label_permutation_two_sided_9999,,,,,0.9916468085106384,False,True
among_taxon,among_taxon_min2,corolla_lab_lightness,corolla_lab_lightness,1,colour,primary,frozen_technical,linear_endpoint,chelsa_vpd_mean,radiative_atmospheric,2,203,203,ok,0.0795800697902734,0.2571,taxon_label_permutation_two_sided_9999,,,,,0.7218246575342465,False,True
among_taxon,among_taxon_min2,corolla_lab_lightness,corolla_lab_lightness,1,colour,primary,frozen_technical,linear_endpoint,chelsa_sfcwind_mean,mechanical,2,203,203,ok,0.0511840825554059,0.4699,taxon_label_permutation_two_sided_9999,,,,,0.8230090909090909,False,True
among_taxon,among_taxon_min2,corolla_lab_lightness,corolla_lab_lightness,1,colour,primary,frozen_technical,linear_endpoint,chelsa_gsp,growing_season_water_input,2,203,203,ok,-0.0485590493933112,0.4905,taxon_label_permutation_two_sided_9999,,,,,0.8230090909090909,False,True
among_taxon,among_taxon_min2,corolla_lab_lightness,corolla_lab_lightness,1,colour,primary,frozen_technical,linear_endpoint,chelsa_npp,resource_productivity,2,203,203,ok,-0.029592711530625,0.6795,taxon_label_permutation_two_sided_9999,,,,,0.8607529411764706,False,True
among_taxon,among_taxon_min2,corolla_purple_pixel_fraction,corolla_purple_pixel_fraction,1,colour,descriptive_only,requires_botanical_calibration,linear_endpoint,chelsa_bio01,thermal,2,0,0,unexecuted_no_measurement,,,,,,,,,False,True
among_taxon,among_taxon_min2,corolla_purple_pixel_fraction,corolla_purple_pixel_fraction,1,colour,descriptive_only,requires_botanical_calibration,linear_endpoint,chelsa_bio04,thermal,2,0,0,unexecuted_no_measurement,,,,,,,,,False,True
among_taxon,among_taxon_min2,corolla_purple_pixel_fraction,corolla_purple_pixel_fraction,1,colour,descriptive_only,requires_botanical_calibration,linear_endpoint,chelsa_bio12,hydric,2,0,0,unexecuted_no_measurement,,,,,,,,,False,True
among_taxon,among_taxon_min2,corolla_purple_pixel_fraction,corolla_purple_pixel_fraction,1,colour,descriptive_only,requires_botanical_calibration,linear_endpoint,chelsa_bio15,hydric,2,0,0,unexecuted_no_measurement,,,,,,,,,False,True
among_taxon,among_taxon_min2,corolla_purple_pixel_fraction,corolla_purple_pixel_fraction,1,colour,descriptive_only,requires_botanical_calibration,linear_endpoint,chelsa_rsds_mean,radiative_atmospheric,2,0,0,unexecuted_no_measurement,,,,,,,,,False,True
among_taxon,among_taxon_min2,corolla_purple_pixel_fraction,corolla_purple_pixel_fraction,1,colour,descriptive_only,requires_botanical_calibration,linear_endpoint,chelsa_vpd_mean,radiative_atmospheric,2,0,0,unexecuted_no_measurement,,,,,,,,,False,True
among_taxon,among_taxon_min2,corolla_purple_pixel_fraction,corolla_purple_pixel_fraction,1,colour,descriptive_only,requires_botanical_calibration,linear_endpoint,chelsa_sfcwind_mean,mechanical,2,0,0,unexecuted_no_measurement,,,,,,,,,False,True
among_taxon,among_taxon_min2,corolla_purple_pixel_fraction,corolla_purple_pixel_fraction,1,colour,descriptive_only,requires_botanical_calibration,linear_endpoint,chelsa_gsp,growing_season_water_input,2,0,0,unexecuted_no_measurement,,,,,,,,,False,True
among_taxon,among_taxon_min2,corolla_purple_pixel_fraction,corolla_purple_pixel_fraction,1,colour,descriptive_only,requires_botanical_calibration,linear_endpoint,chelsa_npp,resource_productivity,2,0,0,unexecuted_no_measurement,,,,,,,,,False,True
among_taxon,among_taxon_min2,corolla_redmagenta_pixel_fraction,corolla_redmagenta_pixel_fraction,1,colour,descriptive_only,requires_botanical_calibration,linear_endpoint,chelsa_bio01,thermal,2,0,0,unexecuted_no_measurement,,,,,,,,,False,True
among_taxon,among_taxon_min2,corolla_redmagenta_pixel_fraction,corolla_redmagenta_pixel_fraction,1,colour,descriptive_only,requires_botanical_calibration,linear_endpoint,chelsa_bio04,thermal,2,0,0,unexecuted_no_measurement,,,,,,,,,False,True
among_taxon,among_taxon_min2,corolla_redmagenta_pixel_fraction,corolla_redmagenta_pixel_fraction,1,colour,descriptive_only,requires_botanical_calibration,linear_endpoint,chelsa_bio12,hydric,2,0,0,unexecuted_no_measurement,,,,,,,,,False,True
among_taxon,among_taxon_min2,corolla_redmagenta_pixel_fraction,corolla_redmagenta_pixel_fraction,1,colour,descriptive_only,requires_botanical_calibration,linear_endpoint,chelsa_bio15,hydric,2,0,0,unexecuted_no_measurement,,,,,,,,,False,True
among_taxon,among_taxon_min2,corolla_redmagenta_pixel_fraction,corolla_redmagenta_pixel_fraction,1,colour,descriptive_only,requires_botanical_calibration,linear_endpoint,chelsa_rsds_mean,radiative_atmospheric,2,0,0,unexecuted_no_measurement,,,,,,,,,False,True
among_taxon,among_taxon_min2,corolla_redmagenta_pixel_fraction,corolla_redmagenta_pixel_fraction,1,colour,descriptive_only,requires_botanical_calibration,linear_endpoint,chelsa_vpd_mean,radiative_atmospheric,2,0,0,unexecuted_no_measurement,,,,,,,,,False,True
among_taxon,among_taxon_min2,corolla_redmagenta_pixel_fraction,corolla_redmagenta_pixel_fraction,1,colour,descriptive_only,requires_botanical_calibration,linear_endpoint,chelsa_sfcwind_mean,mechanical,2,0,0,unexecuted_no_measurement,,,,,,,,,False,True
among_taxon,among_taxon_min2,corolla_redmagenta_pixel_fraction,corolla_redmagenta_pixel_fraction,1,colour,descriptive_only,requires_botanical_calibration,linear_endpoint,chelsa_gsp,growing_season_water_input,2,0,0,unexecuted_no_measurement,,,,,,,,,False,True
among_taxon,among_taxon_min2,corolla_redmagenta_pixel_fraction,corolla_redmagenta_pixel_fraction,1,colour,descriptive_only,requires_botanical_calibration,linear_endpoint,chelsa_npp,resource_productivity,2,0,0,unexecuted_no_measurement,,,,,,,,,False,True
among_taxon,among_taxon_min2,corolla_white_pixel_fraction,corolla_white_pixel_fraction,1,colour,descriptive_only,requires_botanical_calibration,linear_endpoint,chelsa_bio01,thermal,2,0,0,unexecuted_no_measurement,,,,,,,,,False,True
among_taxon,among_taxon_min2,corolla_white_pixel_fraction,corolla_white_pixel_fraction,1,colour,descriptive_only,requires_botanical_calibration,linear_endpoint,chelsa_bio04,thermal,2,0,0,unexecuted_no_measurement,,,,,,,,,False,True
among_taxon,among_taxon_min2,corolla_white_pixel_fraction,corolla_white_pixel_fraction,1,colour,descriptive_only,requires_botanical_calibration,linear_endpoint,chelsa_bio12,hydric,2,0,0,unexecuted_no_measurement,,,,,,,,,False,True
among_taxon,among_taxon_min2,corolla_white_pixel_fraction,corolla_white_pixel_fraction,1,colour,descriptive_only,requires_botanical_calibration,linear_endpoint,chelsa_bio15,hydric,2,0,0,unexecuted_no_measurement,,,,,,,,,False,True
among_taxon,among_taxon_min2,corolla_white_pixel_fraction,corolla_white_pixel_fraction,1,colour,descriptive_only,requires_botanical_calibration,linear_endpoint,chelsa_rsds_mean,radiative_atmospheric,2,0,0,unexecuted_no_measurement,,,,,,,,,False,True
among_taxon,among_taxon_min2,corolla_white_pixel_fraction,corolla_white_pixel_fraction,1,colour,descriptive_only,requires_botanical_calibration,linear_endpoint,chelsa_vpd_mean,radiative_atmospheric,2,0,0,unexecuted_no_measurement,,,,,,,,,False,True
among_taxon,among_taxon_min2,corolla_white_pixel_fraction,corolla_white_pixel_fraction,1,colour,descriptive_only,requires_botanical_calibration,linear_endpoint,chelsa_sfcwind_mean,mechanical,2,0,0,unexecuted_no_measurement,,,,,,,,,False,True
among_taxon,among_taxon_min2,corolla_white_pixel_fraction,corolla_white_pixel_fraction,1,colour,descriptive_only,requires_botanical_calibration,linear_endpoint,chelsa_gsp,growing_season_water_input,2,0,0,unexecuted_no_measurement,,,,,,,,,False,True
among_taxon,among_taxon_min2,corolla_white_pixel_fraction,corolla_white_pixel_fraction,1,colour,descriptive_only,requires_botanical_calibration,linear_endpoint,chelsa_npp,resource_productivity,2,0,0,unexecuted_no_measurement,,,,,,,,,False,True
among_taxon,among_taxon_min2,corolla_yellow_pixel_fraction,corolla_yellow_pixel_fraction,1,colour,descriptive_only,requires_botanical_calibration,linear_endpoint,chelsa_bio01,thermal,2,0,0,unexecuted_no_measurement,,,,,,,,,False,True
among_taxon,among_taxon_min2,corolla_yellow_pixel_fraction,corolla_yellow_pixel_fraction,1,colour,descriptive_only,requires_botanical_calibration,linear_endpoint,chelsa_bio04,thermal,2,0,0,unexecuted_no_measurement,,,,,,,,,False,True
among_taxon,among_taxon_min2,corolla_yellow_pixel_fraction,corolla_yellow_pixel_fraction,1,colour,descriptive_only,requires_botanical_calibration,linear_endpoint,chelsa_bio12,hydric,2,0,0,unexecuted_no_measurement,,,,,,,,,False,True
among_taxon,among_taxon_min2,corolla_yellow_pixel_fraction,corolla_yellow_pixel_fraction,1,colour,descriptive_only,requires_botanical_calibration,linear_endpoint,chelsa_bio15,hydric,2,0,0,unexecuted_no_measurement,,,,,,,,,False,True
among_taxon,among_taxon_min2,corolla_yellow_pixel_fraction,corolla_yellow_pixel_fraction,1,colour,descriptive_only,requires_botanical_calibration,linear_endpoint,chelsa_rsds_mean,radiative_atmospheric,2,0,0,unexecuted_no_measurement,,,,,,,,,False,True
among_taxon,among_taxon_min2,corolla_yellow_pixel_fraction,corolla_yellow_pixel_fraction,1,colour,descriptive_only,requires_botanical_calibration,linear_endpoint,chelsa_vpd_mean,radiative_atmospheric,2,0,0,unexecuted_no_measurement,,,,,,,,,False,True
among_taxon,among_taxon_min2,corolla_yellow_pixel_fraction,corolla_yellow_pixel_fraction,1,colour,descriptive_only,requires_botanical_calibration,linear_endpoint,chelsa_sfcwind_mean,mechanical,2,0,0,unexecuted_no_measurement,,,,,,,,,False,True
among_taxon,among_taxon_min2,corolla_yellow_pixel_fraction,corolla_yellow_pixel_fraction,1,colour,descriptive_only,requires_botanical_calibration,linear_endpoint,chelsa_gsp,growing_season_water_input,2,0,0,unexecuted_no_measurement,,,,,,,,,False,True
among_taxon,among_taxon_min2,corolla_yellow_pixel_fraction,corolla_yellow_pixel_fraction,1,colour,descriptive_only,requires_botanical_calibration,linear_endpoint,chelsa_npp,resource_productivity,2,0,0,unexecuted_no_measurement,,,,,,,,,False,True
among_taxon,among_taxon_min2,visible_floret_fraction,visible_floret_fraction,1,display,candidate,requires_botanical_calibration,linear_endpoint,chelsa_bio01,thermal,2,0,0,unexecuted_no_measurement,,,,,,,,,False,True
among_taxon,among_taxon_min2,visible_floret_fraction,visible_floret_fraction,1,display,candidate,requires_botanical_calibration,linear_endpoint,chelsa_bio04,thermal,2,0,0,unexecuted_no_measurement,,,,,,,,,False,True
among_taxon,among_taxon_min2,visible_floret_fraction,visible_floret_fraction,1,display,candidate,requires_botanical_calibration,linear_endpoint,chelsa_bio12,hydric,2,0,0,unexecuted_no_measurement,,,,,,,,,False,True
among_taxon,among_taxon_min2,visible_floret_fraction,visible_floret_fraction,1,display,candidate,requires_botanical_calibration,linear_endpoint,chelsa_bio15,hydric,2,0,0,unexecuted_no_measurement,,,,,,,,,False,True
among_taxon,among_taxon_min2,visible_floret_fraction,visible_floret_fraction,1,display,candidate,requires_botanical_calibration,linear_endpoint,chelsa_rsds_mean,radiative_atmospheric,2,0,0,unexecuted_no_measurement,,,,,,,,,False,True
among_taxon,among_taxon_min2,visible_floret_fraction,visible_floret_fraction,1,display,candidate,requires_botanical_calibration,linear_endpoint,chelsa_vpd_mean,radiative_atmospheric,2,0,0,unexecuted_no_measurement,,,,,,,,,False,True
among_taxon,among_taxon_min2,visible_floret_fraction,visible_floret_fraction,1,display,candidate,requires_botanical_calibration,linear_endpoint,chelsa_sfcwind_mean,mechanical,2,0,0,unexecuted_no_measurement,,,,,,,,,False,True
among_taxon,among_taxon_min2,visible_floret_fraction,visible_floret_fraction,1,display,candidate,requires_botanical_calibration,linear_endpoint,chelsa_gsp,growing_season_water_input,2,0,0,unexecuted_no_measurement,,,,,,,,,False,True
among_taxon,among_taxon_min2,visible_floret_fraction,visible_floret_fraction,1,display,candidate,requires_botanical_calibration,linear_endpoint,chelsa_npp,resource_productivity,2,0,0,unexecuted_no_measurement,,,,,,,,,False,True
among_taxon,among_taxon_min2,involucre_surface_specular_fraction,involucre_surface_specular_fraction,1,exudate,validation_only,requires_botanical_calibration,linear_endpoint,chelsa_bio01,thermal,2,49,49,ok,0.0603842863940794,0.5828,taxon_label_permutation_two_sided_9999,,,,,0.8330744680851064,False,True
among_taxon,among_taxon_min2,involucre_surface_specular_fraction,involucre_surface_specular_fraction,1,exudate,validation_only,requires_botanical_calibration,linear_endpoint,chelsa_bio04,thermal,2,49,49,ok,-0.2194886044150001,0.156,taxon_label_permutation_two_sided_9999,,,,,0.58968,False,True
among_taxon,among_taxon_min2,involucre_surface_specular_fraction,involucre_surface_specular_fraction,1,exudate,validation_only,requires_botanical_calibration,linear_endpoint,chelsa_bio12,hydric,2,49,49,ok,-0.009647148656218,0.9482,taxon_label_permutation_two_sided_9999,,,,,0.9889269230769232,False,True
among_taxon,among_taxon_min2,involucre_surface_specular_fraction,involucre_surface_specular_fraction,1,exudate,validation_only,requires_botanical_calibration,linear_endpoint,chelsa_bio15,hydric,2,49,49,ok,-0.1477074575589413,0.2298,taxon_label_permutation_two_sided_9999,,,,,0.6894,False,True
among_taxon,among_taxon_min2,involucre_surface_specular_fraction,involucre_surface_specular_fraction,1,exudate,validation_only,requires_botanical_calibration,linear_endpoint,chelsa_rsds_mean,radiative_atmospheric,2,49,49,ok,-0.1830853737660206,0.2668,taxon_label_permutation_two_sided_9999,,,,,0.7218246575342465,False,True
among_taxon,among_taxon_min2,involucre_surface_specular_fraction,involucre_surface_specular_fraction,1,exudate,validation_only,requires_botanical_calibration,linear_endpoint,chelsa_vpd_mean,radiative_atmospheric,2,49,49,ok,-0.0517723972920789,0.7252,taxon_label_permutation_two_sided_9999,,,,,0.8824846153846155,False,True
among_taxon,among_taxon_min2,involucre_surface_specular_fraction,involucre_surface_specular_fraction,1,exudate,validation_only,requires_botanical_calibration,linear_endpoint,chelsa_sfcwind_mean,mechanical,2,49,49,ok,0.2283190211804962,0.0533,taxon_label_permutation_two_sided_9999,,,,,0.33579,False,True
among_taxon,among_taxon_min2,involucre_surface_specular_fraction,involucre_surface_specular_fraction,1,exudate,validation_only,requires_botanical_calibration,linear_endpoint,chelsa_gsp,growing_season_water_input,2,49,49,ok,0.0811773375364697,0.5568,taxon_label_permutation_two_sided_9999,,,,,0.8330744680851064,False,True
among_taxon,among_taxon_min2,involucre_surface_specular_fraction,involucre_surface_specular_fraction,1,exudate,validation_only,requires_botanical_calibration,linear_endpoint,chelsa_npp,resource_productivity,2,49,49,ok,0.1158182816245796,0.5145,taxon_label_permutation_two_sided_9999,,,,,0.8230090909090909,False,True
among_taxon,among_taxon_min2,involucre_surface_edge_density,involucre_surface_edge_density,1,indumentum,validation_only,requires_botanical_calibration,linear_endpoint,chelsa_bio01,thermal,2,49,49,ok,-0.0475864681430101,0.7419,taxon_label_permutation_two_sided_9999,,,,,0.8874626582278481,False,True
among_taxon,among_taxon_min2,involucre_surface_edge_density,involucre_surface_edge_density,1,indumentum,validation_only,requires_botanical_calibration,linear_endpoint,chelsa_bio04,thermal,2,49,49,ok,-0.0058722966768985,0.9641,taxon_label_permutation_two_sided_9999,,,,,0.9902983695652174,False,True
among_taxon,among_taxon_min2,involucre_surface_edge_density,involucre_surface_edge_density,1,indumentum,validation_only,requires_botanical_calibration,linear_endpoint,chelsa_bio12,hydric,2,49,49,ok,-0.1380319249269777,0.345,taxon_label_permutation_two_sided_9999,,,,,0.7771499999999999,False,True
among_taxon,among_taxon_min2,involucre_surface_edge_density,involucre_surface_edge_density,1,indumentum,validation_only,requires_botanical_calibration,linear_endpoint,chelsa_bio15,hydric,2,49,49,ok,0.0101817695713233,0.9456,taxon_label_permutation_two_sided_9999,,,,,0.9889269230769232,False,True
among_taxon,among_taxon_min2,involucre_surface_edge_density,involucre_surface_edge_density,1,indumentum,validation_only,requires_botanical_calibration,linear_endpoint,chelsa_rsds_mean,radiative_atmospheric,2,49,49,ok,0.1458621070327446,0.3132,taxon_label_permutation_two_sided_9999,,,,,0.7589076923076922,False,True
among_taxon,among_taxon_min2,involucre_surface_edge_density,involucre_surface_edge_density,1,indumentum,validation_only,requires_botanical_calibration,linear_endpoint,chelsa_vpd_mean,radiative_atmospheric,2,49,49,ok,0.0499478518719415,0.7284,taxon_label_permutation_two_sided_9999,,,,,0.8824846153846155,False,True
among_taxon,among_taxon_min2,involucre_surface_edge_density,involucre_surface_edge_density,1,indumentum,validation_only,requires_botanical_calibration,linear_endpoint,chelsa_sfcwind_mean,mechanical,2,49,49,ok,-0.0751354918340085,0.6072,taxon_label_permutation_two_sided_9999,,,,,0.8330744680851064,False,True
among_taxon,among_taxon_min2,involucre_surface_edge_density,involucre_surface_edge_density,1,indumentum,validation_only,requires_botanical_calibration,linear_endpoint,chelsa_gsp,growing_season_water_input,2,49,49,ok,-0.2302981439699162,0.1101,taxon_label_permutation_two_sided_9999,,,,,0.5476026315789474,False,True
among_taxon,among_taxon_min2,involucre_surface_edge_density,involucre_surface_edge_density,1,indumentum,validation_only,requires_botanical_calibration,linear_endpoint,chelsa_npp,resource_productivity,2,49,49,ok,-0.2116775302572562,0.1439,taxon_label_permutation_two_sided_9999,,,,,0.56660625,False,True
among_taxon,among_taxon_min2,involucre_surface_high_frequency_energy,involucre_surface_high_frequency_energy,1,indumentum,validation_only,requires_botanical_calibration,linear_endpoint,chelsa_bio01,thermal,2,49,49,ok,-0.1399092973001678,0.3405,taxon_label_permutation_two_sided_9999,,,,,0.7771499999999999,False,True
among_taxon,among_taxon_min2,involucre_surface_high_frequency_energy,involucre_surface_high_frequency_energy,1,indumentum,validation_only,requires_botanical_calibration,linear_endpoint,chelsa_bio04,thermal,2,49,49,ok,0.085075321629798,0.5656,taxon_label_permutation_two_sided_9999,,,,,0.8330744680851064,False,True
among_taxon,among_taxon_min2,involucre_surface_high_frequency_energy,involucre_surface_high_frequency_energy,1,indumentum,validation_only,requires_botanical_calibration,linear_endpoint,chelsa_bio12,hydric,2,49,49,ok,-0.0089777755639942,0.9523,taxon_label_permutation_two_sided_9999,,,,,0.9889269230769232,False,True
among_taxon,among_taxon_min2,involucre_surface_high_frequency_energy,involucre_surface_high_frequency_energy,1,indumentum,validation_only,requires_botanical_calibration,linear_endpoint,chelsa_bio15,hydric,2,49,49,ok,0.0333809328235946,0.825,taxon_label_permutation_two_sided_9999,,,,,0.9172058823529412,False,True
among_taxon,among_taxon_min2,involucre_surface_high_frequency_energy,involucre_surface_high_frequency_energy,1,indumentum,validation_only,requires_botanical_calibration,linear_endpoint,chelsa_rsds_mean,radiative_atmospheric,2,49,49,ok,0.1261241443567031,0.393,taxon_label_permutation_two_sided_9999,,,,,0.8230090909090909,False,True
among_taxon,among_taxon_min2,involucre_surface_high_frequency_energy,involucre_surface_high_frequency_energy,1,indumentum,validation_only,requires_botanical_calibration,linear_endpoint,chelsa_vpd_mean,radiative_atmospheric,2,49,49,ok,-0.0685097089982898,0.6394,taxon_label_permutation_two_sided_9999,,,,,0.8392124999999999,False,True
among_taxon,among_taxon_min2,involucre_surface_high_frequency_energy,involucre_surface_high_frequency_energy,1,indumentum,validation_only,requires_botanical_calibration,linear_endpoint,chelsa_sfcwind_mean,mechanical,2,49,49,ok,-0.0933682373952175,0.5269,taxon_label_permutation_two_sided_9999,,,,,0.8230090909090909,False,True
among_taxon,among_taxon_min2,involucre_surface_high_frequency_energy,involucre_surface_high_frequency_energy,1,indumentum,validation_only,requires_botanical_calibration,linear_endpoint,chelsa_gsp,growing_season_water_input,2,49,49,ok,-0.1170802697483195,0.4273,taxon_label_permutation_two_sided_9999,,,,,0.8230090909090909,False,True
among_taxon,among_taxon_min2,involucre_surface_high_frequency_energy,involucre_surface_high_frequency_energy,1,indumentum,validation_only,requires_botanical_calibration,linear_endpoint,chelsa_npp,resource_productivity,2,49,49,ok,-0.1365216767081863,0.3454,taxon_label_permutation_two_sided_9999,,,,,0.7771499999999999,False,True
among_taxon,among_taxon_min2,involucre_surface_lbp_entropy,involucre_surface_lbp_entropy,1,indumentum,validation_only,requires_botanical_calibration,linear_endpoint,chelsa_bio01,thermal,2,49,49,ok,-0.0980340990253391,0.4968,taxon_label_permutation_two_sided_9999,,,,,0.8230090909090909,False,True
among_taxon,among_taxon_min2,involucre_surface_lbp_entropy,involucre_surface_lbp_entropy,1,indumentum,validation_only,requires_botanical_calibration,linear_endpoint,chelsa_bio04,thermal,2,49,49,ok,0.1576445544437363,0.2735,taxon_label_permutation_two_sided_9999,,,,,0.7218246575342465,False,True
among_taxon,among_taxon_min2,involucre_surface_lbp_entropy,involucre_surface_lbp_entropy,1,indumentum,validation_only,requires_botanical_calibration,linear_endpoint,chelsa_bio12,hydric,2,49,49,ok,0.1591175795205733,0.2722,taxon_label_permutation_two_sided_9999,,,,,0.7218246575342465,False,True
among_taxon,among_taxon_min2,involucre_surface_lbp_entropy,involucre_surface_lbp_entropy,1,indumentum,validation_only,requires_botanical_calibration,linear_endpoint,chelsa_bio15,hydric,2,49,49,ok,-0.1285732253002397,0.3808,taxon_label_permutation_two_sided_9999,,,,,0.8230090909090908,False,True
among_taxon,among_taxon_min2,involucre_surface_lbp_entropy,involucre_surface_lbp_entropy,1,indumentum,validation_only,requires_botanical_calibration,linear_endpoint,chelsa_rsds_mean,radiative_atmospheric,2,49,49,ok,-0.334523615340118,0.0186,taxon_label_permutation_two_sided_9999,,,,,0.1952999999999999,False,True
among_taxon,among_taxon_min2,involucre_surface_lbp_entropy,involucre_surface_lbp_entropy,1,indumentum,validation_only,requires_botanical_calibration,linear_endpoint,chelsa_vpd_mean,radiative_atmospheric,2,49,49,ok,-0.1570925415407858,0.278,taxon_label_permutation_two_sided_9999,,,,,0.7218246575342465,False,True
among_taxon,among_taxon_min2,involucre_surface_lbp_entropy,involucre_surface_lbp_entropy,1,indumentum,validation_only,requires_botanical_calibration,linear_endpoint,chelsa_sfcwind_mean,mechanical,2,49,49,ok,-0.2145032614128937,0.1378,taxon_label_permutation_two_sided_9999,,,,,0.56660625,False,True
among_taxon,among_taxon_min2,involucre_surface_lbp_entropy,involucre_surface_lbp_entropy,1,indumentum,validation_only,requires_botanical_calibration,linear_endpoint,chelsa_gsp,growing_season_water_input,2,49,49,ok,0.0119522329289878,0.9338,taxon_label_permutation_two_sided_9999,,,,,0.9889269230769232,False,True
among_taxon,among_taxon_min2,involucre_surface_lbp_entropy,involucre_surface_lbp_entropy,1,indumentum,validation_only,requires_botanical_calibration,linear_endpoint,chelsa_npp,resource_productivity,2,49,49,ok,-0.0360706828721107,0.8087,taxon_label_permutation_two_sided_9999,,,,,0.9172058823529412,False,True
among_taxon,among_taxon_min2,bract_projection_asymmetry,bract_projection_asymmetry,1,involucre_architecture,candidate,requires_botanical_calibration,linear_endpoint,chelsa_bio01,thermal,2,78,78,ok,-0.1073765077385308,0.354,taxon_label_permutation_two_sided_9999,,,,,0.7797348837209301,False,True
among_taxon,among_taxon_min2,bract_projection_asymmetry,bract_projection_asymmetry,1,involucre_architecture,candidate,requires_botanical_calibration,linear_endpoint,chelsa_bio04,thermal,2,78,78,ok,0.0942657182846623,0.4079,taxon_label_permutation_two_sided_9999,,,,,0.8230090909090909,False,True
among_taxon,among_taxon_min2,bract_projection_asymmetry,bract_projection_asymmetry,1,involucre_architecture,candidate,requires_botanical_calibration,linear_endpoint,chelsa_bio12,hydric,2,78,78,ok,-0.0737153339896142,0.5214,taxon_label_permutation_two_sided_9999,,,,,0.8230090909090909,False,True
among_taxon,among_taxon_min2,bract_projection_asymmetry,bract_projection_asymmetry,1,involucre_architecture,candidate,requires_botanical_calibration,linear_endpoint,chelsa_bio15,hydric,2,78,78,ok,-0.0452938359329123,0.6966,taxon_label_permutation_two_sided_9999,,,,,0.8607529411764706,False,True
among_taxon,among_taxon_min2,bract_projection_asymmetry,bract_projection_asymmetry,1,involucre_architecture,candidate,requires_botanical_calibration,linear_endpoint,chelsa_rsds_mean,radiative_atmospheric,2,78,78,ok,-0.0542269840422983,0.6455,taxon_label_permutation_two_sided_9999,,,,,0.8413758620689655,False,True
among_taxon,among_taxon_min2,bract_projection_asymmetry,bract_projection_asymmetry,1,involucre_architecture,candidate,requires_botanical_calibration,linear_endpoint,chelsa_vpd_mean,radiative_atmospheric,2,78,78,ok,-0.0761548859293149,0.5105,taxon_label_permutation_two_sided_9999,,,,,0.8230090909090909,False,True
among_taxon,among_taxon_min2,bract_projection_asymmetry,bract_projection_asymmetry,1,involucre_architecture,candidate,requires_botanical_calibration,linear_endpoint,chelsa_sfcwind_mean,mechanical,2,78,78,ok,-0.1500084852484824,0.1762,taxon_label_permutation_two_sided_9999,,,,,0.6167,False,True
among_taxon,among_taxon_min2,bract_projection_asymmetry,bract_projection_asymmetry,1,involucre_architecture,candidate,requires_botanical_calibration,linear_endpoint,chelsa_gsp,growing_season_water_input,2,78,78,ok,-0.0882515412872424,0.4439,taxon_label_permutation_two_sided_9999,,,,,0.8230090909090909,False,True
among_taxon,among_taxon_min2,bract_projection_asymmetry,bract_projection_asymmetry,1,involucre_architecture,candidate,requires_botanical_calibration,linear_endpoint,chelsa_npp,resource_productivity,2,78,78,ok,-0.0787719378401553,0.4934,taxon_label_permutation_two_sided_9999,,,,,0.8230090909090909,False,True
among_taxon,among_taxon_min2,bract_projection_p95,bract_projection_p95,1,involucre_architecture,candidate,requires_botanical_calibration,linear_endpoint,chelsa_bio01,thermal,2,78,78,ok,-0.0274979499449851,0.8168,taxon_label_permutation_two_sided_9999,,,,,0.9172058823529412,False,True
among_taxon,among_taxon_min2,bract_projection_p95,bract_projection_p95,1,involucre_architecture,candidate,requires_botanical_calibration,linear_endpoint,chelsa_bio04,thermal,2,78,78,ok,0.0214280286752729,0.8564,taxon_label_permutation_two_sided_9999,,,,,0.9410441860465116,False,True
among_taxon,among_taxon_min2,bract_projection_p95,bract_projection_p95,1,involucre_architecture,candidate,requires_botanical_calibration,linear_endpoint,chelsa_bio12,hydric,2,78,78,ok,0.0576915756034435,0.6165,taxon_label_permutation_two_sided_9999,,,,,0.8330744680851064,False,True
among_taxon,among_taxon_min2,bract_projection_p95,bract_projection_p95,1,involucre_architecture,candidate,requires_botanical_calibration,linear_endpoint,chelsa_bio15,hydric,2,78,78,ok,0.1496984563263006,0.1927,taxon_label_permutation_two_sided_9999,,,,,0.6172932203389832,False,True
among_taxon,among_taxon_min2,bract_projection_p95,bract_projection_p95,1,involucre_architecture,candidate,requires_botanical_calibration,linear_endpoint,chelsa_rsds_mean,radiative_atmospheric,2,78,78,ok,-0.0598766529375113,0.6055,taxon_label_permutation_two_sided_9999,,,,,0.8330744680851064,False,True
among_taxon,among_taxon_min2,bract_projection_p95,bract_projection_p95,1,involucre_architecture,candidate,requires_botanical_calibration,linear_endpoint,chelsa_vpd_mean,radiative_atmospheric,2,78,78,ok,-0.0603970751547563,0.6002,taxon_label_permutation_two_sided_9999,,,,,0.8330744680851064,False,True
among_taxon,among_taxon_min2,bract_projection_p95,bract_projection_p95,1,involucre_architecture,candidate,requires_botanical_calibration,linear_endpoint,chelsa_sfcwind_mean,mechanical,2,78,78,ok,-0.0907824467697438,0.4271,taxon_label_permutation_two_sided_9999,,,,,0.8230090909090909,False,True
among_taxon,among_taxon_min2,bract_projection_p95,bract_projection_p95,1,involucre_architecture,candidate,requires_botanical_calibration,linear_endpoint,chelsa_gsp,growing_season_water_input,2,78,78,ok,0.076853392892204,0.5041,taxon_label_permutation_two_sided_9999,,,,,0.8230090909090909,False,True
among_taxon,among_taxon_min2,bract_projection_p95,bract_projection_p95,1,involucre_architecture,candidate,requires_botanical_calibration,linear_endpoint,chelsa_npp,resource_productivity,2,78,78,ok,0.05943359870711,0.6083,taxon_label_permutation_two_sided_9999,,,,,0.8330744680851064,False,True
among_taxon,among_taxon_min2,bract_projection_roughness,bract_projection_roughness,1,involucre_architecture,candidate,requires_botanical_calibration,linear_endpoint,chelsa_bio01,thermal,2,78,78,ok,-0.012993964984119,0.9145,taxon_label_permutation_two_sided_9999,,,,,0.9765,False,True
among_taxon,among_taxon_min2,bract_projection_roughness,bract_projection_roughness,1,involucre_architecture,candidate,requires_botanical_calibration,linear_endpoint,chelsa_bio04,thermal,2,78,78,ok,0.0464514253750582,0.685,taxon_label_permutation_two_sided_9999,,,,,0.8607529411764706,False,True
among_taxon,among_taxon_min2,bract_projection_roughness,bract_projection_roughness,1,involucre_architecture,candidate,requires_botanical_calibration,linear_endpoint,chelsa_bio12,hydric,2,78,78,ok,0.0397671319712736,0.7376,taxon_label_permutation_two_sided_9999,,,,,0.8874626582278481,False,True
among_taxon,among_taxon_min2,bract_projection_roughness,bract_projection_roughness,1,involucre_architecture,candidate,requires_botanical_calibration,linear_endpoint,chelsa_bio15,hydric,2,78,78,ok,0.0632799997259322,0.5899,taxon_label_permutation_two_sided_9999,,,,,0.8330744680851064,False,True
among_taxon,among_taxon_min2,bract_projection_roughness,bract_projection_roughness,1,involucre_architecture,candidate,requires_botanical_calibration,linear_endpoint,chelsa_rsds_mean,radiative_atmospheric,2,78,78,ok,-0.1641634900532595,0.1519,taxon_label_permutation_two_sided_9999,,,,,0.5859000000000001,False,True
among_taxon,among_taxon_min2,bract_projection_roughness,bract_projection_roughness,1,involucre_architecture,candidate,requires_botanical_calibration,linear_endpoint,chelsa_vpd_mean,radiative_atmospheric,2,78,78,ok,-0.0791557320986054,0.4857,taxon_label_permutation_two_sided_9999,,,,,0.8230090909090909,False,True
among_taxon,among_taxon_min2,bract_projection_roughness,bract_projection_roughness,1,involucre_architecture,candidate,requires_botanical_calibration,linear_endpoint,chelsa_sfcwind_mean,mechanical,2,78,78,ok,-0.0297719346063608,0.7905,taxon_label_permutation_two_sided_9999,,,,,0.9061690909090908,False,True
among_taxon,among_taxon_min2,bract_projection_roughness,bract_projection_roughness,1,involucre_architecture,candidate,requires_botanical_calibration,linear_endpoint,chelsa_gsp,growing_season_water_input,2,78,78,ok,0.1111030570698165,0.3315,taxon_label_permutation_two_sided_9999,,,,,0.7771499999999999,False,True
among_taxon,among_taxon_min2,bract_projection_roughness,bract_projection_roughness,1,involucre_architecture,candidate,requires_botanical_calibration,linear_endpoint,chelsa_npp,resource_productivity,2,78,78,ok,0.0990863312365378,0.3832,taxon_label_permutation_two_sided_9999,,,,,0.8230090909090908,False,True
among_taxon,among_taxon_min2,bract_spread_fraction,bract_spread_fraction,1,involucre_architecture,candidate,requires_botanical_calibration,linear_endpoint,chelsa_bio01,thermal,2,78,78,ok,-0.1605631623182179,0.1605,taxon_label_permutation_two_sided_9999,,,,,0.5947941176470589,False,True
among_taxon,among_taxon_min2,bract_spread_fraction,bract_spread_fraction,1,involucre_architecture,candidate,requires_botanical_calibration,linear_endpoint,chelsa_bio04,thermal,2,78,78,ok,0.1465025178192358,0.2039,taxon_label_permutation_two_sided_9999,,,,,0.6317557377049181,False,True
among_taxon,among_taxon_min2,bract_spread_fraction,bract_spread_fraction,1,involucre_architecture,candidate,requires_botanical_calibration,linear_endpoint,chelsa_bio12,hydric,2,78,78,ok,0.0316117022459455,0.7888,taxon_label_permutation_two_sided_9999,,,,,0.9061690909090908,False,True
among_taxon,among_taxon_min2,bract_spread_fraction,bract_spread_fraction,1,involucre_architecture,candidate,requires_botanical_calibration,linear_endpoint,chelsa_bio15,hydric,2,78,78,ok,-0.0196450453850055,0.8619,taxon_label_permutation_two_sided_9999,,,,,0.9416132947976878,False,True
among_taxon,among_taxon_min2,bract_spread_fraction,bract_spread_fraction,1,involucre_architecture,candidate,requires_botanical_calibration,linear_endpoint,chelsa_rsds_mean,radiative_atmospheric,2,78,78,ok,-0.2218092462377345,0.0532,taxon_label_permutation_two_sided_9999,,,,,0.33579,False,True
among_taxon,among_taxon_min2,bract_spread_fraction,bract_spread_fraction,1,involucre_architecture,candidate,requires_botanical_calibration,linear_endpoint,chelsa_vpd_mean,radiative_atmospheric,2,78,78,ok,-0.2193183297588369,0.0509,taxon_label_permutation_two_sided_9999,,,,,0.33579,False,True
among_taxon,among_taxon_min2,bract_spread_fraction,bract_spread_fraction,1,involucre_architecture,candidate,requires_botanical_calibration,linear_endpoint,chelsa_sfcwind_mean,mechanical,2,78,78,ok,-0.1064306102777397,0.345,taxon_label_permutation_two_sided_9999,,,,,0.7771499999999999,False,True
among_taxon,among_taxon_min2,bract_spread_fraction,bract_spread_fraction,1,involucre_architecture,candidate,requires_botanical_calibration,linear_endpoint,chelsa_gsp,growing_season_water_input,2,78,78,ok,0.0489593316905557,0.6694,taxon_label_permutation_two_sided_9999,,,,,0.8606571428571428,False,True
among_taxon,among_taxon_min2,bract_spread_fraction,bract_spread_fraction,1,involucre_architecture,candidate,requires_botanical_calibration,linear_endpoint,chelsa_npp,resource_productivity,2,78,78,ok,-0.0005562264402325,0.9959,taxon_label_permutation_two_sided_9999,,,,,0.9959,False,True
among_taxon,among_taxon_min2,involucre_apical_taper_ratio,involucre_apical_taper_ratio,1,involucre_architecture,candidate,requires_botanical_calibration,linear_endpoint,chelsa_bio01,thermal,2,78,78,ok,-0.0057459288278761,0.9607,taxon_label_permutation_two_sided_9999,,,,,0.9902983695652174,False,True
among_taxon,among_taxon_min2,involucre_apical_taper_ratio,involucre_apical_taper_ratio,1,involucre_architecture,candidate,requires_botanical_calibration,linear_endpoint,chelsa_bio04,thermal,2,78,78,ok,-0.0743927667218228,0.5189,taxon_label_permutation_two_sided_9999,,,,,0.8230090909090909,False,True
among_taxon,among_taxon_min2,involucre_apical_taper_ratio,involucre_apical_taper_ratio,1,involucre_architecture,candidate,requires_botanical_calibration,linear_endpoint,chelsa_bio12,hydric,2,78,78,ok,0.2227171528734629,0.0519,taxon_label_permutation_two_sided_9999,,,,,0.33579,False,True
among_taxon,among_taxon_min2,involucre_apical_taper_ratio,involucre_apical_taper_ratio,1,involucre_architecture,candidate,requires_botanical_calibration,linear_endpoint,chelsa_bio15,hydric,2,78,78,ok,-0.2782982983475239,0.015,taxon_label_permutation_two_sided_9999,,,,,0.1952999999999999,False,True
among_taxon,among_taxon_min2,involucre_apical_taper_ratio,involucre_apical_taper_ratio,1,involucre_architecture,candidate,requires_botanical_calibration,linear_endpoint,chelsa_rsds_mean,radiative_atmospheric,2,78,78,ok,-0.1668386660284067,0.1429,taxon_label_permutation_two_sided_9999,,,,,0.56660625,False,True
among_taxon,among_taxon_min2,involucre_apical_taper_ratio,involucre_apical_taper_ratio,1,involucre_architecture,candidate,requires_botanical_calibration,linear_endpoint,chelsa_vpd_mean,radiative_atmospheric,2,78,78,ok,-0.0590141075622432,0.607,taxon_label_permutation_two_sided_9999,,,,,0.8330744680851064,False,True
among_taxon,among_taxon_min2,involucre_apical_taper_ratio,involucre_apical_taper_ratio,1,involucre_architecture,candidate,requires_botanical_calibration,linear_endpoint,chelsa_sfcwind_mean,mechanical,2,78,78,ok,0.0561614488490969,0.619,taxon_label_permutation_two_sided_9999,,,,,0.8330744680851064,False,True
among_taxon,among_taxon_min2,involucre_apical_taper_ratio,involucre_apical_taper_ratio,1,involucre_architecture,candidate,requires_botanical_calibration,linear_endpoint,chelsa_gsp,growing_season_water_input,2,78,78,ok,0.1165679155644086,0.3099,taxon_label_permutation_two_sided_9999,,,,,0.7589076923076922,False,True
among_taxon,among_taxon_min2,involucre_apical_taper_ratio,involucre_apical_taper_ratio,1,involucre_architecture,candidate,requires_botanical_calibration,linear_endpoint,chelsa_npp,resource_productivity,2,78,78,ok,0.0562373817215811,0.6187,taxon_label_permutation_two_sided_9999,,,,,0.8330744680851064,False,True
among_taxon,among_taxon_min2,involucre_basal_taper_ratio,involucre_basal_taper_ratio,1,involucre_architecture,candidate,requires_botanical_calibration,linear_endpoint,chelsa_bio01,thermal,2,78,78,ok,0.1515306109809965,0.187,taxon_label_permutation_two_sided_9999,,,,,0.6172932203389832,False,True
among_taxon,among_taxon_min2,involucre_basal_taper_ratio,involucre_basal_taper_ratio,1,involucre_architecture,candidate,requires_botanical_calibration,linear_endpoint,chelsa_bio04,thermal,2,78,78,ok,-0.233580373404112,0.038,taxon_label_permutation_two_sided_9999,,,,,0.3122608695652173,False,True
among_taxon,among_taxon_min2,involucre_basal_taper_ratio,involucre_basal_taper_ratio,1,involucre_architecture,candidate,requires_botanical_calibration,linear_endpoint,chelsa_bio12,hydric,2,78,78,ok,0.1291729957280976,0.2611,taxon_label_permutation_two_sided_9999,,,,,0.7218246575342465,False,True
among_taxon,among_taxon_min2,involucre_basal_taper_ratio,involucre_basal_taper_ratio,1,involucre_architecture,candidate,requires_botanical_calibration,linear_endpoint,chelsa_bio15,hydric,2,78,78,ok,0.1117354181861674,0.3271,taxon_label_permutation_two_sided_9999,,,,,0.7771499999999999,False,True
among_taxon,among_taxon_min2,involucre_basal_taper_ratio,involucre_basal_taper_ratio,1,involucre_architecture,candidate,requires_botanical_calibration,linear_endpoint,chelsa_rsds_mean,radiative_atmospheric,2,78,78,ok,0.094160447374153,0.4223,taxon_label_permutation_two_sided_9999,,,,,0.8230090909090909,False,True
among_taxon,among_taxon_min2,involucre_basal_taper_ratio,involucre_basal_taper_ratio,1,involucre_architecture,candidate,requires_botanical_calibration,linear_endpoint,chelsa_vpd_mean,radiative_atmospheric,2,78,78,ok,0.0930617941791997,0.4257,taxon_label_permutation_two_sided_9999,,,,,0.8230090909090909,False,True
among_taxon,among_taxon_min2,involucre_basal_taper_ratio,involucre_basal_taper_ratio,1,involucre_architecture,candidate,requires_botanical_calibration,linear_endpoint,chelsa_sfcwind_mean,mechanical,2,78,78,ok,-0.1814976535878138,0.1092,taxon_label_permutation_two_sided_9999,,,,,0.5476026315789474,False,True
among_taxon,among_taxon_min2,involucre_basal_taper_ratio,involucre_basal_taper_ratio,1,involucre_architecture,candidate,requires_botanical_calibration,linear_endpoint,chelsa_gsp,growing_season_water_input,2,78,78,ok,0.1726899995912259,0.1316,taxon_label_permutation_two_sided_9999,,,,,0.56660625,False,True
among_taxon,among_taxon_min2,involucre_basal_taper_ratio,involucre_basal_taper_ratio,1,involucre_architecture,candidate,requires_botanical_calibration,linear_endpoint,chelsa_npp,resource_productivity,2,78,78,ok,0.1675924622244262,0.1426,taxon_label_permutation_two_sided_9999,,,,,0.56660625,False,True
among_taxon,among_taxon_min2,involucre_length_width_ratio,involucre_length_width_ratio,1,involucre_architecture,candidate,requires_botanical_calibration,linear_endpoint,chelsa_bio01,thermal,2,78,78,ok,0.1368869845754764,0.2358,taxon_label_permutation_two_sided_9999,,,,,0.696346875,False,True
among_taxon,among_taxon_min2,involucre_length_width_ratio,involucre_length_width_ratio,1,involucre_architecture,candidate,requires_botanical_calibration,linear_endpoint,chelsa_bio04,thermal,2,78,78,ok,-0.0617431854146099,0.5949,taxon_label_permutation_two_sided_9999,,,,,0.8330744680851064,False,True
among_taxon,among_taxon_min2,involucre_length_width_ratio,involucre_length_width_ratio,1,involucre_architecture,candidate,requires_botanical_calibration,linear_endpoint,chelsa_bio12,hydric,2,78,78,ok,-0.0308814241704129,0.7871,taxon_label_permutation_two_sided_9999,,,,,0.9061690909090908,False,True
among_taxon,among_taxon_min2,involucre_length_width_ratio,involucre_length_width_ratio,1,involucre_architecture,candidate,requires_botanical_calibration,linear_endpoint,chelsa_bio15,hydric,2,78,78,ok,0.1559936334396582,0.1743,taxon_label_permutation_two_sided_9999,,,,,0.6167,False,True
among_taxon,among_taxon_min2,involucre_length_width_ratio,involucre_length_width_ratio,1,involucre_architecture,candidate,requires_botanical_calibration,linear_endpoint,chelsa_rsds_mean,radiative_atmospheric,2,78,78,ok,0.2882118614031053,0.0104,taxon_label_permutation_two_sided_9999,,,,,0.1952999999999999,False,True
among_taxon,among_taxon_min2,involucre_length_width_ratio,involucre_length_width_ratio,1,involucre_architecture,candidate,requires_botanical_calibration,linear_endpoint,chelsa_vpd_mean,radiative_atmospheric,2,78,78,ok,0.2104878446432317,0.061,taxon_label_permutation_two_sided_9999,,,,,0.3719032258064516,False,True
among_taxon,among_taxon_min2,involucre_length_width_ratio,involucre_length_width_ratio,1,involucre_architecture,candidate,requires_botanical_calibration,linear_endpoint,chelsa_sfcwind_mean,mechanical,2,78,78,ok,-0.0628063341340849,0.5726,taxon_label_permutation_two_sided_9999,,,,,0.8330744680851064,False,True
among_taxon,among_taxon_min2,involucre_length_width_ratio,involucre_length_width_ratio,1,involucre_architecture,candidate,requires_botanical_calibration,linear_endpoint,chelsa_gsp,growing_season_water_input,2,78,78,ok,0.0580602856793365,0.6215,taxon_label_permutation_two_sided_9999,,,,,0.8330744680851064,False,True
among_taxon,among_taxon_min2,involucre_length_width_ratio,involucre_length_width_ratio,1,involucre_architecture,candidate,requires_botanical_calibration,linear_endpoint,chelsa_npp,resource_productivity,2,78,78,ok,0.0250462651483398,0.8203,taxon_label_permutation_two_sided_9999,,,,,0.9172058823529412,False,True
among_taxon,among_taxon_min2,orientation_image_vertical_angle,orientation_image_vertical_angle,1,orientation,primary,frozen_technical,linear_endpoint,chelsa_bio01,thermal,2,199,199,ok,-0.016366866070374,0.8211,taxon_label_permutation_two_sided_9999,,,,,0.9172058823529412,False,True
among_taxon,among_taxon_min2,orientation_image_vertical_angle,orientation_image_vertical_angle,1,orientation,primary,frozen_technical,linear_endpoint,chelsa_bio04,thermal,2,199,199,ok,-0.129614608829699,0.0655,taxon_label_permutation_two_sided_9999,,,,,0.386859375,False,True
among_taxon,among_taxon_min2,orientation_image_vertical_angle,orientation_image_vertical_angle,1,orientation,primary,frozen_technical,linear_endpoint,chelsa_bio12,hydric,2,199,199,ok,0.2684483626341059,0.0001,taxon_label_permutation_two_sided_9999,,,,,0.00945,True,True
among_taxon,among_taxon_min2,orientation_image_vertical_angle,orientation_image_vertical_angle,1,orientation,primary,frozen_technical,linear_endpoint,chelsa_bio15,hydric,2,199,199,ok,0.0275821759975219,0.6968,taxon_label_permutation_two_sided_9999,,,,,0.8607529411764706,False,True
among_taxon,among_taxon_min2,orientation_image_vertical_angle,orientation_image_vertical_angle,1,orientation,primary,frozen_technical,linear_endpoint,chelsa_rsds_mean,radiative_atmospheric,2,199,199,ok,-0.0564652830861846,0.4319,taxon_label_permutation_two_sided_9999,,,,,0.8230090909090909,False,True
among_taxon,among_taxon_min2,orientation_image_vertical_angle,orientation_image_vertical_angle,1,orientation,primary,frozen_technical,linear_endpoint,chelsa_vpd_mean,radiative_atmospheric,2,199,199,ok,-0.1064397322838517,0.1347,taxon_label_permutation_two_sided_9999,,,,,0.56660625,False,True
among_taxon,among_taxon_min2,orientation_image_vertical_angle,orientation_image_vertical_angle,1,orientation,primary,frozen_technical,linear_endpoint,chelsa_sfcwind_mean,mechanical,2,199,199,ok,0.0766315992614002,0.2882,taxon_label_permutation_two_sided_9999,,,,,0.7360783783783784,False,True
among_taxon,among_taxon_min2,orientation_image_vertical_angle,orientation_image_vertical_angle,1,orientation,primary,frozen_technical,linear_endpoint,chelsa_gsp,growing_season_water_input,2,199,199,ok,0.2548754317116131,0.0006,taxon_label_permutation_two_sided_9999,,,,,0.0188999999999999,True,True
among_taxon,among_taxon_min2,orientation_image_vertical_angle,orientation_image_vertical_angle,1,orientation,primary,frozen_technical,linear_endpoint,chelsa_npp,resource_productivity,2,199,199,ok,0.144187030989703,0.0432,taxon_label_permutation_two_sided_9999,,,,,0.326592,False,True
among_taxon,among_taxon_min2,capitulum_outline_aspect_ratio,capitulum_outline_aspect_ratio,1,shape,primary,frozen_technical,linear_endpoint,chelsa_bio01,thermal,2,200,200,ok,0.0860218742195555,0.2293,taxon_label_permutation_two_sided_9999,,,,,0.6894,False,True
among_taxon,among_taxon_min2,capitulum_outline_aspect_ratio,capitulum_outline_aspect_ratio,1,shape,primary,frozen_technical,linear_endpoint,chelsa_bio04,thermal,2,200,200,ok,-0.0526803806739361,0.4627,taxon_label_permutation_two_sided_9999,,,,,0.8230090909090909,False,True
among_taxon,among_taxon_min2,capitulum_outline_aspect_ratio,capitulum_outline_aspect_ratio,1,shape,primary,frozen_technical,linear_endpoint,chelsa_bio12,hydric,2,200,200,ok,-0.1843205215730724,0.0111,taxon_label_permutation_two_sided_9999,,,,,0.1952999999999999,False,True
among_taxon,among_taxon_min2,capitulum_outline_aspect_ratio,capitulum_outline_aspect_ratio,1,shape,primary,frozen_technical,linear_endpoint,chelsa_bio15,hydric,2,200,200,ok,0.0448433217459217,0.5263,taxon_label_permutation_two_sided_9999,,,,,0.8230090909090909,False,True
among_taxon,among_taxon_min2,capitulum_outline_aspect_ratio,capitulum_outline_aspect_ratio,1,shape,primary,frozen_technical,linear_endpoint,chelsa_rsds_mean,radiative_atmospheric,2,200,200,ok,0.0464847811121691,0.515,taxon_label_permutation_two_sided_9999,,,,,0.8230090909090909,False,True
among_taxon,among_taxon_min2,capitulum_outline_aspect_ratio,capitulum_outline_aspect_ratio,1,shape,primary,frozen_technical,linear_endpoint,chelsa_vpd_mean,radiative_atmospheric,2,200,200,ok,0.1226708805846844,0.0817,taxon_label_permutation_two_sided_9999,,,,,0.4679181818181818,False,True
among_taxon,among_taxon_min2,capitulum_outline_aspect_ratio,capitulum_outline_aspect_ratio,1,shape,primary,frozen_technical,linear_endpoint,chelsa_sfcwind_mean,mechanical,2,200,200,ok,-0.0521706129634859,0.4493,taxon_label_permutation_two_sided_9999,,,,,0.8230090909090909,False,True
among_taxon,among_taxon_min2,capitulum_outline_aspect_ratio,capitulum_outline_aspect_ratio,1,shape,primary,frozen_technical,linear_endpoint,chelsa_gsp,growing_season_water_input,2,200,200,ok,-0.1056561310703456,0.1335,taxon_label_permutation_two_sided_9999,,,,,0.56660625,False,True
among_taxon,among_taxon_min2,capitulum_outline_aspect_ratio,capitulum_outline_aspect_ratio,1,shape,primary,frozen_technical,linear_endpoint,chelsa_npp,resource_productivity,2,200,200,ok,0.0514652152222748,0.4662,taxon_label_permutation_two_sided_9999,,,,,0.8230090909090909,False,True
among_taxon,among_taxon_min2,capitulum_outline_circularity,capitulum_outline_circularity,1,shape,primary,frozen_technical,linear_endpoint,chelsa_bio01,thermal,2,200,200,ok,-0.0489614863681831,0.4924,taxon_label_permutation_two_sided_9999,,,,,0.8230090909090909,False,True
among_taxon,among_taxon_min2,capitulum_outline_circularity,capitulum_outline_circularity,1,shape,primary,frozen_technical,linear_endpoint,chelsa_bio04,thermal,2,200,200,ok,-0.0340648699193322,0.6306,taxon_label_permutation_two_sided_9999,,,,,0.8334503496503497,False,True
among_taxon,among_taxon_min2,capitulum_outline_circularity,capitulum_outline_circularity,1,shape,primary,frozen_technical,linear_endpoint,chelsa_bio12,hydric,2,200,200,ok,0.0281454416295681,0.692,taxon_label_permutation_two_sided_9999,,,,,0.8607529411764706,False,True
among_taxon,among_taxon_min2,capitulum_outline_circularity,capitulum_outline_circularity,1,shape,primary,frozen_technical,linear_endpoint,chelsa_bio15,hydric,2,200,200,ok,0.0561970516080388,0.4281,taxon_label_permutation_two_sided_9999,,,,,0.8230090909090909,False,True
among_taxon,among_taxon_min2,capitulum_outline_circularity,capitulum_outline_circularity,1,shape,primary,frozen_technical,linear_endpoint,chelsa_rsds_mean,radiative_atmospheric,2,200,200,ok,-0.0209560499794322,0.7644,taxon_label_permutation_two_sided_9999,,,,,0.9029475,False,True
among_taxon,among_taxon_min2,capitulum_outline_circularity,capitulum_outline_circularity,1,shape,primary,frozen_technical,linear_endpoint,chelsa_vpd_mean,radiative_atmospheric,2,200,200,ok,-0.0733464710350802,0.2978,taxon_label_permutation_two_sided_9999,,,,,0.750456,False,True
among_taxon,among_taxon_min2,capitulum_outline_circularity,capitulum_outline_circularity,1,shape,primary,frozen_technical,linear_endpoint,chelsa_sfcwind_mean,mechanical,2,200,200,ok,0.1158776881983997,0.1046,taxon_label_permutation_two_sided_9999,,,,,0.5476026315789474,False,True
among_taxon,among_taxon_min2,capitulum_outline_circularity,capitulum_outline_circularity,1,shape,primary,frozen_technical,linear_endpoint,chelsa_gsp,growing_season_water_input,2,200,200,ok,0.0543215108749358,0.4482,taxon_label_permutation_two_sided_9999,,,,,0.8230090909090909,False,True
among_taxon,among_taxon_min2,capitulum_outline_circularity,capitulum_outline_circularity,1,shape,primary,frozen_technical,linear_endpoint,chelsa_npp,resource_productivity,2,200,200,ok,0.0419503527366158,0.5581,taxon_label_permutation_two_sided_9999,,,,,0.8330744680851064,False,True
among_taxon,among_taxon_min2,capitulum_outline_solidity,capitulum_outline_solidity,1,shape,primary,frozen_technical,linear_endpoint,chelsa_bio01,thermal,2,200,200,ok,-0.0711289295965063,0.3124,taxon_label_permutation_two_sided_9999,,,,,0.7589076923076922,False,True
among_taxon,among_taxon_min2,capitulum_outline_solidity,capitulum_outline_solidity,1,shape,primary,frozen_technical,linear_endpoint,chelsa_bio04,thermal,2,200,200,ok,-0.0491840839268095,0.485,taxon_label_permutation_two_sided_9999,,,,,0.8230090909090909,False,True
among_taxon,among_taxon_min2,capitulum_outline_solidity,capitulum_outline_solidity,1,shape,primary,frozen_technical,linear_endpoint,chelsa_bio12,hydric,2,200,200,ok,-0.0138566111779903,0.8442,taxon_label_permutation_two_sided_9999,,,,,0.9330631578947368,False,True
among_taxon,among_taxon_min2,capitulum_outline_solidity,capitulum_outline_solidity,1,shape,primary,frozen_technical,linear_endpoint,chelsa_bio15,hydric,2,200,200,ok,0.1083083972931963,0.1275,taxon_label_permutation_two_sided_9999,,,,,0.56660625,False,True
among_taxon,among_taxon_min2,capitulum_outline_solidity,capitulum_outline_solidity,1,shape,primary,frozen_technical,linear_endpoint,chelsa_rsds_mean,radiative_atmospheric,2,200,200,ok,0.0931751465605899,0.183,taxon_label_permutation_two_sided_9999,,,,,0.6172932203389832,False,True
among_taxon,among_taxon_min2,capitulum_outline_solidity,capitulum_outline_solidity,1,shape,primary,frozen_technical,linear_endpoint,chelsa_vpd_mean,radiative_atmospheric,2,200,200,ok,-0.0578099496162674,0.4116,taxon_label_permutation_two_sided_9999,,,,,0.8230090909090909,False,True
among_taxon,among_taxon_min2,capitulum_outline_solidity,capitulum_outline_solidity,1,shape,primary,frozen_technical,linear_endpoint,chelsa_sfcwind_mean,mechanical,2,200,200,ok,0.1569322930991772,0.0259,taxon_label_permutation_two_sided_9999,,,,,0.2310954545454545,False,True
among_taxon,among_taxon_min2,capitulum_outline_solidity,capitulum_outline_solidity,1,shape,primary,frozen_technical,linear_endpoint,chelsa_gsp,growing_season_water_input,2,200,200,ok,0.0098751904804764,0.8843,taxon_label_permutation_two_sided_9999,,,,,0.955044,False,True
among_taxon,among_taxon_min2,capitulum_outline_solidity,capitulum_outline_solidity,1,shape,primary,frozen_technical,linear_endpoint,chelsa_npp,resource_productivity,2,200,200,ok,-0.0021879700578906,0.9761,taxon_label_permutation_two_sided_9999,,,,,0.9916468085106384,False,True
among_taxon,among_taxon_min2,capitulum_width_profile_cv,capitulum_width_profile_cv,1,shape,primary,frozen_technical,linear_endpoint,chelsa_bio01,thermal,2,200,200,ok,0.1712661777477371,0.0162,taxon_label_permutation_two_sided_9999,,,,,0.1952999999999999,False,True
among_taxon,among_taxon_min2,capitulum_width_profile_cv,capitulum_width_profile_cv,1,shape,primary,frozen_technical,linear_endpoint,chelsa_bio04,thermal,2,200,200,ok,-0.0187955368475821,0.7911,taxon_label_permutation_two_sided_9999,,,,,0.9061690909090908,False,True
among_taxon,among_taxon_min2,capitulum_width_profile_cv,capitulum_width_profile_cv,1,shape,primary,frozen_technical,linear_endpoint,chelsa_bio12,hydric,2,200,200,ok,0.0576343760735004,0.4246,taxon_label_permutation_two_sided_9999,,,,,0.8230090909090909,False,True
among_taxon,among_taxon_min2,capitulum_width_profile_cv,capitulum_width_profile_cv,1,shape,primary,frozen_technical,linear_endpoint,chelsa_bio15,hydric,2,200,200,ok,-0.0906998766025348,0.2033,taxon_label_permutation_two_sided_9999,,,,,0.6317557377049181,False,True
among_taxon,among_taxon_min2,capitulum_width_profile_cv,capitulum_width_profile_cv,1,shape,primary,frozen_technical,linear_endpoint,chelsa_rsds_mean,radiative_atmospheric,2,200,200,ok,-0.1434837074389736,0.0427,taxon_label_permutation_two_sided_9999,,,,,0.326592,False,True
among_taxon,among_taxon_min2,capitulum_width_profile_cv,capitulum_width_profile_cv,1,shape,primary,frozen_technical,linear_endpoint,chelsa_vpd_mean,radiative_atmospheric,2,200,200,ok,0.1119373890702733,0.1141,taxon_label_permutation_two_sided_9999,,,,,0.5529461538461538,False,True
among_taxon,among_taxon_min2,capitulum_width_profile_cv,capitulum_width_profile_cv,1,shape,primary,frozen_technical,linear_endpoint,chelsa_sfcwind_mean,mechanical,2,200,200,ok,0.0081431310833406,0.9065,taxon_label_permutation_two_sided_9999,,,,,0.9734573863636364,False,True
among_taxon,among_taxon_min2,capitulum_width_profile_cv,capitulum_width_profile_cv,1,shape,primary,frozen_technical,linear_endpoint,chelsa_gsp,growing_season_water_input,2,200,200,ok,0.0379135502490717,0.5764,taxon_label_permutation_two_sided_9999,,,,,0.8330744680851064,False,True
among_taxon,among_taxon_min2,capitulum_width_profile_cv,capitulum_width_profile_cv,1,shape,primary,frozen_technical,linear_endpoint,chelsa_npp,resource_productivity,2,200,200,ok,0.1646300170716096,0.0212,taxon_label_permutation_two_sided_9999,,,,,0.20034,False,True
