group,taxon_a,taxon_b,between_w2,within_reference_p95,exceeds_reference,centred_between_w2,centred_within_reference_p95,centred_exceeds_reference
orientation,Cirsium acaulon,Cirsium altissimum,0.2532486021301959,0.5618003068502412,False,0.1763095659669869,0.3562613549710584,False
orientation,Cirsium acaulon,Cirsium arizonicum,0.3707838890630712,0.5618003068502412,False,0.2273490444585228,0.36786075488745756,False
orientation,Cirsium acaulon,Cirsium arvense,0.255049381444324,0.5618003068502412,False,0.2094470393718121,0.3483034512606258,False
orientation,Cirsium acaulon,Cirsium brevistylum,0.2884968302520191,0.5618003068502412,False,0.2317484638767045,0.3483034512606258,False
orientation,Cirsium acaulon,Cirsium canum,0.4768119054540728,0.5618003068502412,False,0.2259335544214472,0.3483034512606258,False
orientation,Cirsium acaulon,Cirsium carolinianum,0.3002452530182145,0.5618003068502412,False,0.2163263033261854,0.3483034512606258,False
orientation,Cirsium acaulon,Cirsium discolor,0.2960594749014599,0.5618003068502412,False,0.2046520247279801,0.3483034512606258,False
orientation,Cirsium acaulon,Cirsium edule,0.2223565717751602,0.5618003068502412,False,0.1855235348503987,0.3483034512606258,False
orientation,Cirsium acaulon,Cirsium erisithales,0.8530099596115892,0.5618003068502412,True,0.2691463582356436,0.3483034512606258,False
orientation,Cirsium acaulon,Cirsium esculentum,0.2614202754780776,0.5618003068502412,False,0.2131569300136379,0.3483034512606258,False
orientation,Cirsium acaulon,Cirsium flodmanii,0.5970752456932642,0.5618003068502412,True,0.2292795592128417,0.3483034512606258,False
orientation,Cirsium acaulon,Cirsium helenioides,0.3916479317422902,0.5618003068502412,False,0.2330275832349799,0.36902187497600153,False
orientation,Cirsium acaulon,Cirsium heterophyllum,0.5263554890256081,0.5618003068502412,False,0.2273518874733788,0.3623552726437313,False
orientation,Cirsium acaulon,Cirsium hookerianum,0.2604485145372673,0.5618003068502412,False,0.2308363704037125,0.3483034512606258,False
orientation,Cirsium acaulon,Cirsium horridulum,0.3171629053223286,0.5618003068502412,False,0.2152812613451292,0.3483034512606258,False
orientation,Cirsium acaulon,Cirsium japonicum,0.243885415322039,0.5618003068502412,False,0.1906391100982662,0.3483034512606258,False
orientation,Cirsium acaulon,Cirsium mexicanum,0.2522216141275906,0.5618003068502412,False,0.1906704538966386,0.3483034512606258,False
orientation,Cirsium acaulon,Cirsium muticum,0.3932546540300847,0.5618003068502412,False,0.2063051169431469,0.3483034512606258,False
orientation,Cirsium acaulon,Cirsium neomexicanum,0.3106865715363299,0.5618003068502412,False,0.2677136471663522,0.3483034512606258,False
orientation,Cirsium acaulon,Cirsium nuttallii,0.3004292525337924,0.5618003068502412,False,0.1957679863720404,0.3483034512606258,False
orientation,Cirsium acaulon,Cirsium occidentale,0.4375518899627844,0.5618003068502412,False,0.2043302250798969,0.36000585671055757,False
orientation,Cirsium acaulon,Cirsium ochrocentrum,0.3397120261194912,0.5618003068502412,False,0.1938220572699039,0.3483034512606258,False
orientation,Cirsium acaulon,Cirsium oleraceum,0.2618130983910441,0.5618003068502412,False,0.202265359853359,0.3483034512606258,False
orientation,Cirsium acaulon,Cirsium palustre,0.3319376873523547,0.5618003068502412,False,0.2038679914056123,0.3483034512606258,False
orientation,Cirsium acaulon,Cirsium pumilum,0.4713237230281848,0.5618003068502412,False,0.2621117209325225,0.3483034512606258,False
orientation,Cirsium acaulon,Cirsium rivulare,0.5654007030178232,0.5618003068502412,True,0.2504984288424937,0.3483034512606258,False
orientation,Cirsium acaulon,Cirsium scariosum,0.2833000522594637,0.5618003068502412,False,0.2258679868857527,0.349003204916645,False
orientation,Cirsium acaulon,Cirsium serrulatum,0.4567547975142348,0.5618003068502412,False,0.2116159224538983,0.3483034512606258,False
orientation,Cirsium acaulon,Cirsium spinosissimum,0.2978488434799866,0.5618003068502412,False,0.2276929727232562,0.35438911675369383,False
orientation,Cirsium acaulon,Cirsium texanum,0.257678837801126,0.5618003068502412,False,0.2150416440459504,0.3647028429115879,False
orientation,Cirsium acaulon,Cirsium undulatum,0.3768250601652447,0.5618003068502412,False,0.2172417683804525,0.3628796499913803,False
orientation,Cirsium acaulon,Cirsium vulgare,0.314491771756917,0.5618003068502412,False,0.1834460704008774,0.3483034512606258,False
orientation,Cirsium altissimum,Cirsium arizonicum,0.3895668031221987,0.4837436729060158,False,0.2333297485173594,0.36786075488745756,False
orientation,Cirsium altissimum,Cirsium arvense,0.2629722684853889,0.4334066857390237,False,0.2217340155277415,0.3562613549710584,False
orientation,Cirsium altissimum,Cirsium brevistylum,0.2685743976662788,0.5017052793399563,False,0.2167309481818977,0.3562613549710584,False
orientation,Cirsium altissimum,Cirsium canum,0.477494473749435,0.4964749332966795,False,0.2282126689477369,0.3562613549710584,False
orientation,Cirsium altissimum,Cirsium carolinianum,0.3192016915844191,0.46185624551679094,False,0.2285216964341943,0.3562613549710584,False
orientation,Cirsium altissimum,Cirsium discolor,0.2664579418848912,0.4334066857390237,False,0.2022422508617287,0.3562613549710584,False
orientation,Cirsium altissimum,Cirsium edule,0.2250458368004734,0.4730021452678647,False,0.172907428593343,0.3562613549710584,False
orientation,Cirsium altissimum,Cirsium erisithales,0.8256405088280114,0.4882008051685364,True,0.2711695965585052,0.3562613549710584,False
orientation,Cirsium altissimum,Cirsium esculentum,0.2512120355088378,0.48472529418170046,False,0.199775392291793,0.3562613549710584,False
orientation,Cirsium altissimum,Cirsium flodmanii,0.6274113218436294,0.523729396531744,True,0.2558876217936615,0.3562613549710584,False
orientation,Cirsium altissimum,Cirsium helenioides,0.4118252002921913,0.4881828114679123,False,0.2463981444133123,0.36902187497600153,False
orientation,Cirsium altissimum,Cirsium heterophyllum,0.550332327921481,0.47092035460083753,True,0.2459639081556235,0.3623552726437313,False
orientation,Cirsium altissimum,Cirsium hookerianum,0.24948901240361,0.4334066857390237,False,0.1981695795177906,0.3562613549710584,False
orientation,Cirsium altissimum,Cirsium horridulum,0.2552046567982631,0.45704607833297967,False,0.1805244345012241,0.3562613549710584,False
orientation,Cirsium altissimum,Cirsium japonicum,0.253519714641188,0.4334066857390237,False,0.1850976904884973,0.3562613549710584,False
orientation,Cirsium altissimum,Cirsium mexicanum,0.2904486228059759,0.437290425146155,False,0.1949615608055782,0.3562613549710584,False
orientation,Cirsium altissimum,Cirsium muticum,0.4048501491692966,0.5560466402870015,False,0.2090466353291462,0.3562613549710584,False
orientation,Cirsium altissimum,Cirsium neomexicanum,0.2929541376306643,0.4334066857390237,False,0.2420694887855078,0.3562613549710584,False
orientation,Cirsium altissimum,Cirsium nuttallii,0.2978788204516203,0.47049460306245433,False,0.1913811008216506,0.3562613549710584,False
orientation,Cirsium altissimum,Cirsium occidentale,0.4095893126973894,0.4334066857390237,False,0.2235425832918525,0.36000585671055757,False
orientation,Cirsium altissimum,Cirsium ochrocentrum,0.3704340664915755,0.4334066857390237,False,0.2065902529635612,0.3562613549710584,False
orientation,Cirsium altissimum,Cirsium oleraceum,0.2080973609944548,0.4382678719738859,False,0.1854923486082369,0.3562613549710584,False
orientation,Cirsium altissimum,Cirsium palustre,0.3150577361325763,0.4430011135077764,False,0.2082935997462837,0.3562613549710584,False
orientation,Cirsium altissimum,Cirsium pumilum,0.4552698839490718,0.4334066857390237,True,0.2580832814039975,0.3562613549710584,False
orientation,Cirsium altissimum,Cirsium rivulare,0.5755390280860727,0.4334066857390237,True,0.262024053989733,0.3562613549710584,False
orientation,Cirsium altissimum,Cirsium scariosum,0.2739654769338197,0.4796073404808017,False,0.2068565480835963,0.3562613549710584,False
orientation,Cirsium altissimum,Cirsium serrulatum,0.4440881521678905,0.4386184736297499,True,0.2018706202251475,0.3562613549710584,False
orientation,Cirsium altissimum,Cirsium spinosissimum,0.2746536377392369,0.46538390580280886,False,0.1985899602756516,0.3562613549710584,False
orientation,Cirsium altissimum,Cirsium texanum,0.2519537348543932,0.4334066857390237,False,0.189367184631547,0.3647028429115879,False
orientation,Cirsium altissimum,Cirsium undulatum,0.423705345493448,0.47784811703587055,False,0.2324324369374231,0.3628796499913803,False
orientation,Cirsium altissimum,Cirsium vulgare,0.2935616102075467,0.44285886239412253,False,0.2159773061630376,0.3562613549710584,False
orientation,Cirsium arizonicum,Cirsium arvense,0.3764057935018384,0.4837436729060158,False,0.2323351950069416,0.36786075488745756,False
orientation,Cirsium arizonicum,Cirsium brevistylum,0.4436417612899606,0.5017052793399563,False,0.2698898086944707,0.36786075488745756,False
orientation,Cirsium arizonicum,Cirsium canum,0.3574722858872441,0.4964749332966795,False,0.2751316301425316,0.36786075488745756,False
orientation,Cirsium arizonicum,Cirsium carolinianum,0.3064888505156887,0.4837436729060158,False,0.2882348240084493,0.36786075488745756,False
orientation,Cirsium arizonicum,Cirsium discolor,0.3245822341038147,0.4837436729060158,False,0.2390477156940017,0.36786075488745756,False
orientation,Cirsium arizonicum,Cirsium edule,0.441037564475685,0.4837436729060158,False,0.2418160149947613,0.36786075488745756,False
orientation,Cirsium arizonicum,Cirsium erisithales,1.024830853523096,0.4882008051685364,True,0.3522378808818932,0.36786075488745756,False
orientation,Cirsium arizonicum,Cirsium esculentum,0.3099669319982119,0.48472529418170046,False,0.2506344526300531,0.36786075488745756,False
orientation,Cirsium arizonicum,Cirsium flodmanii,0.3990517075111629,0.523729396531744,False,0.2476238649186943,0.36786075488745756,False
orientation,Cirsium arizonicum,Cirsium helenioides,0.2876596240418775,0.4881828114679123,False,0.2454950605264848,0.36902187497600153,False
orientation,Cirsium arizonicum,Cirsium heterophyllum,0.3400629658285596,0.4837436729060158,False,0.2227979370020531,0.36786075488745756,False
orientation,Cirsium arizonicum,Cirsium hookerianum,0.4403126321083884,0.4837436729060158,False,0.2793553128641716,0.36786075488745756,False
orientation,Cirsium arizonicum,Cirsium horridulum,0.2740537146381201,0.4837436729060158,False,0.2126552852941887,0.36786075488745756,False
orientation,Cirsium arizonicum,Cirsium japonicum,0.3800849974039373,0.4837436729060158,False,0.2563869817903095,0.36786075488745756,False
orientation,Cirsium arizonicum,Cirsium mexicanum,0.2459112270232376,0.4837436729060158,False,0.2104679256270595,0.36786075488745756,False
orientation,Cirsium arizonicum,Cirsium muticum,0.2600430136445644,0.5560466402870015,False,0.246657202279654,0.36786075488745756,False
orientation,Cirsium arizonicum,Cirsium neomexicanum,0.423474596556631,0.4837436729060158,False,0.3136081462787046,0.36786075488745756,False
orientation,Cirsium arizonicum,Cirsium nuttallii,0.2710961487189788,0.4837436729060158,False,0.2292197346598268,0.36786075488745756,False
orientation,Cirsium arizonicum,Cirsium occidentale,0.2735548321822689,0.4837436729060158,False,0.2191192235289114,0.36786075488745756,False
orientation,Cirsium arizonicum,Cirsium ochrocentrum,0.268421991873037,0.4837436729060158,False,0.2257177476755016,0.36786075488745756,False
orientation,Cirsium arizonicum,Cirsium oleraceum,0.3897232968354329,0.4837436729060158,False,0.2234574067419882,0.36786075488745756,False
orientation,Cirsium arizonicum,Cirsium palustre,0.2867027659058817,0.4837436729060158,False,0.2247667676158677,0.36786075488745756,False
orientation,Cirsium arizonicum,Cirsium pumilum,0.3943888018683019,0.4837436729060158,False,0.3409536928740356,0.36786075488745756,False
orientation,Cirsium arizonicum,Cirsium rivulare,0.4344347411027402,0.4837436729060158,False,0.3054736768498287,0.36786075488745756,False
orientation,Cirsium arizonicum,Cirsium scariosum,0.2848432662529117,0.4837436729060158,False,0.2312640680797501,0.36786075488745756,False
orientation,Cirsium arizonicum,Cirsium serrulatum,0.3206518067882317,0.4837436729060158,False,0.2639701797793905,0.36786075488745756,False
orientation,Cirsium arizonicum,Cirsium spinosissimum,0.5141645300250861,0.4837436729060158,True,0.2578218398140312,0.36786075488745756,False
orientation,Cirsium arizonicum,Cirsium texanum,0.3455974560623643,0.4837436729060158,False,0.2766048240792912,0.36786075488745756,False
orientation,Cirsium arizonicum,Cirsium undulatum,0.2883044399925792,0.4837436729060158,False,0.2213150139026303,0.36786075488745756,False
orientation,Cirsium arizonicum,Cirsium vulgare,0.2667924939788231,0.4837436729060158,False,0.2203799212936271,0.36786075488745756,False
orientation,Cirsium arvense,Cirsium brevistylum,0.2625745053231364,0.5017052793399563,False,0.2072070890923817,0.3180383472574929,False
orientation,Cirsium arvense,Cirsium canum,0.4772718983631361,0.4964749332966795,False,0.2439370388606961,0.3388918509368512,False
orientation,Cirsium arvense,Cirsium carolinianum,0.303011937352083,0.46185624551679094,False,0.256249054495424,0.32872297291134844,False
orientation,Cirsium arvense,Cirsium discolor,0.3016091351094789,0.4291523599459036,False,0.2379041324190359,0.3244976133449396,False
orientation,Cirsium arvense,Cirsium edule,0.2597721844630855,0.4730021452678647,False,0.2047213757368146,0.3180383472574929,False
orientation,Cirsium arvense,Cirsium erisithales,0.817413080388474,0.4882008051685364,True,0.2589758548603674,0.3180383472574929,False
orientation,Cirsium arvense,Cirsium esculentum,0.2713620009253227,0.48472529418170046,False,0.209724509711026,0.3180383472574929,False
orientation,Cirsium arvense,Cirsium flodmanii,0.6202241027680535,0.523729396531744,True,0.2698058905102662,0.32843433363327246,False
orientation,Cirsium arvense,Cirsium helenioides,0.4085748899525254,0.4881828114679123,False,0.256712446099767,0.36902187497600153,False
orientation,Cirsium arvense,Cirsium heterophyllum,0.5305468140945098,0.47092035460083753,True,0.2728722238406259,0.3623552726437313,False
orientation,Cirsium arvense,Cirsium hookerianum,0.2612505405933158,0.433244147326902,False,0.2228171870266806,0.3180383472574929,False
orientation,Cirsium arvense,Cirsium horridulum,0.2852268920905106,0.45704607833297967,False,0.222110373793317,0.3180383472574929,False
orientation,Cirsium arvense,Cirsium japonicum,0.2506898631294543,0.4291523599459036,False,0.1938200322919627,0.3465474400685055,False
orientation,Cirsium arvense,Cirsium mexicanum,0.2682160466780013,0.437290425146155,False,0.2148583011495423,0.3180383472574929,False
orientation,Cirsium arvense,Cirsium muticum,0.4234561851698131,0.5560466402870015,False,0.2245131825868906,0.3300494557612836,False
orientation,Cirsium arvense,Cirsium neomexicanum,0.3150840964208529,0.4291523599459036,False,0.2629268676770628,0.3180383472574929,False
orientation,Cirsium arvense,Cirsium nuttallii,0.2910577092796335,0.47049460306245433,False,0.1950993808623515,0.34649748195669666,False
orientation,Cirsium arvense,Cirsium occidentale,0.4539507341898581,0.43048104177593266,True,0.2248696328186124,0.36000585671055757,False
orientation,Cirsium arvense,Cirsium ochrocentrum,0.3359975415273319,0.4291523599459036,False,0.2094446975184405,0.3180383472574929,False
orientation,Cirsium arvense,Cirsium oleraceum,0.2588435481045664,0.4382678719738859,False,0.2270397815044399,0.3180383472574929,False
orientation,Cirsium arvense,Cirsium palustre,0.3265487824637737,0.4430011135077764,False,0.1992287589780566,0.3209776535349101,False
orientation,Cirsium arvense,Cirsium pumilum,0.4654569161228753,0.4291523599459036,True,0.2651770056118718,0.3180383472574929,False
orientation,Cirsium arvense,Cirsium rivulare,0.5815263744080188,0.4291523599459036,True,0.279596753408431,0.3395300242276291,False
orientation,Cirsium arvense,Cirsium scariosum,0.2913148645068608,0.4796073404808017,False,0.2164060659029976,0.349003204916645,False
orientation,Cirsium arvense,Cirsium serrulatum,0.4511726062227373,0.4386184736297499,True,0.2397460402640485,0.3180383472574929,False
orientation,Cirsium arvense,Cirsium spinosissimum,0.2742020771382136,0.46538390580280886,False,0.2210444755357529,0.35438911675369383,False
orientation,Cirsium arvense,Cirsium texanum,0.2653742603586961,0.4291523599459036,False,0.1948015061070606,0.3647028429115879,False
orientation,Cirsium arvense,Cirsium undulatum,0.4337940372904677,0.47784811703587055,False,0.2180667525225749,0.3628796499913803,False
orientation,Cirsium arvense,Cirsium vulgare,0.2921825122213078,0.44285886239412253,False,0.2306692808400097,0.3265254240934929,False
orientation,Cirsium brevistylum,Cirsium canum,0.5873069219689615,0.5017052793399563,True,0.2974436831390062,0.3388918509368512,False
orientation,Cirsium brevistylum,Cirsium carolinianum,0.4339408523486164,0.5017052793399563,False,0.314455321393192,0.32872297291134844,False
orientation,Cirsium brevistylum,Cirsium discolor,0.3755485511434116,0.5017052793399563,False,0.2790145371212535,0.3244976133449396,False
orientation,Cirsium brevistylum,Cirsium edule,0.230679107229948,0.5017052793399563,False,0.2127044846586375,0.3069663072051496,False
orientation,Cirsium brevistylum,Cirsium erisithales,0.6991058577418306,0.5017052793399563,True,0.2443151129171865,0.31366221538790967,False
orientation,Cirsium brevistylum,Cirsium esculentum,0.3197399846299965,0.5017052793399563,False,0.2585016539755959,0.3069663072051496,False
orientation,Cirsium brevistylum,Cirsium flodmanii,0.7333257152511026,0.523729396531744,True,0.3021379411076701,0.32843433363327246,False
orientation,Cirsium brevistylum,Cirsium helenioides,0.5324014354293074,0.5017052793399563,True,0.2891445991672743,0.36902187497600153,False
orientation,Cirsium brevistylum,Cirsium heterophyllum,0.6810993047375902,0.5017052793399563,True,0.3262398182695603,0.3623552726437313,False
orientation,Cirsium brevistylum,Cirsium hookerianum,0.2901920399891992,0.5017052793399563,False,0.240248539861315,0.3069663072051496,False
orientation,Cirsium brevistylum,Cirsium horridulum,0.3806242431676793,0.5017052793399563,False,0.2441867358101104,0.3069663072051496,False
orientation,Cirsium brevistylum,Cirsium japonicum,0.3181489390433444,0.5017052793399563,False,0.2777835430768645,0.3465474400685055,False
orientation,Cirsium brevistylum,Cirsium mexicanum,0.3267262060930215,0.5017052793399563,False,0.2145534641920804,0.3069663072051496,False
orientation,Cirsium brevistylum,Cirsium muticum,0.5407732848175453,0.5560466402870015,False,0.2756083275046529,0.3300494557612836,False
orientation,Cirsium brevistylum,Cirsium neomexicanum,0.3980051960304753,0.5017052793399563,False,0.365572874017368,0.3069663072051496,True
orientation,Cirsium brevistylum,Cirsium nuttallii,0.4341036390820246,0.5017052793399563,False,0.2621009732545314,0.34649748195669666,False
orientation,Cirsium brevistylum,Cirsium occidentale,0.5565322093967715,0.5017052793399563,True,0.2948033991278121,0.36000585671055757,False
orientation,Cirsium brevistylum,Cirsium ochrocentrum,0.4658305073737229,0.5017052793399563,False,0.2489852823716593,0.3069663072051496,False
orientation,Cirsium brevistylum,Cirsium oleraceum,0.2829636158710554,0.5017052793399563,False,0.2328352002791173,0.31536956148701145,False
orientation,Cirsium brevistylum,Cirsium palustre,0.4278776809195865,0.5017052793399563,False,0.2683053493287391,0.3209776535349101,False
orientation,Cirsium brevistylum,Cirsium pumilum,0.5894689181446193,0.5017052793399563,True,0.3376301436731166,0.3069663072051496,True
orientation,Cirsium brevistylum,Cirsium rivulare,0.7010344891663125,0.5017052793399563,True,0.3487321686144053,0.3395300242276291,True
orientation,Cirsium brevistylum,Cirsium scariosum,0.3218861847898394,0.5017052793399563,False,0.1986963096470542,0.349003204916645,False
orientation,Cirsium brevistylum,Cirsium serrulatum,0.592111695527131,0.5017052793399563,True,0.3212702281784992,0.3069663072051496,True
orientation,Cirsium brevistylum,Cirsium spinosissimum,0.2402735800330405,0.5017052793399563,False,0.2155410907289355,0.35438911675369383,False
orientation,Cirsium brevistylum,Cirsium texanum,0.3769108746497797,0.5017052793399563,False,0.2658899776004304,0.3647028429115879,False
orientation,Cirsium brevistylum,Cirsium undulatum,0.5517014592182905,0.5017052793399563,True,0.2899171391162203,0.3628796499913803,False
orientation,Cirsium brevistylum,Cirsium vulgare,0.3857422086292001,0.5017052793399563,False,0.2649861505960118,0.3265254240934929,False
orientation,Cirsium canum,Cirsium carolinianum,0.3313592253274254,0.4964749332966795,False,0.2128703025468182,0.3388918509368512,False
orientation,Cirsium canum,Cirsium discolor,0.3553817906260768,0.4964749332966795,False,0.2074115608012713,0.3388918509368512,False
orientation,Cirsium canum,Cirsium edule,0.5635975477914283,0.4964749332966795,True,0.2084372618677121,0.3388918509368512,False
orientation,Cirsium canum,Cirsium erisithales,1.236132173420501,0.4964749332966795,True,0.3193243403341667,0.3388918509368512,False
orientation,Cirsium canum,Cirsium esculentum,0.4090172687475787,0.4964749332966795,False,0.2248051424525809,0.3388918509368512,False
orientation,Cirsium canum,Cirsium flodmanii,0.3104051949498372,0.523729396531744,False,0.2605630093560014,0.3388918509368512,False
orientation,Cirsium canum,Cirsium helenioides,0.2795303293810862,0.4964749332966795,False,0.2582724441871302,0.36902187497600153,False
orientation,Cirsium canum,Cirsium heterophyllum,0.2816124379696421,0.4964749332966795,False,0.2417759735941891,0.3623552726437313,False
orientation,Cirsium canum,Cirsium hookerianum,0.5174940259988792,0.4964749332966795,True,0.2309683299984806,0.3388918509368512,False
orientation,Cirsium canum,Cirsium horridulum,0.3328639177308313,0.4964749332966795,False,0.2180213787677382,0.3388918509368512,False
orientation,Cirsium canum,Cirsium japonicum,0.4457186052021067,0.4964749332966795,False,0.2038706421950037,0.3465474400685055,False
orientation,Cirsium canum,Cirsium mexicanum,0.4308749522450463,0.4964749332966795,False,0.2333368929445121,0.3388918509368512,False
orientation,Cirsium canum,Cirsium muticum,0.2535526204617002,0.5560466402870015,False,0.2141326018873495,0.3388918509368512,False
orientation,Cirsium canum,Cirsium neomexicanum,0.5142300621187402,0.4964749332966795,True,0.2586490053385755,0.3388918509368512,False
orientation,Cirsium canum,Cirsium nuttallii,0.2940882117114114,0.4964749332966795,False,0.2078482338081142,0.34649748195669666,False
orientation,Cirsium canum,Cirsium occidentale,0.2714885066245612,0.4964749332966795,False,0.2460119998068748,0.36000585671055757,False
orientation,Cirsium canum,Cirsium ochrocentrum,0.2903481178144256,0.4964749332966795,False,0.2267722906635981,0.3388918509368512,False
orientation,Cirsium canum,Cirsium oleraceum,0.4828395948224731,0.4964749332966795,False,0.2752014967153848,0.3388918509368512,False
orientation,Cirsium canum,Cirsium palustre,0.3216284660622545,0.4964749332966795,False,0.2074386564102694,0.3388918509368512,False
orientation,Cirsium canum,Cirsium pumilum,0.2053552543682212,0.4964749332966795,False,0.1687769043926941,0.3388918509368512,False
orientation,Cirsium canum,Cirsium rivulare,0.24091035472858,0.4964749332966795,False,0.2050778414363459,0.3395300242276291,False
orientation,Cirsium canum,Cirsium scariosum,0.4589871685944795,0.4964749332966795,False,0.2835737417414401,0.349003204916645,False
orientation,Cirsium canum,Cirsium serrulatum,0.2352280629478574,0.4964749332966795,False,0.1871159894113489,0.3388918509368512,False
orientation,Cirsium canum,Cirsium spinosissimum,0.626259424082635,0.4964749332966795,True,0.2996655337244602,0.35438911675369383,False
orientation,Cirsium canum,Cirsium texanum,0.3422223719972275,0.4964749332966795,False,0.1931228406243769,0.3647028429115879,False
orientation,Cirsium canum,Cirsium undulatum,0.2747680609646722,0.4964749332966795,False,0.2122711277204501,0.3628796499913803,False
orientation,Cirsium canum,Cirsium vulgare,0.3635308920306608,0.4964749332966795,False,0.2309946694876744,0.3388918509368512,False
orientation,Cirsium carolinianum,Cirsium discolor,0.2688162793741499,0.46185624551679094,False,0.206024931069689,0.32872297291134844,False
orientation,Cirsium carolinianum,Cirsium edule,0.346037694881289,0.4730021452678647,False,0.1851613688600037,0.32872297291134844,False
orientation,Cirsium carolinianum,Cirsium erisithales,0.9581317727103872,0.4882008051685364,True,0.3157390719278115,0.32872297291134844,False
orientation,Cirsium carolinianum,Cirsium esculentum,0.2533052456320412,0.48472529418170046,False,0.1907640908308428,0.32872297291134844,False
orientation,Cirsium carolinianum,Cirsium flodmanii,0.4737547784440939,0.523729396531744,False,0.243538632212946,0.32872297291134844,False
orientation,Cirsium carolinianum,Cirsium helenioides,0.3045684865861753,0.4881828114679123,False,0.2137899087876945,0.36902187497600153,False
orientation,Cirsium carolinianum,Cirsium heterophyllum,0.3793520368930142,0.47092035460083753,False,0.2150760068087414,0.3623552726437313,False
orientation,Cirsium carolinianum,Cirsium hookerianum,0.3187378808281497,0.46185624551679094,False,0.2305293385136095,0.32872297291134844,False
orientation,Cirsium carolinianum,Cirsium horridulum,0.2824246451384686,0.46185624551679094,False,0.2434492574089822,0.32872297291134844,False
orientation,Cirsium carolinianum,Cirsium japonicum,0.2526460052783574,0.46185624551679094,False,0.1789143514245318,0.3465474400685055,False
orientation,Cirsium carolinianum,Cirsium mexicanum,0.2693466158832766,0.46185624551679094,False,0.2306948276862513,0.32872297291134844,False
orientation,Cirsium carolinianum,Cirsium muticum,0.2994389512088049,0.5560466402870015,False,0.2034509159890455,0.3300494557612836,False
orientation,Cirsium carolinianum,Cirsium neomexicanum,0.2720644021932717,0.46185624551679094,False,0.2010925327731963,0.32872297291134844,False
orientation,Cirsium carolinianum,Cirsium nuttallii,0.2429386872247104,0.47049460306245433,False,0.2084279871738299,0.34649748195669666,False
orientation,Cirsium carolinianum,Cirsium occidentale,0.3290144939451876,0.46185624551679094,False,0.2165725827039182,0.36000585671055757,False
orientation,Cirsium carolinianum,Cirsium ochrocentrum,0.3312508882087089,0.46185624551679094,False,0.2259438481722278,0.32872297291134844,False
orientation,Cirsium carolinianum,Cirsium oleraceum,0.3144253232034297,0.46185624551679094,False,0.263411185421206,0.32872297291134844,False
orientation,Cirsium carolinianum,Cirsium palustre,0.26192010995013,0.46185624551679094,False,0.1966695938646055,0.32872297291134844,False
orientation,Cirsium carolinianum,Cirsium pumilum,0.2992765346105481,0.46185624551679094,False,0.1979703107875139,0.32872297291134844,False
orientation,Cirsium carolinianum,Cirsium rivulare,0.4275920809376884,0.46185624551679094,False,0.1894854188090624,0.3395300242276291,False
orientation,Cirsium carolinianum,Cirsium scariosum,0.3278181095458929,0.4796073404808017,False,0.2708464809241024,0.349003204916645,False
orientation,Cirsium carolinianum,Cirsium serrulatum,0.3070059766550378,0.46185624551679094,False,0.1855308330263934,0.32872297291134844,False
orientation,Cirsium carolinianum,Cirsium spinosissimum,0.4432198076402547,0.46538390580280886,False,0.281596669449369,0.35438911675369383,False
orientation,Cirsium carolinianum,Cirsium texanum,0.2501942973557314,0.46185624551679094,False,0.1862629751119017,0.3647028429115879,False
orientation,Cirsium carolinianum,Cirsium undulatum,0.2955185204672033,0.47784811703587055,False,0.2094524921105002,0.3628796499913803,False
orientation,Cirsium carolinianum,Cirsium vulgare,0.2728585367146643,0.46185624551679094,False,0.2239305886354148,0.32872297291134844,False
orientation,Cirsium discolor,Cirsium edule,0.3089761129196712,0.4730021452678647,False,0.1930195851929839,0.3244976133449396,False
orientation,Cirsium discolor,Cirsium erisithales,0.983242134724837,0.4882008051685364,True,0.2732498548821938,0.3244976133449396,False
orientation,Cirsium discolor,Cirsium esculentum,0.2590008502887788,0.48472529418170046,False,0.1958602213203118,0.3244976133449396,False
orientation,Cirsium discolor,Cirsium flodmanii,0.4915361308477141,0.523729396531744,False,0.2509156631170033,0.32843433363327246,False
orientation,Cirsium discolor,Cirsium helenioides,0.3464081544973016,0.4881828114679123,False,0.2418735141295285,0.36902187497600153,False
orientation,Cirsium discolor,Cirsium heterophyllum,0.405993147483313,0.47092035460083753,False,0.2220444835638168,0.3623552726437313,False
orientation,Cirsium discolor,Cirsium hookerianum,0.2898204458787934,0.433244147326902,False,0.2145733566224848,0.3244976133449396,False
orientation,Cirsium discolor,Cirsium horridulum,0.2727456955057404,0.45704607833297967,False,0.2034929716445367,0.3244976133449396,False
orientation,Cirsium discolor,Cirsium japonicum,0.2645758640465084,0.4272388252763871,False,0.1932976623761448,0.3465474400685055,False
orientation,Cirsium discolor,Cirsium mexicanum,0.290708756092119,0.437290425146155,False,0.2211642527456954,0.3244976133449396,False
orientation,Cirsium discolor,Cirsium muticum,0.3079618049419171,0.5560466402870015,False,0.2033753621654367,0.3300494557612836,False
orientation,Cirsium discolor,Cirsium neomexicanum,0.3083279078953332,0.3768281136881206,False,0.2119872217091821,0.3244976133449396,False
orientation,Cirsium discolor,Cirsium nuttallii,0.2613088686297196,0.47049460306245433,False,0.2300692125557002,0.34649748195669666,False
orientation,Cirsium discolor,Cirsium occidentale,0.3099174629060813,0.43048104177593266,False,0.2245109381358027,0.36000585671055757,False
orientation,Cirsium discolor,Cirsium ochrocentrum,0.3296593171556066,0.36507968523163004,False,0.230913121437949,0.3244976133449396,False
orientation,Cirsium discolor,Cirsium oleraceum,0.3068699651412286,0.4382678719738859,False,0.2485155454967301,0.3244976133449396,False
orientation,Cirsium discolor,Cirsium palustre,0.2396845810837369,0.4430011135077764,False,0.1938844359927514,0.3244976133449396,False
orientation,Cirsium discolor,Cirsium pumilum,0.2906479752082692,0.3957020995652584,False,0.2201950495992283,0.3244976133449396,False
orientation,Cirsium discolor,Cirsium rivulare,0.4402182197898746,0.3945262337767947,True,0.2232645430452312,0.3395300242276291,False
orientation,Cirsium discolor,Cirsium scariosum,0.3248098013305198,0.4796073404808017,False,0.2703296672932519,0.349003204916645,False
orientation,Cirsium discolor,Cirsium serrulatum,0.3017756573847879,0.4386184736297499,False,0.1952638952531561,0.3244976133449396,False
orientation,Cirsium discolor,Cirsium spinosissimum,0.4430008662944517,0.46538390580280886,False,0.2743965267001664,0.35438911675369383,False
orientation,Cirsium discolor,Cirsium texanum,0.2224830256866474,0.4207960035733719,False,0.1791091841040328,0.3647028429115879,False
orientation,Cirsium discolor,Cirsium undulatum,0.3064414876009677,0.47784811703587055,False,0.2191359033589829,0.3628796499913803,False
orientation,Cirsium discolor,Cirsium vulgare,0.2540341869935598,0.44285886239412253,False,0.2130823085640639,0.3265254240934929,False
orientation,Cirsium edule,Cirsium erisithales,0.7405767722208572,0.4882008051685364,True,0.2552190451629467,0.31366221538790967,False
orientation,Cirsium edule,Cirsium esculentum,0.2828960248594751,0.48472529418170046,False,0.1840192882114242,0.2849470090035963,False
orientation,Cirsium edule,Cirsium flodmanii,0.6713655678145898,0.523729396531744,True,0.2586707007354221,0.32843433363327246,False
orientation,Cirsium edule,Cirsium helenioides,0.4661625406768941,0.4881828114679123,False,0.2402585063949331,0.36902187497600153,False
orientation,Cirsium edule,Cirsium heterophyllum,0.6275298928699478,0.4730021452678647,True,0.237411226483648,0.3623552726437313,False
orientation,Cirsium edule,Cirsium hookerianum,0.2220024417247466,0.4730021452678647,False,0.1826949263843448,0.2849470090035963,False
orientation,Cirsium edule,Cirsium horridulum,0.3454619470250802,0.4730021452678647,False,0.1991478672119215,0.29659706224363364,False
orientation,Cirsium edule,Cirsium japonicum,0.2285087427869386,0.4730021452678647,False,0.1642844881054404,0.3465474400685055,False
orientation,Cirsium edule,Cirsium mexicanum,0.2614418736007412,0.4730021452678647,False,0.1821712756591612,0.30683140183230834,False
orientation,Cirsium edule,Cirsium muticum,0.4652380904373039,0.5560466402870015,False,0.1936072377966373,0.3300494557612836,False
orientation,Cirsium edule,Cirsium neomexicanum,0.302371139735882,0.4730021452678647,False,0.2442542071234187,0.2849470090035963,False
orientation,Cirsium edule,Cirsium nuttallii,0.3734995307286677,0.4730021452678647,False,0.1776427907363633,0.34649748195669666,False
orientation,Cirsium edule,Cirsium occidentale,0.5110946279061017,0.4730021452678647,True,0.2150381233835773,0.36000585671055757,False
orientation,Cirsium edule,Cirsium ochrocentrum,0.4332066602631561,0.4730021452678647,False,0.1990882561376141,0.29415005449127296,False
orientation,Cirsium edule,Cirsium oleraceum,0.2462605351257411,0.4730021452678647,False,0.2087726275140183,0.31536956148701145,False
orientation,Cirsium edule,Cirsium palustre,0.351134332828741,0.4730021452678647,False,0.1964262679448824,0.3209776535349101,False
orientation,Cirsium edule,Cirsium pumilum,0.5357577390008852,0.4730021452678647,True,0.2349829925519292,0.2849470090035963,False
orientation,Cirsium edule,Cirsium rivulare,0.6386131188820339,0.4730021452678647,True,0.2579060543098311,0.3395300242276291,False
orientation,Cirsium edule,Cirsium scariosum,0.2883823325245971,0.4796073404808017,False,0.1904856508646201,0.349003204916645,False
orientation,Cirsium edule,Cirsium serrulatum,0.5454443550873636,0.4730021452678647,True,0.2184675653178035,0.2849470090035963,False
orientation,Cirsium edule,Cirsium spinosissimum,0.2640342657487645,0.4730021452678647,False,0.2124253948407758,0.35438911675369383,False
orientation,Cirsium edule,Cirsium texanum,0.2828006422501981,0.4730021452678647,False,0.1915646097648866,0.3647028429115879,False
orientation,Cirsium edule,Cirsium undulatum,0.5093390468900214,0.47784811703587055,True,0.1962643049927699,0.3628796499913803,False
orientation,Cirsium edule,Cirsium vulgare,0.3423974142429437,0.4730021452678647,False,0.1926754985349208,0.3265254240934929,False
orientation,Cirsium erisithales,Cirsium esculentum,0.8361444559514077,0.4882008051685364,True,0.2625102774097532,0.31366221538790967,False
orientation,Cirsium erisithales,Cirsium flodmanii,1.347019956486406,0.523729396531744,True,0.3905846351445197,0.32843433363327246,True
orientation,Cirsium erisithales,Cirsium helenioides,1.143734958097622,0.4882008051685364,True,0.3567222123144251,0.36902187497600153,False
orientation,Cirsium erisithales,Cirsium heterophyllum,1.277840042749074,0.4882008051685364,True,0.3757105879772193,0.3623552726437313,True
orientation,Cirsium erisithales,Cirsium hookerianum,0.762767541847742,0.4882008051685364,True,0.2318042837574152,0.31366221538790967,False
orientation,Cirsium erisithales,Cirsium horridulum,0.9475884185172,0.4882008051685364,True,0.283713740085194,0.31366221538790967,False
orientation,Cirsium erisithales,Cirsium japonicum,0.8039921758381318,0.4882008051685364,True,0.2644983135320683,0.3465474400685055,False
orientation,Cirsium erisithales,Cirsium mexicanum,0.8648186566120835,0.4882008051685364,True,0.2862295775737818,0.31366221538790967,False
orientation,Cirsium erisithales,Cirsium muticum,1.1524735186432886,0.5560466402870015,True,0.3306142669625395,0.3300494557612836,True
orientation,Cirsium erisithales,Cirsium neomexicanum,0.8119064417649369,0.4882008051685364,True,0.3362898204056331,0.31366221538790967,True
orientation,Cirsium erisithales,Cirsium nuttallii,1.0334783948828066,0.4882008051685364,True,0.2861204353461635,0.34649748195669666,False
orientation,Cirsium erisithales,Cirsium occidentale,1.1695953822573075,0.4882008051685364,True,0.3523200901958137,0.36000585671055757,False
orientation,Cirsium erisithales,Cirsium ochrocentrum,1.0673355136116367,0.4882008051685364,True,0.3021196918041314,0.31366221538790967,False
orientation,Cirsium erisithales,Cirsium oleraceum,0.7999241385803675,0.4882008051685364,True,0.2941036818235847,0.31536956148701145,False
orientation,Cirsium erisithales,Cirsium palustre,1.0556806533970635,0.4882008051685364,True,0.2951603335305237,0.3209776535349101,False
orientation,Cirsium erisithales,Cirsium pumilum,1.1724448538970127,0.4882008051685364,True,0.3202480737611352,0.31366221538790967,True
orientation,Cirsium erisithales,Cirsium rivulare,1.3257819492888236,0.4882008051685364,True,0.3483810697156431,0.3395300242276291,True
orientation,Cirsium erisithales,Cirsium scariosum,0.8634523470194269,0.4882008051685364,True,0.3016603950004184,0.349003204916645,False
orientation,Cirsium erisithales,Cirsium serrulatum,1.2074515871545373,0.4882008051685364,True,0.3215795283835259,0.31366221538790967,True
orientation,Cirsium erisithales,Cirsium spinosissimum,0.647229851144547,0.4882008051685364,True,0.2412273338979854,0.35438911675369383,False
orientation,Cirsium erisithales,Cirsium texanum,0.950408488578286,0.4882008051685364,True,0.2689554802632622,0.3647028429115879,False
orientation,Cirsium erisithales,Cirsium undulatum,1.1493124390722962,0.4882008051685364,True,0.3061939751490289,0.3628796499913803,False
orientation,Cirsium erisithales,Cirsium vulgare,0.9704396092366232,0.4882008051685364,True,0.310881727007767,0.3265254240934929,False
orientation,Cirsium esculentum,Cirsium flodmanii,0.5829018219812587,0.523729396531744,True,0.2864787487012045,0.32843433363327246,False
orientation,Cirsium esculentum,Cirsium helenioides,0.4006289877616837,0.4881828114679123,False,0.2761318020927247,0.36902187497600153,False
orientation,Cirsium esculentum,Cirsium heterophyllum,0.4663343840681693,0.48472529418170046,False,0.2579386527512376,0.3623552726437313,False
orientation,Cirsium esculentum,Cirsium hookerianum,0.2617267827269659,0.48472529418170046,False,0.1922768142663164,0.26808258715297734,False
orientation,Cirsium esculentum,Cirsium horridulum,0.2709288431125884,0.48472529418170046,False,0.2025275373976358,0.29659706224363364,False
orientation,Cirsium esculentum,Cirsium japonicum,0.2200061075823828,0.48472529418170046,False,0.1912058305179465,0.3465474400685055,False
orientation,Cirsium esculentum,Cirsium mexicanum,0.2567315499826406,0.48472529418170046,False,0.2140557905568064,0.30683140183230834,False
orientation,Cirsium esculentum,Cirsium muticum,0.3871569089416914,0.5560466402870015,False,0.2264348518388618,0.3300494557612836,False
orientation,Cirsium esculentum,Cirsium neomexicanum,0.2793141774819015,0.48472529418170046,False,0.2284823453168563,0.2669207049345282,False
orientation,Cirsium esculentum,Cirsium nuttallii,0.2667130167177732,0.48472529418170046,False,0.2125342622428088,0.34649748195669666,False
orientation,Cirsium esculentum,Cirsium occidentale,0.3850759510423902,0.48472529418170046,False,0.22863882032655,0.36000585671055757,False
orientation,Cirsium esculentum,Cirsium ochrocentrum,0.3222071583594561,0.48472529418170046,False,0.2376885302904977,0.29415005449127296,False
orientation,Cirsium esculentum,Cirsium oleraceum,0.2856499568344002,0.48472529418170046,False,0.2186800821998454,0.31536956148701145,False
orientation,Cirsium esculentum,Cirsium palustre,0.2574897488441001,0.48472529418170046,False,0.2094476728670378,0.3209776535349101,False
orientation,Cirsium esculentum,Cirsium pumilum,0.3876115942056138,0.48472529418170046,False,0.2216597714199995,0.2669207049345282,False
orientation,Cirsium esculentum,Cirsium rivulare,0.5118995337058252,0.48472529418170046,True,0.2487312037401073,0.3395300242276291,False
orientation,Cirsium esculentum,Cirsium scariosum,0.3381999704652769,0.48472529418170046,False,0.2486823039412635,0.349003204916645,False
orientation,Cirsium esculentum,Cirsium serrulatum,0.3857479235006861,0.48472529418170046,False,0.1992096194609947,0.27551347575148427,False
orientation,Cirsium esculentum,Cirsium spinosissimum,0.312338140416722,0.48472529418170046,False,0.2215804873832543,0.35438911675369383,False
orientation,Cirsium esculentum,Cirsium texanum,0.2615724557837754,0.48472529418170046,False,0.1718212152371396,0.3647028429115879,False
orientation,Cirsium esculentum,Cirsium undulatum,0.367751403034087,0.48472529418170046,False,0.2379885281337558,0.3628796499913803,False
orientation,Cirsium esculentum,Cirsium vulgare,0.2737538108225854,0.48472529418170046,False,0.2447298846930156,0.3265254240934929,False
orientation,Cirsium flodmanii,Cirsium helenioides,0.30768269007781,0.523729396531744,False,0.2116675271656328,0.36902187497600153,False
orientation,Cirsium flodmanii,Cirsium heterophyllum,0.2538910150224502,0.523729396531744,False,0.2150458800429303,0.3623552726437313,False
orientation,Cirsium flodmanii,Cirsium hookerianum,0.6884454571071473,0.523729396531744,True,0.3175771922070889,0.32843433363327246,False
orientation,Cirsium flodmanii,Cirsium horridulum,0.5026361485457801,0.523729396531744,False,0.2694316287111087,0.32843433363327246,False
orientation,Cirsium flodmanii,Cirsium japonicum,0.6084460143575365,0.523729396531744,True,0.2808392551987433,0.3465474400685055,False
orientation,Cirsium flodmanii,Cirsium mexicanum,0.4868063694047214,0.523729396531744,False,0.2403253187031971,0.32843433363327246,False
orientation,Cirsium flodmanii,Cirsium muticum,0.2993972287439478,0.5560466402870015,False,0.1990529087865334,0.3300494557612836,False
orientation,Cirsium flodmanii,Cirsium neomexicanum,0.6245221418036468,0.523729396531744,True,0.3089549473621467,0.32843433363327246,False
orientation,Cirsium flodmanii,Cirsium nuttallii,0.4208612622286309,0.523729396531744,False,0.2208805685593822,0.34649748195669666,False
orientation,Cirsium flodmanii,Cirsium occidentale,0.2895379525791471,0.523729396531744,False,0.1962712374250557,0.36000585671055757,False
orientation,Cirsium flodmanii,Cirsium ochrocentrum,0.3807417656198293,0.523729396531744,False,0.2300778456628215,0.32843433363327246,False
orientation,Cirsium flodmanii,Cirsium oleraceum,0.6215095139099854,0.523729396531744,True,0.2958256749933161,0.32843433363327246,False
orientation,Cirsium flodmanii,Cirsium palustre,0.4412380103036417,0.523729396531744,False,0.2492592082401687,0.32843433363327246,False
orientation,Cirsium flodmanii,Cirsium pumilum,0.3764499615991219,0.523729396531744,False,0.2994849432800519,0.32843433363327246,False
orientation,Cirsium flodmanii,Cirsium rivulare,0.2754676825564447,0.523729396531744,False,0.2407254891031771,0.3395300242276291,False
orientation,Cirsium flodmanii,Cirsium scariosum,0.5487896446666953,0.523729396531744,True,0.2629586517557957,0.349003204916645,False
orientation,Cirsium flodmanii,Cirsium serrulatum,0.3157083343076912,0.523729396531744,False,0.248096411314104,0.32843433363327246,False
orientation,Cirsium flodmanii,Cirsium spinosissimum,0.7660725828922268,0.523729396531744,True,0.3341465044312531,0.35438911675369383,False
orientation,Cirsium flodmanii,Cirsium texanum,0.5288633667849025,0.523729396531744,True,0.2740028649252439,0.3647028429115879,False
orientation,Cirsium flodmanii,Cirsium undulatum,0.298893434022319,0.523729396531744,False,0.2029179700798711,0.3628796499913803,False
orientation,Cirsium flodmanii,Cirsium vulgare,0.467872508191105,0.523729396531744,False,0.2176738519347892,0.32843433363327246,False
orientation,Cirsium helenioides,Cirsium heterophyllum,0.2774438160851843,0.4881828114679123,False,0.2039367201283425,0.36902187497600153,False
orientation,Cirsium helenioides,Cirsium hookerianum,0.4848095276874777,0.4881828114679123,False,0.3047773906866572,0.36902187497600153,False
orientation,Cirsium helenioides,Cirsium horridulum,0.3437376396490624,0.4881828114679123,False,0.249598029657505,0.36902187497600153,False
orientation,Cirsium helenioides,Cirsium japonicum,0.4075151398059939,0.4881828114679123,False,0.2418854090247889,0.36902187497600153,False
orientation,Cirsium helenioides,Cirsium mexicanum,0.3118543782566247,0.4881828114679123,False,0.2172815550773328,0.36902187497600153,False
orientation,Cirsium helenioides,Cirsium muticum,0.2384224558396322,0.5560466402870015,False,0.21740811108944,0.36902187497600153,False
orientation,Cirsium helenioides,Cirsium neomexicanum,0.4764929872012179,0.4881828114679123,False,0.2673981984259467,0.36902187497600153,False
orientation,Cirsium helenioides,Cirsium nuttallii,0.2759372384782516,0.4881828114679123,False,0.2097083614556918,0.36902187497600153,False
orientation,Cirsium helenioides,Cirsium occidentale,0.2914699414731133,0.4881828114679123,False,0.223926679505084,0.36902187497600153,False
orientation,Cirsium helenioides,Cirsium ochrocentrum,0.2792599736655919,0.4881828114679123,False,0.2215688426119484,0.36902187497600153,False
orientation,Cirsium helenioides,Cirsium oleraceum,0.4177554290712487,0.4881828114679123,False,0.2552651790269269,0.36902187497600153,False
orientation,Cirsium helenioides,Cirsium palustre,0.3292570281747418,0.4881828114679123,False,0.2292714099646743,0.36902187497600153,False
orientation,Cirsium helenioides,Cirsium pumilum,0.326511966468856,0.4881828114679123,False,0.2915406190049134,0.36902187497600153,False
orientation,Cirsium helenioides,Cirsium rivulare,0.3067695954431469,0.4881828114679123,False,0.2225774710601425,0.36902187497600153,False
orientation,Cirsium helenioides,Cirsium scariosum,0.3618649617050274,0.4881828114679123,False,0.2535055472552421,0.36902187497600153,False
orientation,Cirsium helenioides,Cirsium serrulatum,0.265587170805398,0.4881828114679123,False,0.2315445671193006,0.36902187497600153,False
orientation,Cirsium helenioides,Cirsium spinosissimum,0.5679653469729128,0.4881828114679123,True,0.2913306316479715,0.36902187497600153,False
orientation,Cirsium helenioides,Cirsium texanum,0.3633322315791674,0.4881828114679123,False,0.2765515020446845,0.36902187497600153,False
orientation,Cirsium helenioides,Cirsium undulatum,0.2728975153949919,0.4881828114679123,False,0.2355677500735111,0.36902187497600153,False
orientation,Cirsium helenioides,Cirsium vulgare,0.294862157049965,0.4881828114679123,False,0.2364288233219005,0.36902187497600153,False
orientation,Cirsium heterophyllum,Cirsium hookerianum,0.6162395978942381,0.47092035460083753,True,0.2799312828221383,0.3623552726437313,False
orientation,Cirsium heterophyllum,Cirsium horridulum,0.4089461288280265,0.47092035460083753,False,0.2414810558088707,0.3623552726437313,False
orientation,Cirsium heterophyllum,Cirsium japonicum,0.5301722187312454,0.47092035460083753,True,0.248682080682886,0.3623552726437313,False
orientation,Cirsium heterophyllum,Cirsium mexicanum,0.4328508664578989,0.47092035460083753,False,0.2438467561479116,0.3623552726437313,False
orientation,Cirsium heterophyllum,Cirsium muticum,0.2762854954159807,0.5560466402870015,False,0.1911014038897663,0.3623552726437313,False
orientation,Cirsium heterophyllum,Cirsium neomexicanum,0.5260085427302901,0.47092035460083753,True,0.2606736276230916,0.3623552726437313,False
orientation,Cirsium heterophyllum,Cirsium nuttallii,0.3293394424751006,0.47092035460083753,False,0.2235289912602344,0.3623552726437313,False
orientation,Cirsium heterophyllum,Cirsium occidentale,0.2556320652799427,0.47092035460083753,False,0.2035007466055303,0.3623552726437313,False
orientation,Cirsium heterophyllum,Cirsium ochrocentrum,0.2780061819635338,0.47092035460083753,False,0.2029551616587888,0.3623552726437313,False
orientation,Cirsium heterophyllum,Cirsium oleraceum,0.556997962115261,0.47092035460083753,True,0.2979213955386733,0.3623552726437313,False
orientation,Cirsium heterophyllum,Cirsium palustre,0.3475024525455122,0.47092035460083753,False,0.2329531890650313,0.3623552726437313,False
orientation,Cirsium heterophyllum,Cirsium pumilum,0.3134712860966469,0.47092035460083753,False,0.2548291048861628,0.3623552726437313,False
orientation,Cirsium heterophyllum,Cirsium rivulare,0.2693866897030811,0.47092035460083753,False,0.2295111344365523,0.3623552726437313,False
orientation,Cirsium heterophyllum,Cirsium scariosum,0.4717928995103884,0.4796073404808017,False,0.2726844880549184,0.3623552726437313,False
orientation,Cirsium heterophyllum,Cirsium serrulatum,0.2735364136779865,0.47092035460083753,False,0.2000034279523379,0.3623552726437313,False
orientation,Cirsium heterophyllum,Cirsium spinosissimum,0.6932854718980704,0.47092035460083753,True,0.3260958116350108,0.3623552726437313,False
orientation,Cirsium heterophyllum,Cirsium texanum,0.4597929741637865,0.47092035460083753,False,0.245068382406924,0.3647028429115879,False
orientation,Cirsium heterophyllum,Cirsium undulatum,0.2681760818636143,0.47784811703587055,False,0.2075606007344703,0.3628796499913803,False
orientation,Cirsium heterophyllum,Cirsium vulgare,0.4014177926770834,0.47092035460083753,False,0.2268949663194926,0.3623552726437313,False
orientation,Cirsium hookerianum,Cirsium horridulum,0.3045870105692006,0.45704607833297967,False,0.230840030392728,0.29659706224363364,False
orientation,Cirsium hookerianum,Cirsium japonicum,0.2464955780175566,0.433244147326902,False,0.1976383455301001,0.3465474400685055,False
orientation,Cirsium hookerianum,Cirsium mexicanum,0.318366400468329,0.437290425146155,False,0.2248821497170986,0.30683140183230834,False
orientation,Cirsium hookerianum,Cirsium muticum,0.4648443585683619,0.5560466402870015,False,0.2432541374616209,0.3300494557612836,False
orientation,Cirsium hookerianum,Cirsium neomexicanum,0.2805253176676152,0.433244147326902,False,0.248102971406216,0.26808258715297734,False
orientation,Cirsium hookerianum,Cirsium nuttallii,0.3594419659903464,0.47049460306245433,False,0.2334793664772812,0.34649748195669666,False
orientation,Cirsium hookerianum,Cirsium occidentale,0.4920794578772662,0.433244147326902,True,0.289851116533849,0.36000585671055757,False
orientation,Cirsium hookerianum,Cirsium ochrocentrum,0.4064358019471624,0.433244147326902,False,0.2727566622690804,0.29415005449127296,False
orientation,Cirsium hookerianum,Cirsium oleraceum,0.2809240039005983,0.4382678719738859,False,0.2244409237529402,0.31536956148701145,False
orientation,Cirsium hookerianum,Cirsium palustre,0.3389715132856877,0.4430011135077764,False,0.2249657545405105,0.3209776535349101,False
orientation,Cirsium hookerianum,Cirsium pumilum,0.470423211711386,0.433244147326902,True,0.2098187942268807,0.26808258715297734,False
orientation,Cirsium hookerianum,Cirsium rivulare,0.6091377289197889,0.433244147326902,True,0.2916378454949359,0.3395300242276291,False
orientation,Cirsium hookerianum,Cirsium scariosum,0.3284698835729177,0.4796073404808017,False,0.2721314742982461,0.349003204916645,False
orientation,Cirsium hookerianum,Cirsium serrulatum,0.484462375759093,0.4386184736297499,True,0.2472120434952198,0.27551347575148427,False
orientation,Cirsium hookerianum,Cirsium spinosissimum,0.2680136976289732,0.46538390580280886,False,0.1920737968500233,0.35438911675369383,False
orientation,Cirsium hookerianum,Cirsium texanum,0.2745492940083938,0.433244147326902,False,0.1854012548849896,0.3647028429115879,False
orientation,Cirsium hookerianum,Cirsium undulatum,0.5047189953325064,0.47784811703587055,True,0.270055952124193,0.3628796499913803,False
orientation,Cirsium hookerianum,Cirsium vulgare,0.3627650539741759,0.44285886239412253,False,0.2679509096548789,0.3265254240934929,False
orientation,Cirsium horridulum,Cirsium japonicum,0.3224950702599076,0.45704607833297967,False,0.2182812583049634,0.3465474400685055,False
orientation,Cirsium horridulum,Cirsium mexicanum,0.2630040118339711,0.45704607833297967,False,0.1983861882208519,0.30683140183230834,False
orientation,Cirsium horridulum,Cirsium muticum,0.2967619617003873,0.5560466402870015,False,0.2126961715896671,0.3300494557612836,False
orientation,Cirsium horridulum,Cirsium neomexicanum,0.3367418011660907,0.45704607833297967,False,0.2657392171662246,0.29659706224363364,False
orientation,Cirsium horridulum,Cirsium nuttallii,0.2674082201435062,0.47049460306245433,False,0.2007608916548465,0.34649748195669666,False
orientation,Cirsium horridulum,Cirsium occidentale,0.328211923072145,0.45704607833297967,False,0.2381661441600632,0.36000585671055757,False
orientation,Cirsium horridulum,Cirsium ochrocentrum,0.2662988139300754,0.45704607833297967,False,0.204053458343264,0.29659706224363364,False
orientation,Cirsium horridulum,Cirsium oleraceum,0.2861919395548565,0.45704607833297967,False,0.2141889933704491,0.31536956148701145,False
orientation,Cirsium horridulum,Cirsium palustre,0.2735031533864643,0.45704607833297967,False,0.2377409403925803,0.3209776535349101,False
orientation,Cirsium horridulum,Cirsium pumilum,0.351868839282588,0.45704607833297967,False,0.2784189985188463,0.29659706224363364,False
orientation,Cirsium horridulum,Cirsium rivulare,0.4828052897762647,0.45704607833297967,True,0.2517982700558533,0.3395300242276291,False
orientation,Cirsium horridulum,Cirsium scariosum,0.2752683286928368,0.4796073404808017,False,0.2203896832676986,0.349003204916645,False
orientation,Cirsium horridulum,Cirsium serrulatum,0.3325219410660832,0.45704607833297967,False,0.2169455220784733,0.29659706224363364,False
orientation,Cirsium horridulum,Cirsium spinosissimum,0.4056670391565306,0.46538390580280886,False,0.230069785652861,0.35438911675369383,False
orientation,Cirsium horridulum,Cirsium texanum,0.2407071871315057,0.45704607833297967,False,0.1887901257572066,0.3647028429115879,False
orientation,Cirsium horridulum,Cirsium undulatum,0.305499133599356,0.47784811703587055,False,0.2358016417225922,0.3628796499913803,False
orientation,Cirsium horridulum,Cirsium vulgare,0.2610991830807552,0.45704607833297967,False,0.2131862749898395,0.3265254240934929,False
orientation,Cirsium japonicum,Cirsium mexicanum,0.2788910925299878,0.437290425146155,False,0.1959748795875949,0.3465474400685055,False
orientation,Cirsium japonicum,Cirsium muticum,0.3924039994187092,0.5560466402870015,False,0.1871256135378065,0.3465474400685055,False
orientation,Cirsium japonicum,Cirsium neomexicanum,0.2683799277396229,0.4272388252763871,False,0.2153371433631061,0.3465474400685055,False
orientation,Cirsium japonicum,Cirsium nuttallii,0.2740757532619611,0.47049460306245433,False,0.1882036211411797,0.3465474400685055,False
orientation,Cirsium japonicum,Cirsium occidentale,0.440428285218359,0.43048104177593266,True,0.251690320364469,0.36000585671055757,False
orientation,Cirsium japonicum,Cirsium ochrocentrum,0.3474562556430586,0.4272388252763871,False,0.2344825967339055,0.3465474400685055,False
orientation,Cirsium japonicum,Cirsium oleraceum,0.2847048849864513,0.4382678719738859,False,0.2288224320160844,0.3465474400685055,False
orientation,Cirsium japonicum,Cirsium palustre,0.2857692221634331,0.4430011135077764,False,0.1982766760110801,0.3465474400685055,False
orientation,Cirsium japonicum,Cirsium pumilum,0.4247159997365011,0.4272388252763871,False,0.2072587438388393,0.3465474400685055,False
orientation,Cirsium japonicum,Cirsium rivulare,0.5449682853565775,0.4272388252763871,True,0.2272862572734757,0.3465474400685055,False
orientation,Cirsium japonicum,Cirsium scariosum,0.3291830669995862,0.4796073404808017,False,0.2572814195177956,0.349003204916645,False
orientation,Cirsium japonicum,Cirsium serrulatum,0.4090469462000381,0.4386184736297499,False,0.2192893881349291,0.3465474400685055,False
orientation,Cirsium japonicum,Cirsium spinosissimum,0.2769519209081746,0.46538390580280886,False,0.2117462539463817,0.35438911675369383,False
orientation,Cirsium japonicum,Cirsium texanum,0.2386170846799167,0.4272388252763871,False,0.167993337415117,0.3647028429115879,False
orientation,Cirsium japonicum,Cirsium undulatum,0.392408002942949,0.47784811703587055,False,0.1977216734729488,0.3628796499913803,False
orientation,Cirsium japonicum,Cirsium vulgare,0.3125151864516908,0.44285886239412253,False,0.2332438582875579,0.3465474400685055,False
orientation,Cirsium mexicanum,Cirsium muticum,0.3112131197860055,0.5560466402870015,False,0.2190561887242835,0.3300494557612836,False
orientation,Cirsium mexicanum,Cirsium neomexicanum,0.3368326262298908,0.437290425146155,False,0.276660263601393,0.30683140183230834,False
orientation,Cirsium mexicanum,Cirsium nuttallii,0.2436637846508444,0.47049460306245433,False,0.1986865954765482,0.34649748195669666,False
orientation,Cirsium mexicanum,Cirsium occidentale,0.3467339427275222,0.437290425146155,False,0.2304855737727888,0.36000585671055757,False
orientation,Cirsium mexicanum,Cirsium ochrocentrum,0.2699532627192594,0.437290425146155,False,0.2277375272405077,0.30683140183230834,False
orientation,Cirsium mexicanum,Cirsium oleraceum,0.2666932619191723,0.4382678719738859,False,0.2184344828799158,0.31536956148701145,False
orientation,Cirsium mexicanum,Cirsium palustre,0.260848177349037,0.4430011135077764,False,0.2273601443937186,0.3209776535349101,False
orientation,Cirsium mexicanum,Cirsium pumilum,0.3788752493082505,0.437290425146155,False,0.2791627723609036,0.30683140183230834,False
orientation,Cirsium mexicanum,Cirsium rivulare,0.4798735475074021,0.437290425146155,True,0.2724371770723848,0.3395300242276291,False
orientation,Cirsium mexicanum,Cirsium scariosum,0.2582031044795085,0.4796073404808017,False,0.200801595553735,0.349003204916645,False
orientation,Cirsium mexicanum,Cirsium serrulatum,0.3983412887724974,0.4386184736297499,False,0.2397646194085518,0.30683140183230834,False
orientation,Cirsium mexicanum,Cirsium spinosissimum,0.3450821314729738,0.46538390580280886,False,0.2201399791716995,0.35438911675369383,False
orientation,Cirsium mexicanum,Cirsium texanum,0.2712848446111899,0.437290425146155,False,0.240736339354862,0.3647028429115879,False
orientation,Cirsium mexicanum,Cirsium undulatum,0.3173278387340366,0.47784811703587055,False,0.2361050856171181,0.3628796499913803,False
orientation,Cirsium mexicanum,Cirsium vulgare,0.2335703562193222,0.44285886239412253,False,0.1885269197266203,0.3265254240934929,False
orientation,Cirsium muticum,Cirsium neomexicanum,0.4875983887860117,0.5560466402870015,False,0.236505501526997,0.3300494557612836,False
orientation,Cirsium muticum,Cirsium nuttallii,0.2520755232763152,0.5560466402870015,False,0.1886494944885661,0.34649748195669666,False
orientation,Cirsium muticum,Cirsium occidentale,0.2105889353616247,0.5560466402870015,False,0.1873759418790847,0.36000585671055757,False
orientation,Cirsium muticum,Cirsium ochrocentrum,0.2291643920449491,0.5560466402870015,False,0.1851585056224811,0.3300494557612836,False
orientation,Cirsium muticum,Cirsium oleraceum,0.4338521896290861,0.5560466402870015,False,0.2514132371302516,0.3300494557612836,False
orientation,Cirsium muticum,Cirsium palustre,0.3153952938735181,0.5560466402870015,False,0.2087535722712321,0.3300494557612836,False
orientation,Cirsium muticum,Cirsium pumilum,0.2767207312598517,0.5560466402870015,False,0.2312041037696872,0.3300494557612836,False
orientation,Cirsium muticum,Cirsium rivulare,0.2808487643787346,0.5560466402870015,False,0.2155851749166477,0.3395300242276291,False
orientation,Cirsium muticum,Cirsium scariosum,0.3706903980536062,0.5560466402870015,False,0.2512478807657087,0.349003204916645,False
orientation,Cirsium muticum,Cirsium serrulatum,0.2412143660277935,0.5560466402870015,False,0.1932913212686817,0.3300494557612836,False
orientation,Cirsium muticum,Cirsium spinosissimum,0.583021958053739,0.5560466402870015,True,0.270317982467317,0.35438911675369383,False
orientation,Cirsium muticum,Cirsium texanum,0.3205070586973549,0.5560466402870015,False,0.1997686508699959,0.3647028429115879,False
orientation,Cirsium muticum,Cirsium undulatum,0.2303421031452177,0.5560466402870015,False,0.1993001689042038,0.3628796499913803,False
orientation,Cirsium muticum,Cirsium vulgare,0.2521669247086676,0.5560466402870015,False,0.2076326647709283,0.3300494557612836,False
orientation,Cirsium neomexicanum,Cirsium nuttallii,0.336672411809935,0.47049460306245433,False,0.2467282285946697,0.34649748195669666,False
orientation,Cirsium neomexicanum,Cirsium occidentale,0.4788110499710327,0.43048104177593266,True,0.2416863006237249,0.36000585671055757,False
orientation,Cirsium neomexicanum,Cirsium ochrocentrum,0.4193388524686935,0.3768281136881206,True,0.2516141585573422,0.29415005449127296,False
orientation,Cirsium neomexicanum,Cirsium oleraceum,0.3491325296351443,0.4382678719738859,False,0.3172583531100883,0.31536956148701145,True
orientation,Cirsium neomexicanum,Cirsium palustre,0.3492692638942588,0.4430011135077764,False,0.2414940671323873,0.3209776535349101,False
orientation,Cirsium neomexicanum,Cirsium pumilum,0.4257203457470303,0.3957020995652584,True,0.2274512004508826,0.26324205028679215,False
orientation,Cirsium neomexicanum,Cirsium rivulare,0.5898043401293479,0.3945262337767947,True,0.2554761203242254,0.3395300242276291,False
orientation,Cirsium neomexicanum,Cirsium scariosum,0.412381327455932,0.4796073404808017,False,0.34034462476438,0.349003204916645,False
orientation,Cirsium neomexicanum,Cirsium serrulatum,0.4550831964134274,0.4386184736297499,True,0.2130096601084448,0.27551347575148427,False
orientation,Cirsium neomexicanum,Cirsium spinosissimum,0.36272442002815,0.46538390580280886,False,0.3134959075771095,0.35438911675369383,False
orientation,Cirsium neomexicanum,Cirsium texanum,0.283477075015408,0.4207960035733719,False,0.2172259436801721,0.3647028429115879,False
orientation,Cirsium neomexicanum,Cirsium undulatum,0.4220706494714569,0.47784811703587055,False,0.2327770091048797,0.3628796499913803,False
orientation,Cirsium neomexicanum,Cirsium vulgare,0.3576583827691616,0.44285886239412253,False,0.2447528624370674,0.3265254240934929,False
orientation,Cirsium nuttallii,Cirsium occidentale,0.2594208044696517,0.47049460306245433,False,0.2035983237208464,0.36000585671055757,False
orientation,Cirsium nuttallii,Cirsium ochrocentrum,0.2548670396705885,0.47049460306245433,False,0.1923291628154666,0.34649748195669666,False
orientation,Cirsium nuttallii,Cirsium oleraceum,0.3311181451026482,0.47049460306245433,False,0.2241169844617843,0.34649748195669666,False
orientation,Cirsium nuttallii,Cirsium palustre,0.2678793948837358,0.47049460306245433,False,0.2044993533210889,0.34649748195669666,False
orientation,Cirsium nuttallii,Cirsium pumilum,0.2807195220916574,0.47049460306245433,False,0.2420648143237536,0.34649748195669666,False
orientation,Cirsium nuttallii,Cirsium rivulare,0.3837611620191432,0.47049460306245433,False,0.2242464199405721,0.34649748195669666,False
orientation,Cirsium nuttallii,Cirsium scariosum,0.3068120284519066,0.4796073404808017,False,0.2280909345365522,0.349003204916645,False
orientation,Cirsium nuttallii,Cirsium serrulatum,0.2656612795524422,0.47049460306245433,False,0.1870328750185839,0.34649748195669666,False
orientation,Cirsium nuttallii,Cirsium spinosissimum,0.4423112793733393,0.47049460306245433,False,0.2356845563168334,0.35438911675369383,False
orientation,Cirsium nuttallii,Cirsium texanum,0.2328955605899629,0.47049460306245433,False,0.2004536369559533,0.3647028429115879,False
orientation,Cirsium nuttallii,Cirsium undulatum,0.2468655387084086,0.47784811703587055,False,0.1962330230113116,0.3628796499913803,False
orientation,Cirsium nuttallii,Cirsium vulgare,0.2294709262675195,0.47049460306245433,False,0.1865723920359992,0.34649748195669666,False
orientation,Cirsium occidentale,Cirsium ochrocentrum,0.2533186765522852,0.43048104177593266,False,0.2070725936594983,0.36000585671055757,False
orientation,Cirsium occidentale,Cirsium oleraceum,0.442469662215913,0.4382678719738859,True,0.2569306773171894,0.36000585671055757,False
orientation,Cirsium occidentale,Cirsium palustre,0.3308468754226509,0.4430011135077764,False,0.2244318989285963,0.36000585671055757,False
orientation,Cirsium occidentale,Cirsium pumilum,0.3061123544309642,0.43048104177593266,False,0.261443055760356,0.36000585671055757,False
orientation,Cirsium occidentale,Cirsium rivulare,0.2796358668134011,0.43048104177593266,False,0.2479435315817609,0.36000585671055757,False
orientation,Cirsium occidentale,Cirsium scariosum,0.3649489634682591,0.4796073404808017,False,0.2471508162121012,0.36000585671055757,False
orientation,Cirsium occidentale,Cirsium serrulatum,0.2483750447521658,0.4386184736297499,False,0.2191973273289469,0.36000585671055757,False
orientation,Cirsium occidentale,Cirsium spinosissimum,0.6144501010413531,0.46538390580280886,True,0.3011074149759504,0.36000585671055757,False
orientation,Cirsium occidentale,Cirsium texanum,0.3766892663805165,0.43048104177593266,False,0.2369642137470411,0.3647028429115879,False
orientation,Cirsium occidentale,Cirsium undulatum,0.2673680686399947,0.47784811703587055,False,0.2042810228323881,0.3628796499913803,False
orientation,Cirsium occidentale,Cirsium vulgare,0.3112803280374188,0.44285886239412253,False,0.2219902358004011,0.36000585671055757,False
orientation,Cirsium ochrocentrum,Cirsium oleraceum,0.3784948260551665,0.4382678719738859,False,0.23407089063792,0.31536956148701145,False
orientation,Cirsium ochrocentrum,Cirsium palustre,0.2981528321779941,0.4430011135077764,False,0.2155547355855395,0.3209776535349101,False
orientation,Cirsium ochrocentrum,Cirsium pumilum,0.3345434588154578,0.3957020995652584,False,0.2651950304488344,0.29415005449127296,False
orientation,Cirsium ochrocentrum,Cirsium rivulare,0.3560746340891143,0.3945262337767947,False,0.2214984292649242,0.3395300242276291,False
orientation,Cirsium ochrocentrum,Cirsium scariosum,0.3177589766593076,0.4796073404808017,False,0.2117376675497527,0.349003204916645,False
orientation,Cirsium ochrocentrum,Cirsium serrulatum,0.3066015888629765,0.4386184736297499,False,0.2225168665648306,0.29415005449127296,False
orientation,Cirsium ochrocentrum,Cirsium spinosissimum,0.4816044538448234,0.46538390580280886,True,0.2717796264508725,0.35438911675369383,False
orientation,Cirsium ochrocentrum,Cirsium texanum,0.3237550793124606,0.4207960035733719,False,0.225098290719323,0.3647028429115879,False
orientation,Cirsium ochrocentrum,Cirsium undulatum,0.2475587904244478,0.47784811703587055,False,0.2045769838988034,0.3628796499913803,False
orientation,Cirsium ochrocentrum,Cirsium vulgare,0.259739537912403,0.44285886239412253,False,0.1969988780253111,0.3265254240934929,False
orientation,Cirsium oleraceum,Cirsium palustre,0.3414843173372058,0.4430011135077764,False,0.2354045519559855,0.3209776535349101,False
orientation,Cirsium oleraceum,Cirsium pumilum,0.5134998453919859,0.4382678719738859,True,0.3223013530898013,0.31536956148701145,True
orientation,Cirsium oleraceum,Cirsium rivulare,0.6165234685452559,0.4382678719738859,True,0.3221109830561155,0.3395300242276291,False
orientation,Cirsium oleraceum,Cirsium scariosum,0.260650237115778,0.4796073404808017,False,0.2129960863087615,0.349003204916645,False
orientation,Cirsium oleraceum,Cirsium serrulatum,0.5073604374118724,0.4386184736297499,True,0.2529414469551992,0.31536956148701145,False
orientation,Cirsium oleraceum,Cirsium spinosissimum,0.2786181322022022,0.46538390580280886,False,0.2053749328900326,0.35438911675369383,False
orientation,Cirsium oleraceum,Cirsium texanum,0.3256262861034645,0.4382678719738859,False,0.2558644992112862,0.3647028429115879,False
orientation,Cirsium oleraceum,Cirsium undulatum,0.4004064465871767,0.47784811703587055,False,0.2443356774313279,0.3628796499913803,False
orientation,Cirsium oleraceum,Cirsium vulgare,0.2891953676839984,0.44285886239412253,False,0.223935685532953,0.3265254240934929,False
orientation,Cirsium palustre,Cirsium pumilum,0.2929860406230029,0.4430011135077764,False,0.241102780465225,0.3209776535349101,False
orientation,Cirsium palustre,Cirsium rivulare,0.396195464804525,0.4430011135077764,False,0.2371006207506188,0.3395300242276291,False
orientation,Cirsium palustre,Cirsium scariosum,0.3034489004075756,0.4796073404808017,False,0.2506402171340407,0.349003204916645,False
orientation,Cirsium palustre,Cirsium serrulatum,0.2960152330185902,0.4430011135077764,False,0.2085286794933464,0.3209776535349101,False
orientation,Cirsium palustre,Cirsium spinosissimum,0.4053380510770406,0.46538390580280886,False,0.2559205628436942,0.35438911675369383,False
orientation,Cirsium palustre,Cirsium texanum,0.2641378622521707,0.4430011135077764,False,0.2031103480665885,0.3647028429115879,False
orientation,Cirsium palustre,Cirsium undulatum,0.2853917356875519,0.47784811703587055,False,0.2119033262828477,0.3628796499913803,False
orientation,Cirsium palustre,Cirsium vulgare,0.2418027689130014,0.4430011135077764,False,0.2168991830333489,0.3265254240934929,False
orientation,Cirsium pumilum,Cirsium rivulare,0.3053874208927396,0.3957020995652584,False,0.2207537368198535,0.3395300242276291,False
orientation,Cirsium pumilum,Cirsium scariosum,0.4529794757750296,0.4796073404808017,False,0.3378207386599228,0.349003204916645,False
orientation,Cirsium pumilum,Cirsium serrulatum,0.2349567744189636,0.4386184736297499,False,0.1998692033110575,0.27551347575148427,False
orientation,Cirsium pumilum,Cirsium spinosissimum,0.5864993604770115,0.46538390580280886,True,0.3248336792756644,0.35438911675369383,False
orientation,Cirsium pumilum,Cirsium texanum,0.2867655945675028,0.4207960035733719,False,0.1797703412633021,0.3647028429115879,False
orientation,Cirsium pumilum,Cirsium undulatum,0.3016628733891132,0.47784811703587055,False,0.2457702246963442,0.3628796499913803,False
orientation,Cirsium pumilum,Cirsium vulgare,0.3706682824030619,0.44285886239412253,False,0.27036045734582,0.3265254240934929,False
orientation,Cirsium rivulare,Cirsium scariosum,0.5627028118817179,0.4796073404808017,True,0.293541713835357,0.349003204916645,False
orientation,Cirsium rivulare,Cirsium serrulatum,0.2627393590539668,0.4386184736297499,False,0.2174677641173061,0.3395300242276291,False
orientation,Cirsium rivulare,Cirsium spinosissimum,0.713967897787807,0.46538390580280886,True,0.347525360973495,0.35438911675369383,False
orientation,Cirsium rivulare,Cirsium texanum,0.4162113465885495,0.4207960035733719,False,0.2256800279358903,0.3647028429115879,False
orientation,Cirsium rivulare,Cirsium undulatum,0.2873863404869351,0.47784811703587055,False,0.2167699581170147,0.3628796499913803,False
orientation,Cirsium rivulare,Cirsium vulgare,0.4535603957271275,0.44285886239412253,True,0.2266108290345322,0.3395300242276291,False
orientation,Cirsium scariosum,Cirsium serrulatum,0.435522359126077,0.4796073404808017,False,0.293895106491384,0.349003204916645,False
orientation,Cirsium scariosum,Cirsium spinosissimum,0.3401489846070056,0.4796073404808017,False,0.2211847737709168,0.35438911675369383,False
orientation,Cirsium scariosum,Cirsium texanum,0.301366800814794,0.4796073404808017,False,0.2793849273740042,0.3647028429115879,False
orientation,Cirsium scariosum,Cirsium undulatum,0.3440088394442372,0.4796073404808017,False,0.2409117639250003,0.3628796499913803,False
orientation,Cirsium scariosum,Cirsium vulgare,0.2544304769978279,0.4796073404808017,False,0.2244397048264538,0.349003204916645,False
orientation,Cirsium serrulatum,Cirsium spinosissimum,0.635469704057392,0.46538390580280886,True,0.3016586609861825,0.35438911675369383,False
orientation,Cirsium serrulatum,Cirsium texanum,0.3501068946505801,0.4386184736297499,False,0.2075768540188446,0.3647028429115879,False
orientation,Cirsium serrulatum,Cirsium undulatum,0.2829104025560225,0.47784811703587055,False,0.2278958041891043,0.3628796499913803,False
orientation,Cirsium serrulatum,Cirsium vulgare,0.3424857489129248,0.44285886239412253,False,0.2183033552212659,0.3265254240934929,False
orientation,Cirsium spinosissimum,Cirsium texanum,0.3497421657935688,0.46538390580280886,False,0.2350069522753049,0.3647028429115879,False
orientation,Cirsium spinosissimum,Cirsium undulatum,0.5826583962478462,0.47784811703587055,True,0.2862950840944211,0.3628796499913803,False
orientation,Cirsium spinosissimum,Cirsium vulgare,0.3824676694002835,0.46538390580280886,False,0.2485863523474689,0.35438911675369383,False
orientation,Cirsium texanum,Cirsium undulatum,0.3121393957060711,0.47784811703587055,False,0.231426466454191,0.3647028429115879,False
orientation,Cirsium texanum,Cirsium vulgare,0.2667177562658667,0.44285886239412253,False,0.2281935562276454,0.3647028429115879,False
orientation,Cirsium undulatum,Cirsium vulgare,0.3006922129625659,0.47784811703587055,False,0.2034298395367155,0.3628796499913803,False
colour,Cirsium acaulon,Cirsium altissimum,2.320041074695297,1.068342699511235,True,1.0452619254886313,0.923155155173725,True
colour,Cirsium acaulon,Cirsium arizonicum,2.194203739755121,1.042120265869085,True,0.936463869335308,0.923155155173725,True
colour,Cirsium acaulon,Cirsium arvense,2.7151513518958543,1.042120265869085,True,1.1414225157246247,0.985679389981867,True
colour,Cirsium acaulon,Cirsium brevistylum,2.569040090072533,1.2892466016521438,True,1.4048557722761983,1.1495521263931532,True
colour,Cirsium acaulon,Cirsium canum,1.580146427944713,1.1447693013769369,True,1.0589877018915228,1.0348952015189425,True
colour,Cirsium acaulon,Cirsium carolinianum,1.590684657046014,1.042120265869085,True,0.8071685689377766,0.923155155173725,False
colour,Cirsium acaulon,Cirsium discolor,2.201914684036864,1.0835435338973212,True,1.0204658598549248,0.9876242181379319,True
colour,Cirsium acaulon,Cirsium edule,2.436892637304858,1.2072001384200348,True,1.1172720927263604,1.097344356329518,True
colour,Cirsium acaulon,Cirsium erisithales,3.374635768784993,1.042120265869085,True,1.1080875299232984,0.923155155173725,True
colour,Cirsium acaulon,Cirsium esculentum,2.6304248236528496,1.2151147297898388,True,1.3148542360390667,1.0357789206678594,True
colour,Cirsium acaulon,Cirsium flodmanii,1.7672435727562414,1.042120265869085,True,0.9353793213137144,0.923155155173725,True
colour,Cirsium acaulon,Cirsium helenioides,1.8728766940761457,1.1103418909858955,True,1.0411140524902065,1.023308127147829,True
colour,Cirsium acaulon,Cirsium heterophyllum,1.277933911433398,1.181450536903397,True,0.9454540805203506,1.121045663263702,False
colour,Cirsium acaulon,Cirsium hookerianum,4.018799940941392,1.042120265869085,True,1.1588848320594032,0.923155155173725,True
colour,Cirsium acaulon,Cirsium horridulum,2.71839153847873,1.1179446009378615,True,1.3097955460518973,0.954652986875685,True
colour,Cirsium acaulon,Cirsium japonicum,1.2574979490961953,1.042120265869085,True,0.8930319964412247,0.923155155173725,False
colour,Cirsium acaulon,Cirsium mexicanum,2.0496418900526074,1.1366220413245454,True,1.0590665966970685,0.9949932047161499,True
colour,Cirsium acaulon,Cirsium muticum,1.6574568982064506,1.042120265869085,True,0.8956330602052018,0.933073429650454,False
colour,Cirsium acaulon,Cirsium neomexicanum,2.804781430444802,1.042120265869085,True,1.0514795536661148,0.923155155173725,True
colour,Cirsium acaulon,Cirsium nuttallii,3.6021296774286107,1.042120265869085,True,1.193027586345707,0.923155155173725,True
colour,Cirsium acaulon,Cirsium occidentale,2.474885877313042,1.2305543265657088,True,1.139017870468219,0.9472817598456246,True
colour,Cirsium acaulon,Cirsium ochrocentrum,2.976645818205042,1.042120265869085,True,1.0591603459658971,0.923155155173725,True
colour,Cirsium acaulon,Cirsium oleraceum,3.524108258307673,1.042120265869085,True,1.1826625096713643,0.923155155173725,True
colour,Cirsium acaulon,Cirsium palustre,1.9105082569677752,1.0881597676143528,True,1.0602776688138853,1.0161661093362488,True
colour,Cirsium acaulon,Cirsium pumilum,1.6638793323380852,1.042120265869085,True,1.0057875665595972,0.923155155173725,True
colour,Cirsium acaulon,Cirsium rivulare,1.3552889182283692,1.042120265869085,True,0.8584821987729918,0.923155155173725,False
colour,Cirsium acaulon,Cirsium scariosum,3.223548578659787,1.1891003746303133,True,1.2391973633180304,1.0757611078283396,True
colour,Cirsium acaulon,Cirsium serrulatum,2.4915388614086,1.082396775855641,True,1.1945823782937028,0.9956448980332187,True
colour,Cirsium acaulon,Cirsium spinosissimum,3.395270389328806,1.042120265869085,True,1.2064422721479586,0.923155155173725,True
colour,Cirsium acaulon,Cirsium texanum,1.626003751170847,1.0774569909474352,True,0.8468995000958242,0.941269322595561,False
colour,Cirsium acaulon,Cirsium undulatum,2.940612629607738,1.042120265869085,True,1.1579219658053987,0.923155155173725,True
colour,Cirsium acaulon,Cirsium vulgare,2.0738240264468333,1.1995405816013796,True,1.1584264177446866,1.0719401240355568,True
colour,Cirsium altissimum,Cirsium arizonicum,1.7840936844229334,1.068342699511235,True,1.1015524416995626,0.882346239313315,True
colour,Cirsium altissimum,Cirsium arvense,1.0829840854741424,1.068342699511235,True,0.8640614457661568,0.985679389981867,False
colour,Cirsium altissimum,Cirsium brevistylum,1.490946421324158,1.2892466016521438,True,1.2464070936944869,1.1495521263931532,True
colour,Cirsium altissimum,Cirsium canum,1.3128739022269849,1.1447693013769369,True,0.8736519798533602,1.0348952015189425,False
colour,Cirsium altissimum,Cirsium carolinianum,1.1960626618099477,1.068342699511235,True,0.9317807001449454,0.882346239313315,True
colour,Cirsium altissimum,Cirsium discolor,0.9119783774329048,1.0835435338973212,False,0.8424721268897724,0.9876242181379319,False
colour,Cirsium altissimum,Cirsium edule,1.2848691525169444,1.2072001384200348,True,0.9579297619255271,1.097344356329518,False
colour,Cirsium altissimum,Cirsium erisithales,2.4391307922943444,1.068342699511235,True,1.428271694186213,0.882346239313315,True
colour,Cirsium altissimum,Cirsium esculentum,1.4622775154843013,1.2151147297898388,True,1.1430452290331576,1.0357789206678594,True
colour,Cirsium altissimum,Cirsium flodmanii,1.125091055177624,1.068342699511235,True,0.8942893151389832,0.882346239313315,True
colour,Cirsium altissimum,Cirsium helenioides,1.2646305222676912,1.1103418909858955,True,0.9195635057773838,1.023308127147829,False
colour,Cirsium altissimum,Cirsium heterophyllum,1.7615559261024638,1.181450536903397,True,1.057262365674641,1.121045663263702,False
colour,Cirsium altissimum,Cirsium hookerianum,2.561384316231668,1.068342699511235,True,1.428190921996467,0.882346239313315,True
colour,Cirsium altissimum,Cirsium horridulum,1.6855230699657588,1.1179446009378615,True,1.2368678126297472,0.954652986875685,True
colour,Cirsium altissimum,Cirsium japonicum,1.7314785340302257,1.068342699511235,True,1.163333431384825,0.8826564123678007,True
colour,Cirsium altissimum,Cirsium mexicanum,1.1284095959141205,1.1366220413245454,False,0.8793695424772229,0.9949932047161499,False
colour,Cirsium altissimum,Cirsium muticum,1.1961710566338983,1.068342699511235,True,0.9404526424312764,0.933073429650454,True
colour,Cirsium altissimum,Cirsium neomexicanum,1.2130139693621025,1.068342699511235,True,0.8595869403473004,0.882346239313315,False
colour,Cirsium altissimum,Cirsium nuttallii,1.9079759538162684,1.068342699511235,True,1.129817079147981,0.882346239313315,True
colour,Cirsium altissimum,Cirsium occidentale,1.6605825340882592,1.2305543265657088,True,1.2414735195550914,0.9472817598456246,True
colour,Cirsium altissimum,Cirsium ochrocentrum,1.5795805318420912,1.068342699511235,True,1.044073183745421,0.882346239313315,True
colour,Cirsium altissimum,Cirsium oleraceum,2.4055020619580416,1.068342699511235,True,1.5026012789904697,0.9051688408407791,True
colour,Cirsium altissimum,Cirsium palustre,1.4412746013365405,1.0881597676143528,True,0.9394001245754436,1.0161661093362488,False
colour,Cirsium altissimum,Cirsium pumilum,1.234382278364936,1.068342699511235,True,0.8668290510815684,0.8953651882422687,False
colour,Cirsium altissimum,Cirsium rivulare,1.706537908733658,1.068342699511235,True,0.9826978516429418,0.9092512714632217,True
colour,Cirsium altissimum,Cirsium scariosum,1.995014331199282,1.1891003746303133,True,1.3291236004573093,1.0757611078283396,True
colour,Cirsium altissimum,Cirsium serrulatum,1.373861266680686,1.082396775855641,True,0.996740450295966,0.9956448980332187,True
colour,Cirsium altissimum,Cirsium spinosissimum,2.336209847573977,1.068342699511235,True,1.502561903393084,0.882346239313315,True
colour,Cirsium altissimum,Cirsium texanum,1.1669030459984824,1.0774569909474352,True,0.9223838045254492,0.941269322595561,False
colour,Cirsium altissimum,Cirsium undulatum,1.3357260113452425,1.068342699511235,True,0.9549754575267736,0.882346239313315,True
colour,Cirsium altissimum,Cirsium vulgare,1.2889835408126482,1.1995405816013796,True,0.9868371080875488,1.0719401240355568,False
colour,Cirsium arizonicum,Cirsium arvense,1.791991576941537,1.0386853882410207,True,1.0756541298691058,0.985679389981867,True
colour,Cirsium arizonicum,Cirsium brevistylum,1.6284415255093485,1.2892466016521438,True,1.235740241386242,1.1495521263931532,True
colour,Cirsium arizonicum,Cirsium canum,1.679144542798205,1.1447693013769369,True,1.080665765337527,1.0348952015189425,True
colour,Cirsium arizonicum,Cirsium carolinianum,1.5638872993068849,0.9578681366607987,True,0.9313258550183072,0.8589736208502625,True
colour,Cirsium arizonicum,Cirsium discolor,1.7286238484291176,1.0835435338973212,True,1.0688468978938523,0.9876242181379319,True
colour,Cirsium arizonicum,Cirsium edule,1.3207516444015868,1.2072001384200348,True,1.0025291578055135,1.097344356329518,False
colour,Cirsium arizonicum,Cirsium erisithales,2.217868704696109,0.8934591588423887,True,0.8687247885817009,0.766335691999794,True
colour,Cirsium arizonicum,Cirsium esculentum,1.347564548685121,1.2151147297898388,True,1.0987312502620117,1.0357789206678594,True
colour,Cirsium arizonicum,Cirsium flodmanii,1.338059740511679,1.0318020935746621,True,0.9610355671403334,0.8647523131307399,True
colour,Cirsium arizonicum,Cirsium helenioides,1.3772601120714645,1.1103418909858955,True,1.0767296493523797,1.023308127147829,True
colour,Cirsium arizonicum,Cirsium heterophyllum,1.8096897400756784,1.181450536903397,True,1.1103812661127996,1.121045663263702,False
colour,Cirsium arizonicum,Cirsium hookerianum,2.3767444283292574,0.8792764719527462,True,0.8084932719881934,0.7647010158438513,True
colour,Cirsium arizonicum,Cirsium horridulum,1.235639842769692,1.1179446009378615,True,1.0196410543987109,0.954652986875685,True
colour,Cirsium arizonicum,Cirsium japonicum,1.978609028926008,1.0398611527403447,True,1.0606478909687636,0.8826564123678007,True
colour,Cirsium arizonicum,Cirsium mexicanum,1.2442128196981623,1.1366220413245454,True,0.9458442361585582,0.9949932047161499,False
colour,Cirsium arizonicum,Cirsium muticum,1.5137248947613176,1.0269516723742083,True,0.9829861289805316,0.933073429650454,True
colour,Cirsium arizonicum,Cirsium neomexicanum,1.650113038463874,0.9870612607815537,True,0.969188772586723,0.8087652474054237,True
colour,Cirsium arizonicum,Cirsium nuttallii,2.113401874531677,0.9004883057494265,True,0.9094073555426352,0.8591150270850094,True
colour,Cirsium arizonicum,Cirsium occidentale,1.1408121541260976,1.2305543265657088,False,0.975501085818654,0.9472817598456246,True
colour,Cirsium arizonicum,Cirsium ochrocentrum,1.2744736237744063,0.8792764719527462,True,0.7842007209578841,0.7653987355736059,True
colour,Cirsium arizonicum,Cirsium oleraceum,2.2147836900344697,1.0086399676528772,True,1.0141358595181562,0.9051688408407791,True
colour,Cirsium arizonicum,Cirsium palustre,1.269238045410415,1.0881597676143528,True,1.0097178948428227,1.0161661093362488,False
colour,Cirsium arizonicum,Cirsium pumilum,1.6620755123183617,1.0216213508135759,True,1.073441673254799,0.8953651882422687,True
colour,Cirsium arizonicum,Cirsium rivulare,1.4898374685477742,0.9589789308280635,True,0.9247938721972252,0.9092512714632217,True
colour,Cirsium arizonicum,Cirsium scariosum,1.5607305435205436,1.1891003746303133,True,0.9153450250391748,1.0757611078283396,False
colour,Cirsium arizonicum,Cirsium serrulatum,1.2434429179628594,1.082396775855641,True,1.0385384629457528,0.9956448980332187,True
colour,Cirsium arizonicum,Cirsium spinosissimum,1.9816057642204703,0.9373774367171024,True,0.99685230989863,0.8786262506725341,True
colour,Cirsium arizonicum,Cirsium texanum,1.8029324860178784,1.0774569909474352,True,0.9935247709311112,0.941269322595561,True
colour,Cirsium arizonicum,Cirsium undulatum,1.5655188133790658,0.9503950263852825,True,0.961902907408843,0.879537002550279,True
colour,Cirsium arizonicum,Cirsium vulgare,1.4301558523392048,1.1995405816013796,True,1.115148666244469,1.0719401240355568,True
colour,Cirsium arvense,Cirsium brevistylum,1.6243649068455737,1.2892466016521438,True,1.198284979056186,1.1495521263931532,True
colour,Cirsium arvense,Cirsium canum,1.709843269161725,1.1447693013769369,True,1.0132332751552051,1.0348952015189425,False
colour,Cirsium arvense,Cirsium carolinianum,1.5887970356736458,1.0386853882410207,True,1.0037607795114252,0.985679389981867,True
colour,Cirsium arvense,Cirsium discolor,1.1331455377337811,1.0835435338973212,True,0.8563406426999594,0.9876242181379319,False
colour,Cirsium arvense,Cirsium edule,1.1699860856481072,1.2072001384200348,False,0.9807623862010078,1.097344356329518,False
colour,Cirsium arvense,Cirsium erisithales,2.505678099933654,1.0386853882410207,True,1.3665660674816382,0.985679389981867,True
colour,Cirsium arvense,Cirsium esculentum,1.4088454449456802,1.2151147297898388,True,1.0934004465257472,1.0357789206678594,True
colour,Cirsium arvense,Cirsium flodmanii,1.4557006398045975,1.0386853882410207,True,1.0156673190072674,0.985679389981867,True
colour,Cirsium arvense,Cirsium helenioides,1.4529172334196807,1.1103418909858955,True,0.9730506140246864,1.023308127147829,False
colour,Cirsium arvense,Cirsium heterophyllum,2.184756702406104,1.181450536903397,True,1.1933573048626802,1.121045663263702,True
colour,Cirsium arvense,Cirsium hookerianum,2.270564109108755,1.0386853882410207,True,1.3101616866730896,0.985679389981867,True
colour,Cirsium arvense,Cirsium horridulum,1.4188686530874797,1.1179446009378615,True,1.145687893753109,0.985679389981867,True
colour,Cirsium arvense,Cirsium japonicum,2.1542570970339003,1.0398611527403447,True,1.2222561645059118,0.985679389981867,True
colour,Cirsium arvense,Cirsium mexicanum,1.29139580190404,1.1366220413245454,True,0.8964031547336722,0.9949932047161499,False
colour,Cirsium arvense,Cirsium muticum,1.5329358492642742,1.0386853882410207,True,0.9959600693613416,0.985679389981867,True
colour,Cirsium arvense,Cirsium neomexicanum,0.9827424474055716,1.0386853882410207,False,0.924426834430592,0.985679389981867,False
colour,Cirsium arvense,Cirsium nuttallii,1.5144805607683431,1.0386853882410207,True,0.9991457779791508,0.985679389981867,True
colour,Cirsium arvense,Cirsium occidentale,1.6501308280425715,1.2305543265657088,True,1.2593591190514286,0.985679389981867,True
colour,Cirsium arvense,Cirsium ochrocentrum,1.3186956672557757,1.0386853882410207,True,0.9894854287451214,0.985679389981867,True
colour,Cirsium arvense,Cirsium oleraceum,2.4013659420347877,1.0386853882410207,True,1.4294471869236929,0.985679389981867,True
colour,Cirsium arvense,Cirsium palustre,1.4965252470584909,1.0881597676143528,True,0.9767523777177768,1.0161661093362488,False
colour,Cirsium arvense,Cirsium pumilum,1.6657766769038098,1.0386853882410207,True,0.9669614919742656,0.985679389981867,False
colour,Cirsium arvense,Cirsium rivulare,1.956473502151809,1.0386853882410207,True,0.9943253861026696,0.985679389981867,True
colour,Cirsium arvense,Cirsium scariosum,1.7447449758805895,1.1891003746303133,True,1.2255081442426734,1.0757611078283396,True
colour,Cirsium arvense,Cirsium serrulatum,1.3287529903059174,1.082396775855641,True,0.9412777194209958,0.9956448980332187,False
colour,Cirsium arvense,Cirsium spinosissimum,2.3154892893956367,1.0386853882410207,True,1.4271582291093614,0.985679389981867,True
colour,Cirsium arvense,Cirsium texanum,1.6000067659806394,1.0774569909474352,True,1.0461117716214163,0.985679389981867,True
colour,Cirsium arvense,Cirsium undulatum,1.0221701900558855,1.0386853882410207,False,0.8610185500351797,0.985679389981867,False
colour,Cirsium arvense,Cirsium vulgare,1.5549743030162269,1.1995405816013796,True,1.1005737659620154,1.0719401240355568,True
colour,Cirsium brevistylum,Cirsium canum,1.618982476574974,1.2892466016521438,True,1.274922989744312,1.1495521263931532,True
colour,Cirsium brevistylum,Cirsium carolinianum,1.7442881575301454,1.2892466016521438,True,1.3004243097623074,1.1495521263931532,True
colour,Cirsium brevistylum,Cirsium discolor,1.594592768631397,1.2892466016521438,True,1.2916692986875844,1.1495521263931532,True
colour,Cirsium brevistylum,Cirsium edule,1.500783975083713,1.2892466016521438,True,1.1266334618188711,1.1495521263931532,False
colour,Cirsium brevistylum,Cirsium erisithales,2.013308584348649,1.2892466016521438,True,1.5096950802529854,1.1495521263931532,True
colour,Cirsium brevistylum,Cirsium esculentum,1.1861692602244955,1.2892466016521438,False,1.0107812536927745,1.1495521263931532,False
colour,Cirsium brevistylum,Cirsium flodmanii,1.514072505648925,1.2892466016521438,True,1.2389590707031497,1.1495521263931532,True
colour,Cirsium brevistylum,Cirsium helenioides,1.6665967936510009,1.2892466016521438,True,1.2269820248437882,1.1495521263931532,True
colour,Cirsium brevistylum,Cirsium heterophyllum,2.0451877244342462,1.2892466016521438,True,1.3823611663555957,1.1495521263931532,True
colour,Cirsium brevistylum,Cirsium hookerianum,2.379560515436503,1.2892466016521438,True,1.5324949445980542,1.1495521263931532,True
colour,Cirsium brevistylum,Cirsium horridulum,1.4171100007073052,1.2892466016521438,True,1.0578631311889644,1.1495521263931532,False
colour,Cirsium brevistylum,Cirsium japonicum,2.097531600244566,1.2892466016521438,True,1.4207399839619133,1.1495521263931532,True
colour,Cirsium brevistylum,Cirsium mexicanum,1.3378463745351707,1.2892466016521438,True,1.097643785224632,1.1495521263931532,False
colour,Cirsium brevistylum,Cirsium muticum,1.6705677299812574,1.2892466016521438,True,1.26390028939717,1.1495521263931532,True
colour,Cirsium brevistylum,Cirsium neomexicanum,1.6666079452899427,1.2892466016521438,True,1.2080196111649446,1.1495521263931532,True
colour,Cirsium brevistylum,Cirsium nuttallii,1.864119571824613,1.2892466016521438,True,1.1920210770946422,1.1495521263931532,True
colour,Cirsium brevistylum,Cirsium occidentale,1.554518342475372,1.2892466016521438,True,1.2196669980108843,1.1495521263931532,True
colour,Cirsium brevistylum,Cirsium ochrocentrum,1.5239361006767822,1.2892466016521438,True,1.171767344275436,1.1495521263931532,True
colour,Cirsium brevistylum,Cirsium oleraceum,1.983985356060345,1.2892466016521438,True,1.526655828868004,1.1495521263931532,True
colour,Cirsium brevistylum,Cirsium palustre,1.6938690627449589,1.2892466016521438,True,1.1826831631883428,1.1495521263931532,True
colour,Cirsium brevistylum,Cirsium pumilum,1.6428063576442404,1.2892466016521438,True,1.2778366286986709,1.1495521263931532,True
colour,Cirsium brevistylum,Cirsium rivulare,2.0580251545023422,1.2892466016521438,True,1.2924521729879936,1.1495521263931532,True
colour,Cirsium brevistylum,Cirsium scariosum,1.619089373578606,1.2892466016521438,True,1.2411676673578755,1.1495521263931532,True
colour,Cirsium brevistylum,Cirsium serrulatum,1.1945111958708443,1.2892466016521438,False,1.0506342752071616,1.1495521263931532,False
colour,Cirsium brevistylum,Cirsium spinosissimum,1.9032437257078596,1.2892466016521438,True,1.5266433910520982,1.1495521263931532,True
colour,Cirsium brevistylum,Cirsium texanum,1.819352989810066,1.2892466016521438,True,1.3430625300463677,1.1495521263931532,True
colour,Cirsium brevistylum,Cirsium undulatum,1.4161421478720997,1.2892466016521438,True,1.0540045837732774,1.1495521263931532,False
colour,Cirsium brevistylum,Cirsium vulgare,1.273404182901147,1.2892466016521438,False,1.1148919097261794,1.1495521263931532,False
colour,Cirsium canum,Cirsium carolinianum,1.0845099354288903,1.1447693013769369,False,0.9640334563943784,1.0348952015189425,False
colour,Cirsium canum,Cirsium discolor,1.2624118534894395,1.1447693013769369,True,0.957021274237815,1.0348952015189425,False
colour,Cirsium canum,Cirsium edule,1.5537928101057388,1.2072001384200348,True,0.9533576028699142,1.097344356329518,False
colour,Cirsium canum,Cirsium erisithales,2.5868477964106145,1.1447693013769369,True,1.3997024987393378,1.0348952015189425,True
colour,Cirsium canum,Cirsium esculentum,1.707316961663358,1.2151147297898388,True,1.141890527598234,1.0357789206678594,True
colour,Cirsium canum,Cirsium flodmanii,1.0730807118580032,1.1447693013769369,False,0.900812546065091,1.0348952015189425,False
colour,Cirsium canum,Cirsium helenioides,1.2116298583933145,1.1447693013769369,True,0.8928833374351854,1.0348952015189425,False
colour,Cirsium canum,Cirsium heterophyllum,1.2004855626619984,1.181450536903397,True,0.9915238546102794,1.121045663263702,False
colour,Cirsium canum,Cirsium hookerianum,3.109301807604575,1.1447693013769369,True,1.409038427899293,1.0348952015189425,True
colour,Cirsium canum,Cirsium horridulum,1.9105722835891925,1.1447693013769369,True,1.2071835369518864,1.0348952015189425,True
colour,Cirsium canum,Cirsium japonicum,1.2590716519737282,1.1447693013769369,True,1.0844685248123933,1.0348952015189425,True
colour,Cirsium canum,Cirsium mexicanum,1.1615478033913078,1.1447693013769369,True,0.953809363782633,1.0348952015189425,False
colour,Cirsium canum,Cirsium muticum,1.0592749959079264,1.1447693013769369,False,0.9149127126763292,1.0348952015189425,False
colour,Cirsium canum,Cirsium neomexicanum,1.7610126785803195,1.1447693013769369,True,0.9487198655598762,1.0348952015189425,False
colour,Cirsium canum,Cirsium nuttallii,2.60474168635315,1.1447693013769369,True,1.2404741141116935,1.0348952015189425,True
colour,Cirsium canum,Cirsium occidentale,1.7065235854696683,1.2305543265657088,True,1.2077437109105005,1.0348952015189425,True
colour,Cirsium canum,Cirsium ochrocentrum,1.995696708823326,1.1447693013769369,True,1.1247128016101402,1.0348952015189425,True
colour,Cirsium canum,Cirsium oleraceum,2.675098974284327,1.1447693013769369,True,1.428018922900946,1.0348952015189425,True
colour,Cirsium canum,Cirsium palustre,1.2897968933993316,1.1447693013769369,True,0.9233061898998848,1.0348952015189425,False
colour,Cirsium canum,Cirsium pumilum,0.9211380698713548,1.1447693013769369,False,0.8587874651186751,1.0348952015189425,False
colour,Cirsium canum,Cirsium rivulare,1.335990195739067,1.1447693013769369,True,0.9544194571755348,1.0348952015189425,False
colour,Cirsium canum,Cirsium scariosum,2.3360100726365247,1.1891003746303133,True,1.325982302759671,1.0757611078283396,True
colour,Cirsium canum,Cirsium serrulatum,1.5673092375819984,1.1447693013769369,True,1.0920555741130076,1.0348952015189425,True
colour,Cirsium canum,Cirsium spinosissimum,2.530845801465949,1.1447693013769369,True,1.4392191955332343,1.0348952015189425,True
colour,Cirsium canum,Cirsium texanum,1.1155930188156449,1.1447693013769369,False,0.976682227928562,1.0348952015189425,False
colour,Cirsium canum,Cirsium undulatum,1.9356156412422207,1.1447693013769369,True,1.0673318815083004,1.0348952015189425,True
colour,Cirsium canum,Cirsium vulgare,1.197079947376218,1.1995405816013796,False,1.022204231035008,1.0719401240355568,False
colour,Cirsium carolinianum,Cirsium discolor,1.149381785875558,1.0835435338973212,True,0.9437367421053416,0.9876242181379319,False
colour,Cirsium carolinianum,Cirsium edule,1.3707569156069666,1.2072001384200348,True,1.0143635818671322,1.097344356329518,False
colour,Cirsium carolinianum,Cirsium erisithales,2.7070926631888343,0.9578681366607987,True,1.2070998648862283,0.8589736208502625,True
colour,Cirsium carolinianum,Cirsium esculentum,1.7165445104331356,1.2151147297898388,True,1.2195915798747876,1.0357789206678594,True
colour,Cirsium carolinianum,Cirsium flodmanii,0.9224527112915326,1.0318020935746621,False,0.8064683959190342,0.8647523131307399,False
colour,Cirsium carolinianum,Cirsium helenioides,1.0857080848245464,1.1103418909858955,False,0.9291045693503276,1.023308127147829,False
colour,Cirsium carolinianum,Cirsium heterophyllum,1.1946828028323615,1.181450536903397,True,0.9273271122302184,1.121045663263702,False
colour,Cirsium carolinianum,Cirsium hookerianum,3.024800374072629,0.9578681366607987,True,1.2312279540246762,0.8589736208502625,True
colour,Cirsium carolinianum,Cirsium horridulum,1.8087042742311672,1.1179446009378615,True,1.182785226626342,0.954652986875685,True
colour,Cirsium carolinianum,Cirsium japonicum,1.073766782294426,1.0398611527403447,True,0.8720926241589002,0.8826564123678007,False
colour,Cirsium carolinianum,Cirsium mexicanum,1.132835739443478,1.1366220413245454,False,0.951399139461542,0.9949932047161499,False
colour,Cirsium carolinianum,Cirsium muticum,0.9147098500882928,1.0269516723742083,False,0.8567023724971147,0.933073429650454,False
colour,Cirsium carolinianum,Cirsium neomexicanum,1.5868694411253133,0.9870612607815537,True,0.8886517333791273,0.8589736208502625,True
colour,Cirsium carolinianum,Cirsium nuttallii,2.3984694550049666,0.9578681366607987,True,1.121124015231596,0.8591150270850094,True
colour,Cirsium carolinianum,Cirsium occidentale,1.5726422051724689,1.2305543265657088,True,1.1063680065197803,0.9472817598456246,True
colour,Cirsium carolinianum,Cirsium ochrocentrum,1.8712767658692664,0.9578681366607987,True,1.0015130972621442,0.8589736208502625,True
colour,Cirsium carolinianum,Cirsium oleraceum,2.747312094389871,1.0086399676528772,True,1.303928275256021,0.9051688408407791,True
colour,Cirsium carolinianum,Cirsium palustre,1.1807646911225174,1.0881597676143528,True,0.9833576853911836,1.0161661093362488,False
colour,Cirsium carolinianum,Cirsium pumilum,0.9996457433263366,1.0216213508135759,False,0.9062676163981072,0.8953651882422687,True
colour,Cirsium carolinianum,Cirsium rivulare,1.0827921920297154,0.9589789308280635,True,0.82952918486086,0.9092512714632217,False
colour,Cirsium carolinianum,Cirsium scariosum,2.2897705538510404,1.1891003746303133,True,1.2539241975607949,1.0757611078283396,True
colour,Cirsium carolinianum,Cirsium serrulatum,1.6042655521503364,1.082396775855641,True,1.080004842059064,0.9956448980332187,True
colour,Cirsium carolinianum,Cirsium spinosissimum,2.6375820840291206,0.9578681366607987,True,1.3053166885007594,0.8786262506725341,True
colour,Cirsium carolinianum,Cirsium texanum,0.9141382347464846,1.0774569909474352,False,0.8014144528626372,0.941269322595561,False
colour,Cirsium carolinianum,Cirsium undulatum,1.7791238232204551,0.9578681366607987,True,0.9903728255238908,0.879537002550279,True
colour,Cirsium carolinianum,Cirsium vulgare,1.2821883970849957,1.1995405816013796,True,1.0298395794411297,1.0719401240355568,False
colour,Cirsium discolor,Cirsium edule,1.3043332743695677,1.2072001384200348,True,1.023230260611418,1.097344356329518,False
colour,Cirsium discolor,Cirsium erisithales,2.48026793578834,1.0835435338973212,True,1.3139456220570087,0.9876242181379319,True
colour,Cirsium discolor,Cirsium esculentum,1.545450409319903,1.2151147297898388,True,1.235355712345209,1.0357789206678594,True
colour,Cirsium discolor,Cirsium flodmanii,1.1791556950119406,1.0835435338973212,True,0.9724620396155904,0.9876242181379319,False
colour,Cirsium discolor,Cirsium helenioides,1.2347992456983587,1.1103418909858955,True,0.9906432243832108,1.023308127147829,False
colour,Cirsium discolor,Cirsium heterophyllum,1.7066738821261418,1.181450536903397,True,1.102107585497741,1.121045663263702,False
colour,Cirsium discolor,Cirsium hookerianum,2.606438555634206,1.0835435338973212,True,1.298191500725002,0.9876242181379319,True
colour,Cirsium discolor,Cirsium horridulum,1.7241079251613305,1.1179446009378615,True,1.2598856937615035,0.9876242181379319,True
colour,Cirsium discolor,Cirsium japonicum,1.6214434309302916,1.0835435338973212,True,1.1589105836458846,0.9876242181379319,True
colour,Cirsium discolor,Cirsium mexicanum,1.120397549859108,1.1366220413245454,False,0.8822378982057222,0.9949932047161499,False
colour,Cirsium discolor,Cirsium muticum,1.180629347723702,1.0835435338973212,True,0.9684557245743416,0.9876242181379319,False
colour,Cirsium discolor,Cirsium neomexicanum,1.230430093816306,1.0835435338973212,True,0.8994953081474554,0.9876242181379319,False
colour,Cirsium discolor,Cirsium nuttallii,1.9462095301351328,1.0835435338973212,True,1.046393630885301,0.9876242181379319,True
colour,Cirsium discolor,Cirsium occidentale,1.6745280641082816,1.2305543265657088,True,1.2921450790085722,0.9876242181379319,True
colour,Cirsium discolor,Cirsium ochrocentrum,1.6535998003841004,1.0835435338973212,True,0.988316148578284,0.9876242181379319,True
colour,Cirsium discolor,Cirsium oleraceum,2.491020130534748,1.0835435338973212,True,1.4272916174214574,0.9876242181379319,True
colour,Cirsium discolor,Cirsium palustre,1.3717085076678828,1.0881597676143528,True,0.9959903646530248,1.0161661093362488,False
colour,Cirsium discolor,Cirsium pumilum,1.142739186538205,1.0835435338973212,True,0.8726269441120422,0.9876242181379319,False
colour,Cirsium discolor,Cirsium rivulare,1.6114730458636182,1.0835435338973212,True,0.9481923326123648,0.9876242181379319,False
colour,Cirsium discolor,Cirsium scariosum,2.018385819951198,1.1891003746303133,True,1.2659558229280046,1.0757611078283396,True
colour,Cirsium discolor,Cirsium serrulatum,1.397333440024051,1.0835435338973212,True,1.0048678442078902,0.9956448980332187,True
colour,Cirsium discolor,Cirsium spinosissimum,2.3679530377223275,1.0835435338973212,True,1.400874782837663,0.9876242181379319,True
colour,Cirsium discolor,Cirsium texanum,1.1317555129556491,1.0835435338973212,True,0.924526802461414,0.9876242181379319,False
colour,Cirsium discolor,Cirsium undulatum,1.3691542197952509,1.0835435338973212,True,0.9208720239241216,0.9876242181379319,False
colour,Cirsium discolor,Cirsium vulgare,1.3648119677150563,1.1995405816013796,True,1.1143276555952717,1.0719401240355568,True
colour,Cirsium edule,Cirsium erisithales,2.440154775300225,1.2072001384200348,True,1.3176247269184145,1.097344356329518,True
colour,Cirsium edule,Cirsium esculentum,1.206483567626726,1.2151147297898388,False,1.041179547543348,1.097344356329518,False
colour,Cirsium edule,Cirsium flodmanii,1.249049470335828,1.2072001384200348,True,0.9737128343574034,1.097344356329518,False
colour,Cirsium edule,Cirsium helenioides,1.1673478959731751,1.2072001384200348,False,0.955140263794315,1.097344356329518,False
colour,Cirsium edule,Cirsium heterophyllum,1.8453510173301155,1.2072001384200348,True,1.1103396816044282,1.121045663263702,False
colour,Cirsium edule,Cirsium hookerianum,2.4067016785027926,1.2072001384200348,True,1.32064313104588,1.097344356329518,True
colour,Cirsium edule,Cirsium horridulum,1.1741911547867865,1.2072001384200348,False,1.0475201432957806,1.097344356329518,False
colour,Cirsium edule,Cirsium japonicum,1.953240754610216,1.2072001384200348,True,1.19077286372266,1.097344356329518,True
colour,Cirsium edule,Cirsium mexicanum,1.1120449259750151,1.2072001384200348,False,0.939505515100234,1.097344356329518,False
colour,Cirsium edule,Cirsium muticum,1.3456527818163155,1.2072001384200348,True,0.98404001375538,1.097344356329518,False
colour,Cirsium edule,Cirsium neomexicanum,1.1260380475605851,1.2072001384200348,False,0.9517572203575436,1.097344356329518,False
colour,Cirsium edule,Cirsium nuttallii,1.7679467709675465,1.2072001384200348,True,1.0982988101750932,1.097344356329518,True
colour,Cirsium edule,Cirsium occidentale,1.2671972306541897,1.2305543265657088,True,1.1412772691294792,1.097344356329518,True
colour,Cirsium edule,Cirsium ochrocentrum,1.250047629008499,1.2072001384200348,True,1.0329387904169045,1.097344356329518,False
colour,Cirsium edule,Cirsium oleraceum,2.3860080297487563,1.2072001384200348,True,1.373249735863606,1.097344356329518,True
colour,Cirsium edule,Cirsium palustre,1.1302601493271176,1.2072001384200348,False,0.8727488828216478,1.097344356329518,False
colour,Cirsium edule,Cirsium pumilum,1.5486361333794174,1.2072001384200348,True,0.9752608260674146,1.097344356329518,False
colour,Cirsium edule,Cirsium rivulare,1.67433810553936,1.2072001384200348,True,1.0356032122961971,1.097344356329518,False
colour,Cirsium edule,Cirsium scariosum,1.7033391802625355,1.2072001384200348,True,1.2240065182332234,1.097344356329518,True
colour,Cirsium edule,Cirsium serrulatum,1.1605980055406022,1.2072001384200348,False,1.0001631047232726,1.097344356329518,False
colour,Cirsium edule,Cirsium spinosissimum,2.243503886634916,1.2072001384200348,True,1.399673899561755,1.097344356329518,True
colour,Cirsium edule,Cirsium texanum,1.6000193464387475,1.2072001384200348,True,1.0728711302268483,1.097344356329518,False
colour,Cirsium edule,Cirsium undulatum,1.1659602212763134,1.2072001384200348,False,0.9626954687972148,1.097344356329518,False
colour,Cirsium edule,Cirsium vulgare,1.2934015441761997,1.2072001384200348,True,0.9919303050983356,1.097344356329518,False
colour,Cirsium erisithales,Cirsium esculentum,2.0852516627753603,1.2151147297898388,True,1.3857989327119102,1.0357789206678594,True
colour,Cirsium erisithales,Cirsium flodmanii,2.478171634185262,1.0318020935746621,True,1.3022641250011968,0.8647523131307399,True
colour,Cirsium erisithales,Cirsium helenioides,2.6747680527909106,1.1103418909858955,True,1.387727238951257,1.023308127147829,True
colour,Cirsium erisithales,Cirsium heterophyllum,3.007747967943001,1.181450536903397,True,1.3716472638580657,1.121045663263702,True
colour,Cirsium erisithales,Cirsium hookerianum,1.5803032651764042,0.8934591588423887,True,0.702972175884666,0.766335691999794,False
colour,Cirsium erisithales,Cirsium horridulum,2.262373636044337,1.1179446009378615,True,1.292109792123857,0.954652986875685,True
colour,Cirsium erisithales,Cirsium japonicum,3.009306727047668,1.0398611527403447,True,1.2431115256935452,0.8826564123678007,True
colour,Cirsium erisithales,Cirsium mexicanum,2.3363541846330045,1.1366220413245454,True,1.2720868566004224,0.9949932047161499,True
colour,Cirsium erisithales,Cirsium muticum,2.605189796682024,1.0269516723742083,True,1.250325085718232,0.933073429650454,True
colour,Cirsium erisithales,Cirsium neomexicanum,2.486462251167398,0.9870612607815537,True,1.326552341516014,0.8087652474054237,True
colour,Cirsium erisithales,Cirsium nuttallii,1.9574097531522665,0.9004883057494265,True,1.0686178167443474,0.8591150270850094,True
colour,Cirsium erisithales,Cirsium occidentale,2.300469871239331,1.2305543265657088,True,1.2076581271129263,0.9472817598456246,True
colour,Cirsium erisithales,Cirsium ochrocentrum,1.9906523256197908,0.8934591588423887,True,1.052452592166932,0.766335691999794,True
colour,Cirsium erisithales,Cirsium oleraceum,0.8762441224267588,1.0086399676528772,False,0.7076145282926541,0.9051688408407791,False
colour,Cirsium erisithales,Cirsium palustre,2.7176210028602625,1.0881597676143528,True,1.2918270513590835,1.0161661093362488,True
colour,Cirsium erisithales,Cirsium pumilum,2.534108933608968,1.0216213508135759,True,1.3826391913158302,0.8953651882422687,True
colour,Cirsium erisithales,Cirsium rivulare,3.0235232496686564,0.9589789308280635,True,1.1640325719188862,0.9092512714632217,True
colour,Cirsium erisithales,Cirsium scariosum,1.6527073441322666,1.1891003746303133,True,0.9808944998541772,1.0757611078283396,False
colour,Cirsium erisithales,Cirsium serrulatum,2.0533884011319943,1.082396775855641,True,1.2831852499483398,0.9956448980332187,True
colour,Cirsium erisithales,Cirsium spinosissimum,0.9274577108834976,0.9373774367171024,False,0.7432989706354898,0.8786262506725341,False
colour,Cirsium erisithales,Cirsium texanum,2.7073698907258037,1.0774569909474352,True,1.2653040968160223,0.941269322595561,True
colour,Cirsium erisithales,Cirsium undulatum,2.107218702015712,0.9503950263852825,True,1.281255204064759,0.879537002550279,True
colour,Cirsium erisithales,Cirsium vulgare,2.265272683784278,1.1995405816013796,True,1.4333931940297546,1.0719401240355568,True
colour,Cirsium esculentum,Cirsium flodmanii,1.426167832783901,1.2151147297898388,True,1.1708866754330534,1.0357789206678594,True
colour,Cirsium esculentum,Cirsium helenioides,1.444112860717408,1.2151147297898388,True,1.1744863598851674,1.0357789206678594,True
colour,Cirsium esculentum,Cirsium heterophyllum,2.056205494162969,1.2151147297898388,True,1.292558256241875,1.121045663263702,True
colour,Cirsium esculentum,Cirsium hookerianum,2.2386189708553625,1.2151147297898388,True,1.4256059875265974,1.0357789206678594,True
colour,Cirsium esculentum,Cirsium horridulum,1.1546214908661634,1.2151147297898388,False,1.0389193116382534,1.0357789206678594,True
colour,Cirsium esculentum,Cirsium japonicum,2.1635864425243208,1.2151147297898388,True,1.3442028429165784,1.0357789206678594,True
colour,Cirsium esculentum,Cirsium mexicanum,1.189525620709776,1.2151147297898388,False,1.0059206156528528,1.0357789206678594,False
colour,Cirsium esculentum,Cirsium muticum,1.5757728469884538,1.2151147297898388,True,1.202610790754992,1.0357789206678594,True
colour,Cirsium esculentum,Cirsium neomexicanum,1.4056452668209425,1.2151147297898388,True,1.1548901289809288,1.0357789206678594,True
colour,Cirsium esculentum,Cirsium nuttallii,1.6865626267718592,1.2151147297898388,True,1.1273025440148825,1.0357789206678594,True
colour,Cirsium esculentum,Cirsium occidentale,1.2711789801907818,1.2305543265657088,True,1.153958767194486,1.0357789206678594,True
colour,Cirsium esculentum,Cirsium ochrocentrum,1.2035708070287598,1.2151147297898388,False,1.0496472593828177,1.0357789206678594,True
colour,Cirsium esculentum,Cirsium oleraceum,2.061010711920316,1.2151147297898388,True,1.4039493487363488,1.0357789206678594,True
colour,Cirsium esculentum,Cirsium palustre,1.4441186555778316,1.2151147297898388,True,1.074846810652996,1.0357789206678594,True
colour,Cirsium esculentum,Cirsium pumilum,1.6957999103255492,1.2151147297898388,True,1.1867806779592254,1.0357789206678594,True
colour,Cirsium esculentum,Cirsium rivulare,1.933534853111348,1.2151147297898388,True,1.222479458545615,1.0357789206678594,True
colour,Cirsium esculentum,Cirsium scariosum,1.4024526756792182,1.2151147297898388,True,1.134421203633496,1.0757611078283396,True
colour,Cirsium esculentum,Cirsium serrulatum,1.0494569879774427,1.2151147297898388,False,0.970799444624206,1.0357789206678594,False
colour,Cirsium esculentum,Cirsium spinosissimum,1.8777908353399972,1.2151147297898388,True,1.41486618196943,1.0357789206678594,True
colour,Cirsium esculentum,Cirsium texanum,1.8620266848718636,1.2151147297898388,True,1.2631362322081103,1.0357789206678594,True
colour,Cirsium esculentum,Cirsium undulatum,1.1908406622304195,1.2151147297898388,False,0.9728194129769504,1.0357789206678594,False
colour,Cirsium esculentum,Cirsium vulgare,1.3242079862480292,1.2151147297898388,True,1.0713225403030404,1.0719401240355568,False
colour,Cirsium flodmanii,Cirsium helenioides,1.0092814162520582,1.1103418909858955,False,0.8601468897221574,1.023308127147829,False
colour,Cirsium flodmanii,Cirsium heterophyllum,1.2595170998181875,1.181450536903397,True,0.9057641538898084,1.121045663263702,False
colour,Cirsium flodmanii,Cirsium hookerianum,2.788620537150972,1.0318020935746621,True,1.30373068584992,0.8647523131307399,True
colour,Cirsium flodmanii,Cirsium horridulum,1.5350131727221603,1.1179446009378615,True,1.177649445244224,0.954652986875685,True
colour,Cirsium flodmanii,Cirsium japonicum,1.3468853301040316,1.0398611527403447,True,0.976009041254072,0.8826564123678007,True
colour,Cirsium flodmanii,Cirsium mexicanum,0.9854646922555266,1.1366220413245454,False,0.911975107643785,0.9949932047161499,False
colour,Cirsium flodmanii,Cirsium muticum,0.9599923150038454,1.0318020935746621,False,0.8342550284309,0.933073429650454,False
colour,Cirsium flodmanii,Cirsium neomexicanum,1.3678746115729898,1.0318020935746621,True,0.8214836354476345,0.8647523131307399,False
colour,Cirsium flodmanii,Cirsium nuttallii,2.2117726401159614,1.0318020935746621,True,1.1642031126345151,0.8647523131307399,True
colour,Cirsium flodmanii,Cirsium occidentale,1.3517786334825908,1.2305543265657088,True,1.096454533692124,0.9472817598456246,True
colour,Cirsium flodmanii,Cirsium ochrocentrum,1.6472281063314964,1.0318020935746621,True,1.0232843377845249,0.8647523131307399,True
colour,Cirsium flodmanii,Cirsium oleraceum,2.494902064114778,1.0318020935746621,True,1.369170556086004,0.9051688408407791,True
colour,Cirsium flodmanii,Cirsium palustre,1.1466946789181116,1.0881597676143528,True,0.9484915105029004,1.0161661093362488,False
colour,Cirsium flodmanii,Cirsium pumilum,1.019076386040075,1.0318020935746621,False,0.8462308960472036,0.8953651882422687,False
colour,Cirsium flodmanii,Cirsium rivulare,1.1912907116593812,1.0318020935746621,True,0.888447480288584,0.9092512714632217,False
colour,Cirsium flodmanii,Cirsium scariosum,1.9817717197298248,1.1891003746303133,True,1.2777081769027543,1.0757611078283396,True
colour,Cirsium flodmanii,Cirsium serrulatum,1.3537765597315223,1.082396775855641,True,1.0767117331656817,0.9956448980332187,True
colour,Cirsium flodmanii,Cirsium spinosissimum,2.333398925350658,1.0318020935746621,True,1.3850648912202597,0.8786262506725341,True
colour,Cirsium flodmanii,Cirsium texanum,1.0476782474219424,1.0774569909474352,False,0.8202039986751881,0.941269322595561,False
colour,Cirsium flodmanii,Cirsium undulatum,1.541314474669971,1.0318020935746621,True,0.9616515805857933,0.879537002550279,True
colour,Cirsium flodmanii,Cirsium vulgare,1.0655347076276986,1.1995405816013796,False,0.922823855133643,1.0719401240355568,False
colour,Cirsium helenioides,Cirsium heterophyllum,1.3435664445757685,1.181450536903397,True,0.9624329517438772,1.121045663263702,False
colour,Cirsium helenioides,Cirsium hookerianum,2.9179575826485773,1.1103418909858955,True,1.399279331655826,1.023308127147829,True
colour,Cirsium helenioides,Cirsium horridulum,1.4787551453644183,1.1179446009378615,True,1.1359007375684746,1.023308127147829,True
colour,Cirsium helenioides,Cirsium japonicum,1.5056341854139197,1.1103418909858955,True,1.1034326442983753,1.023308127147829,True
colour,Cirsium helenioides,Cirsium mexicanum,1.0765230105025037,1.1366220413245454,False,0.9478433558863064,1.023308127147829,False
colour,Cirsium helenioides,Cirsium muticum,1.035266449592752,1.1103418909858955,False,0.9121575041786572,1.023308127147829,False
colour,Cirsium helenioides,Cirsium neomexicanum,1.4433056584040866,1.1103418909858955,True,0.9751141910691274,1.023308127147829,False
colour,Cirsium helenioides,Cirsium nuttallii,2.3215352534116107,1.1103418909858955,True,1.19873503499278,1.023308127147829,True
colour,Cirsium helenioides,Cirsium occidentale,1.4019675145594594,1.2305543265657088,True,1.2036593696463789,1.023308127147829,True
colour,Cirsium helenioides,Cirsium ochrocentrum,1.6906982889972992,1.1103418909858955,True,1.109218332695841,1.023308127147829,True
colour,Cirsium helenioides,Cirsium oleraceum,2.6800170919831343,1.1103418909858955,True,1.4229494821620072,1.023308127147829,True
colour,Cirsium helenioides,Cirsium palustre,0.9959241397238884,1.1103418909858955,False,0.9008487553042418,1.023308127147829,False
colour,Cirsium helenioides,Cirsium pumilum,1.1853893274795495,1.1103418909858955,True,0.8722726301529865,1.023308127147829,False
colour,Cirsium helenioides,Cirsium rivulare,1.1772378179022644,1.1103418909858955,True,0.9451008851697166,1.023308127147829,False
colour,Cirsium helenioides,Cirsium scariosum,2.137721942574254,1.1891003746303133,True,1.3016752222599988,1.0757611078283396,True
colour,Cirsium helenioides,Cirsium serrulatum,1.4185633238437052,1.1103418909858955,True,1.056246442207171,1.023308127147829,True
colour,Cirsium helenioides,Cirsium spinosissimum,2.5579202475543723,1.1103418909858955,True,1.4357498097319916,1.023308127147829,True
colour,Cirsium helenioides,Cirsium texanum,1.2497975198176865,1.1103418909858955,True,0.9763095832757154,1.023308127147829,False
colour,Cirsium helenioides,Cirsium undulatum,1.6702203025146738,1.1103418909858955,True,0.9785948994575776,1.023308127147829,False
colour,Cirsium helenioides,Cirsium vulgare,1.2489843529092686,1.1995405816013796,True,0.9969723865268396,1.0719401240355568,False
colour,Cirsium heterophyllum,Cirsium hookerianum,3.5176392966503736,1.181450536903397,True,1.426317299023712,1.121045663263702,True
colour,Cirsium heterophyllum,Cirsium horridulum,2.2099773699508702,1.181450536903397,True,1.3208142076520604,1.121045663263702,True
colour,Cirsium heterophyllum,Cirsium japonicum,1.127791318224789,1.181450536903397,False,0.959949702588852,1.121045663263702,False
colour,Cirsium heterophyllum,Cirsium mexicanum,1.564781541230761,1.181450536903397,True,1.1057550258345308,1.121045663263702,False
colour,Cirsium heterophyllum,Cirsium muticum,1.179527439539941,1.181450536903397,False,0.9442400846604516,1.121045663263702,False
colour,Cirsium heterophyllum,Cirsium neomexicanum,2.171270836607317,1.181450536903397,True,1.0960328578784162,1.121045663263702,False
colour,Cirsium heterophyllum,Cirsium nuttallii,3.009907727791691,1.181450536903397,True,1.3394664918129298,1.121045663263702,True
colour,Cirsium heterophyllum,Cirsium occidentale,1.8181771669444955,1.2305543265657088,True,1.189744554574056,1.121045663263702,True
colour,Cirsium heterophyllum,Cirsium ochrocentrum,2.4717055849177565,1.181450536903397,True,1.2617986449030731,1.121045663263702,True
colour,Cirsium heterophyllum,Cirsium oleraceum,3.0878852338253955,1.181450536903397,True,1.3700232932896652,1.121045663263702,True
colour,Cirsium heterophyllum,Cirsium palustre,1.4321779754918418,1.181450536903397,True,1.0431661397909906,1.121045663263702,False
colour,Cirsium heterophyllum,Cirsium pumilum,1.2822729227094125,1.181450536903397,True,0.9596574380122842,1.121045663263702,False
colour,Cirsium heterophyllum,Cirsium rivulare,1.107144350860532,1.181450536903397,False,0.9718942549840248,1.121045663263702,False
colour,Cirsium heterophyllum,Cirsium scariosum,2.731988968519418,1.1891003746303133,True,1.4142074821709865,1.121045663263702,True
colour,Cirsium heterophyllum,Cirsium serrulatum,2.013883478040769,1.181450536903397,True,1.2550779960778655,1.121045663263702,True
colour,Cirsium heterophyllum,Cirsium spinosissimum,2.918701255124944,1.181450536903397,True,1.4144269764891704,1.121045663263702,True
colour,Cirsium heterophyllum,Cirsium texanum,1.303277689770998,1.181450536903397,True,0.9317608724099395,1.121045663263702,False
colour,Cirsium heterophyllum,Cirsium undulatum,2.4159277874882763,1.181450536903397,True,1.2464289583609334,1.121045663263702,True
colour,Cirsium heterophyllum,Cirsium vulgare,1.5067851134625163,1.1995405816013796,True,1.0999342270389223,1.121045663263702,False
colour,Cirsium hookerianum,Cirsium horridulum,2.244545997963023,1.1179446009378615,True,1.2788292027317345,0.954652986875685,True
colour,Cirsium hookerianum,Cirsium japonicum,3.5092061685800138,1.0398611527403447,True,1.3351960980859068,0.8826564123678007,True
colour,Cirsium hookerianum,Cirsium mexicanum,2.561422886647827,1.1366220413245454,True,1.2386025393590625,0.9949932047161499,True
colour,Cirsium hookerianum,Cirsium muticum,2.9201654428676243,1.0269516723742083,True,1.2878915868122358,0.933073429650454,True
colour,Cirsium hookerianum,Cirsium neomexicanum,2.206449616301688,0.9870612607815537,True,1.278865410462685,0.8087652474054237,True
colour,Cirsium hookerianum,Cirsium nuttallii,1.2571773624640468,0.9004883057494265,True,1.0149311777459775,0.8591150270850094,True
colour,Cirsium hookerianum,Cirsium occidentale,2.48615111002767,1.2305543265657088,True,1.3029508086944008,0.9472817598456246,True
colour,Cirsium hookerianum,Cirsium ochrocentrum,1.6632620929867317,0.8315442148962009,True,0.962579862790568,0.7653987355736059,True
colour,Cirsium hookerianum,Cirsium oleraceum,1.383026305530784,1.0086399676528772,True,0.9095555250771432,0.9051688408407791,True
colour,Cirsium hookerianum,Cirsium palustre,2.8793875430355493,1.0881597676143528,True,1.3243845301913626,1.0161661093362488,True
colour,Cirsium hookerianum,Cirsium pumilum,3.063498430307076,1.0216213508135759,True,1.4079016631384391,0.8953651882422687,True
colour,Cirsium hookerianum,Cirsium rivulare,3.3706956167372377,0.9589789308280635,True,1.138647171717624,0.9092512714632217,True
colour,Cirsium hookerianum,Cirsium scariosum,1.4060435740928785,1.1891003746303133,True,0.9757696041232068,1.0757611078283396,False
colour,Cirsium hookerianum,Cirsium serrulatum,2.1795454218054733,1.082396775855641,True,1.2789379685968651,0.9956448980332187,True
colour,Cirsium hookerianum,Cirsium spinosissimum,1.4241645574261093,0.9373774367171024,True,0.8502001592313526,0.8786262506725341,False
colour,Cirsium hookerianum,Cirsium texanum,3.065852576712956,1.0774569909474352,True,1.269410095049374,0.941269322595561,True
colour,Cirsium hookerianum,Cirsium undulatum,1.8286674672592855,0.9503950263852825,True,1.2082104149241537,0.879537002550279,True
colour,Cirsium hookerianum,Cirsium vulgare,2.6423376381597588,1.1995405816013796,True,1.4961632964099354,1.0719401240355568,True
colour,Cirsium horridulum,Cirsium japonicum,2.325319165303528,1.1179446009378615,True,1.3200245812504627,0.954652986875685,True
colour,Cirsium horridulum,Cirsium mexicanum,1.3228600851689412,1.1366220413245454,True,1.052374766093172,0.9949932047161499,True
colour,Cirsium horridulum,Cirsium muticum,1.6534112904676723,1.1179446009378615,True,1.1950231920052283,0.954652986875685,True
colour,Cirsium horridulum,Cirsium neomexicanum,1.4178305087626772,1.1179446009378615,True,1.1662084255712837,0.954652986875685,True
colour,Cirsium horridulum,Cirsium nuttallii,1.6875393424960083,1.1179446009378615,True,1.0943393770518184,0.954652986875685,True
colour,Cirsium horridulum,Cirsium occidentale,1.1473245435980175,1.2305543265657088,False,1.0653809912868024,0.954652986875685,True
colour,Cirsium horridulum,Cirsium ochrocentrum,1.1662189797659042,1.1179446009378615,True,1.0462680506974706,0.954652986875685,True
colour,Cirsium horridulum,Cirsium oleraceum,2.133324860995037,1.1179446009378615,True,1.3370616837307692,0.954652986875685,True
colour,Cirsium horridulum,Cirsium palustre,1.4238728193218124,1.1179446009378615,True,1.076495899442257,1.0161661093362488,True
colour,Cirsium horridulum,Cirsium pumilum,1.8530787323892743,1.1179446009378615,True,1.2253765157875576,0.954652986875685,True
colour,Cirsium horridulum,Cirsium rivulare,1.8812815651378991,1.1179446009378615,True,1.1496251122056471,0.954652986875685,True
colour,Cirsium horridulum,Cirsium scariosum,1.4068093997771425,1.1891003746303133,True,1.13152513025686,1.0757611078283396,True
colour,Cirsium horridulum,Cirsium serrulatum,1.1645654767682667,1.1179446009378615,True,1.0900610530223176,0.9956448980332187,True
colour,Cirsium horridulum,Cirsium spinosissimum,1.9749215846292727,1.1179446009378615,True,1.3484801317781965,0.954652986875685,True
colour,Cirsium horridulum,Cirsium texanum,1.9616550553079768,1.1179446009378615,True,1.24131277235549,0.954652986875685,True
colour,Cirsium horridulum,Cirsium undulatum,1.2673522997661912,1.1179446009378615,True,1.0301237563607613,0.954652986875685,True
colour,Cirsium horridulum,Cirsium vulgare,1.4868228731969295,1.1995405816013796,True,1.1439144965826349,1.0719401240355568,True
colour,Cirsium japonicum,Cirsium mexicanum,1.6033979945420394,1.1366220413245454,True,1.1388242047442323,0.9949932047161499,True
colour,Cirsium japonicum,Cirsium muticum,1.1844892975379069,1.0398611527403447,True,0.9661864922633784,0.933073429650454,True
colour,Cirsium japonicum,Cirsium neomexicanum,2.1984656784046512,1.0398611527403447,True,1.1499691986510696,0.8826564123678007,True
colour,Cirsium japonicum,Cirsium nuttallii,3.0375740291257958,1.0398611527403447,True,1.3450539755649398,0.8826564123678007,True
colour,Cirsium japonicum,Cirsium occidentale,1.9677130037631665,1.2305543265657088,True,1.1489165071724616,0.9472817598456246,True
colour,Cirsium japonicum,Cirsium ochrocentrum,2.5217339898424336,1.0398611527403447,True,1.2301505746783217,0.8826564123678007,True
colour,Cirsium japonicum,Cirsium oleraceum,3.0952997239080826,1.0398611527403447,True,1.2865417641764705,0.9051688408407791,True
colour,Cirsium japonicum,Cirsium palustre,1.6251656102473355,1.0881597676143528,True,1.124186975620244,1.0161661093362488,True
colour,Cirsium japonicum,Cirsium pumilum,1.267641748056168,1.0398611527403447,True,1.0469358179843864,0.8953651882422687,True
colour,Cirsium japonicum,Cirsium rivulare,1.2777600877392428,1.0398611527403447,True,0.9393843088110896,0.9092512714632217,True
colour,Cirsium japonicum,Cirsium scariosum,2.7720389174721403,1.1891003746303133,True,1.3479946230661568,1.0757611078283396,True
colour,Cirsium japonicum,Cirsium serrulatum,2.1247295860532738,1.082396775855641,True,1.3245753213704674,0.9956448980332187,True
colour,Cirsium japonicum,Cirsium spinosissimum,2.9572843163972022,1.0398611527403447,True,1.3342802235297744,0.8826564123678007,True
colour,Cirsium japonicum,Cirsium texanum,1.093341621601831,1.0774569909474352,True,0.8639129520906248,0.941269322595561,False
colour,Cirsium japonicum,Cirsium undulatum,2.4211963448220706,1.0398611527403447,True,1.279197056286006,0.8826564123678007,True
colour,Cirsium japonicum,Cirsium vulgare,1.6237231381258177,1.1995405816013796,True,1.1681841294070492,1.0719401240355568,True
colour,Cirsium mexicanum,Cirsium muticum,1.082414588664964,1.1366220413245454,False,0.9501483950045256,0.9949932047161499,False
colour,Cirsium mexicanum,Cirsium neomexicanum,1.2543973448379715,1.1366220413245454,True,0.8267145722133651,0.9949932047161499,False
colour,Cirsium mexicanum,Cirsium nuttallii,1.9768581376529184,1.1366220413245454,True,0.9841003093836724,0.9949932047161499,False
colour,Cirsium mexicanum,Cirsium occidentale,1.2920924946366248,1.2305543265657088,True,1.12357861996222,0.9949932047161499,True
colour,Cirsium mexicanum,Cirsium ochrocentrum,1.4186513252700848,1.1366220413245454,True,0.8873309287609847,0.9949932047161499,False
colour,Cirsium mexicanum,Cirsium oleraceum,2.361917904605365,1.1366220413245454,True,1.338425569979957,0.9949932047161499,True
colour,Cirsium mexicanum,Cirsium palustre,1.08978857898449,1.1366220413245454,False,0.903519879538248,1.0161661093362488,False
colour,Cirsium mexicanum,Cirsium pumilum,1.149159109809381,1.1366220413245454,True,0.9054092893551332,0.9949932047161499,False
colour,Cirsium mexicanum,Cirsium rivulare,1.3759150977565362,1.1366220413245454,True,0.9314907889260112,0.9949932047161499,False
colour,Cirsium mexicanum,Cirsium scariosum,1.7827464786714229,1.1891003746303133,True,1.142422156815882,1.0757611078283396,True
colour,Cirsium mexicanum,Cirsium serrulatum,1.117676186067277,1.1366220413245454,False,0.9161799713598228,0.9956448980332187,False
colour,Cirsium mexicanum,Cirsium spinosissimum,2.201321473685128,1.1366220413245454,True,1.3465599090955689,0.9949932047161499,True
colour,Cirsium mexicanum,Cirsium texanum,1.2373365352965324,1.1366220413245454,True,0.9348550861677531,0.9949932047161499,False
colour,Cirsium mexicanum,Cirsium undulatum,1.3266454443953706,1.1366220413245454,True,0.8468409373976429,0.9949932047161499,False
colour,Cirsium mexicanum,Cirsium vulgare,1.0772292255527864,1.1995405816013796,False,0.9970035954267809,1.0719401240355568,False
colour,Cirsium muticum,Cirsium neomexicanum,1.5809929705913262,1.0269516723742083,True,0.9613587216355968,0.933073429650454,True
colour,Cirsium muticum,Cirsium nuttallii,2.3317065522192,1.0269516723742083,True,1.1640938024140817,0.933073429650454,True
colour,Cirsium muticum,Cirsium occidentale,1.4618450020934293,1.2305543265657088,True,1.102365230814555,0.9472817598456246,True
colour,Cirsium muticum,Cirsium ochrocentrum,1.8075558751298997,1.0269516723742083,True,1.0677766670164213,0.933073429650454,True
colour,Cirsium muticum,Cirsium oleraceum,2.6120286962049573,1.0269516723742083,True,1.2888293094577268,0.933073429650454,True
colour,Cirsium muticum,Cirsium palustre,1.154309354188875,1.0881597676143528,True,0.9402389418475052,1.0161661093362488,False
colour,Cirsium muticum,Cirsium pumilum,1.01021669012035,1.0269516723742083,False,0.913598579213772,0.933073429650454,False
colour,Cirsium muticum,Cirsium rivulare,1.130472426330539,1.0269516723742083,True,0.8832885256536906,0.933073429650454,False
colour,Cirsium muticum,Cirsium scariosum,2.1996767450118844,1.1891003746303133,True,1.267716860373346,1.0757611078283396,True
colour,Cirsium muticum,Cirsium serrulatum,1.501179802605325,1.082396775855641,True,1.1002096825017476,0.9956448980332187,True
colour,Cirsium muticum,Cirsium spinosissimum,2.5090975850329085,1.0269516723742083,True,1.333315588859615,0.933073429650454,True
colour,Cirsium muticum,Cirsium texanum,0.9861524222353688,1.0774569909474352,False,0.8432977979346602,0.941269322595561,False
colour,Cirsium muticum,Cirsium undulatum,1.7107753643151284,1.0269516723742083,True,1.0531393563846991,0.933073429650454,True
colour,Cirsium muticum,Cirsium vulgare,1.1625106459932026,1.1995405816013796,False,1.0047856653944869,1.0719401240355568,False
colour,Cirsium neomexicanum,Cirsium nuttallii,1.4515334066655905,0.9870612607815537,True,0.9925326405136364,0.8591150270850094,True
colour,Cirsium neomexicanum,Cirsium occidentale,1.5727521815507566,1.2305543265657088,True,1.2243330606108704,0.9472817598456246,True
colour,Cirsium neomexicanum,Cirsium ochrocentrum,1.1632936930001514,0.9870612607815537,True,0.856951701653252,0.8087652474054237,True
colour,Cirsium neomexicanum,Cirsium oleraceum,2.427002514659783,1.0086399676528772,True,1.4431772050859633,0.9051688408407791,True
colour,Cirsium neomexicanum,Cirsium palustre,1.491008399456642,1.0881597676143528,True,1.0095393144952358,1.0161661093362488,False
colour,Cirsium neomexicanum,Cirsium pumilum,1.6777479473260306,1.0216213508135759,True,0.8979166329487449,0.8953651882422687,True
colour,Cirsium neomexicanum,Cirsium rivulare,1.9416780160426947,0.9870612607815537,True,0.9544727994143056,0.9092512714632217,True
colour,Cirsium neomexicanum,Cirsium scariosum,1.6651376070212904,1.1891003746303133,True,1.2378217813434509,1.0757611078283396,True
colour,Cirsium neomexicanum,Cirsium serrulatum,1.2908974060724785,1.082396775855641,True,0.9673762336176308,0.9956448980332187,False
colour,Cirsium neomexicanum,Cirsium spinosissimum,2.284497996373409,0.9870612607815537,True,1.4385466591314402,0.8786262506725341,True
colour,Cirsium neomexicanum,Cirsium texanum,1.720950318223415,1.0774569909474352,True,0.9176203793139104,0.941269322595561,False
colour,Cirsium neomexicanum,Cirsium undulatum,0.965578614112748,0.9870612607815537,False,0.8318739629847887,0.879537002550279,False
colour,Cirsium neomexicanum,Cirsium vulgare,1.5148885521186948,1.1995405816013796,True,0.9958028428275698,1.0719401240355568,False
colour,Cirsium nuttallii,Cirsium occidentale,2.0286044508202314,1.2305543265657088,True,1.2065701525273842,0.9472817598456246,True
colour,Cirsium nuttallii,Cirsium ochrocentrum,1.187014049250464,0.9004883057494265,True,0.7875002070940404,0.8591150270850094,False
colour,Cirsium nuttallii,Cirsium oleraceum,1.792615917192688,1.0086399676528772,True,1.2078797780838686,0.9051688408407791,True
colour,Cirsium nuttallii,Cirsium palustre,2.342016378317874,1.0881597676143528,True,1.1044721398501642,1.0161661093362488,True
colour,Cirsium nuttallii,Cirsium pumilum,2.457632986533272,1.0216213508135759,True,1.156517379906091,0.8953651882422687,True
colour,Cirsium nuttallii,Cirsium rivulare,2.8105889183468165,0.9589789308280635,True,1.0625124227282077,0.9092512714632217,True
colour,Cirsium nuttallii,Cirsium scariosum,1.2207535548635475,1.1891003746303133,True,0.9029430614709836,1.0757611078283396,False
colour,Cirsium nuttallii,Cirsium serrulatum,1.630475153393074,1.082396775855641,True,0.8850958842980535,0.9956448980332187,False
colour,Cirsium nuttallii,Cirsium spinosissimum,1.697028020540706,0.9373774367171024,True,1.1638958543943,0.8786262506725341,True
colour,Cirsium nuttallii,Cirsium texanum,2.5179327660750426,1.0774569909474352,True,1.1617660569365298,0.941269322595561,True
colour,Cirsium nuttallii,Cirsium undulatum,1.0722142834112205,0.9503950263852825,True,0.8177257556856765,0.879537002550279,False
colour,Cirsium nuttallii,Cirsium vulgare,2.1243938755023404,1.1995405816013796,True,1.2210228893202997,1.0719401240355568,True
colour,Cirsium occidentale,Cirsium ochrocentrum,1.4116877009316295,1.2305543265657088,True,1.1193501574548734,0.9472817598456246,True
colour,Cirsium occidentale,Cirsium oleraceum,2.227793139220508,1.2305543265657088,True,1.2299335715990394,0.9472817598456246,True
colour,Cirsium occidentale,Cirsium palustre,1.328372903366985,1.2305543265657088,True,1.1550080462528656,1.0161661093362488,True
colour,Cirsium occidentale,Cirsium pumilum,1.6739802836893474,1.2305543265657088,True,1.20677453143113,0.9472817598456246,True
colour,Cirsium occidentale,Cirsium rivulare,1.6212832374329351,1.2305543265657088,True,1.1226150848491143,0.9472817598456246,True
colour,Cirsium occidentale,Cirsium scariosum,1.666952418119548,1.2305543265657088,True,1.192023552159832,1.0757611078283396,True
colour,Cirsium occidentale,Cirsium serrulatum,1.327131460353255,1.2305543265657088,True,1.215759588342402,0.9956448980332187,True
colour,Cirsium occidentale,Cirsium spinosissimum,2.1269345663169013,1.2305543265657088,True,1.3076700120644855,0.9472817598456246,True
colour,Cirsium occidentale,Cirsium texanum,1.7585818226329706,1.2305543265657088,True,1.1142559333322182,0.9472817598456246,True
colour,Cirsium occidentale,Cirsium undulatum,1.5712742422504768,1.2305543265657088,True,1.1913867129425697,0.9472817598456246,True
colour,Cirsium occidentale,Cirsium vulgare,1.3957591656827124,1.2305543265657088,True,1.1568837167067796,1.0719401240355568,True
colour,Cirsium ochrocentrum,Cirsium oleraceum,1.8637389331306289,1.0086399676528772,True,1.2029825703735284,0.9051688408407791,True
colour,Cirsium ochrocentrum,Cirsium palustre,1.6081553089049856,1.0881597676143528,True,1.0175391606522948,1.0161661093362488,True
colour,Cirsium ochrocentrum,Cirsium pumilum,1.981035230165335,1.0216213508135759,True,1.073398710883347,0.8953651882422687,True
colour,Cirsium ochrocentrum,Cirsium rivulare,2.075974584740337,0.9589789308280635,True,0.9589258252106948,0.9092512714632217,True
colour,Cirsium ochrocentrum,Cirsium scariosum,1.0924183356383337,1.1891003746303133,False,0.9415625532153012,1.0757611078283396,False
colour,Cirsium ochrocentrum,Cirsium serrulatum,1.087435446070435,1.082396775855641,True,0.8769953783818241,0.9956448980332187,False
colour,Cirsium ochrocentrum,Cirsium spinosissimum,1.700785627687455,0.9373774367171024,True,1.1601059811305183,0.8786262506725341,True
colour,Cirsium ochrocentrum,Cirsium texanum,2.03970320427726,1.0774569909474352,True,1.0619142458028046,0.941269322595561,True
colour,Cirsium ochrocentrum,Cirsium undulatum,0.9693138053140816,0.9503950263852825,True,0.8022027122855501,0.879537002550279,False
colour,Cirsium ochrocentrum,Cirsium vulgare,1.5908720823192457,1.1995405816013796,True,1.135968301001844,1.0719401240355568,True
colour,Cirsium oleraceum,Cirsium palustre,2.7387992959616536,1.0881597676143528,True,1.340468494697206,1.0161661093362488,True
colour,Cirsium oleraceum,Cirsium pumilum,2.653512695804892,1.0216213508135759,True,1.4233673792320611,0.9051688408407791,True
colour,Cirsium oleraceum,Cirsium rivulare,3.049344226587391,1.0086399676528772,True,1.1888132396022542,0.9092512714632217,True
colour,Cirsium oleraceum,Cirsium scariosum,1.4995468916973076,1.1891003746303133,True,1.0232616149457625,1.0757611078283396,False
colour,Cirsium oleraceum,Cirsium serrulatum,2.038705331126085,1.082396775855641,True,1.3683173334392065,0.9956448980332187,True
colour,Cirsium oleraceum,Cirsium spinosissimum,0.8208521428691361,1.0086399676528772,False,0.7583989955081859,0.9051688408407791,False
colour,Cirsium oleraceum,Cirsium texanum,2.7325680611041543,1.0774569909474352,True,1.319812371606539,0.941269322595561,True
colour,Cirsium oleraceum,Cirsium undulatum,2.0266747673597267,1.0086399676528772,True,1.388876576325199,0.9051688408407791,True
colour,Cirsium oleraceum,Cirsium vulgare,2.316381723914354,1.1995405816013796,True,1.4522821670862358,1.0719401240355568,True
colour,Cirsium palustre,Cirsium pumilum,1.3030816105121423,1.0881597676143528,True,0.9270989467347244,1.0161661093362488,False
colour,Cirsium palustre,Cirsium rivulare,1.1597868847864905,1.0881597676143528,True,0.9503787463192788,1.0161661093362488,False
colour,Cirsium palustre,Cirsium scariosum,2.044578281821764,1.1891003746303133,True,1.1869992280860289,1.0757611078283396,True
colour,Cirsium palustre,Cirsium serrulatum,1.3761911897296812,1.0881597676143528,True,1.0446804112725323,1.0161661093362488,True
colour,Cirsium palustre,Cirsium spinosissimum,2.471534855532351,1.0881597676143528,True,1.3355037218431134,1.0161661093362488,True
colour,Cirsium palustre,Cirsium texanum,1.4262937728846885,1.0881597676143528,True,0.9932318289340444,1.0161661093362488,False
colour,Cirsium palustre,Cirsium undulatum,1.6719934662047944,1.0881597676143528,True,0.9849536971049848,1.0161661093362488,False
colour,Cirsium palustre,Cirsium vulgare,1.3186234862867474,1.1995405816013796,True,1.0429102726274484,1.0719401240355568,False
colour,Cirsium pumilum,Cirsium rivulare,1.282528867530675,1.0216213508135759,True,0.8973958865371054,0.9092512714632217,False
colour,Cirsium pumilum,Cirsium scariosum,2.3321179915053003,1.1891003746303133,True,1.352800712884879,1.0757611078283396,True
colour,Cirsium pumilum,Cirsium serrulatum,1.5518181730754843,1.082396775855641,True,1.037273258682308,0.9956448980332187,True
colour,Cirsium pumilum,Cirsium spinosissimum,2.542016001844881,1.0216213508135759,True,1.4340072678785196,0.8953651882422687,True
colour,Cirsium pumilum,Cirsium texanum,1.0227087365981102,1.0774569909474352,False,0.908660308427098,0.941269322595561,False
colour,Cirsium pumilum,Cirsium undulatum,1.8250427893086925,1.0216213508135759,True,1.0160025564280952,0.8953651882422687,True
colour,Cirsium pumilum,Cirsium vulgare,1.1648627245285064,1.1995405816013796,False,0.9856089158236784,1.0719401240355568,False
colour,Cirsium rivulare,Cirsium scariosum,2.562235673673025,1.1891003746303133,True,1.1816626876078726,1.0757611078283396,True
colour,Cirsium rivulare,Cirsium serrulatum,1.7938539765477093,1.082396775855641,True,1.090570145750976,0.9956448980332187,True
colour,Cirsium rivulare,Cirsium spinosissimum,2.8783630030785474,0.9589789308280635,True,1.2013558648601812,0.9092512714632217,True
colour,Cirsium rivulare,Cirsium texanum,1.3109977782923363,1.0774569909474352,True,0.8254234210392356,0.941269322595561,False
colour,Cirsium rivulare,Cirsium undulatum,2.162398857654664,0.9589789308280635,True,1.0143414865740144,0.9092512714632217,True
colour,Cirsium rivulare,Cirsium vulgare,1.5511976849096625,1.1995405816013796,True,1.0653924369260517,1.0719401240355568,False
colour,Cirsium scariosum,Cirsium serrulatum,1.366043036574049,1.1891003746303133,True,1.052821592912844,1.0757611078283396,False
colour,Cirsium scariosum,Cirsium spinosissimum,1.2824361487868838,1.1891003746303133,True,0.965623447508647,1.0757611078283396,False
colour,Cirsium scariosum,Cirsium texanum,2.3945446145965863,1.1891003746303133,True,1.2806850146295867,1.0757611078283396,True
colour,Cirsium scariosum,Cirsium undulatum,1.332712171780904,1.1891003746303133,True,1.087655978108529,1.0757611078283396,True
colour,Cirsium scariosum,Cirsium vulgare,1.9149089295828172,1.1995405816013796,True,1.3442879695211565,1.0757611078283396,True
colour,Cirsium serrulatum,Cirsium spinosissimum,1.8822421545621064,1.082396775855641,True,1.353758818729517,0.9956448980332187,True
colour,Cirsium serrulatum,Cirsium texanum,1.7496569085749425,1.082396775855641,True,1.14459695326226,0.9956448980332187,True
colour,Cirsium serrulatum,Cirsium undulatum,1.1213151027096029,1.082396775855641,True,0.7891366727402567,0.9956448980332187,False
colour,Cirsium serrulatum,Cirsium vulgare,1.312620870406895,1.1995405816013796,True,1.0863561356980602,1.0719401240355568,True
colour,Cirsium spinosissimum,Cirsium texanum,2.671012567221604,1.0774569909474352,True,1.354226491539917,0.941269322595561,True
colour,Cirsium spinosissimum,Cirsium undulatum,1.874424028190924,0.9503950263852825,True,1.3397840024671144,0.879537002550279,True
colour,Cirsium spinosissimum,Cirsium vulgare,2.205545944416113,1.1995405816013796,True,1.5050036679025085,1.0719401240355568,True
colour,Cirsium texanum,Cirsium undulatum,1.9231211443943028,1.0774569909474352,True,1.0805148638688458,0.941269322595561,True
colour,Cirsium texanum,Cirsium vulgare,1.3493280126647975,1.1995405816013796,True,1.0663702248636242,1.0719401240355568,False
colour,Cirsium undulatum,Cirsium vulgare,1.5288316605018433,1.1995405816013796,True,1.0180263761511172,1.0719401240355568,False
outline,Cirsium acaulon,Cirsium altissimum,1.129994415686178,1.3923405987456123,False,1.0247128649795778,1.344598637523856,False
outline,Cirsium acaulon,Cirsium arizonicum,1.5658326640315183,1.624698175022457,False,1.3547523094989653,1.4474247776690343,False
outline,Cirsium acaulon,Cirsium arvense,1.175432163789207,1.572841676616704,False,1.069980856133564,1.4880672156975185,False
outline,Cirsium acaulon,Cirsium brevistylum,1.7645525283970571,1.578554048867869,True,1.3159848808019352,1.4865809643242678,False
outline,Cirsium acaulon,Cirsium canescens,1.3039469840607474,1.3923405987456123,False,1.0116024963084769,1.344598637523856,False
outline,Cirsium acaulon,Cirsium canum,1.5587133482734905,1.3923405987456123,True,1.0197385890756456,1.344598637523856,False
outline,Cirsium acaulon,Cirsium carolinianum,1.1829998717878922,1.3923405987456123,False,1.127601347119311,1.344598637523856,False
outline,Cirsium acaulon,Cirsium discolor,1.2445786177198053,1.3923405987456123,False,1.0973107528464123,1.344598637523856,False
outline,Cirsium acaulon,Cirsium edule,1.105756972720048,1.3923405987456123,False,0.9829609432933872,1.344598637523856,False
outline,Cirsium acaulon,Cirsium erisithales,1.201186430945368,1.4305287095800598,False,1.046379162292446,1.344598637523856,False
outline,Cirsium acaulon,Cirsium esculentum,1.72283313557872,1.5847239862502063,True,1.5842323371186056,1.4983798896764036,True
outline,Cirsium acaulon,Cirsium flodmanii,1.2819407298543637,1.3923405987456123,False,1.1013959259424249,1.344598637523856,False
outline,Cirsium acaulon,Cirsium helenioides,1.3133488440488297,1.3923405987456123,False,1.0542443960192474,1.344598637523856,False
outline,Cirsium acaulon,Cirsium heterophyllum,1.4281697133369216,1.3923405987456123,True,1.0556572338723758,1.344598637523856,False
outline,Cirsium acaulon,Cirsium hookerianum,1.2843533429079463,1.3923405987456123,False,1.0794876595832794,1.344598637523856,False
outline,Cirsium acaulon,Cirsium horridulum,1.5744427961173089,1.5477038369323781,True,1.1980315481794177,1.374109069997763,False
outline,Cirsium acaulon,Cirsium japonicum,1.337436056209509,1.3923405987456123,False,1.049931860246394,1.344598637523856,False
outline,Cirsium acaulon,Cirsium mexicanum,1.2576745186990612,1.3923405987456123,False,1.0223011223648868,1.344598637523856,False
outline,Cirsium acaulon,Cirsium muticum,1.1930775937458251,1.3923405987456123,False,1.107087798127736,1.344598637523856,False
outline,Cirsium acaulon,Cirsium neomexicanum,1.3271342254619745,1.3923405987456123,False,1.0529480179203905,1.344598637523856,False
outline,Cirsium acaulon,Cirsium nuttallii,1.3949034143467205,1.4222801133338607,False,1.1005282413078843,1.344598637523856,False
outline,Cirsium acaulon,Cirsium occidentale,1.2662514782049812,1.3923405987456123,False,1.0779010235534052,1.344598637523856,False
outline,Cirsium acaulon,Cirsium ochrocentrum,1.3761205287940073,1.5070145795452101,False,1.1345244769065104,1.3511873607925864,False
outline,Cirsium acaulon,Cirsium oleraceum,1.4051429390729306,1.5065430736542975,False,1.1958480424195863,1.4248819353148536,False
outline,Cirsium acaulon,Cirsium palustre,1.240483520132533,1.5642674039347915,False,1.0789342065742633,1.5041729967835695,False
outline,Cirsium acaulon,Cirsium pumilum,1.4483069830174142,1.3923405987456123,True,1.0536197543365224,1.344598637523856,False
outline,Cirsium acaulon,Cirsium rivulare,1.2429295674306118,1.3923405987456123,False,1.0456049580995723,1.344598637523856,False
outline,Cirsium acaulon,Cirsium scariosum,1.552698297220349,1.8408401082125907,False,1.1709925774586458,1.569017257775439,False
outline,Cirsium acaulon,Cirsium serrulatum,1.3100495845789557,1.4364765043182517,False,1.0569180878875262,1.3546947533215896,False
outline,Cirsium acaulon,Cirsium spinosissimum,1.6351612584310455,1.3923405987456123,True,1.229860292922388,1.344598637523856,False
outline,Cirsium acaulon,Cirsium texanum,1.466093912210659,1.3923405987456123,True,1.0752717434168408,1.344598637523856,False
outline,Cirsium acaulon,Cirsium undulatum,1.6079749259953244,2.171743831186382,False,1.1926060734721795,2.089868150716844,False
outline,Cirsium acaulon,Cirsium vulgare,1.3182271348319252,1.5096646923011634,False,1.0532055408438898,1.4252339257004154,False
outline,Cirsium altissimum,Cirsium arizonicum,1.568926092521301,1.624698175022457,False,1.3981947427583608,1.4474247776690343,False
outline,Cirsium altissimum,Cirsium arvense,1.0691466677561698,1.572841676616704,False,1.0250308064025753,1.4880672156975185,False
outline,Cirsium altissimum,Cirsium brevistylum,1.608292697636078,1.578554048867869,True,1.3749197053250084,1.4865809643242678,False
outline,Cirsium altissimum,Cirsium canescens,1.0458572839097695,1.3021003666774305,False,0.8960641731007859,1.194111351456206,False
outline,Cirsium altissimum,Cirsium canum,1.377420122490653,1.3021003666774305,True,1.0242909527591513,1.194111351456206,False
outline,Cirsium altissimum,Cirsium carolinianum,0.9848979704931876,1.3021003666774305,False,0.933351707354822,1.194111351456206,False
outline,Cirsium altissimum,Cirsium discolor,1.0277944417146885,1.3021003666774305,False,0.9395535007614482,1.194111351456206,False
outline,Cirsium altissimum,Cirsium edule,1.0625996352706508,1.3021003666774305,False,0.987113451335426,1.194111351456206,False
outline,Cirsium altissimum,Cirsium erisithales,1.0913327564589437,1.4305287095800598,False,1.0464689491444514,1.2378484265093488,False
outline,Cirsium altissimum,Cirsium esculentum,1.7932008496206464,1.5847239862502063,True,1.60951256494748,1.4983798896764036,True
outline,Cirsium altissimum,Cirsium flodmanii,1.1078611860437664,1.3324809438747205,False,1.0448651536714046,1.2774385508862893,False
outline,Cirsium altissimum,Cirsium helenioides,1.156696202426669,1.3021003666774305,False,1.02351111219741,1.194111351456206,False
outline,Cirsium altissimum,Cirsium heterophyllum,1.216045812383128,1.3503422098149807,False,1.0400503299758064,1.274937511186735,False
outline,Cirsium altissimum,Cirsium hookerianum,1.0939250962290323,1.3021003666774305,False,1.0035933552263918,1.194111351456206,False
outline,Cirsium altissimum,Cirsium horridulum,1.4250777347465586,1.5477038369323781,False,1.1720249758801635,1.374109069997763,False
outline,Cirsium altissimum,Cirsium japonicum,1.19289118089363,1.3021003666774305,False,1.02769348403524,1.194111351456206,False
outline,Cirsium altissimum,Cirsium mexicanum,1.0177392362519282,1.3021003666774305,False,0.9197190277118164,1.194111351456206,False
outline,Cirsium altissimum,Cirsium muticum,1.0454194572291635,1.3021003666774305,False,0.9861329022175166,1.194111351456206,False
outline,Cirsium altissimum,Cirsium neomexicanum,1.1704562483306902,1.3021003666774305,False,1.0158236979795066,1.194111351456206,False
outline,Cirsium altissimum,Cirsium nuttallii,1.1896114933046429,1.4222801133338607,False,1.054457816386673,1.2967076098676085,False
outline,Cirsium altissimum,Cirsium occidentale,1.1538135535529963,1.3859565961614853,False,1.09841123461836,1.3073612329279627,False
outline,Cirsium altissimum,Cirsium ochrocentrum,1.3903849936348396,1.5070145795452101,False,1.2527034553498155,1.3511873607925864,False
outline,Cirsium altissimum,Cirsium oleraceum,1.267909478765279,1.5065430736542975,False,1.1737411625991827,1.4248819353148536,False
outline,Cirsium altissimum,Cirsium palustre,1.1742846913150131,1.5642674039347915,False,1.1164196386059686,1.5041729967835695,False
outline,Cirsium altissimum,Cirsium pumilum,1.2009726611088518,1.3021003666774305,False,0.9978894169661028,1.194111351456206,False
outline,Cirsium altissimum,Cirsium rivulare,1.1299141834959632,1.3128798198075948,False,0.991809381188738,1.194111351456206,False
outline,Cirsium altissimum,Cirsium scariosum,1.5081968753549324,1.8408401082125907,False,1.299381806630176,1.569017257775439,False
outline,Cirsium altissimum,Cirsium serrulatum,1.1279311953227378,1.4364765043182517,False,1.0198576236150407,1.3546947533215896,False
outline,Cirsium altissimum,Cirsium spinosissimum,1.5752130901109802,1.3485491470992732,True,1.318629221720431,1.1974516730835378,True
outline,Cirsium altissimum,Cirsium texanum,1.2404749177537406,1.3021003666774305,False,0.9832027086951064,1.2271650101353115,False
outline,Cirsium altissimum,Cirsium undulatum,1.4898177590593678,2.171743831186382,False,1.2879931119851973,2.089868150716844,False
outline,Cirsium altissimum,Cirsium vulgare,1.119986651347119,1.5096646923011634,False,1.0149736895119663,1.4252339257004154,False
outline,Cirsium arizonicum,Cirsium arvense,1.5441313653472934,1.624698175022457,False,1.3737336596361418,1.4880672156975185,False
outline,Cirsium arizonicum,Cirsium brevistylum,1.826153481423726,1.624698175022457,True,1.4747081967741105,1.4865809643242678,False
outline,Cirsium arizonicum,Cirsium canescens,1.7351014818676338,1.624698175022457,True,1.505909055790112,1.4474247776690343,True
outline,Cirsium arizonicum,Cirsium canum,1.8699678110468323,1.624698175022457,True,1.4257129755439877,1.4474247776690343,False
outline,Cirsium arizonicum,Cirsium carolinianum,1.593218707093399,1.624698175022457,False,1.4556993431430727,1.4474247776690343,True
outline,Cirsium arizonicum,Cirsium discolor,1.595154316878678,1.624698175022457,False,1.356764287516648,1.4474247776690343,False
outline,Cirsium arizonicum,Cirsium edule,1.6276298724714366,1.624698175022457,True,1.3967925373721353,1.4474247776690343,False
outline,Cirsium arizonicum,Cirsium erisithales,1.4311994604833873,1.624698175022457,False,1.3259983590678854,1.4474247776690343,False
outline,Cirsium arizonicum,Cirsium esculentum,2.0423954922371497,1.624698175022457,True,1.7919377839840471,1.4983798896764036,True
outline,Cirsium arizonicum,Cirsium flodmanii,1.5510171348721244,1.624698175022457,False,1.3381145379572306,1.4474247776690343,False
outline,Cirsium arizonicum,Cirsium helenioides,1.5831628079464446,1.624698175022457,False,1.3206196364623364,1.4474247776690343,False
outline,Cirsium arizonicum,Cirsium heterophyllum,1.6414721563341996,1.624698175022457,True,1.308671787762445,1.4474247776690343,False
outline,Cirsium arizonicum,Cirsium hookerianum,1.5170815017281298,1.624698175022457,False,1.3333816367449196,1.4474247776690343,False
outline,Cirsium arizonicum,Cirsium horridulum,1.7758277925627604,1.624698175022457,True,1.4044135639016273,1.4474247776690343,False
outline,Cirsium arizonicum,Cirsium japonicum,1.7129447514752982,1.624698175022457,True,1.350293792399763,1.4474247776690343,False
outline,Cirsium arizonicum,Cirsium mexicanum,1.5110790629830673,1.624698175022457,False,1.3182237740187015,1.4474247776690343,False
outline,Cirsium arizonicum,Cirsium muticum,1.448027744700538,1.624698175022457,False,1.2809407988433623,1.4474247776690343,False
outline,Cirsium arizonicum,Cirsium neomexicanum,1.68703569252083,1.624698175022457,True,1.43946038736459,1.4474247776690343,False
outline,Cirsium arizonicum,Cirsium nuttallii,1.5478764005650754,1.624698175022457,False,1.3125359624405646,1.4474247776690343,False
outline,Cirsium arizonicum,Cirsium occidentale,1.457503350299809,1.624698175022457,False,1.296223486954787,1.4474247776690343,False
outline,Cirsium arizonicum,Cirsium ochrocentrum,1.6327275862175896,1.624698175022457,True,1.4462314541141943,1.4474247776690343,False
outline,Cirsium arizonicum,Cirsium oleraceum,1.4907223653055977,1.624698175022457,False,1.35503242940125,1.4474247776690343,False
outline,Cirsium arizonicum,Cirsium palustre,1.447016609957969,1.624698175022457,False,1.332606809630991,1.5041729967835695,False
outline,Cirsium arizonicum,Cirsium pumilum,1.7478732687762593,1.624698175022457,True,1.3974083216111175,1.4474247776690343,False
outline,Cirsium arizonicum,Cirsium rivulare,1.530105140113586,1.624698175022457,False,1.3103301685978974,1.4474247776690343,False
outline,Cirsium arizonicum,Cirsium scariosum,1.7311411541456447,1.8408401082125907,False,1.5203786803868002,1.569017257775439,False
outline,Cirsium arizonicum,Cirsium serrulatum,1.5120181215276325,1.624698175022457,False,1.3358682139653,1.4474247776690343,False
outline,Cirsium arizonicum,Cirsium spinosissimum,1.801608561510979,1.624698175022457,True,1.5098048364230248,1.4474247776690343,True
outline,Cirsium arizonicum,Cirsium texanum,1.7069593380117456,1.624698175022457,True,1.3336598546255731,1.4474247776690343,False
outline,Cirsium arizonicum,Cirsium undulatum,1.829310259692178,2.171743831186382,False,1.5221959397324984,2.089868150716844,False
outline,Cirsium arizonicum,Cirsium vulgare,1.6516445570265297,1.624698175022457,True,1.3828157472946372,1.4474247776690343,False
outline,Cirsium arvense,Cirsium brevistylum,1.5647135224709905,1.578554048867869,False,1.3360109841247414,1.4880672156975185,False
outline,Cirsium arvense,Cirsium canescens,1.105767091060188,1.572841676616704,False,0.9331250045006438,1.4880672156975185,False
outline,Cirsium arvense,Cirsium canum,1.378846728158956,1.572841676616704,False,1.0130656790612482,1.4880672156975185,False
outline,Cirsium arvense,Cirsium carolinianum,1.028193198539178,1.572841676616704,False,0.9684585831770892,1.4880672156975185,False
outline,Cirsium arvense,Cirsium discolor,1.0732621462342564,1.572841676616704,False,0.9743713188124814,1.4880672156975185,False
outline,Cirsium arvense,Cirsium edule,1.0858734745969665,1.572841676616704,False,0.9594205780372626,1.4880672156975185,False
outline,Cirsium arvense,Cirsium erisithales,1.1511835733655484,1.572841676616704,False,1.0854882026608417,1.4880672156975185,False
outline,Cirsium arvense,Cirsium esculentum,1.6776670374086406,1.5847239862502063,True,1.6158975351938492,1.4983798896764036,True
outline,Cirsium arvense,Cirsium flodmanii,1.127429294007959,1.572841676616704,False,1.0512634028955443,1.4880672156975185,False
outline,Cirsium arvense,Cirsium helenioides,1.1721939523600828,1.572841676616704,False,1.0477782237225908,1.4880672156975185,False
outline,Cirsium arvense,Cirsium heterophyllum,1.2559991390757366,1.572841676616704,False,1.0507545709524897,1.4880672156975185,False
outline,Cirsium arvense,Cirsium hookerianum,1.1611382484869437,1.572841676616704,False,1.0422242711429943,1.4880672156975185,False
outline,Cirsium arvense,Cirsium horridulum,1.4258377867232783,1.572841676616704,False,1.2518072625708636,1.4880672156975185,False
outline,Cirsium arvense,Cirsium japonicum,1.2426851844550464,1.572841676616704,False,1.0640207998564213,1.4880672156975185,False
outline,Cirsium arvense,Cirsium mexicanum,1.0505769398895768,1.572841676616704,False,0.9862605070426688,1.4880672156975185,False
outline,Cirsium arvense,Cirsium muticum,1.0997084176825205,1.572841676616704,False,0.9942994207323052,1.4880672156975185,False
outline,Cirsium arvense,Cirsium neomexicanum,1.2109705715960166,1.572841676616704,False,1.0383287113943906,1.4880672156975185,False
outline,Cirsium arvense,Cirsium nuttallii,1.18175089949657,1.572841676616704,False,1.0258282263702556,1.4880672156975185,False
outline,Cirsium arvense,Cirsium occidentale,1.1754928731528305,1.572841676616704,False,1.075946810177165,1.4880672156975185,False
outline,Cirsium arvense,Cirsium ochrocentrum,1.3362260812986304,1.572841676616704,False,1.2135674814524693,1.4880672156975185,False
outline,Cirsium arvense,Cirsium oleraceum,1.2808289038339873,1.572841676616704,False,1.1551645711684655,1.4880672156975185,False
outline,Cirsium arvense,Cirsium palustre,1.2041318660527154,1.572841676616704,False,1.092013610039015,1.5041729967835695,False
outline,Cirsium arvense,Cirsium pumilum,1.2276074459239814,1.572841676616704,False,1.004008683863331,1.4880672156975185,False
outline,Cirsium arvense,Cirsium rivulare,1.1715031190513878,1.572841676616704,False,1.032976737997449,1.4880672156975185,False
outline,Cirsium arvense,Cirsium scariosum,1.4050366888196364,1.8408401082125907,False,1.2841540718978686,1.569017257775439,False
outline,Cirsium arvense,Cirsium serrulatum,1.142205835880204,1.572841676616704,False,1.0614564981320478,1.4880672156975185,False
outline,Cirsium arvense,Cirsium spinosissimum,1.5637933180325372,1.572841676616704,False,1.2813989668337782,1.4880672156975185,False
outline,Cirsium arvense,Cirsium texanum,1.2677479437273336,1.572841676616704,False,1.062252513178365,1.4880672156975185,False
outline,Cirsium arvense,Cirsium undulatum,1.4247642296171803,2.171743831186382,False,1.2322375947461737,2.089868150716844,False
outline,Cirsium arvense,Cirsium vulgare,1.196430154714077,1.572841676616704,False,1.0646911842264295,1.4880672156975185,False
outline,Cirsium brevistylum,Cirsium canescens,1.4620778774682786,1.578554048867869,False,1.4007131648943427,1.4865809643242678,False
outline,Cirsium brevistylum,Cirsium canum,1.3807847547883,1.578554048867869,False,1.263495407487727,1.4865809643242678,False
outline,Cirsium brevistylum,Cirsium carolinianum,1.8101210799744805,1.578554048867869,True,1.5402491685099866,1.4865809643242678,True
outline,Cirsium brevistylum,Cirsium discolor,1.5712458071540671,1.578554048867869,False,1.404794571131028,1.4865809643242678,False
outline,Cirsium brevistylum,Cirsium edule,1.5655942748385518,1.578554048867869,False,1.368513517364157,1.4865809643242678,False
outline,Cirsium brevistylum,Cirsium erisithales,1.5657813952019417,1.578554048867869,False,1.3266907430968788,1.4865809643242678,False
outline,Cirsium brevistylum,Cirsium esculentum,1.4702420080137126,1.5847239862502063,False,1.2756213704433357,1.4983798896764036,False
outline,Cirsium brevistylum,Cirsium flodmanii,1.4912404912931962,1.578554048867869,False,1.3289288275144475,1.4865809643242678,False
outline,Cirsium brevistylum,Cirsium helenioides,1.3809260936926515,1.578554048867869,False,1.275034659899374,1.4865809643242678,False
outline,Cirsium brevistylum,Cirsium heterophyllum,1.5181830191044536,1.578554048867869,False,1.416284407423598,1.4865809643242678,False
outline,Cirsium brevistylum,Cirsium hookerianum,1.5443426854291935,1.578554048867869,False,1.398263654263276,1.4865809643242678,False
outline,Cirsium brevistylum,Cirsium horridulum,1.2824468110379963,1.578554048867869,False,1.1607272589394593,1.4865809643242678,False
outline,Cirsium brevistylum,Cirsium japonicum,1.415195523463451,1.578554048867869,False,1.307301637206376,1.4865809643242678,False
outline,Cirsium brevistylum,Cirsium mexicanum,1.488146545044796,1.578554048867869,False,1.343961243760569,1.4865809643242678,False
outline,Cirsium brevistylum,Cirsium muticum,1.6012912360142026,1.578554048867869,True,1.4303669578096798,1.4865809643242678,False
outline,Cirsium brevistylum,Cirsium neomexicanum,1.4098119297223408,1.578554048867869,False,1.3377383078829896,1.4865809643242678,False
outline,Cirsium brevistylum,Cirsium nuttallii,1.4274273408818847,1.578554048867869,False,1.3455846041165636,1.4865809643242678,False
outline,Cirsium brevistylum,Cirsium occidentale,1.4281716210700548,1.578554048867869,False,1.2852879985472652,1.4865809643242678,False
outline,Cirsium brevistylum,Cirsium ochrocentrum,1.2847856103931727,1.578554048867869,False,1.147606246391443,1.4865809643242678,False
outline,Cirsium brevistylum,Cirsium oleraceum,1.4031360216522233,1.578554048867869,False,1.2738886660298738,1.4865809643242678,False
outline,Cirsium brevistylum,Cirsium palustre,1.565268978046837,1.578554048867869,False,1.3529041728020954,1.5041729967835695,False
outline,Cirsium brevistylum,Cirsium pumilum,1.405888271378616,1.578554048867869,False,1.3551587353265917,1.4865809643242678,False
outline,Cirsium brevistylum,Cirsium rivulare,1.5545698270935089,1.578554048867869,False,1.413298594199444,1.4865809643242678,False
outline,Cirsium brevistylum,Cirsium scariosum,1.1713086635791403,1.8408401082125907,False,1.1334820714809395,1.569017257775439,False
outline,Cirsium brevistylum,Cirsium serrulatum,1.3117671289582304,1.578554048867869,False,1.2073922664407997,1.4865809643242678,False
outline,Cirsium brevistylum,Cirsium spinosissimum,1.287538794691832,1.578554048867869,False,1.1717637233927924,1.4865809643242678,False
outline,Cirsium brevistylum,Cirsium texanum,1.4527177926582482,1.578554048867869,False,1.3603467731358108,1.4865809643242678,False
outline,Cirsium brevistylum,Cirsium undulatum,1.2434320136547323,2.171743831186382,False,1.2173041500889752,2.089868150716844,False
outline,Cirsium brevistylum,Cirsium vulgare,1.3953161344083247,1.578554048867869,False,1.2902839782029276,1.4865809643242678,False
outline,Cirsium canescens,Cirsium canum,1.079344344074885,1.2211421690856497,False,0.9427003396557913,1.1763910724326538,False
outline,Cirsium canescens,Cirsium carolinianum,1.0254448614645286,0.9706492731191293,True,0.8110666457877903,0.9187651716865476,False
outline,Cirsium canescens,Cirsium discolor,0.9166684891429844,1.1880100441635384,False,0.8672741195704338,1.096825763234142,False
outline,Cirsium canescens,Cirsium edule,0.9717785435909716,1.2382713032601647,False,0.8458222532715152,1.1454302359943456,False
outline,Cirsium canescens,Cirsium erisithales,1.1389137403888423,1.4305287095800598,False,1.030347929616109,1.2378484265093488,False
outline,Cirsium canescens,Cirsium esculentum,1.7277092267520142,1.5847239862502063,True,1.6573950888537343,1.4983798896764036,True
outline,Cirsium canescens,Cirsium flodmanii,1.0536005406002853,1.3324809438747205,False,1.0066227420764426,1.2774385508862893,False
outline,Cirsium canescens,Cirsium helenioides,1.0317507897514784,1.233808471054639,False,0.9978251397497572,1.1059705005447202,False
outline,Cirsium canescens,Cirsium heterophyllum,1.057450967545087,1.3503422098149807,False,0.9946757425370112,1.274937511186735,False
outline,Cirsium canescens,Cirsium hookerianum,1.0167464543933942,1.1923863980348783,False,0.9616810939902464,1.1390835457023456,False
outline,Cirsium canescens,Cirsium horridulum,1.3671669720242163,1.5477038369323781,False,1.2854381781765098,1.374109069997763,False
outline,Cirsium canescens,Cirsium japonicum,0.9785839861321596,1.1531961912620494,False,0.9167644369804726,1.0907934536981825,False
outline,Cirsium canescens,Cirsium mexicanum,0.9328066100660836,1.045231854746366,False,0.8936367578175408,0.9715601098420212,False
outline,Cirsium canescens,Cirsium muticum,1.094857310864635,1.2819615899632326,False,0.9489696769824006,1.1811592643130062,False
outline,Cirsium canescens,Cirsium neomexicanum,0.9381083949699514,1.2384329664453755,False,0.8910580801622927,1.120492627235265,False
outline,Cirsium canescens,Cirsium nuttallii,1.00243977032915,1.4222801133338607,False,0.9653451288667864,1.2967076098676085,False
outline,Cirsium canescens,Cirsium occidentale,1.1300292809183692,1.3859565961614853,False,1.0896157738116916,1.3073612329279627,False
outline,Cirsium canescens,Cirsium ochrocentrum,1.3019906161472563,1.5070145795452101,False,1.264406612892302,1.3511873607925864,False
outline,Cirsium canescens,Cirsium oleraceum,1.280024544311772,1.5065430736542975,False,1.213527291096991,1.4248819353148536,False
outline,Cirsium canescens,Cirsium palustre,1.1822497755437529,1.5642674039347915,False,1.0930880232212234,1.5041729967835695,False
outline,Cirsium canescens,Cirsium pumilum,0.9874598162207852,1.1949467726833496,False,0.9253790865450546,1.1240475178281273,False
outline,Cirsium canescens,Cirsium rivulare,0.9905524355055174,1.3128798198075948,False,0.94300589522258,1.1705457362648033,False
outline,Cirsium canescens,Cirsium scariosum,1.3616027487393896,1.8408401082125907,False,1.3252202220691314,1.569017257775439,False
outline,Cirsium canescens,Cirsium serrulatum,1.055460924310907,1.4364765043182517,False,1.017645224711757,1.3546947533215896,False
outline,Cirsium canescens,Cirsium spinosissimum,1.3917070719261928,1.3485491470992732,True,1.3162096769544056,1.1974516730835378,True
outline,Cirsium canescens,Cirsium texanum,0.9932630265323537,1.2928286291265305,False,0.9034285211076656,1.2271650101353115,False
outline,Cirsium canescens,Cirsium undulatum,1.3220173739391696,2.171743831186382,False,1.2781105258023029,2.089868150716844,False
outline,Cirsium canescens,Cirsium vulgare,1.0575109580766582,1.5096646923011634,False,0.9692378335632982,1.4252339257004154,False
outline,Cirsium canum,Cirsium carolinianum,1.4710586051789043,1.2211421690856497,True,1.0582649720243964,1.1763910724326538,False
outline,Cirsium canum,Cirsium discolor,1.1465959383342317,1.2211421690856497,False,0.960534418181915,1.1763910724326538,False
outline,Cirsium canum,Cirsium edule,1.3098402497453894,1.2382713032601647,True,0.955941565839989,1.1763910724326538,False
outline,Cirsium canum,Cirsium erisithales,1.427327435288823,1.4305287095800598,False,1.0674248231454553,1.2378484265093488,False
outline,Cirsium canum,Cirsium esculentum,1.672850861237401,1.5847239862502063,True,1.459751118480365,1.4983798896764036,False
outline,Cirsium canum,Cirsium flodmanii,1.2539949019464394,1.3324809438747205,False,1.0204402774706691,1.2774385508862893,False
outline,Cirsium canum,Cirsium helenioides,1.1278706135567806,1.233808471054639,False,1.0139820578998453,1.1763910724326538,False
outline,Cirsium canum,Cirsium heterophyllum,1.13413619194384,1.3503422098149807,False,1.0685201535606117,1.274937511186735,False
outline,Cirsium canum,Cirsium hookerianum,1.3360214214543924,1.2211421690856497,True,1.0687634436995688,1.1763910724326538,False
outline,Cirsium canum,Cirsium horridulum,1.231440340645274,1.5477038369323781,False,1.1254282852460298,1.374109069997763,False
outline,Cirsium canum,Cirsium japonicum,1.071091533588104,1.2211421690856497,False,0.9410895567696318,1.1763910724326538,False
outline,Cirsium canum,Cirsium mexicanum,1.2396963605725753,1.2211421690856497,True,1.015747942322307,1.1763910724326538,False
outline,Cirsium canum,Cirsium muticum,1.3445373308202528,1.2819615899632326,True,1.030799377420654,1.1811592643130062,False
outline,Cirsium canum,Cirsium neomexicanum,1.1537331195984333,1.2384329664453755,False,0.9560692140112426,1.1763910724326538,False
outline,Cirsium canum,Cirsium nuttallii,1.1811715716056486,1.4222801133338607,False,1.0656696194417727,1.2967076098676085,False
outline,Cirsium canum,Cirsium occidentale,1.3036132243138714,1.3859565961614853,False,1.1147575993471888,1.3073612329279627,False
outline,Cirsium canum,Cirsium ochrocentrum,1.2982853306150364,1.5070145795452101,False,1.0857099843885858,1.3511873607925864,False
outline,Cirsium canum,Cirsium oleraceum,1.421676486282395,1.5065430736542975,False,1.0865869938967514,1.4248819353148536,False
outline,Cirsium canum,Cirsium palustre,1.3694855351539146,1.5642674039347915,False,1.0486172871146122,1.5041729967835695,False
outline,Cirsium canum,Cirsium pumilum,1.0533868784155955,1.2211421690856497,False,0.982276085729876,1.1763910724326538,False
outline,Cirsium canum,Cirsium rivulare,1.1745219254207226,1.3128798198075948,False,0.9934614294706388,1.1763910724326538,False
outline,Cirsium canum,Cirsium scariosum,1.2869728900280937,1.8408401082125907,False,1.139627145038892,1.569017257775439,False
outline,Cirsium canum,Cirsium serrulatum,1.1786090508708544,1.4364765043182517,False,1.0078100261097431,1.3546947533215896,False
outline,Cirsium canum,Cirsium spinosissimum,1.365710004401261,1.3485491470992732,True,1.209787497880365,1.1974516730835378,True
outline,Cirsium canum,Cirsium texanum,1.03820534118743,1.2928286291265305,False,0.9928776145942606,1.2271650101353115,False
outline,Cirsium canum,Cirsium undulatum,1.3042714677564038,2.171743831186382,False,1.0868476203423303,2.089868150716844,False
outline,Cirsium canum,Cirsium vulgare,1.2009555014586937,1.5096646923011634,False,1.0205876962481173,1.4252339257004154,False
outline,Cirsium carolinianum,Cirsium discolor,1.008873490447734,1.1880100441635384,False,0.9081404614158778,1.096825763234142,False
outline,Cirsium carolinianum,Cirsium edule,1.0095941673531843,1.2382713032601647,False,0.9066026215034432,1.1454302359943456,False
outline,Cirsium carolinianum,Cirsium erisithales,1.1284830138203017,1.4305287095800598,False,1.059288250819043,1.2378484265093488,False
outline,Cirsium carolinianum,Cirsium esculentum,1.9795189353774705,1.5847239862502063,True,1.7904434516588803,1.4983798896764036,True
outline,Cirsium carolinianum,Cirsium flodmanii,1.0972433175539713,1.3324809438747205,False,1.0148397277338783,1.2774385508862893,False
outline,Cirsium carolinianum,Cirsium helenioides,1.1926793911325375,1.233808471054639,False,1.0232857466478409,1.1059705005447202,False
outline,Cirsium carolinianum,Cirsium heterophyllum,1.2693984421857596,1.3503422098149807,False,1.0278459732622227,1.274937511186735,False
outline,Cirsium carolinianum,Cirsium hookerianum,1.0795865553719135,1.1923863980348783,False,0.9321567626643952,1.1390835457023456,False
outline,Cirsium carolinianum,Cirsium horridulum,1.6660783403365924,1.5477038369323781,True,1.356209769321712,1.374109069997763,False
outline,Cirsium carolinianum,Cirsium japonicum,1.2907387636410703,1.1531961912620494,True,1.047662969132759,1.0907934536981825,False
outline,Cirsium carolinianum,Cirsium mexicanum,0.9642331193768164,1.045231854746366,False,0.8708027370345041,0.9715601098420212,False
outline,Cirsium carolinianum,Cirsium muticum,1.0335729817298411,1.2819615899632326,False,0.989048807294201,1.1811592643130062,False
outline,Cirsium carolinianum,Cirsium neomexicanum,1.167112001971928,1.2384329664453755,False,0.967488423251217,1.120492627235265,False
outline,Cirsium carolinianum,Cirsium nuttallii,1.1733515439208595,1.4222801133338607,False,1.0003274134349391,1.2967076098676085,False
outline,Cirsium carolinianum,Cirsium occidentale,1.239669349269429,1.3859565961614853,False,1.1441417508596323,1.3073612329279627,False
outline,Cirsium carolinianum,Cirsium ochrocentrum,1.5322538724871686,1.5070145795452101,True,1.3801032997493985,1.3511873607925864,True
outline,Cirsium carolinianum,Cirsium oleraceum,1.3080506289615437,1.5065430736542975,False,1.176436537128354,1.4248819353148536,False
outline,Cirsium carolinianum,Cirsium palustre,1.224239790349542,1.5642674039347915,False,1.162077072164058,1.5041729967835695,False
outline,Cirsium carolinianum,Cirsium pumilum,1.270008319081818,1.1949467726833496,True,0.9614939090921216,1.1240475178281273,False
outline,Cirsium carolinianum,Cirsium rivulare,1.0904311836182892,1.3128798198075948,False,0.9447774654048502,1.1705457362648033,False
outline,Cirsium carolinianum,Cirsium scariosum,1.725863706194486,1.8408401082125907,False,1.4579608123810592,1.569017257775439,False
outline,Cirsium carolinianum,Cirsium serrulatum,1.2792053177054084,1.4364765043182517,False,1.148760516240893,1.3546947533215896,False
outline,Cirsium carolinianum,Cirsium spinosissimum,1.7530473538288356,1.3485491470992732,True,1.423902715543372,1.1974516730835378,True
outline,Cirsium carolinianum,Cirsium texanum,1.310533478059232,1.2928286291265305,True,0.9849634881536496,1.2271650101353115,False
outline,Cirsium carolinianum,Cirsium undulatum,1.5862584271633666,2.171743831186382,False,1.429640054686398,2.089868150716844,False
outline,Cirsium carolinianum,Cirsium vulgare,1.1841885699423562,1.5096646923011634,False,0.9987711533319538,1.4252339257004154,False
outline,Cirsium discolor,Cirsium edule,1.0001035506832312,1.2382713032601647,False,0.8885229614419319,1.1454302359943456,False
outline,Cirsium discolor,Cirsium erisithales,1.1052600819207383,1.4305287095800598,False,1.039882932841675,1.2378484265093488,False
outline,Cirsium discolor,Cirsium esculentum,1.8138888268646665,1.5847239862502063,True,1.7540833254855954,1.4983798896764036,True
outline,Cirsium discolor,Cirsium flodmanii,1.0585896912546473,1.3324809438747205,False,1.0126574252054013,1.2774385508862893,False
outline,Cirsium discolor,Cirsium helenioides,1.0286333493486006,1.233808471054639,False,0.9742971111428366,1.1059705005447202,False
outline,Cirsium discolor,Cirsium heterophyllum,1.0519586546420503,1.3503422098149807,False,0.9399544455968808,1.274937511186735,False
outline,Cirsium discolor,Cirsium hookerianum,0.9954809626285844,1.1923863980348783,False,0.9426641958789516,1.1390835457023456,False
outline,Cirsium discolor,Cirsium horridulum,1.3576071818320437,1.5477038369323781,False,1.2300945370915546,1.374109069997763,False
outline,Cirsium discolor,Cirsium japonicum,1.049122753206305,1.1880100441635384,False,0.959441687749514,1.096825763234142,False
outline,Cirsium discolor,Cirsium mexicanum,0.923826684927822,1.1880100441635384,False,0.8977614185375203,1.096825763234142,False
outline,Cirsium discolor,Cirsium muticum,1.005816270539795,1.2819615899632326,False,0.9371839273719385,1.1811592643130062,False
outline,Cirsium discolor,Cirsium neomexicanum,1.058605750137519,1.2384329664453755,False,0.9999009199633092,1.120492627235265,False
outline,Cirsium discolor,Cirsium nuttallii,1.019769469916216,1.4222801133338607,False,0.9677258941533096,1.2967076098676085,False
outline,Cirsium discolor,Cirsium occidentale,1.1061479509911156,1.3859565961614853,False,1.0614128400425693,1.3073612329279627,False
outline,Cirsium discolor,Cirsium ochrocentrum,1.3508819367416278,1.5070145795452101,False,1.264578856093064,1.3511873607925864,False
outline,Cirsium discolor,Cirsium oleraceum,1.251864289267388,1.5065430736542975,False,1.181088191863141,1.4248819353148536,False
outline,Cirsium discolor,Cirsium palustre,1.1608041682562449,1.5642674039347915,False,1.0532623155935454,1.5041729967835695,False
outline,Cirsium discolor,Cirsium pumilum,1.0333278872434182,1.1949467726833496,False,0.937670492369416,1.1240475178281273,False
outline,Cirsium discolor,Cirsium rivulare,0.9942301113107772,1.3128798198075948,False,0.9612780330135224,1.1705457362648033,False
outline,Cirsium discolor,Cirsium scariosum,1.4918611552430292,1.8408401082125907,False,1.3814372113486963,1.569017257775439,False
outline,Cirsium discolor,Cirsium serrulatum,1.113542075264713,1.4364765043182517,False,1.0557005239564212,1.3546947533215896,False
outline,Cirsium discolor,Cirsium spinosissimum,1.4416959970038508,1.3485491470992732,True,1.3218674028134063,1.1974516730835378,True
outline,Cirsium discolor,Cirsium texanum,1.096335866472053,1.2928286291265305,False,0.9131511328940944,1.2271650101353115,False
outline,Cirsium discolor,Cirsium undulatum,1.4224023724771144,2.171743831186382,False,1.3097946697778031,2.089868150716844,False
outline,Cirsium discolor,Cirsium vulgare,1.014000635168762,1.5096646923011634,False,0.9680880263483718,1.4252339257004154,False
outline,Cirsium edule,Cirsium erisithales,1.1375329689909566,1.4305287095800598,False,1.0134419873189364,1.2378484265093488,False
outline,Cirsium edule,Cirsium esculentum,1.755288642128369,1.5847239862502063,True,1.650114513447598,1.4983798896764036,True
outline,Cirsium edule,Cirsium flodmanii,1.1039331719801786,1.3324809438747205,False,1.0004211734213952,1.2774385508862893,False
outline,Cirsium edule,Cirsium helenioides,1.1251379100564152,1.2382713032601647,False,1.0354851583637394,1.1454302359943456,False
outline,Cirsium edule,Cirsium heterophyllum,1.2090420234473809,1.3503422098149807,False,0.9851242885266822,1.274937511186735,False
outline,Cirsium edule,Cirsium hookerianum,1.0980477132627695,1.2382713032601647,False,1.0068669041159812,1.1454302359943456,False
outline,Cirsium edule,Cirsium horridulum,1.4328075158072484,1.5477038369323781,False,1.2247306572914405,1.374109069997763,False
outline,Cirsium edule,Cirsium japonicum,1.0378270944597965,1.2382713032601647,False,0.890615490558115,1.1454302359943456,False
outline,Cirsium edule,Cirsium mexicanum,1.0260852468697597,1.2382713032601647,False,0.9050363482284708,1.1454302359943456,False
outline,Cirsium edule,Cirsium muticum,1.0938489716861448,1.2819615899632326,False,0.9634706634197304,1.1811592643130062,False
outline,Cirsium edule,Cirsium neomexicanum,1.0753299001342418,1.2384329664453755,False,0.9810653966659936,1.1454302359943456,False
outline,Cirsium edule,Cirsium nuttallii,1.1417594431511588,1.4222801133338607,False,1.000658812034876,1.2967076098676085,False
outline,Cirsium edule,Cirsium occidentale,1.1143149712955804,1.3859565961614853,False,1.0451190702283817,1.3073612329279627,False
outline,Cirsium edule,Cirsium ochrocentrum,1.273283491258567,1.5070145795452101,False,1.1627026358012578,1.3511873607925864,False
outline,Cirsium edule,Cirsium oleraceum,1.2303532453346435,1.5065430736542975,False,1.1296887777832108,1.4248819353148536,False
outline,Cirsium edule,Cirsium palustre,1.1444046223932287,1.5642674039347915,False,1.0510540642231694,1.5041729967835695,False
outline,Cirsium edule,Cirsium pumilum,1.1709438627758706,1.2382713032601647,False,0.989227575799796,1.1454302359943456,False
outline,Cirsium edule,Cirsium rivulare,1.049171905151327,1.3128798198075948,False,0.9421907222678894,1.1705457362648033,False
outline,Cirsium edule,Cirsium scariosum,1.4807486774115266,1.8408401082125907,False,1.2887988414842824,1.569017257775439,False
outline,Cirsium edule,Cirsium serrulatum,1.1403157141613356,1.4364765043182517,False,0.976541547503244,1.3546947533215896,False
outline,Cirsium edule,Cirsium spinosissimum,1.4995398535308615,1.3485491470992732,True,1.2875340696981752,1.1974516730835378,True
outline,Cirsium edule,Cirsium texanum,1.2140430616899347,1.2928286291265305,False,0.9997851486854852,1.2271650101353115,False
outline,Cirsium edule,Cirsium undulatum,1.429754711195651,2.171743831186382,False,1.2583392895958516,2.089868150716844,False
outline,Cirsium edule,Cirsium vulgare,1.1179455267895553,1.5096646923011634,False,0.986751298113384,1.4252339257004154,False
outline,Cirsium erisithales,Cirsium esculentum,1.7894374158731845,1.5847239862502063,True,1.684022407772289,1.4983798896764036,True
outline,Cirsium erisithales,Cirsium flodmanii,1.1318125083767885,1.4305287095800598,False,1.051589589104813,1.2774385508862893,False
outline,Cirsium erisithales,Cirsium helenioides,1.1775512322204622,1.4305287095800598,False,1.0968551579265349,1.2378484265093488,False
outline,Cirsium erisithales,Cirsium heterophyllum,1.2158529499644986,1.4305287095800598,False,1.0472731403953222,1.274937511186735,False
outline,Cirsium erisithales,Cirsium hookerianum,1.16571404446044,1.4305287095800598,False,1.077787215785622,1.2378484265093488,False
outline,Cirsium erisithales,Cirsium horridulum,1.3874603067756035,1.5477038369323781,False,1.2404625225778192,1.374109069997763,False
outline,Cirsium erisithales,Cirsium japonicum,1.2318788434367292,1.4305287095800598,False,1.0546837544043832,1.2378484265093488,False
outline,Cirsium erisithales,Cirsium mexicanum,1.0585004615968443,1.4305287095800598,False,0.9984244062676376,1.2378484265093488,False
outline,Cirsium erisithales,Cirsium muticum,1.1020495640102164,1.4305287095800598,False,1.058904354284981,1.2378484265093488,False
outline,Cirsium erisithales,Cirsium neomexicanum,1.250310494845758,1.4305287095800598,False,1.1008372651145566,1.2378484265093488,False
outline,Cirsium erisithales,Cirsium nuttallii,1.190913107989178,1.4305287095800598,False,1.0868293380891147,1.2967076098676085,False
outline,Cirsium erisithales,Cirsium occidentale,1.190117984260518,1.4305287095800598,False,1.1177246709027884,1.3073612329279627,False
outline,Cirsium erisithales,Cirsium ochrocentrum,1.346292272098104,1.5070145795452101,False,1.235975466171712,1.3511873607925864,False
outline,Cirsium erisithales,Cirsium oleraceum,1.3121548037338069,1.5065430736542975,False,1.2235079519728913,1.4248819353148536,False
outline,Cirsium erisithales,Cirsium palustre,1.212633010842505,1.5642674039347915,False,1.1206394822761072,1.5041729967835695,False
outline,Cirsium erisithales,Cirsium pumilum,1.3061967156162249,1.4305287095800598,False,1.070425051161271,1.2378484265093488,False
outline,Cirsium erisithales,Cirsium rivulare,1.1330999879790706,1.4305287095800598,False,1.041407787433037,1.2378484265093488,False
outline,Cirsium erisithales,Cirsium scariosum,1.5115061896690605,1.8408401082125907,False,1.295676280596524,1.569017257775439,False
outline,Cirsium erisithales,Cirsium serrulatum,1.1922511202223691,1.4364765043182517,False,1.08593031521863,1.3546947533215896,False
outline,Cirsium erisithales,Cirsium spinosissimum,1.5519442842854692,1.4305287095800598,True,1.3482046316287266,1.2378484265093488,True
outline,Cirsium erisithales,Cirsium texanum,1.29655256873956,1.4305287095800598,False,1.0718852602867153,1.2378484265093488,False
outline,Cirsium erisithales,Cirsium undulatum,1.4691643570762565,2.171743831186382,False,1.3256442596682303,2.089868150716844,False
outline,Cirsium erisithales,Cirsium vulgare,1.219374585630551,1.5096646923011634,False,1.100391837403636,1.4252339257004154,False
outline,Cirsium esculentum,Cirsium flodmanii,1.728816186634842,1.5847239862502063,True,1.6079203728172256,1.4983798896764036,True
outline,Cirsium esculentum,Cirsium helenioides,1.577806125923782,1.5847239862502063,False,1.5077492741033358,1.4983798896764036,True
outline,Cirsium esculentum,Cirsium heterophyllum,1.8220574061409087,1.5847239862502063,True,1.6794842033466864,1.4983798896764036,True
outline,Cirsium esculentum,Cirsium hookerianum,1.6845954914302363,1.5847239862502063,True,1.6523785113744314,1.4983798896764036,True
outline,Cirsium esculentum,Cirsium horridulum,1.49202305684591,1.5847239862502063,False,1.406953224231391,1.4983798896764036,False
outline,Cirsium esculentum,Cirsium japonicum,1.5872817423728498,1.5847239862502063,True,1.5029966911661954,1.4983798896764036,True
outline,Cirsium esculentum,Cirsium mexicanum,1.7265337979028823,1.5847239862502063,True,1.60561970998722,1.4983798896764036,True
outline,Cirsium esculentum,Cirsium muticum,1.8784371884555755,1.5847239862502063,True,1.7232129076340803,1.4983798896764036,True
outline,Cirsium esculentum,Cirsium neomexicanum,1.6016505780825585,1.5847239862502063,True,1.565343885570348,1.4983798896764036,True
outline,Cirsium esculentum,Cirsium nuttallii,1.7887785188086172,1.5847239862502063,True,1.6375210446353012,1.4983798896764036,True
outline,Cirsium esculentum,Cirsium occidentale,1.6850801823428216,1.5847239862502063,True,1.5521587922296944,1.4983798896764036,True
outline,Cirsium esculentum,Cirsium ochrocentrum,1.376623268526353,1.5847239862502063,False,1.256976701592459,1.4983798896764036,False
outline,Cirsium esculentum,Cirsium oleraceum,1.5719895436168656,1.5847239862502063,False,1.4445545004264388,1.4983798896764036,False
outline,Cirsium esculentum,Cirsium palustre,1.591724543247585,1.5847239862502063,True,1.5209833715568846,1.5041729967835695,True
outline,Cirsium esculentum,Cirsium pumilum,1.7169912661303468,1.5847239862502063,True,1.6282875585471492,1.4983798896764036,True
outline,Cirsium esculentum,Cirsium rivulare,1.71161036168959,1.5847239862502063,True,1.657803059476782,1.4983798896764036,True
outline,Cirsium esculentum,Cirsium scariosum,1.3368732240948642,1.8408401082125907,False,1.2442296167607632,1.569017257775439,False
outline,Cirsium esculentum,Cirsium serrulatum,1.568691374865541,1.5847239862502063,False,1.5135289998840276,1.4983798896764036,True
outline,Cirsium esculentum,Cirsium spinosissimum,1.412493359717791,1.5847239862502063,False,1.2868650265574255,1.4983798896764036,False
outline,Cirsium esculentum,Cirsium texanum,1.7801637243287778,1.5847239862502063,True,1.611529415021096,1.4983798896764036,True
outline,Cirsium esculentum,Cirsium undulatum,1.4793960392147796,2.171743831186382,False,1.40264585971229,2.089868150716844,False
outline,Cirsium esculentum,Cirsium vulgare,1.5882494203921986,1.5847239862502063,True,1.516682907712538,1.4983798896764036,True
outline,Cirsium flodmanii,Cirsium helenioides,1.144239958832125,1.3324809438747205,False,1.058349028704463,1.2774385508862893,False
outline,Cirsium flodmanii,Cirsium heterophyllum,1.118635741868068,1.3503422098149807,False,0.9904174945053604,1.2774385508862893,False
outline,Cirsium flodmanii,Cirsium hookerianum,1.1687474443538253,1.3324809438747205,False,1.076675144097914,1.2774385508862893,False
outline,Cirsium flodmanii,Cirsium horridulum,1.373783442754252,1.5477038369323781,False,1.20942294416334,1.374109069997763,False
outline,Cirsium flodmanii,Cirsium japonicum,1.110646395499257,1.3324809438747205,False,1.001500139474297,1.2774385508862893,False
outline,Cirsium flodmanii,Cirsium mexicanum,1.052583523900594,1.3324809438747205,False,1.0179255100058668,1.2774385508862893,False
outline,Cirsium flodmanii,Cirsium muticum,1.114840120650729,1.3324809438747205,False,1.033174049938694,1.2774385508862893,False
outline,Cirsium flodmanii,Cirsium neomexicanum,1.1660065237711303,1.3324809438747205,False,1.0326302182918266,1.2774385508862893,False
outline,Cirsium flodmanii,Cirsium nuttallii,1.1242972248311478,1.4222801133338607,False,1.035574071672643,1.2967076098676085,False
outline,Cirsium flodmanii,Cirsium occidentale,1.1874051540063162,1.3859565961614853,False,1.122378541345633,1.3073612329279627,False
outline,Cirsium flodmanii,Cirsium ochrocentrum,1.2890099468371157,1.5070145795452101,False,1.2389447743438824,1.3511873607925864,False
outline,Cirsium flodmanii,Cirsium oleraceum,1.2671058303753049,1.5065430736542975,False,1.1698806850559431,1.4248819353148536,False
outline,Cirsium flodmanii,Cirsium palustre,1.1902383558870144,1.5642674039347915,False,1.0917035966739617,1.5041729967835695,False
outline,Cirsium flodmanii,Cirsium pumilum,1.133746010011052,1.3324809438747205,False,0.9760503033004178,1.2774385508862893,False
outline,Cirsium flodmanii,Cirsium rivulare,1.080965236845249,1.3324809438747205,False,1.0130476917072633,1.2774385508862893,False
outline,Cirsium flodmanii,Cirsium scariosum,1.41776217516564,1.8408401082125907,False,1.2717672095188743,1.569017257775439,False
outline,Cirsium flodmanii,Cirsium serrulatum,1.1292218820746882,1.4364765043182517,False,1.062667903714412,1.3546947533215896,False
outline,Cirsium flodmanii,Cirsium spinosissimum,1.477765570252521,1.3485491470992732,True,1.3003484452322405,1.2774385508862893,True
outline,Cirsium flodmanii,Cirsium texanum,1.2198510877492803,1.3324809438747205,False,1.1055636025045148,1.2774385508862893,False
outline,Cirsium flodmanii,Cirsium undulatum,1.35409911656838,2.171743831186382,False,1.2618157792043874,2.089868150716844,False
outline,Cirsium flodmanii,Cirsium vulgare,1.243851293956637,1.5096646923011634,False,1.0989291693981134,1.4252339257004154,False
outline,Cirsium helenioides,Cirsium heterophyllum,1.0943569984281387,1.3503422098149807,False,1.0405886746901354,1.274937511186735,False
outline,Cirsium helenioides,Cirsium hookerianum,1.1049540393216846,1.233808471054639,False,1.0528905799740111,1.1390835457023456,False
outline,Cirsium helenioides,Cirsium horridulum,1.3001380636755813,1.5477038369323781,False,1.165071003934051,1.374109069997763,False
outline,Cirsium helenioides,Cirsium japonicum,1.0568928270882167,1.233808471054639,False,0.9997252387967694,1.1059705005447202,False
outline,Cirsium helenioides,Cirsium mexicanum,1.0050938525419115,1.233808471054639,False,0.9587067949405724,1.1059705005447202,False
outline,Cirsium helenioides,Cirsium muticum,1.1534410345641994,1.2819615899632326,False,1.0140379256037717,1.1811592643130062,False
outline,Cirsium helenioides,Cirsium neomexicanum,1.0441988879056288,1.2384329664453755,False,0.988467298773776,1.120492627235265,False
outline,Cirsium helenioides,Cirsium nuttallii,1.101227286034134,1.4222801133338607,False,1.049935270276393,1.2967076098676085,False
outline,Cirsium helenioides,Cirsium occidentale,1.1634964358047468,1.3859565961614853,False,1.051038787134631,1.3073612329279627,False
outline,Cirsium helenioides,Cirsium ochrocentrum,1.2382941304645303,1.5070145795452101,False,1.1634886438134746,1.3511873607925864,False
outline,Cirsium helenioides,Cirsium oleraceum,1.2626536170682383,1.5065430736542975,False,1.128552848788552,1.4248819353148536,False
outline,Cirsium helenioides,Cirsium palustre,1.130909568904214,1.5642674039347915,False,1.04721948618892,1.5041729967835695,False
outline,Cirsium helenioides,Cirsium pumilum,1.0388867959781596,1.233808471054639,False,0.9734182524031166,1.1240475178281273,False
outline,Cirsium helenioides,Cirsium rivulare,1.0232218866267688,1.3128798198075948,False,1.0017221483026044,1.1705457362648033,False
outline,Cirsium helenioides,Cirsium scariosum,1.307565952439403,1.8408401082125907,False,1.2367558424402685,1.569017257775439,False
outline,Cirsium helenioides,Cirsium serrulatum,1.0825890074643818,1.4364765043182517,False,1.0280742594660104,1.3546947533215896,False
outline,Cirsium helenioides,Cirsium spinosissimum,1.3541631907692313,1.3485491470992732,True,1.187555716086356,1.1974516730835378,False
outline,Cirsium helenioides,Cirsium texanum,1.0733064662502545,1.2928286291265305,False,0.989077230675388,1.2271650101353115,False
outline,Cirsium helenioides,Cirsium undulatum,1.3173336916389218,2.171743831186382,False,1.2209356727770664,2.089868150716844,False
outline,Cirsium helenioides,Cirsium vulgare,1.074063337638001,1.5096646923011634,False,1.024233404923408,1.4252339257004154,False
outline,Cirsium heterophyllum,Cirsium hookerianum,1.1709733558121478,1.3503422098149807,False,1.0298459652384055,1.274937511186735,False
outline,Cirsium heterophyllum,Cirsium horridulum,1.3626830692367249,1.5477038369323781,False,1.2822361715814512,1.374109069997763,False
outline,Cirsium heterophyllum,Cirsium japonicum,1.0727217479951463,1.3503422098149807,False,1.0051568544831944,1.274937511186735,False
outline,Cirsium heterophyllum,Cirsium mexicanum,1.0750446569620642,1.3503422098149807,False,0.95965514845786,1.274937511186735,False
outline,Cirsium heterophyllum,Cirsium muticum,1.157883023328727,1.3503422098149807,False,0.9722855715840796,1.274937511186735,False
outline,Cirsium heterophyllum,Cirsium neomexicanum,1.159007007791261,1.3503422098149807,False,1.0622424203715417,1.274937511186735,False
outline,Cirsium heterophyllum,Cirsium nuttallii,1.0912465180844702,1.4222801133338607,False,1.0103502506341864,1.2967076098676085,False
outline,Cirsium heterophyllum,Cirsium occidentale,1.1715118067681356,1.3859565961614853,False,1.0749776663597723,1.3073612329279627,False
outline,Cirsium heterophyllum,Cirsium ochrocentrum,1.4066241361940477,1.5070145795452101,False,1.2736955754661814,1.3511873607925864,False
outline,Cirsium heterophyllum,Cirsium oleraceum,1.3252256233604642,1.5065430736542975,False,1.1538097479048122,1.4248819353148536,False
outline,Cirsium heterophyllum,Cirsium palustre,1.2838450689552818,1.5642674039347915,False,1.0502207322038648,1.5041729967835695,False
outline,Cirsium heterophyllum,Cirsium pumilum,1.0855501820876867,1.3503422098149807,False,1.025064944960835,1.274937511186735,False
outline,Cirsium heterophyllum,Cirsium rivulare,1.1286412556664187,1.3503422098149807,False,1.048709940573047,1.274937511186735,False
outline,Cirsium heterophyllum,Cirsium scariosum,1.4336736977632687,1.8408401082125907,False,1.3225714803215802,1.569017257775439,False
outline,Cirsium heterophyllum,Cirsium serrulatum,1.1608210875959797,1.4364765043182517,False,1.0375257789620165,1.3546947533215896,False
outline,Cirsium heterophyllum,Cirsium spinosissimum,1.4808142938189863,1.3503422098149807,True,1.3346047500971123,1.274937511186735,True
outline,Cirsium heterophyllum,Cirsium texanum,1.0464197823991983,1.3503422098149807,False,1.0055634914597915,1.274937511186735,False
outline,Cirsium heterophyllum,Cirsium undulatum,1.433925661918313,2.171743831186382,False,1.3502591783243238,2.089868150716844,False
outline,Cirsium heterophyllum,Cirsium vulgare,1.1993599561030055,1.5096646923011634,False,1.0810900805924453,1.4252339257004154,False
outline,Cirsium hookerianum,Cirsium horridulum,1.38112713169129,1.5477038369323781,False,1.296400051748556,1.374109069997763,False
outline,Cirsium hookerianum,Cirsium japonicum,1.1598360194972273,1.1923863980348783,False,1.0177559568530987,1.1390835457023456,False
outline,Cirsium hookerianum,Cirsium mexicanum,1.0298453843110564,1.1923863980348783,False,0.9872112631187466,1.1390835457023456,False
outline,Cirsium hookerianum,Cirsium muticum,1.0569526596325742,1.2819615899632326,False,0.975304552830884,1.1811592643130062,False
outline,Cirsium hookerianum,Cirsium neomexicanum,1.136180448000057,1.2384329664453755,False,1.0488214041413753,1.1390835457023456,False
outline,Cirsium hookerianum,Cirsium nuttallii,1.04666285061678,1.4222801133338607,False,0.971966772898857,1.2967076098676085,False
outline,Cirsium hookerianum,Cirsium occidentale,1.1606413703351013,1.3859565961614853,False,1.1182811372236667,1.3073612329279627,False
outline,Cirsium hookerianum,Cirsium ochrocentrum,1.2237394289964878,1.5070145795452101,False,1.2073107842709434,1.3511873607925864,False
outline,Cirsium hookerianum,Cirsium oleraceum,1.2333289677769783,1.5065430736542975,False,1.174729928464389,1.4248819353148536,False
outline,Cirsium hookerianum,Cirsium palustre,1.1723614327878984,1.5642674039347915,False,1.102899853773384,1.5041729967835695,False
outline,Cirsium hookerianum,Cirsium pumilum,1.13298919591701,1.1949467726833496,False,1.011999478439332,1.1390835457023456,False
outline,Cirsium hookerianum,Cirsium rivulare,1.097880833311868,1.3128798198075948,False,0.9975346931368,1.1705457362648033,False
outline,Cirsium hookerianum,Cirsium scariosum,1.4576180999329782,1.8408401082125907,False,1.3809741630399208,1.569017257775439,False
outline,Cirsium hookerianum,Cirsium serrulatum,1.1279142142223997,1.4364765043182517,False,1.046820131746315,1.3546947533215896,False
outline,Cirsium hookerianum,Cirsium spinosissimum,1.4356248827717877,1.3485491470992732,True,1.3217047835295932,1.1974516730835378,True
outline,Cirsium hookerianum,Cirsium texanum,1.1890470512057574,1.2928286291265305,False,0.995397654504704,1.2271650101353115,False
outline,Cirsium hookerianum,Cirsium undulatum,1.4302559734599902,2.171743831186382,False,1.348046972922701,2.089868150716844,False
outline,Cirsium hookerianum,Cirsium vulgare,1.1095896454886476,1.5096646923011634,False,1.026664155037527,1.4252339257004154,False
outline,Cirsium horridulum,Cirsium japonicum,1.228849637169049,1.5477038369323781,False,1.1864380710301354,1.374109069997763,False
outline,Cirsium horridulum,Cirsium mexicanum,1.437568057872832,1.5477038369323781,False,1.2906588005592887,1.374109069997763,False
outline,Cirsium horridulum,Cirsium muticum,1.4080083687586642,1.5477038369323781,False,1.2143046310877372,1.374109069997763,False
outline,Cirsium horridulum,Cirsium neomexicanum,1.3037040395427018,1.5477038369323781,False,1.19084863943263,1.374109069997763,False
outline,Cirsium horridulum,Cirsium nuttallii,1.331340493384405,1.5477038369323781,False,1.2314427163534805,1.374109069997763,False
outline,Cirsium horridulum,Cirsium occidentale,1.3093833699283768,1.5477038369323781,False,1.1909092927727332,1.374109069997763,False
outline,Cirsium horridulum,Cirsium ochrocentrum,1.2150286870473113,1.5477038369323781,False,1.0557334465395567,1.374109069997763,False
outline,Cirsium horridulum,Cirsium oleraceum,1.3835435150550026,1.5477038369323781,False,1.2201167367182584,1.4248819353148536,False
outline,Cirsium horridulum,Cirsium palustre,1.3383793170835898,1.5642674039347915,False,1.1567219343665405,1.5041729967835695,False
outline,Cirsium horridulum,Cirsium pumilum,1.2734661919152126,1.5477038369323781,False,1.2179416694303276,1.374109069997763,False
outline,Cirsium horridulum,Cirsium rivulare,1.2697895690482306,1.5477038369323781,False,1.1251311907161572,1.374109069997763,False
outline,Cirsium horridulum,Cirsium scariosum,1.2273740629943215,1.8408401082125907,False,1.1464580256797954,1.569017257775439,False
outline,Cirsium horridulum,Cirsium serrulatum,1.1675319049767288,1.5477038369323781,False,1.0765981559065612,1.374109069997763,False
outline,Cirsium horridulum,Cirsium spinosissimum,1.2551455517778072,1.5477038369323781,False,1.1839676129230856,1.374109069997763,False
outline,Cirsium horridulum,Cirsium texanum,1.3064129100324855,1.5477038369323781,False,1.2435657621847138,1.374109069997763,False
outline,Cirsium horridulum,Cirsium undulatum,1.26288947322571,2.171743831186382,False,1.1176099505363533,2.089868150716844,False
outline,Cirsium horridulum,Cirsium vulgare,1.2285780226258372,1.5477038369323781,False,1.1211151156429364,1.4252339257004154,False
outline,Cirsium japonicum,Cirsium mexicanum,1.1015108579422248,1.1531961912620494,False,0.9958715878561448,1.0907934536981825,False
outline,Cirsium japonicum,Cirsium muticum,1.1534827199397637,1.2819615899632326,False,1.0081454047076184,1.1811592643130062,False
outline,Cirsium japonicum,Cirsium neomexicanum,1.0450298118298589,1.2384329664453755,False,0.9725572465071548,1.120492627235265,False
outline,Cirsium japonicum,Cirsium nuttallii,1.0849471904599488,1.4222801133338607,False,1.051934503616483,1.2967076098676085,False
outline,Cirsium japonicum,Cirsium occidentale,1.2088437569901087,1.3859565961614853,False,1.0837320534937644,1.3073612329279627,False
outline,Cirsium japonicum,Cirsium ochrocentrum,1.2584048597217845,1.5070145795452101,False,1.1322735875457224,1.3511873607925864,False
outline,Cirsium japonicum,Cirsium oleraceum,1.276732366337269,1.5065430736542975,False,1.147572592187614,1.4248819353148536,False
outline,Cirsium japonicum,Cirsium palustre,1.2054462280650098,1.5642674039347915,False,1.0088977760699187,1.5041729967835695,False
outline,Cirsium japonicum,Cirsium pumilum,1.0662245407753748,1.1949467726833496,False,0.985002028887241,1.1240475178281273,False
outline,Cirsium japonicum,Cirsium rivulare,1.0240819367288752,1.3128798198075948,False,0.9663291948043976,1.1705457362648033,False
outline,Cirsium japonicum,Cirsium scariosum,1.316767203973042,1.8408401082125907,False,1.255749885596066,1.569017257775439,False
outline,Cirsium japonicum,Cirsium serrulatum,1.1065417476973174,1.4364765043182517,False,1.0324280005842388,1.3546947533215896,False
outline,Cirsium japonicum,Cirsium spinosissimum,1.3364928570586052,1.3485491470992732,False,1.228532017395185,1.1974516730835378,True
outline,Cirsium japonicum,Cirsium texanum,1.107469176154864,1.2928286291265305,False,1.0284204933101206,1.2271650101353115,False
outline,Cirsium japonicum,Cirsium undulatum,1.280731907746384,2.171743831186382,False,1.170068352648281,2.089868150716844,False
outline,Cirsium japonicum,Cirsium vulgare,1.0652552167014375,1.5096646923011634,False,0.9936001386513048,1.4252339257004154,False
outline,Cirsium mexicanum,Cirsium muticum,1.010061956426433,1.2819615899632326,False,0.9670911601318356,1.1811592643130062,False
outline,Cirsium mexicanum,Cirsium neomexicanum,1.0483077178343092,1.2384329664453755,False,0.932034006843044,1.120492627235265,False
outline,Cirsium mexicanum,Cirsium nuttallii,1.078854754328098,1.4222801133338607,False,1.0084009844344437,1.2967076098676085,False
outline,Cirsium mexicanum,Cirsium occidentale,1.0915674024251858,1.3859565961614853,False,1.062108144351138,1.3073612329279627,False
outline,Cirsium mexicanum,Cirsium ochrocentrum,1.3283435245160589,1.5070145795452101,False,1.2519411889917826,1.3511873607925864,False
outline,Cirsium mexicanum,Cirsium oleraceum,1.2115281444555674,1.5065430736542975,False,1.134797884530962,1.4248819353148536,False
outline,Cirsium mexicanum,Cirsium palustre,1.1660662170848326,1.5642674039347915,False,1.119997692269811,1.5041729967835695,False
outline,Cirsium mexicanum,Cirsium pumilum,1.0867947238283395,1.1949467726833496,False,0.9187104159901608,1.1240475178281273,False
outline,Cirsium mexicanum,Cirsium rivulare,0.9796150846111816,1.3128798198075948,False,0.9478026573277925,1.1705457362648033,False
outline,Cirsium mexicanum,Cirsium scariosum,1.4373086036129872,1.8408401082125907,False,1.283763544043453,1.569017257775439,False
outline,Cirsium mexicanum,Cirsium serrulatum,1.122325184483561,1.4364765043182517,False,1.067390754373665,1.3546947533215896,False
outline,Cirsium mexicanum,Cirsium spinosissimum,1.4117991501396854,1.3485491470992732,True,1.275808312267289,1.1974516730835378,True
outline,Cirsium mexicanum,Cirsium texanum,1.045705240175918,1.2928286291265305,False,0.9286484991041568,1.2271650101353115,False
outline,Cirsium mexicanum,Cirsium undulatum,1.352916283972876,2.171743831186382,False,1.2725986526794557,2.089868150716844,False
outline,Cirsium mexicanum,Cirsium vulgare,1.0931878211568793,1.5096646923011634,False,1.0194424011168135,1.4252339257004154,False
outline,Cirsium muticum,Cirsium neomexicanum,1.2558076105240144,1.2819615899632326,False,1.049117556714842,1.1811592643130062,False
outline,Cirsium muticum,Cirsium nuttallii,1.123858066627907,1.4222801133338607,False,1.0107896056493384,1.2967076098676085,False
outline,Cirsium muticum,Cirsium occidentale,1.1430256565102557,1.3859565961614853,False,1.0649686118739423,1.3073612329279627,False
outline,Cirsium muticum,Cirsium ochrocentrum,1.3908095448023197,1.5070145795452101,False,1.280640618476383,1.3511873607925864,False
outline,Cirsium muticum,Cirsium oleraceum,1.1980703476849808,1.5065430736542975,False,1.111416626658857,1.4248819353148536,False
outline,Cirsium muticum,Cirsium palustre,1.1845353753468173,1.5642674039347915,False,1.1502759118738393,1.5041729967835695,False
outline,Cirsium muticum,Cirsium pumilum,1.2336325360972793,1.2819615899632326,False,0.9995983915378156,1.1811592643130062,False
outline,Cirsium muticum,Cirsium rivulare,1.0911051381211432,1.3128798198075948,False,0.9742421796909864,1.1811592643130062,False
outline,Cirsium muticum,Cirsium scariosum,1.503810727504456,1.8408401082125907,False,1.3679259323451278,1.569017257775439,False
outline,Cirsium muticum,Cirsium serrulatum,1.1795274868809722,1.4364765043182517,False,1.067818687026548,1.3546947533215896,False
outline,Cirsium muticum,Cirsium spinosissimum,1.6030374995902832,1.3485491470992732,True,1.3556909140360047,1.1974516730835378,True
outline,Cirsium muticum,Cirsium texanum,1.1940961746390086,1.2928286291265305,False,0.9744581943381228,1.2271650101353115,False
outline,Cirsium muticum,Cirsium undulatum,1.4440702867883068,2.171743831186382,False,1.2897034783128858,2.089868150716844,False
outline,Cirsium muticum,Cirsium vulgare,1.1940124272789754,1.5096646923011634,False,1.0167169120944335,1.4252339257004154,False
outline,Cirsium neomexicanum,Cirsium nuttallii,1.116374218531468,1.4222801133338607,False,1.0675147046402746,1.2967076098676085,False
outline,Cirsium neomexicanum,Cirsium occidentale,1.2086697586104165,1.3859565961614853,False,1.1224544865318484,1.3073612329279627,False
outline,Cirsium neomexicanum,Cirsium ochrocentrum,1.2281249366616918,1.5070145795452101,False,1.1864918256529244,1.3511873607925864,False
outline,Cirsium neomexicanum,Cirsium oleraceum,1.281581720437035,1.5065430736542975,False,1.1480966020168233,1.4248819353148536,False
outline,Cirsium neomexicanum,Cirsium palustre,1.242211302229811,1.5642674039347915,False,1.098433380583923,1.5041729967835695,False
outline,Cirsium neomexicanum,Cirsium pumilum,1.022403432167302,1.2384329664453755,False,0.9551847701951564,1.1240475178281273,False
outline,Cirsium neomexicanum,Cirsium rivulare,1.0896140848531823,1.3128798198075948,False,1.014171565715699,1.1705457362648033,False
outline,Cirsium neomexicanum,Cirsium scariosum,1.2573783168701285,1.8408401082125907,False,1.2285169961089903,1.569017257775439,False
outline,Cirsium neomexicanum,Cirsium serrulatum,1.1023153897250242,1.4364765043182517,False,1.0420592581269714,1.3546947533215896,False
outline,Cirsium neomexicanum,Cirsium spinosissimum,1.262591143955067,1.3485491470992732,False,1.1878253922373403,1.1974516730835378,False
outline,Cirsium neomexicanum,Cirsium texanum,1.13001433211669,1.2928286291265305,False,1.0441886674736789,1.2271650101353115,False
outline,Cirsium neomexicanum,Cirsium undulatum,1.3287430484600875,2.171743831186382,False,1.2519435958531662,2.089868150716844,False
outline,Cirsium neomexicanum,Cirsium vulgare,1.052974147098913,1.5096646923011634,False,0.9805385236405976,1.4252339257004154,False
outline,Cirsium nuttallii,Cirsium occidentale,1.166982863156988,1.4222801133338607,False,1.101360246237169,1.3073612329279627,False
outline,Cirsium nuttallii,Cirsium ochrocentrum,1.2936515719369197,1.5070145795452101,False,1.2421191589597704,1.3511873607925864,False
outline,Cirsium nuttallii,Cirsium oleraceum,1.2722257359841598,1.5065430736542975,False,1.1645690715534858,1.4248819353148536,False
outline,Cirsium nuttallii,Cirsium palustre,1.2640193250697205,1.5642674039347915,False,1.1338783688451284,1.5041729967835695,False
outline,Cirsium nuttallii,Cirsium pumilum,1.0844894388884092,1.4222801133338607,False,1.023438144071089,1.2967076098676085,False
outline,Cirsium nuttallii,Cirsium rivulare,1.0417757951014497,1.4222801133338607,False,1.010780594975294,1.2967076098676085,False
outline,Cirsium nuttallii,Cirsium scariosum,1.3955939425468304,1.8408401082125907,False,1.341265653100966,1.569017257775439,False
outline,Cirsium nuttallii,Cirsium serrulatum,1.0712770956728792,1.4364765043182517,False,1.0039845817716913,1.3546947533215896,False
outline,Cirsium nuttallii,Cirsium spinosissimum,1.435549401298251,1.4222801133338607,True,1.3061686337776175,1.2967076098676085,True
outline,Cirsium nuttallii,Cirsium texanum,1.0718612011481832,1.4222801133338607,False,1.0097790426873925,1.2967076098676085,False
outline,Cirsium nuttallii,Cirsium undulatum,1.27984306232976,2.171743831186382,False,1.212612541019184,2.089868150716844,False
outline,Cirsium nuttallii,Cirsium vulgare,1.1340874806994634,1.5096646923011634,False,1.0488049798346537,1.4252339257004154,False
outline,Cirsium occidentale,Cirsium ochrocentrum,1.285781668740943,1.5070145795452101,False,1.213701010006477,1.3511873607925864,False
outline,Cirsium occidentale,Cirsium oleraceum,1.214394689033531,1.5065430736542975,False,1.155058908416165,1.4248819353148536,False
outline,Cirsium occidentale,Cirsium palustre,1.2177597349471443,1.5642674039347915,False,1.1301206169287346,1.5041729967835695,False
outline,Cirsium occidentale,Cirsium pumilum,1.2566496871768082,1.3859565961614853,False,1.136179109060747,1.3073612329279627,False
outline,Cirsium occidentale,Cirsium rivulare,1.10426623063509,1.3859565961614853,False,1.0443491301103467,1.3073612329279627,False
outline,Cirsium occidentale,Cirsium scariosum,1.3401560330743163,1.8408401082125907,False,1.2676639777308587,1.569017257775439,False
outline,Cirsium occidentale,Cirsium serrulatum,1.0454097067253088,1.4364765043182517,False,1.0034978112620117,1.3546947533215896,False
outline,Cirsium occidentale,Cirsium spinosissimum,1.419905041771828,1.3859565961614853,True,1.2874638758823074,1.3073612329279627,False
outline,Cirsium occidentale,Cirsium texanum,1.1910163205768045,1.3859565961614853,False,1.0601659293869194,1.3073612329279627,False
outline,Cirsium occidentale,Cirsium undulatum,1.3088929725525469,2.171743831186382,False,1.2068836546118211,2.089868150716844,False
outline,Cirsium occidentale,Cirsium vulgare,1.170101558378037,1.5096646923011634,False,1.0904578344062283,1.4252339257004154,False
outline,Cirsium ochrocentrum,Cirsium oleraceum,1.2692257427515088,1.5070145795452101,False,1.2025083763079816,1.4248819353148536,False
outline,Cirsium ochrocentrum,Cirsium palustre,1.241936677506436,1.5642674039347915,False,1.1786315830690215,1.5041729967835695,False
outline,Cirsium ochrocentrum,Cirsium pumilum,1.324472040372084,1.5070145795452101,False,1.2088223392430577,1.3511873607925864,False
outline,Cirsium ochrocentrum,Cirsium rivulare,1.258293092977412,1.5070145795452101,False,1.177168341394225,1.3511873607925864,False
outline,Cirsium ochrocentrum,Cirsium scariosum,1.148517220882614,1.8408401082125907,False,1.0838983512127496,1.569017257775439,False
outline,Cirsium ochrocentrum,Cirsium serrulatum,1.1460749402292674,1.5070145795452101,False,1.0730154330800512,1.3546947533215896,False
outline,Cirsium ochrocentrum,Cirsium spinosissimum,1.2390447086842309,1.5070145795452101,False,1.1250521101017663,1.3511873607925864,False
outline,Cirsium ochrocentrum,Cirsium texanum,1.359966699605056,1.5070145795452101,False,1.2115534085731023,1.3511873607925864,False
outline,Cirsium ochrocentrum,Cirsium undulatum,1.1601430652073614,2.171743831186382,False,1.0905033832810334,2.089868150716844,False
outline,Cirsium ochrocentrum,Cirsium vulgare,1.2492483861974693,1.5096646923011634,False,1.1925929442238656,1.4252339257004154,False
outline,Cirsium oleraceum,Cirsium palustre,1.2029918118503582,1.5642674039347915,False,1.1282621808648403,1.5041729967835695,False
outline,Cirsium oleraceum,Cirsium pumilum,1.3272722734438802,1.5065430736542975,False,1.1548073439430877,1.4248819353148536,False
outline,Cirsium oleraceum,Cirsium rivulare,1.2153070373540205,1.5065430736542975,False,1.0982285590810024,1.4248819353148536,False
outline,Cirsium oleraceum,Cirsium scariosum,1.3364295866769322,1.8408401082125907,False,1.2378520961931745,1.569017257775439,False
outline,Cirsium oleraceum,Cirsium serrulatum,1.188682725319478,1.5065430736542975,False,1.1025083008932786,1.4248819353148536,False
outline,Cirsium oleraceum,Cirsium spinosissimum,1.3744711466216866,1.5065430736542975,False,1.2491212097938231,1.4248819353148536,False
outline,Cirsium oleraceum,Cirsium texanum,1.3425076146825845,1.5065430736542975,False,1.1017203648511091,1.4248819353148536,False
outline,Cirsium oleraceum,Cirsium undulatum,1.3410280493843,2.171743831186382,False,1.2285703594621378,2.089868150716844,False
outline,Cirsium oleraceum,Cirsium vulgare,1.284441699188597,1.5096646923011634,False,1.136247224991997,1.4252339257004154,False
outline,Cirsium palustre,Cirsium pumilum,1.3276542253061998,1.5642674039347915,False,1.072085739278963,1.5041729967835695,False
outline,Cirsium palustre,Cirsium rivulare,1.1624672660410391,1.5642674039347915,False,1.074591213928846,1.5041729967835695,False
outline,Cirsium palustre,Cirsium scariosum,1.359815517706151,1.8408401082125907,False,1.2382158383930797,1.569017257775439,False
outline,Cirsium palustre,Cirsium serrulatum,1.2093298224696645,1.5642674039347915,False,1.1567607815046512,1.5041729967835695,False
outline,Cirsium palustre,Cirsium spinosissimum,1.442587811404925,1.5642674039347915,False,1.2210641976226455,1.5041729967835695,False
outline,Cirsium palustre,Cirsium texanum,1.3495852376521515,1.5642674039347915,False,1.1015318933656828,1.5041729967835695,False
outline,Cirsium palustre,Cirsium undulatum,1.3425805402202804,2.171743831186382,False,1.18073027379883,2.089868150716844,False
outline,Cirsium palustre,Cirsium vulgare,1.2589175636323542,1.5642674039347915,False,1.140983469405953,1.5041729967835695,False
outline,Cirsium pumilum,Cirsium rivulare,1.0868892304627829,1.3128798198075948,False,0.9994031102306192,1.1705457362648033,False
outline,Cirsium pumilum,Cirsium scariosum,1.3939841482986448,1.8408401082125907,False,1.352144403496481,1.569017257775439,False
outline,Cirsium pumilum,Cirsium serrulatum,1.181290115898849,1.4364765043182517,False,1.0624752959142354,1.3546947533215896,False
outline,Cirsium pumilum,Cirsium spinosissimum,1.391701066014918,1.3485491470992732,True,1.282315335942309,1.1974516730835378,True
outline,Cirsium pumilum,Cirsium texanum,1.043311571057091,1.2928286291265305,False,0.95912663489614,1.2271650101353115,False
outline,Cirsium pumilum,Cirsium undulatum,1.3346897142027947,2.171743831186382,False,1.2669852684045817,2.089868150716844,False
outline,Cirsium pumilum,Cirsium vulgare,1.1215612979570162,1.5096646923011634,False,1.0575529352621282,1.4252339257004154,False
outline,Cirsium rivulare,Cirsium scariosum,1.3901598230789107,1.8408401082125907,False,1.309499365863504,1.569017257775439,False
outline,Cirsium rivulare,Cirsium serrulatum,1.092261025122761,1.4364765043182517,False,0.9937875561997866,1.3546947533215896,False
outline,Cirsium rivulare,Cirsium spinosissimum,1.4695499792463045,1.3485491470992732,True,1.339834964026104,1.1974516730835378,True
outline,Cirsium rivulare,Cirsium texanum,1.092511020763737,1.3128798198075948,False,0.9926325282146348,1.2271650101353115,False
outline,Cirsium rivulare,Cirsium undulatum,1.3314211786771146,2.171743831186382,False,1.2250310982536694,2.089868150716844,False
outline,Cirsium rivulare,Cirsium vulgare,1.082577440137582,1.5096646923011634,False,1.0130952724731963,1.4252339257004154,False
outline,Cirsium scariosum,Cirsium serrulatum,1.196389056562504,1.8408401082125907,False,1.1390390857725816,1.569017257775439,False
outline,Cirsium scariosum,Cirsium spinosissimum,1.2411016686422407,1.8408401082125907,False,1.148475748020953,1.569017257775439,False
outline,Cirsium scariosum,Cirsium texanum,1.409996107312704,1.8408401082125907,False,1.280350830303123,1.569017257775439,False
outline,Cirsium scariosum,Cirsium undulatum,1.2183975973256829,2.171743831186382,False,1.1240388234201713,2.089868150716844,False
outline,Cirsium scariosum,Cirsium vulgare,1.2305222385936454,1.8408401082125907,False,1.1679706663835336,1.569017257775439,False
outline,Cirsium serrulatum,Cirsium spinosissimum,1.2272920350645438,1.4364765043182517,False,1.1418771054232004,1.3546947533215896,False
outline,Cirsium serrulatum,Cirsium texanum,1.1722647453815689,1.4364765043182517,False,1.0674161286583588,1.3546947533215896,False
outline,Cirsium serrulatum,Cirsium undulatum,1.086848995560455,2.171743831186382,False,1.0679692711802966,2.089868150716844,False
outline,Cirsium serrulatum,Cirsium vulgare,1.1162642293385274,1.5096646923011634,False,0.9822851408610174,1.4252339257004154,False
outline,Cirsium spinosissimum,Cirsium texanum,1.491261653348534,1.3485491470992732,True,1.3074808695301758,1.2271650101353115,True
outline,Cirsium spinosissimum,Cirsium undulatum,1.299571183548478,2.171743831186382,False,1.214057141680415,2.089868150716844,False
outline,Cirsium spinosissimum,Cirsium vulgare,1.3464515862894766,1.5096646923011634,False,1.2103455017732216,1.4252339257004154,False
outline,Cirsium texanum,Cirsium undulatum,1.3636879387277383,2.171743831186382,False,1.2626050540202995,2.089868150716844,False
outline,Cirsium texanum,Cirsium vulgare,1.1376789546275003,1.5096646923011634,False,1.0334316933311836,1.4252339257004154,False
outline,Cirsium undulatum,Cirsium vulgare,1.3588405120468416,2.171743831186382,False,1.301779322984105,2.089868150716844,False
