obs_id,taxon_name,observed_on,n_available_photos,n_additional_photos
332114832,Cirsium arizonicum,2024-07-27,27,26
372462267,Cirsium nuttallii,2026-06-16,26,25
339975694,Cirsium discolor,2024-07-27,23,22
89564227,Cirsium vulgare,2021-07-31,21,20
150722180,Cirsium vulgare,2022-08-12,20,19
223798525,Cirsium vulgare,2024-06-16,20,19
291677268,Cirsium ochrocentrum,2025-06-21,20,19
301810312,Cirsium creticum,2024-06-09,20,19
307864265,Cirsium tweedyi,2025-08-19,20,19
190366851,Cirsium barnebyi,2023-06-16,19,18
292141189,Cirsium undulatum,2025-06-22,19,18
64821139,Cirsium arvense,2020-09-13,18,17
353778759,Cirsium arvense,2025-07-26,17,16
122245823,Cirsium consociatum,2021-07-05,16,15
178779644,Cirsium altissimum,2023-08-16,16,15
330137149,Cirsium undulatum,2011-09-03,16,15
129305171,Cirsium heterophyllum,2022-06-29,15,14
182067219,Cirsium vulgare,2023-08-28,15,14
234765002,Cirsium oleraceum,2024-07-26,15,14
290737649,Cirsium arvense,2025-06-18,15,14
130109400,Cirsium ciliatum,2022-08-07,14,13
136872275,Cirsium discolor,2022-09-28,14,13
137053258,Cirsium filipendulum,2022-08-14,14,13
173067517,Cirsium edule,2023-07-14,14,13
185079680,Cirsium flodmanii,2023-09-10,14,13
297142514,Cirsium douglasii,2025-07-10,14,13
369711491,Cirsium undulatum,2026-06-08,14,13
93911454,Cirsium canum,2021-08-20,14,13
111359302,Cirsium subcoriaceum,2022-04-12,13,12
139996142,Cirsium vulgare,2022-10-25,13,12
167110688,Cirsium neomexicanum,2023-06-03,13,12
301789972,Cirsium canum,2024-06-06,13,12
315797238,Cirsium oleraceum,2025-09-19,13,12
94568088,Cirsium pendulum,2021-09-12,13,12
104466081,Cirsium vulgare,2019-08-20,12,11
143993891,Cirsium esculentum,2022-10-22,12,11
172783604,Cirsium pumilum,2023-07-12,12,11
209170739,Cirsium horridulum,2024-04-08,12,11
225807917,Cirsium brachycephalum,2023-08-14,12,11
227996257,Cirsium heterophyllum,2024-07-07,12,11
292181676,Cirsium discolor,2025-06-17,12,11
301785140,Cirsium vulgare,2021-11-06,12,11
334386691,Cirsium vulgare,2026-01-11,12,11
374971823,Cirsium engelmannii,2026-06-24,12,11
89615214,Cirsium oleraceum,2021-07-31,12,11
90702757,Cirsium arvense,2021-07-15,12,11
101239886,Cirsium discolor,2021-11-14,11,10
122246039,Cirsium consociatum,2021-07-06,11,10
130621432,Cirsium arvense,2022-08-13,11,10
154174843,Cirsium horridulum,2023-04-09,11,10
217214134,Cirsium arizonicum,2023-07-30,11,10
218473620,Cirsium mohavense,2024-05-26,11,10
232506416,Cirsium arvense,2024-07-29,11,10
232656787,Cirsium heterophyllum,2024-06-30,11,10
233298329,Cirsium arvense,2024-08-01,11,10
257060693,Cirsium heterophyllum,2024-09-25,11,10
289486770,Cirsium arvense,2025-06-02,11,10
296645750,Cirsium arvense,2025-07-09,11,10
301680309,Cirsium arvense,2025-07-22,11,10
345242113,Cirsium mexicanum,2026-03-25,11,10
367783306,Cirsium undulatum,2026-06-02,11,10
372568121,Cirsium engelmannii,2026-06-15,11,10
87787900,Cirsium muticum,2021-07-11,11,10
93102169,Cirsium discolor,2021-08-29,11,10
103999211,Cirsium arvense,2015-09-01,10,9
127880283,Cirsium pringlei,2022-07-20,10,9
128781049,Cirsium erisithales,2022-07-31,10,9
130381092,Cirsium flodmanii,2022-08-10,10,9
130530262,Cirsium muticum,2022-08-09,10,9
133338890,Cirsium discolor,2022-08-22,10,9
138469125,Cirsium andersonii,2022-10-11,10,9
143822306,Cirsium conspicuum,2022-11-06,10,9
152200848,Cirsium calcareum,2018-07-30,10,9
155452146,Cirsium ukranicum,2019-07-03,10,9
166656613,Cirsium cymosum,2023-06-04,10,9
185370821,Cirsium coloradense,2023-09-13,10,9
185866039,Cirsium arvense,2023-09-27,10,9
195843867,Cirsium sorocephalum,2024-01-05,10,9
217806675,Cirsium occidentale,2024-05-23,10,9
254240397,Cirsium arvense,2023-09-07,10,9
295818585,Cirsium oleraceum,2025-07-06,10,9
30839144,Cirsium townsendii,2019-08-14,10,9
310652998,Cirsium altissimum,2025-08-31,10,9
333028156,Cirsium rivulare,2018-05-20,10,9
353106710,Cirsium neomexicanum,2026-04-24,10,9
358502708,Cirsium townsendii,2026-05-04,10,9
62705028,Cirsium engelmannii,2016-08-30,10,9
7019510,Cirsium brevistylum,2017-06-07,10,9
71728457,Cirsium vulgare,2018-07-20,10,9
84527637,Cirsium filipendulum,2021-06-24,10,9
86704272,Cirsium tracyi,2021-06-30,10,9
87588734,Cirsium arvense,2021-07-17,10,9
91738371,Cirsium arvense,2005-07-16,10,9
91823450,Cirsium arvense,2021-08-07,10,9
104723726,Cirsium vulgare,2020-12-25,9,8
11176494,Cirsium vulgare,2016-01-11,9,8
111850187,Cirsium horridulum,2022-04-17,9,8
112741458,Cirsium horridulum,2022-04-24,9,8
123354618,Cirsium pannonicum,2022-06-20,9,8
124605134,Cirsium vulgare,2022-06-16,9,8
126669525,Cirsium palustre,2022-07-16,9,8
129204295,Cirsium arvense,2022-08-01,9,8
132310985,Cirsium barnebyi,2022-06-02,9,8
133157629,Cirsium altissimum,2022-08-30,9,8
141589879,Cirsium flodmanii,2022-08-29,9,8
153830713,Cirsium vulgare,2023-04-07,9,8
163543885,Cirsium neomexicanum,2023-05-21,9,8
180366292,Cirsium altissimum,2023-08-26,9,8
215514626,Cirsium canum,2024-05-09,9,8
236328303,Cirsium discolor,2024-08-17,9,8
239065991,Cirsium altissimum,2024-08-18,9,8
241391896,Cirsium joannae,2024-09-11,9,8
245610515,Cirsium vulgare,2015-12-16,9,8
286301164,Cirsium drummondii,2025-06-02,9,8
296636181,Cirsium drummondii,2025-07-09,9,8
298234337,Cirsium heterophyllum,2025-07-15,9,8
298583212,Cirsium pulcherrimum,2025-07-10,9,8
300530822,Cirsium muticum,2025-07-21,9,8
300835389,Cirsium flodmanii,2025-07-24,9,8
30221740,Cirsium muticum,2019-08-04,9,8
314652203,Cirsium vulgare,2025-07-29,9,8
320282618,Cirsium arvense,2025-10-11,9,8
329268142,Cirsium vulgare,2025-11-23,9,8
32933011,Cirsium palustre,2019-07-31,9,8
333031175,Cirsium pannonicum,2018-05-29,9,8
333758921,Cirsium arizonicum,2025-06-10,9,8
374629037,Cirsium brevistylum,2026-06-19,9,8
53726001,Cirsium edule,2020-07-16,9,8
56274575,Cirsium vulgare,2020-08-12,9,8
56532081,Cirsium edule,2020-08-09,9,8
80323485,Cirsium texanum,2021-05-25,9,8
85587067,Cirsium arvense,2021-07-03,9,8
90727560,Cirsium vulgare,2021-08-09,9,8
106883711,Cirsium subcoriaceum,2011-03-12,8,7
117624253,Cirsium occidentale,2022-05-18,8,7
120646011,Cirsium vulgare,2022-06-07,8,7
122748651,Cirsium undulatum,2022-06-19,8,7
123724928,Cirsium palustre,2022-06-23,8,7
124096140,Cirsium brevistylum,2022-06-29,8,7
125603704,Cirsium arvense,2022-07-10,8,7
126920346,Cirsium remotifolium,2022-07-18,8,7
130749453,Cirsium vulgare,2022-08-13,8,7
130832589,Cirsium brevistylum,2022-08-10,8,7
133323241,Cirsium vulgare,2022-08-29,8,7
143554514,Cirsium creticum,2022-08-21,8,7
152484926,Cirsium esculentum,2019-06-14,8,7
153259568,Cirsium neomexicanum,2023-04-02,8,7
156608314,Cirsium arvense,2008-07-27,8,7
161376790,Cirsium conspicuum,2023-05-11,8,7
163356129,Cirsium nuttallii,2023-05-23,8,7
170069387,Cirsium echinus,2023-06-25,8,7
170518183,Cirsium undulatum,2023-06-30,8,7
172548135,Cirsium vulgare,2023-07-12,8,7
174629994,Cirsium arizonicum,2023-07-23,8,7
181760639,Cirsium heliorhaphis,2023-09-03,8,7
182014284,Cirsium conspicuum,2023-09-04,8,7
191167922,Cirsium arvense,2023-08-29,8,7
20241406,Cirsium horridulum,2019-02-09,8,7
205964595,Cirsium neomexicanum,2024-04-07,8,7
21047919,Cirsium vulgare,2018-12-23,8,7
225723427,Cirsium tuberosum,2024-06-28,8,7
227348874,Cirsium heterophyllum,2024-07-04,8,7
229538921,Cirsium pyrenaicum,2024-07-14,8,7
230022729,Cirsium muticum,2024-07-17,8,7
230268072,Cirsium vulgare,2024-07-19,8,7
230388668,Cirsium clavatum,2024-07-12,8,7
232367204,Cirsium vulgare,2024-07-22,8,7
232851511,Cirsium canum,2024-07-17,8,7
233175247,Cirsium muticum,2024-07-31,8,7
234436994,Cirsium muticum,2024-08-07,8,7
234472103,Cirsium edule,2024-08-06,8,7
235903951,Cirsium altissimum,2024-08-15,8,7
236073834,Cirsium oleraceum,2024-08-15,8,7
237252213,Cirsium oleraceum,2024-08-22,8,7
238667558,Cirsium vulgare,2024-08-29,8,7
245743095,Cirsium helenioides,2024-07-19,8,7
245876048,Cirsium arvense,2024-10-05,8,7
249014238,Cirsium palustre,2020-04-29,8,7
254831020,Cirsium palustre,2023-08-22,8,7
257934957,Cirsium vulgare,2025-01-07,8,7
260430701,Cirsium arvense,2024-09-01,8,7
271115676,Cirsium mexicanum,2025-04-17,8,7
271428101,Cirsium oleraceum,2025-04-19,8,7
279936789,Cirsium canum,2025-05-10,8,7
285599455,Cirsium rivulare,2025-05-31,8,7
286518394,Cirsium palustre,2025-06-03,8,7
287154972,Cirsium cymosum,2025-06-04,8,7
28808284,Cirsium occidentale,2019-07-11,8,7
288425758,Cirsium rivulare,2025-06-10,8,7
289756171,Cirsium rivulare,2025-06-10,8,7
290703842,Cirsium arvense,2025-06-18,8,7
293210780,Cirsium greimleri,2023-07-27,8,7
296107974,Cirsium discolor,2025-06-28,8,7
296466652,Cirsium palustre,2025-07-09,8,7
296473260,Cirsium heterophyllum,2025-07-09,8,7
298384692,Cirsium heterophyllum,2025-07-12,8,7
299181189,Cirsium drummondii,2025-07-18,8,7
299565002,Cirsium oleraceum,2025-04-21,8,7
301202446,Cirsium palustre,2025-07-25,8,7
301606210,Cirsium pumilum,2025-07-26,8,7
301803119,Cirsium arvense,2024-06-07,8,7
303262075,Cirsium arvense,2025-08-02,8,7
303693336,Cirsium vulgare,2025-08-04,8,7
303916121,Cirsium oleraceum,2025-07-24,8,7
306083167,Cirsium candelabrum,2025-08-13,8,7
307361932,Cirsium pannonicum,2025-06-03,8,7
308542884,Cirsium arvense,2025-08-13,8,7
311548534,Cirsium discolor,2025-09-02,8,7
311816091,Cirsium vulgare,2025-07-27,8,7
312437015,Cirsium palustre,2025-09-07,8,7
314764044,Cirsium heterophyllum,2025-09-18,8,7
317294328,Cirsium vulgare,2025-09-19,8,7
338922446,Cirsium vulgare,2026-02-16,8,7
359382991,Cirsium mohavense,2026-05-07,8,7
363453800,Cirsium brachycephalum,2026-05-20,8,7
370774668,Cirsium palustre,2026-06-11,8,7
43213090,Cirsium texanum,2020-04-24,8,7
46559565,Cirsium undulatum,2020-05-17,8,7
55730050,Cirsium altissimum,2020-08-07,8,7
56360262,Cirsium vulgare,2020-08-11,8,7
56605848,Cirsium vulgare,2020-08-16,8,7
57052148,Cirsium vulgare,2020-08-05,8,7
58037534,Cirsium discolor,2020-08-29,8,7
59128527,Cirsium vulgare,2020-09-10,8,7
59159613,Cirsium vulgare,2020-09-10,8,7
71723658,Cirsium canum,2018-07-20,8,7
71724640,Cirsium helenioides,2020-08-20,8,7
77669213,Cirsium texanum,2021-05-06,8,7
78301641,Cirsium horridulum,2021-05-10,8,7
80502676,Cirsium canum,2018-08-10,8,7
81001140,Cirsium brevistylum,2021-05-28,8,7
84085390,Cirsium vulgare,2021-06-13,8,7
90567097,Cirsium vulgare,2021-07-11,8,7
91288903,Cirsium vulgare,2002-07-20,8,7
91339353,Cirsium arvense,2021-08-12,8,7
91794551,Cirsium arvense,2021-08-17,8,7
92741520,Cirsium discolor,2021-08-27,8,7
10065008,Cirsium anartiolepis,2018-02-09,7,6
102861724,Cirsium acaulon,2020-07-19,7,6
102919924,Cirsium palustre,2016-06-14,7,6
107744949,Cirsium faucium,2018-04-22,7,6
122222590,Cirsium arvense,2022-06-16,7,6
123380516,Cirsium arvense,2022-06-25,7,6
124234178,Cirsium vulgare,2022-06-30,7,6
125695299,Cirsium palustre,2022-07-10,7,6
126186524,Cirsium helenioides,2022-07-14,7,6
127419627,Cirsium discolor,2022-07-22,7,6
127563348,Cirsium undulatum,2022-07-23,7,6
128246390,Cirsium pumilum,2022-07-27,7,6
129423678,Cirsium arvense,2022-08-04,7,6
130284608,Cirsium oleraceum,2022-08-10,7,6
130592333,Cirsium palustre,2022-08-12,7,6
131606602,Cirsium vulgare,2022-08-20,7,6
132293165,Cirsium muticum,2022-08-25,7,6
133741398,Cirsium vulgare,2022-08-19,7,6
135662094,Cirsium scariosum,2022-07-08,7,6
137075399,Cirsium muticum,2022-08-08,7,6
144646818,Cirsium arizonicum,2021-07-10,7,6
144946799,Cirsium arvense,2005-07-04,7,6
14538143,Cirsium vulgare,2018-07-18,7,6
150352066,Cirsium vulgare,2023-02-22,7,6
151136690,Cirsium horridulum,2023-03-14,7,6
15432138,Cirsium vulgare,2018-08-10,7,6
156440382,Cirsium occidentale,2023-04-21,7,6
160023878,Cirsium arvense,2022-08-18,7,6
16389951,Cirsium vulgare,2018-08-29,7,6
164064556,Cirsium arvense,2023-05-27,7,6
164712010,Cirsium undulatum,2023-05-30,7,6
165913419,Cirsium esculentum,2023-06-06,7,6
170721851,Cirsium dissectum,2023-06-08,7,6
173002095,Cirsium arvense,2023-07-15,7,6
174229971,Cirsium arvense,2023-07-21,7,6
174292918,Cirsium obvallatum,2023-07-09,7,6
176900252,Cirsium arvense,2023-08-05,7,6
176933904,Cirsium vulgare,2023-08-06,7,6
178191759,Cirsium vulgare,2023-08-11,7,6
178403824,Cirsium canum,2023-08-14,7,6
180988754,Cirsium altissimum,2023-08-29,7,6
181408112,Cirsium serrulatum,2023-09-02,7,6
183373345,Cirsium arvense,2023-08-29,7,6
183444387,Cirsium arvense,2023-08-24,7,6
190305161,Cirsium palustre,2023-11-07,7,6
191094672,Cirsium palustre,2023-05-18,7,6
19264944,Cirsium vulgare,2018-12-27,7,6
192893267,Cirsium vulgare,2023-08-08,7,6
192961166,Cirsium vulgare,2021-07-31,7,6
193140997,Cirsium oleraceum,2023-07-30,7,6
195052665,Cirsium neomexicanum,2023-05-26,7,6
20503197,Cirsium coryletorum,2012-08-25,7,6
206043690,Cirsium oleraceum,2024-04-06,7,6
206962221,Cirsium horridulum,2024-04-12,7,6
209071580,Cirsium nuttallii,2024-04-24,7,6
20954093,Cirsium occidentale,2018-07-16,7,6
210598906,Cirsium undulatum,2024-04-26,7,6
212773907,Cirsium carolinianum,2024-05-01,7,6
217028332,Cirsium palustre,2024-05-20,7,6
217136129,Cirsium undulatum,2024-05-20,7,6
220043782,Cirsium undulatum,2022-07-04,7,6
220551501,Cirsium palustre,2024-06-04,7,6
220842611,Cirsium vulgare,2024-06-06,7,6
221608687,Cirsium dissectum,2024-06-09,7,6
221737202,Cirsium palustre,2024-06-08,7,6
222227302,Cirsium arvense,2023-09-18,7,6
224814245,Cirsium flodmanii,2024-06-23,7,6
224963607,Cirsium arvense,2024-06-24,7,6
225087100,Cirsium heterophyllum,2024-06-25,7,6
228297804,Cirsium loncholepis,2024-07-04,7,6
229212380,Cirsium vulgare,2024-07-14,7,6
229685190,Cirsium pendulum,2024-07-16,7,6
230267092,Cirsium esculentum,2024-06-09,7,6
230755808,Cirsium drummondii,2024-07-20,7,6
232542624,Cirsium vulgare,2024-07-29,7,6
233169159,Cirsium clavatum,2024-07-14,7,6
234851184,Cirsium eriophoroides,2024-07-20,7,6
234913509,Cirsium muticum,2024-07-02,7,6
235450757,Cirsium discolor,2024-08-12,7,6
236442405,Cirsium canescens,2024-08-17,7,6
236805550,Cirsium arvense,2024-08-19,7,6
237301876,Cirsium vulgare,2024-08-21,7,6
238225451,Cirsium canum,2024-08-17,7,6
238893100,Cirsium altissimum,2024-08-10,7,6
239116893,Cirsium altissimum,2024-08-31,7,6
239604802,Cirsium discolor,2024-09-02,7,6
244874006,Cirsium canum,2023-08-31,7,6
244933071,Cirsium oleraceum,2024-09-14,7,6
245334346,Cirsium arvense,2024-07-18,7,6
246007025,Cirsium discolor,2024-10-03,7,6
246512996,Cirsium vulgare,2024-10-03,7,6
246977747,Cirsium vulgare,2024-10-10,7,6
252839891,Cirsium arvense,2024-08-01,7,6
253164920,Cirsium palustre,2024-11-26,7,6
254857247,Cirsium arvense,2024-12-11,7,6
255019552,Cirsium vulgare,2024-07-14,7,6
256978358,Cirsium ciliolatum,2017-06-20,7,6
257936834,Cirsium vulgare,2025-01-09,7,6
259035791,Cirsium vulgare,2025-01-20,7,6
260867150,Cirsium palustre,2025-02-06,7,6
269667505,Cirsium subcoriaceum,2025-04-02,7,6
27648924,Cirsium arvense,2019-06-25,7,6
279792480,Cirsium carolinianum,2025-05-04,7,6
279832453,Cirsium texanum,2025-05-09,7,6
282584746,Cirsium japonicum,2025-05-20,7,6
284066803,Cirsium carolinianum,2025-05-19,7,6
285673531,Cirsium brevistylum,2025-05-28,7,6
287224572,Cirsium canescens,2025-06-03,7,6
289487423,Cirsium vulgare,2025-05-31,7,6
290709865,Cirsium ochrocentrum,2025-06-17,7,6
292736008,Cirsium altissimum,2025-06-25,7,6
293080637,Cirsium heterophyllum,2025-06-27,7,6
294653936,Cirsium arvense,2025-07-02,7,6
296572444,Cirsium arvense,2025-07-09,7,6
297259064,Cirsium arvense,2025-07-12,7,6
297303364,Cirsium vulgare,2025-07-12,7,6
298235176,Cirsium oleraceum,2025-07-15,7,6
299623644,Cirsium arvense,2025-07-20,7,6
301212353,Cirsium palustre,2025-07-26,7,6
301316706,Cirsium filipendulum,2025-07-26,7,6
301407377,Cirsium ciliatum,2025-07-26,7,6
301598430,Cirsium discolor,2025-07-27,7,6
301675887,Cirsium arvense,2025-07-24,7,6
303086869,Cirsium arvense,2025-08-02,7,6
303690213,Cirsium esculentum,2025-08-04,7,6
304055999,Cirsium palustre,2025-08-03,7,6
305798845,Cirsium altissimum,2025-08-12,7,6
307394998,Cirsium discolor,2025-08-18,7,6
308152052,Cirsium hypoleucum,2016-06-18,7,6
31105121,Cirsium vulgare,2019-08-13,7,6
311995236,Cirsium heterophyllum,2025-08-21,7,6
312018012,Cirsium muticum,2025-09-06,7,6
317152108,Cirsium vulgare,2025-09-09,7,6
318094913,Cirsium altissimum,2025-08-30,7,6
318196806,Cirsium arvense,2025-09-25,7,6
319134192,Cirsium vulgare,2025-10-05,7,6
323864382,Cirsium arvense,2025-10-28,7,6
325375060,Cirsium cymosum,2024-08-14,7,6
32690363,Cirsium helenioides,2019-09-13,7,6
334022745,Cirsium heterophyllum,2025-09-13,7,6
336195016,Cirsium vulgare,2026-01-26,7,6
339788406,Cirsium undulatum,2026-02-22,7,6
339934827,Cirsium arvense,2026-02-21,7,6
340286234,Cirsium canum,2025-08-13,7,6
340705592,Cirsium palustre,2026-02-26,7,6
342165383,Cirsium horridulum,2025-05-13,7,6
345441345,Cirsium arvense,2024-09-22,7,6
34704880,Cirsium muticum,2019-10-20,7,6
351874236,Cirsium vulgare,2024-12-02,7,6
353868681,Cirsium vulgare,2026-04-21,7,6
355513168,Cirsium vulgare,2026-04-27,7,6
356382216,Cirsium neomexicanum,2026-04-28,7,6
36156658,Cirsium acaulon,2019-08-26,7,6
362853077,Cirsium horridulum,2026-05-18,7,6
365691563,Cirsium heterophyllum,2026-05-27,7,6
366473764,Cirsium undulatum,2026-05-29,7,6
368560223,Cirsium palustre,2026-05-29,7,6
370648162,Cirsium scariosum,2026-06-09,7,6
372633414,Cirsium vulgare,2026-06-16,7,6
372896194,Cirsium muticum,2026-06-15,7,6
37838281,Cirsium arvense,2020-01-22,7,6
38204951,Cirsium cymosum,2016-05-18,7,6
40351723,Cirsium heterophyllum,2010-06-30,7,6
42332956,Cirsium horridulum,2020-04-16,7,6
43035358,Cirsium texanum,2020-04-18,7,6
50433098,Cirsium vulgare,2020-06-21,7,6
52711995,Cirsium palustre,2020-07-11,7,6
52950623,Cirsium oleraceum,2020-07-13,7,6
53036250,Cirsium arvense,2020-07-13,7,6
54621091,Cirsium arvense,2020-07-28,7,6
54925972,Cirsium arvense,2020-07-28,7,6
56188745,Cirsium altissimum,2020-08-11,7,6
57521111,Cirsium oleraceum,2020-08-10,7,6
57656432,Cirsium vulgare,2020-08-26,7,6
57685504,Cirsium vulgare,2020-08-26,7,6
58135850,Cirsium oleraceum,2020-08-28,7,6
58157810,Cirsium vulgare,2020-08-18,7,6
58218660,Cirsium andersonii,2020-08-29,7,6
59383877,Cirsium arvense,2020-09-12,7,6
61944750,Cirsium vulgare,2020-09-18,7,6
63375173,Cirsium pendulum,2020-10-12,7,6
64135269,Cirsium vulgare,2020-10-31,7,6
71722814,Cirsium isophyllum,2020-07-19,7,6
7431454,Cirsium remotifolium,2017-08-05,7,6
77713199,Cirsium andrewsii,2021-05-06,7,6
80170488,Cirsium rhaphilepis,2021-05-06,7,6
80373820,Cirsium arvense,2021-05-25,7,6
84978145,Cirsium heterophyllum,2021-06-29,7,6
85654328,Cirsium arvense,2021-07-04,7,6
86962290,Cirsium obvallatum,2021-07-10,7,6
87466264,Cirsium flodmanii,2021-07-12,7,6
87471832,Cirsium arvense,2021-07-17,7,6
88005712,Cirsium arvense,2021-07-09,7,6
88155647,Cirsium ciliatum,2021-07-08,7,6
88444457,Cirsium remotifolium,2021-07-22,7,6
88597510,Cirsium pugnax,2021-07-19,7,6
88664016,Cirsium palustre,2021-07-22,7,6
90696278,Cirsium vulgare,2021-07-24,7,6
91258662,Cirsium arvense,2021-08-14,7,6
91305165,Cirsium arvense,2021-08-15,7,6
92223973,Cirsium tuberosum,2021-08-23,7,6
92801733,Cirsium altissimum,2021-08-28,7,6
9467279,Cirsium palustre,2017-12-31,7,6
98461695,Cirsium arvense,2021-08-21,7,6
99261161,Cirsium vulgare,2021-10-23,7,6
102694978,Cirsium canescens,2007-06-09,6,5
102746863,Cirsium neomexicanum,2005-03-17,6,5
102748702,Cirsium vulgare,2006-07-25,6,5
103248619,Cirsium vulgare,2021-12-18,6,5
103282857,Cirsium discolor,2021-12-18,6,5
104565537,Cirsium pendulum,2021-10-02,6,5
105041609,Cirsium vulgare,2017-06-29,6,5
106113131,Cirsium arvense,2022-01-11,6,5
106775030,Cirsium mexicanum,2022-02-05,6,5
10938205,Cirsium vulgare,2012-01-20,6,5
112424171,Cirsium horridulum,2022-04-22,6,5
114376561,Cirsium horridulum,2022-04-30,6,5
117661880,Cirsium vulgare,2022-05-18,6,5
119494093,Cirsium vulgare,2022-05-30,6,5
120174182,Cirsium arvense,2022-06-04,6,5
120580980,Cirsium mohavense,2022-04-12,6,5
121351716,Cirsium horridulum,2022-06-11,6,5
121557619,Cirsium palustre,2022-06-05,6,5
123609992,Cirsium edule,2022-06-26,6,5
123698814,Cirsium oleraceum,2022-06-27,6,5
124641606,Cirsium arvense,2022-07-03,6,5
125071143,Cirsium palustre,2022-07-05,6,5
125182766,Cirsium palustre,2022-07-07,6,5
125523234,Cirsium canum,2022-07-07,6,5
125671734,Cirsium heterophyllum,2022-07-10,6,5
125695127,Cirsium arvense,2022-07-10,6,5
126748138,Cirsium muticum,2022-07-12,6,5
126964795,Cirsium arvense,2022-07-19,6,5
127188039,Cirsium arvense,2022-07-20,6,5
127598611,Cirsium undulatum,2022-07-22,6,5
128057069,Cirsium vulgare,2022-07-21,6,5
128648337,Cirsium vulgare,2022-07-30,6,5
129216434,Cirsium vulgare,2022-08-02,6,5
129397119,Cirsium vulgare,2022-08-04,6,5
129893377,Cirsium erisithales,2022-07-10,6,5
130339161,Cirsium heterophyllum,2022-07-21,6,5
130539764,Cirsium heterophyllum,2022-07-18,6,5
130750843,Cirsium arvense,2022-08-14,6,5
131297784,Cirsium arvense,2022-08-18,6,5
131790073,Cirsium arvense,2022-08-21,6,5
132279257,Cirsium tweedyi,2022-08-21,6,5
132533195,Cirsium canum,2022-08-06,6,5
133175090,Cirsium discolor,2022-08-05,6,5
133197935,Cirsium vulgare,2022-08-24,6,5
133208029,Cirsium altissimum,2022-09-01,6,5
133892057,Cirsium arvense,2022-09-03,6,5
13474803,Cirsium arvense,2018-06-15,6,5
135380582,Cirsium heterophyllum,2022-07-26,6,5
136823511,Cirsium oleraceum,2022-09-28,6,5
137486653,Cirsium vulgare,2022-09-16,6,5
138878611,Cirsium arvense,2022-08-25,6,5
140669390,Cirsium erisithales,2022-10-31,6,5
141977736,Cirsium serratuloides,2022-09-26,6,5
142610683,Cirsium vulgare,2022-06-20,6,5
142733121,Cirsium turneri,2022-11-22,6,5
143628307,Cirsium vulgare,2022-08-27,6,5
143744959,Cirsium vulgare,2022-11-21,6,5
144376400,Cirsium heterophyllum,2022-06-30,6,5
144816507,Cirsium vulgare,2022-12-21,6,5
144944588,Cirsium heterophyllum,2006-07-08,6,5
145420465,Cirsium vulgare,2022-12-30,6,5
145809742,Cirsium coloradense,2022-08-15,6,5
148210561,Cirsium canum,2016-08-08,6,5
149956464,Cirsium arvense,2023-02-25,6,5
149993793,Cirsium rivulare,2022-08-16,6,5
15003781,Cirsium muticum,2018-07-30,6,5
152440067,Cirsium oleraceum,2022-06-28,6,5
153963753,Cirsium arvense,2007-08-27,6,5
154330201,Cirsium horridulum,2023-04-10,6,5
154666667,Cirsium helenioides,2022-07-05,6,5
155611814,Cirsium horridulum,2023-04-19,6,5
157132547,Cirsium texanum,2023-04-28,6,5
159682486,Cirsium mexicanum,2023-05-04,6,5
163254882,Cirsium vulgare,2023-05-22,6,5
166438199,Cirsium arvense,2023-06-09,6,5
167713561,Cirsium palustre,2023-05-29,6,5
168266249,Cirsium spinosissimum,2023-06-18,6,5
169132065,Cirsium arvense,2023-06-23,6,5
169198817,Cirsium arvense,2023-06-24,6,5
169481724,Cirsium palustre,2023-06-08,6,5
169616932,Cirsium palustre,2023-06-26,6,5
170400930,Cirsium arvense,2023-06-29,6,5
170483818,Cirsium dissectum,2023-06-07,6,5
170594683,Cirsium heterophyllum,2023-06-25,6,5
170624551,Cirsium arvense,2023-07-02,6,5
170970825,Cirsium harrisonii,2023-07-03,6,5
171008462,Cirsium arvense,2023-07-04,6,5
171390180,Cirsium vulgare,2023-07-04,6,5
171915413,Cirsium heterophyllum,2023-07-09,6,5
172587127,Cirsium edule,2023-07-12,6,5
172633154,Cirsium helenioides,2023-07-12,6,5
172695757,Cirsium arvense,2023-07-13,6,5
172798224,Cirsium occidentale,2023-07-13,6,5
173192026,Cirsium vulgare,2023-07-16,6,5
174215283,Cirsium esculentum,2023-07-22,6,5
174230315,Cirsium vulgare,2023-07-22,6,5
174703147,Cirsium vulgare,2023-07-24,6,5
175091183,Cirsium erisithales,2023-07-22,6,5
175151552,Cirsium arvense,2023-07-26,6,5
175517753,Cirsium echinus,2023-05-16,6,5
176162610,Cirsium vulgare,2023-07-24,6,5
176740318,Cirsium arvense,2023-07-31,6,5
177471841,Cirsium esculentum,2023-08-09,6,5
177604368,Cirsium vulgare,2023-08-08,6,5
177951196,Cirsium arvense,2023-08-12,6,5
178236883,Cirsium oleraceum,2023-08-10,6,5
178645545,Cirsium arvense,2023-08-11,6,5
178712771,Cirsium acaulon,2023-08-12,6,5
178901704,Cirsium neomexicanum,2023-05-24,6,5
180106757,Cirsium serrulatum,2023-07-27,6,5
180172179,Cirsium vulgare,2023-08-25,6,5
180277660,Cirsium flodmanii,2023-08-26,6,5
180906722,Cirsium vulgare,2023-08-27,6,5
180952843,Cirsium ukranicum,2023-08-07,6,5
181067083,Cirsium heterophyllum,2023-08-31,6,5
182399844,Cirsium altissimum,2023-09-08,6,5
182714679,Cirsium palustre,2023-09-10,6,5
182836618,Cirsium discolor,2023-09-11,6,5
184061725,Cirsium ehrenbergii,2023-09-19,6,5
185040712,Cirsium scariosum,2023-09-02,6,5
185897128,Cirsium canum,2023-09-25,6,5
187773823,Cirsium otayae,2023-10-16,6,5
190900417,Cirsium vulgare,2023-08-27,6,5
191498732,Cirsium heterophyllum,2017-07-18,6,5
192372476,Cirsium vulgare,2023-11-24,6,5
192540627,Cirsium serratuloides,2023-09-03,6,5
193024823,Cirsium vulgare,2023-12-04,6,5
194517875,Cirsium rivulare,2023-07-02,6,5
197212206,Cirsium vulgare,2024-01-21,6,5
197469089,Cirsium vulgare,2024-01-17,6,5
199273359,Cirsium vulgare,2024-02-01,6,5
199772662,Cirsium vulgare,2017-07-28,6,5
20130902,Cirsium altissimum,2004-08-14,6,5
201310463,Cirsium vulgare,2024-03-04,6,5
202443616,Cirsium palustre,2023-07-25,6,5
203551491,Cirsium arvense,2024-03-15,6,5
205172330,Cirsium subcoriaceum,2024-03-31,6,5
20577465,Cirsium vulgare,2018-08-17,6,5
206799333,Cirsium texanum,2024-04-12,6,5
207009396,Cirsium vulgare,2023-09-08,6,5
208760877,Cirsium vulgare,2024-04-22,6,5
210315101,Cirsium undulatum,2024-04-27,6,5
210668950,Cirsium lipskyi,2024-04-10,6,5
213199950,Cirsium palustre,2024-05-03,6,5
213478712,Cirsium carolinianum,2024-05-04,6,5
214287192,Cirsium palustre,2024-05-05,6,5
215281601,Cirsium alsophilum,2013-08-02,6,5
216119337,Cirsium oleraceum,2024-05-16,6,5
217696113,Cirsium arvense,2024-05-23,6,5
217953511,Cirsium arvense,2024-05-24,6,5
218282331,Cirsium engelmannii,2024-05-25,6,5
220189394,Cirsium arvense,2024-06-02,6,5
221274505,Cirsium palustre,2024-06-08,6,5
221774391,Cirsium undulatum,2024-06-09,6,5
221843619,Cirsium heterophyllum,2024-06-10,6,5
225764355,Cirsium heterophyllum,2024-06-24,6,5
225764888,Cirsium palustre,2024-06-28,6,5
226418370,Cirsium arvense,2024-06-30,6,5
227465370,Cirsium vulgare,2024-07-05,6,5
228441191,Cirsium monspessulanum,2024-07-10,6,5
228724847,Cirsium vulgare,2024-07-11,6,5
228773912,Cirsium hookerianum,2024-06-30,6,5
228898027,Cirsium arizonicum,2024-07-05,6,5
228991311,Cirsium alsophilum,2024-07-13,6,5
229116285,Cirsium drummondii,2024-07-13,6,5
229740637,Cirsium vulgare,2024-07-16,6,5
230259427,Cirsium palustre,2024-07-18,6,5
230422834,Cirsium vulgare,2024-07-19,6,5
230910279,Cirsium muticum,2024-07-21,6,5
231466784,Cirsium oleraceum,2024-07-24,6,5
232486952,Cirsium acaulon,2024-07-29,6,5
232564673,Cirsium palustre,2024-07-29,6,5
232714325,Cirsium pendulum,2024-06-20,6,5
232799095,Cirsium altissimum,2024-07-30,6,5
232925455,Cirsium arvense,2024-07-31,6,5
232930918,Cirsium esculentum,2024-07-31,6,5
233071611,Cirsium arvense,2024-08-01,6,5
233732385,Cirsium oleraceum,2024-08-03,6,5
233888975,Cirsium arvense,2024-08-05,6,5
233928598,Cirsium neomexicanum,2024-08-04,6,5
234110065,Cirsium arvense,2024-07-13,6,5
234170831,Cirsium tracyi,2024-08-03,6,5
234768431,Cirsium conspicuum,2024-08-08,6,5
235150510,Cirsium discolor,2024-08-11,6,5
235858800,Cirsium vulgare,2024-08-12,6,5
236334471,Cirsium arvense,2024-08-10,6,5
236373576,Cirsium discolor,2024-08-17,6,5
236730766,Cirsium arvense,2024-08-19,6,5
237294224,Cirsium vulgare,2024-08-10,6,5
237417158,Cirsium canum,2024-08-18,6,5
237464365,Cirsium heterophyllum,2024-08-23,6,5
237635255,Cirsium arvense,2024-08-24,6,5
238277829,Cirsium vulgare,2024-07-29,6,5
238691489,Cirsium discolor,2024-08-29,6,5
239046682,Cirsium muticum,2024-08-31,6,5
239124235,Cirsium palustre,2024-08-29,6,5
239277153,Cirsium altissimum,2024-08-16,6,5
239939865,Cirsium heterophyllum,2024-09-04,6,5
240071282,Cirsium vulgare,2024-09-04,6,5
240215898,Cirsium canum,2024-08-31,6,5
241231488,Cirsium vulgare,2024-09-10,6,5
241264925,Cirsium muticum,2024-09-11,6,5
242636522,Cirsium arvense,2024-09-15,6,5
242646419,Cirsium arvense,2024-09-19,6,5
243631441,Cirsium arvense,2024-09-22,6,5
244098656,Cirsium monspessulanum,2011-08-05,6,5
244490393,Cirsium appendiculatum,2024-08-03,6,5
244961579,Cirsium ukranicum,2019-07-09,6,5
245805444,Cirsium vulgare,2024-10-04,6,5
246187670,Cirsium oleraceum,2024-07-24,6,5
247234886,Cirsium vulgare,2024-10-13,6,5
248616264,Cirsium osseticum,2024-10-22,6,5
248885034,Cirsium chlorocomos,2024-10-10,6,5
249515987,Cirsium discolor,2024-09-20,6,5
250240872,Cirsium arvense,2024-08-08,6,5
254767210,Cirsium discolor,2024-12-10,6,5
256959502,Cirsium brevifolium,2010-07-25,6,5
257070998,Cirsium arvense,2023-07-05,6,5
257075649,Cirsium undulatum,2013-07-12,6,5
258130947,Cirsium vulgare,2020-07-21,6,5
258514352,Cirsium vulgare,2025-01-08,6,5
259312322,Cirsium arvense,2024-06-08,6,5
260650452,Cirsium arvense,2017-09-03,6,5
261450223,Cirsium vulgare,2025-02-10,6,5
263582359,Cirsium vulgare,2025-03-02,6,5
268266860,Cirsium horridulum,2025-04-02,6,5
271960351,Cirsium horridulum,2025-04-20,6,5
273274027,Cirsium ehrenbergii,2025-04-23,6,5
276687646,Cirsium palustre,2025-04-29,6,5
279777562,Cirsium palustre,2025-05-08,6,5
283499751,Cirsium edule,2025-05-23,6,5
283629191,Cirsium neomexicanum,2025-05-24,6,5
28392737,Cirsium oleraceum,2019-07-07,6,5
28442267,Cirsium arvense,2019-07-08,6,5
284484025,Cirsium townsendii,2025-05-26,6,5
285809229,Cirsium undulatum,2025-05-31,6,5
28671954,Cirsium oleraceum,2019-07-11,6,5
287382718,Cirsium erisithales,2025-06-06,6,5
287739761,Cirsium brevistylum,2025-06-07,6,5
287965970,Cirsium dissectum,2025-06-08,6,5
288330715,Cirsium canescens,2025-06-09,6,5
289960936,Cirsium cymosum,2025-06-14,6,5
290824920,Cirsium texanum,2025-06-18,6,5
291138770,Cirsium cymosum,2025-06-17,6,5
291235956,Cirsium vulgare,2025-06-20,6,5
291679369,Cirsium arvense,2025-06-20,6,5
293067046,Cirsium vulgare,2021-04-04,6,5
293444337,Cirsium ukranicum,2025-06-14,6,5
293503137,Cirsium palustre,2025-06-28,6,5
293827639,Cirsium undulatum,2025-06-22,6,5
293947707,Cirsium arvense,2025-06-29,6,5
294641112,Cirsium arvense,2025-07-02,6,5
29495275,Cirsium palustre,2019-07-23,6,5
295216187,Cirsium palustre,2025-07-04,6,5
296048810,Cirsium vulgare,2025-07-06,6,5
29613349,Cirsium arvense,2019-07-26,6,5
296521034,Cirsium palustre,2025-07-09,6,5
296545301,Cirsium arizonicum,2025-07-05,6,5
296775317,Cirsium vulgare,2025-07-09,6,5
296917425,Cirsium vulgare,2025-07-10,6,5
297053063,Cirsium heterophyllum,2025-07-09,6,5
297113015,Cirsium undulatum,2025-07-10,6,5
297597777,Cirsium palustre,2025-07-13,6,5
297805951,Cirsium centaureae,2025-07-13,6,5
298067092,Cirsium arvense,2025-07-13,6,5
298330535,Cirsium edule,2025-07-13,6,5
298621856,Cirsium arvense,2025-07-17,6,5
299064692,Cirsium discolor,2025-07-18,6,5
299248976,Cirsium oleraceum,2025-07-11,6,5
299546487,Cirsium oleraceum,2025-07-20,6,5
299560725,Cirsium vulgare,2025-07-20,6,5
299655672,Cirsium arvense,2025-07-20,6,5
299733098,Cirsium edule,2025-07-19,6,5
300074977,Cirsium vulgare,2025-07-20,6,5
300110434,Cirsium palustre,2025-07-03,6,5
300438853,Cirsium oleraceum,2025-07-23,6,5
300792148,Cirsium arvense,2025-07-24,6,5
300910881,Cirsium oleraceum,2025-07-25,6,5
301436153,Cirsium carolinianum,2025-05-19,6,5
301584207,Cirsium canum,2025-07-26,6,5
301785283,Cirsium vulgare,2023-12-28,6,5
302022282,Cirsium vulgare,2025-07-29,6,5
302318525,Cirsium palustre,2025-07-25,6,5
302393132,Cirsium vulgare,2025-07-30,6,5
302430714,Cirsium heterophyllum,2025-07-21,6,5
30253482,Cirsium arvense,2019-07-01,6,5
303056335,Cirsium palustre,2025-08-01,6,5
303275529,Cirsium scariosum,2025-08-02,6,5
303310329,Cirsium centaureae,2025-08-02,6,5
303646213,Cirsium arvense,2025-07-26,6,5
303801581,Cirsium discolor,2025-07-10,6,5
30418780,Cirsium helenioides,2019-08-08,6,5
304437610,Cirsium vulgare,2025-08-07,6,5
304764873,Cirsium arvense,2025-08-08,6,5
305108763,Cirsium coloradense,2025-08-09,6,5
30650314,Cirsium mohavense,2019-08-11,6,5
306830222,Cirsium vulgare,2025-08-13,6,5
307409214,Cirsium arvense,2025-08-08,6,5
307498994,Cirsium carolinianum,2025-07-15,6,5
307586739,Cirsium serratuloides,2025-08-05,6,5
307855170,Cirsium oleraceum,2025-08-19,6,5
308180291,Cirsium vulgare,2024-08-23,6,5
308461862,Cirsium arvense,2025-08-23,6,5
308651922,Cirsium creticum,2025-08-24,6,5
308843981,Cirsium vulgare,2025-08-24,6,5
309241490,Cirsium brevistylum,2025-07-28,6,5
309598822,Cirsium arvense,2025-08-27,6,5
310240160,Cirsium spinosissimum,2025-08-04,6,5
31030971,Cirsium discolor,2019-08-17,6,5
310412986,Cirsium canum,2025-07-12,6,5
310532258,Cirsium arvense,2025-08-31,6,5
310714988,Cirsium arvense,2025-08-12,6,5
310791881,Cirsium vulgare,2025-08-26,6,5
311290480,Cirsium phyllocephalum,2025-08-18,6,5
312556282,Cirsium discolor,2025-09-08,6,5
312751280,Cirsium arvense,2025-09-08,6,5
314131555,Cirsium arvense,2024-07-06,6,5
314374426,Cirsium discolor,2025-09-14,6,5
315778950,Cirsium canum,2025-08-05,6,5
316103112,Cirsium vulgare,2025-09-23,6,5
31746594,Cirsium scariosum,2019-06-27,6,5
317920473,Cirsium vulgare,2025-09-28,6,5
318302248,Cirsium arvense,2025-08-22,6,5
318878292,Cirsium oleraceum,2025-10-05,6,5
319349736,Cirsium arvense,2025-09-10,6,5
321570907,Cirsium appendiculatum,2023-07-17,6,5
321936814,Cirsium heterophyllum,2025-07-27,6,5
322278036,Cirsium arvense,2010-09-06,6,5
322811820,Cirsium erisithales,2010-06-25,6,5
323637128,Cirsium palustre,2025-10-21,6,5
32613356,Cirsium parryi,2019-09-12,6,5
326200534,Cirsium arvense,2025-11-12,6,5
326391633,Cirsium vulgare,2025-11-13,6,5
328545079,Cirsium vulgare,2025-11-27,6,5
330981171,Cirsium rivulare,2010-06-15,6,5
333500700,Cirsium arvense,2022-07-26,6,5
335059859,Cirsium echinus,2025-06-16,6,5
336683470,Cirsium vulgare,2026-01-30,6,5
34297140,Cirsium engelmannii,2017-06-14,6,5
34300087,Cirsium engelmannii,2017-07-01,6,5
344557707,Cirsium arachnoideum,2025-08-28,6,5
348400232,Cirsium mexicanum,2026-04-07,6,5
350072631,Cirsium vulgare,2026-04-15,6,5
351303356,Cirsium texanum,2026-04-19,6,5
354861898,Cirsium arvense,2026-04-26,6,5
355499898,Cirsium horridulum,2026-04-22,6,5
357174429,Cirsium canum,2026-05-01,6,5
357636,Cirsium pringlei,2013-07-21,6,5
35769276,Cirsium pendulum,2018-11-17,6,5
358970440,Cirsium horridulum,2026-05-06,6,5
360818363,Cirsium oleraceum,2026-05-11,6,5
360836632,Cirsium texanum,2026-05-09,6,5
365063506,Cirsium arvense,2026-05-24,6,5
366277079,Cirsium palustre,2026-05-29,6,5
36685663,Cirsium arvense,2019-06-21,6,5
369747656,Cirsium arvense,2026-06-08,6,5
370025138,Cirsium nuttallii,2026-06-08,6,5
370180646,Cirsium remotifolium,2026-06-06,6,5
37037925,Cirsium oleraceum,2019-07-22,6,5
372176140,Cirsium undulatum,2026-06-13,6,5
37469757,Cirsium brevifolium,2019-07-12,6,5
375075864,Cirsium horridulum,2026-06-20,6,5
375130229,Cirsium mohavense,2026-06-24,6,5
375960035,Cirsium scariosum,2026-06-27,6,5
376348679,Cirsium griseum,2026-06-26,6,5
376453548,Cirsium palustre,2026-06-26,6,5
376967114,Cirsium heterophyllum,2026-06-29,6,5
38564259,Cirsium heterophyllum,2008-07-06,6,5
41898124,Cirsium palustre,2017-07-09,6,5
42312840,Cirsium esculentum,2016-07-05,6,5
43263506,Cirsium engelmannii,2020-04-24,6,5
44654766,Cirsium carolinianum,2020-05-02,6,5
49470103,Cirsium undulatum,2020-06-13,6,5
49732065,Cirsium pannonicum,2020-06-12,6,5
49843229,Cirsium arvense,2020-06-13,6,5
49990833,Cirsium vulgare,2020-06-17,6,5
50397541,Cirsium vulgare,2020-06-21,6,5
50641612,Cirsium canum,2020-06-22,6,5
50768738,Cirsium arvense,2020-06-19,6,5
51018796,Cirsium rivulare,2020-06-07,6,5
51224858,Cirsium palustre,2020-06-28,6,5
52137031,Cirsium vulgare,2020-07-06,6,5
53000532,Cirsium altissimum,2020-07-11,6,5
53581699,Cirsium oleraceum,2020-07-09,6,5
54288756,Cirsium oleraceum,2020-07-25,6,5
54643668,Cirsium vulgare,2020-07-25,6,5
55525424,Cirsium remotifolium,2020-08-04,6,5
55600456,Cirsium arvense,2020-07-17,6,5
55735204,Cirsium vulgare,2020-08-07,6,5
55816583,Cirsium alatum,2020-08-04,6,5
56942616,Cirsium vulgare,2020-08-16,6,5
57617863,Cirsium arvense,2020-08-24,6,5
57651203,Cirsium undulatum,2020-08-26,6,5
57667803,Cirsium discolor,2020-08-26,6,5
57891872,Cirsium arvense,2020-08-28,6,5
58039439,Cirsium discolor,2020-08-29,6,5
58152081,Cirsium arvense,2020-08-18,6,5
58521378,Cirsium muticum,2020-09-04,6,5
58630270,Cirsium oleraceum,2020-09-05,6,5
58890618,Cirsium altissimum,2020-09-07,6,5
59821687,Cirsium arvense,2020-09-16,6,5
60147275,Cirsium undulatum,2020-07-06,6,5
60161641,Cirsium palustre,2020-08-07,6,5
60219478,Cirsium altissimum,2020-09-20,6,5
64548919,Cirsium vulgare,2020-10-22,6,5
67025231,Cirsium discolor,2020-02-16,6,5
67295260,Cirsium arvense,2020-09-03,6,5
71640900,Cirsium horridulum,2021-03-20,6,5
71721994,Cirsium arachnoideum,2018-07-24,6,5
71723755,Cirsium chlorocomos,2018-08-11,6,5
71725005,Cirsium arvense,2017-07-09,6,5
71726500,Cirsium pugnax,2018-08-12,6,5
72414472,Cirsium mexicanum,2021-03-29,6,5
74956917,Cirsium horridulum,2021-04-23,6,5
75003493,Cirsium neomexicanum,2021-04-23,6,5
75208134,Cirsium undulatum,2021-04-25,6,5
77298569,Cirsium texanum,2021-05-04,6,5
78254425,Cirsium carolinianum,2021-05-10,6,5
79033977,Cirsium echinus,2016-08-08,6,5
79394866,Cirsium vulgare,2014-08-23,6,5
81653124,Cirsium muticum,2021-05-30,6,5
82179414,Cirsium vulgare,2021-04-25,6,5
82205752,Cirsium arvense,2021-06-08,6,5
82213947,Cirsium undulatum,2021-06-08,6,5
83785855,Cirsium heterophyllum,2021-06-20,6,5
86005391,Cirsium edule,2021-07-05,6,5
86556404,Cirsium oleraceum,2021-07-11,6,5
86607679,Cirsium arvense,2021-07-11,6,5
86758371,Cirsium echinus,2021-07-12,6,5
87402514,Cirsium greimleri,2009-06-30,6,5
87787520,Cirsium undulatum,2021-07-19,6,5
87828016,Cirsium palustre,2021-07-17,6,5
87828737,Cirsium uliginosum,2021-07-03,6,5
88120071,Cirsium arvense,2021-07-21,6,5
88164208,Cirsium vulgare,2021-07-21,6,5
88169720,Cirsium vulgare,2021-07-21,6,5
88396041,Cirsium arvense,2021-07-24,6,5
88783424,Cirsium parryi,2021-07-25,6,5
89007196,Cirsium arvense,2021-07-28,6,5
89007943,Cirsium vulgare,2021-07-26,6,5
89017503,Cirsium muticum,2021-07-22,6,5
89232705,Cirsium pumilum,2021-07-30,6,5
89246895,Cirsium vulgare,2021-07-30,6,5
89442960,Cirsium heterophyllum,2021-07-31,6,5
89467015,Cirsium serratuloides,2021-08-01,6,5
89610258,Cirsium vulgare,2021-08-01,6,5
90182341,Cirsium arvense,2021-08-05,6,5
90366236,Cirsium oleraceum,2021-08-07,6,5
90387160,Cirsium palustre,2004-05-29,6,5
90426590,Cirsium palustre,2021-07-24,6,5
90481997,Cirsium vulgare,2021-08-07,6,5
90538184,Cirsium vulgare,2021-08-09,6,5
90967911,Cirsium vulgare,2021-08-02,6,5
91422781,Cirsium arvense,2021-07-24,6,5
91944216,Cirsium vulgare,2021-08-15,6,5
92371182,Cirsium muticum,2021-08-24,6,5
92822634,Cirsium discolor,2021-08-28,6,5
94258718,Cirsium discolor,2021-09-09,6,5
94946087,Cirsium arvense,2021-09-14,6,5
96114586,Cirsium ciliatum,2021-09-24,6,5
97556075,Cirsium arvense,2021-10-08,6,5
97767091,Cirsium vulgare,2021-07-29,6,5
98295849,Cirsium vulgare,2021-10-15,6,5
100314620,Cirsium arvense,2021-11-04,5,4
100917729,Cirsium heterophyllum,2021-07-26,5,4
101641949,Cirsium altissimum,2021-08-15,5,4
101649376,Cirsium oleraceum,2021-11-20,5,4
101757529,Cirsium serratuloides,2021-08-08,5,4
10245186,Cirsium pumilum,2007-08-20,5,4
102753506,Cirsium vulgare,2007-09-11,5,4
102861691,Cirsium acaulon,2019-08-25,5,4
103426139,Cirsium vulgare,2021-12-20,5,4
10368037,Cirsium vulgare,2017-10-21,5,4
103825093,Cirsium undulatum,2021-06-05,5,4
104646104,Cirsium vulgare,2021-12-29,5,4
104762981,Cirsium vulgare,2022-01-03,5,4
10619969,Cirsium mexicanum,2018-04-04,5,4
107181237,Cirsium canum,2021-05-25,5,4
107218546,Cirsium vulgare,2022-02-22,5,4
107636861,Cirsium vulgare,2022-02-26,5,4
10849258,Cirsium vulgare,2012-04-09,5,4
109619323,Cirsium altissimum,2022-03-26,5,4
11018704,Cirsium horridulum,2018-04-16,5,4
110319150,Cirsium vulgare,2022-04-03,5,4
114337078,Cirsium arvense,2022-04-29,5,4
115688891,Cirsium arvense,2022-05-02,5,4
116043459,Cirsium heterophyllum,2022-05-06,5,4
117253332,Cirsium horridulum,2022-05-15,5,4
118806176,Cirsium palustre,2022-05-26,5,4
119473812,Cirsium vulgare,2022-05-30,5,4
119548214,Cirsium vulgare,2022-05-28,5,4
119849771,Cirsium heterophyllum,2022-06-02,5,4
120975600,Cirsium palustre,2022-06-07,5,4
122731161,Cirsium arvense,2022-06-20,5,4
122787950,Cirsium altissimum,2022-06-20,5,4
122880692,Cirsium brevistylum,2022-06-20,5,4
122952839,Cirsium heterophyllum,2022-06-21,5,4
123116729,Cirsium nuttallii,2022-06-18,5,4
123323680,Cirsium vulgare,2022-06-25,5,4
123773251,Cirsium vulgare,2022-06-27,5,4
123932483,Cirsium mexicanum,2022-06-22,5,4
124405006,Cirsium vulgare,2022-07-02,5,4
124451161,Cirsium vulgare,2022-07-02,5,4
124528805,Cirsium heterophyllum,2022-07-03,5,4
125045832,Cirsium horridulum,2019-03-30,5,4
125050630,Cirsium palustre,2022-07-05,5,4
125131460,Cirsium brevifolium,2022-07-05,5,4
125134732,Cirsium arvense,2022-07-07,5,4
125439007,Cirsium arvense,2020-07-19,5,4
125470306,Cirsium altissimum,2022-07-09,5,4
125930058,Cirsium heterophyllum,2022-07-09,5,4
125946939,Cirsium vulgare,2022-07-11,5,4
126202092,Cirsium undulatum,2022-07-13,5,4
126666103,Cirsium oleraceum,2022-07-17,5,4
126670646,Cirsium vulgare,2022-07-17,5,4
126720126,Cirsium tuberosum,2022-07-16,5,4
126796053,Cirsium heterophyllum,2022-07-16,5,4
126964200,Cirsium arvense,2022-07-17,5,4
127266016,Cirsium longistylum,2022-07-20,5,4
127354614,Cirsium oleraceum,2022-07-22,5,4
127524479,Cirsium vulgare,2022-07-23,5,4
127740546,Cirsium vulgare,2022-07-24,5,4
128237414,Cirsium vulgare,2022-06-23,5,4
128394824,Cirsium altissimum,2022-07-28,5,4
128662801,Cirsium vulgare,2022-07-30,5,4
128784317,Cirsium palustre,2022-07-31,5,4
128913789,Cirsium scariosum,2022-07-20,5,4
129029105,Cirsium palustre,2022-08-01,5,4
129072075,Cirsium arvense,2022-07-24,5,4
129156911,Cirsium arvense,2022-08-02,5,4
129245182,Cirsium undulatum,2022-08-02,5,4
129250949,Cirsium serrulatum,2022-08-03,5,4
129437993,Cirsium arvense,2022-08-04,5,4
129782485,Cirsium brevistylum,2022-07-30,5,4
129908678,Cirsium vulgare,2022-08-04,5,4
13003179,Cirsium japonicum,2018-05-21,5,4
130064543,Cirsium vulgare,2022-08-08,5,4
130069066,Cirsium cymosum,2022-07-30,5,4
130071532,Cirsium vulgare,2022-07-08,5,4
130094606,Cirsium ciliatum,2022-07-31,5,4
130253525,Cirsium uliginosum,2022-07-31,5,4
130295779,Cirsium occidentale,2022-08-05,5,4
130481981,Cirsium echinus,2022-08-03,5,4
130667405,Cirsium pugnax,2022-08-04,5,4
130736498,Cirsium flodmanii,2022-08-13,5,4
130796598,Cirsium ciliatum,2022-08-08,5,4
130856687,Cirsium vulgare,2022-08-07,5,4
130956888,Cirsium parryi,2022-08-14,5,4
130996828,Cirsium flodmanii,2022-08-15,5,4
131036675,Cirsium canum,2022-08-14,5,4
131260119,Cirsium altissimum,2022-08-17,5,4
131509128,Cirsium discolor,2022-08-19,5,4
131802666,Cirsium vulgare,2022-08-10,5,4
131958897,Cirsium vulgare,2022-08-21,5,4
132005214,Cirsium serrulatum,2022-08-17,5,4
132081648,Cirsium vulgare,2022-08-23,5,4
132905262,Cirsium ehrenbergii,2022-08-27,5,4
132915945,Cirsium vulgare,2022-08-27,5,4
133203565,Cirsium muticum,2022-09-01,5,4
13345436,Cirsium bertolonii,2018-06-10,5,4
133456229,Cirsium nuttallii,2022-09-02,5,4
133464374,Cirsium ciliatum,2022-07-21,5,4
133631495,Cirsium monocephalum,2022-08-07,5,4
133959840,Cirsium altissimum,2022-09-06,5,4
134112782,Cirsium turkestanicum,2020-09-05,5,4
134391453,Cirsium vulgare,2022-09-10,5,4
134475534,Cirsium discolor,2022-09-10,5,4
134857296,Cirsium vulgare,2022-09-10,5,4
135694038,Cirsium muticum,2022-09-07,5,4
136971451,Cirsium arvense,2022-09-17,5,4
138469046,Cirsium arvense,2022-10-11,5,4
13926220,Cirsium heterophyllum,2018-06-30,5,4
139367634,Cirsium palustre,2022-08-26,5,4
140679201,Cirsium vulgare,2021-06-20,5,4
140837604,Cirsium vulgare,2022-11-01,5,4
141266923,Cirsium ciliatum,2022-11-05,5,4
141309403,Cirsium arvense,2022-11-06,5,4
141346219,Cirsium vulgare,2022-11-06,5,4
141538180,Cirsium vulgare,2022-11-08,5,4
14160749,Cirsium palustre,2018-07-08,5,4
142033704,Cirsium vulgare,2022-11-13,5,4
14225888,Cirsium oleraceum,2018-07-10,5,4
142359921,Cirsium acaulon,2022-11-19,5,4
142410604,Cirsium vulgare,2022-07-17,5,4
14252094,Cirsium spinosissimum,2018-07-10,5,4
14281027,Cirsium wheeleri,2018-07-10,5,4
144375655,Cirsium vulgare,2022-11-12,5,4
146135621,Cirsium vulgare,2023-01-08,5,4
146890001,Cirsium arvense,2021-07-17,5,4
147451453,Cirsium suzukii,2022-07-27,5,4
147528303,Cirsium mexicanum,2023-01-28,5,4
147742279,Cirsium ehrenbergii,2022-10-30,5,4
15002663,Cirsium arvense,2018-07-21,5,4
15122403,Cirsium muticum,2018-08-01,5,4
15152715,Cirsium muticum,2018-08-05,5,4
151667094,Cirsium tepehuanense,2015-08-16,5,4
15778847,Cirsium arvense,2018-08-03,5,4
15819126,Cirsium vulgare,2018-08-02,5,4
159225609,Cirsium monspessulanum,2020-06-19,5,4
160328551,Cirsium esculentum,2021-08-12,5,4
161016030,Cirsium neomexicanum,2023-05-10,5,4
16120024,Cirsium discolor,2018-09-01,5,4
161483104,Cirsium neomexicanum,2023-05-06,5,4
163291697,Cirsium vulgare,2023-05-23,5,4
163663957,Cirsium arizonicum,2023-05-25,5,4
164089442,Cirsium palustre,2023-05-27,5,4
164224117,Cirsium palustre,2023-05-28,5,4
164258120,Cirsium occidentale,2023-05-28,5,4
164512350,Cirsium arvense,2023-05-29,5,4
165169960,Cirsium erisithales,2023-06-02,5,4
165326738,Cirsium nuttallii,2023-06-03,5,4
165440951,Cirsium neomexicanum,2023-05-19,5,4
165531591,Cirsium vulgare,2023-06-04,5,4
16566129,Cirsium vulgare,2018-09-15,5,4
165923946,Cirsium engelmannii,2023-06-06,5,4
166094981,Cirsium greimleri,2023-06-07,5,4
166654333,Cirsium palustre,2023-06-10,5,4
16797470,Cirsium discolor,2018-09-20,5,4
168170521,Cirsium heterophyllum,2023-06-17,5,4
168261677,Cirsium vulgare,2023-06-19,5,4
168627940,Cirsium pumilum,2023-06-20,5,4
169540530,Cirsium vulgare,2023-06-25,5,4
169558818,Cirsium arvense,2023-06-26,5,4
169642558,Cirsium vulgare,2023-06-25,5,4
170031145,Cirsium arvense,2023-06-27,5,4
170070281,Cirsium carniolicum,2023-06-28,5,4
170434007,Cirsium arvense,2023-07-01,5,4
171316222,Cirsium nuttallii,2023-07-05,5,4
171448649,Cirsium arvense,2023-07-06,5,4
171839639,Cirsium vulgare,2023-07-07,5,4
172016074,Cirsium arvense,2023-07-06,5,4
172663890,Cirsium heterophyllum,2023-07-13,5,4
173128981,Cirsium heterophyllum,2023-07-16,5,4
173344057,Cirsium vulgare,2023-07-16,5,4
173804471,Cirsium arvense,2023-07-19,5,4
174081525,Cirsium hachimantaiense,2023-07-17,5,4
174141197,Cirsium oleraceum,2023-07-12,5,4
174263458,Cirsium argyracanthum,2023-07-22,5,4
174440925,Cirsium arvense,2023-07-23,5,4
174862481,Cirsium vulgare,2023-07-25,5,4
175036404,Cirsium arvense,2023-07-24,5,4
175118917,Cirsium palustre,2023-07-26,5,4
175146166,Cirsium occidentale,2023-07-26,5,4
175605795,Cirsium remotifolium,2023-07-26,5,4
175690402,Cirsium rivulare,2023-07-27,5,4
175716442,Cirsium oleraceum,2023-07-30,5,4
175776071,Cirsium monspessulanum,2023-07-30,5,4
175944373,Cirsium vulgare,2023-07-31,5,4
176168069,Cirsium arvense,2023-08-01,5,4
176425584,Cirsium wheeleri,2023-07-31,5,4
176455121,Cirsium arvense,2023-08-03,5,4
176516801,Cirsium wheeleri,2023-07-26,5,4
176604057,Cirsium heterophyllum,2023-07-31,5,4
176700693,Cirsium coloradense,2023-08-04,5,4
176875834,Cirsium muticum,2023-08-05,5,4
176877804,Cirsium muticum,2023-08-05,5,4
176981904,Cirsium heterophyllum,2023-08-06,5,4
177194659,Cirsium vulgare,2023-08-07,5,4
177215047,Cirsium italicum,2023-08-07,5,4
177635068,Cirsium oleraceum,2023-08-10,5,4
17801070,Cirsium arvense,2018-10-13,5,4
178281523,Cirsium vulgare,2023-08-13,5,4
178329857,Cirsium vulgare,2023-08-05,5,4
178395698,Cirsium helenioides,2023-06-30,5,4
179130084,Cirsium muticum,2023-08-17,5,4
179311911,Cirsium heterophyllum,2023-08-04,5,4
179645643,Cirsium palustre,2023-08-22,5,4
179969351,Cirsium oleraceum,2023-08-22,5,4
180004999,Cirsium oleraceum,2023-08-19,5,4
180360877,Cirsium vulgare,2023-08-25,5,4
180398599,Cirsium esculentum,2023-08-26,5,4
180544084,Cirsium vulgare,2023-08-27,5,4
181192383,Cirsium laniflorum,2023-07-20,5,4
181670792,Cirsium discolor,2023-09-01,5,4
181748261,Cirsium undulatum,2023-06-29,5,4
181767924,Cirsium arvense,2023-09-02,5,4
182109755,Cirsium discolor,2023-09-06,5,4
182365968,Cirsium arvense,2023-09-08,5,4
182523569,Cirsium latifolium,2023-09-08,5,4
182624834,Cirsium oleraceum,2023-09-09,5,4
182807597,Cirsium muticum,2023-08-15,5,4
183633952,Cirsium palustre,2009-07-17,5,4
184044409,Cirsium discolor,2023-09-19,5,4
184047603,Cirsium acaulon,2023-09-17,5,4
184533012,Cirsium ukranicum,2022-09-24,5,4
184989492,Cirsium ciliatum,2023-08-27,5,4
185602124,Cirsium canum,2023-07-15,5,4
185958522,Cirsium palustre,2023-08-21,5,4
186141772,Cirsium arvense,2023-10-03,5,4
186207451,Cirsium vulgare,2023-09-30,5,4
186296562,Cirsium arvense,2023-10-05,5,4
186828018,Cirsium helenioides,2023-07-06,5,4
18859195,Cirsium vulgare,2018-11-30,5,4
189210651,Cirsium vulgare,2023-10-28,5,4
189443449,Cirsium vulgare,2023-07-05,5,4
189821185,Cirsium undulatum,2023-07-25,5,4
190194744,Cirsium hypoleucum,2023-11-04,5,4
190417900,Cirsium scariosum,2023-07-29,5,4
191524266,Cirsium brachycephalum,2023-11-15,5,4
191649494,Cirsium vulgare,2023-09-06,5,4
192813566,Cirsium tuberosum,2023-06-04,5,4
192921536,Cirsium ukranicum,2020-08-10,5,4
194048137,Cirsium altissimum,2023-08-22,5,4
194532311,Cirsium dissectum,2023-06-03,5,4
195478843,Cirsium scariosum,2014-06-30,5,4
196858989,Cirsium vulgare,2022-08-28,5,4
197403543,Cirsium mohavense,2023-06-13,5,4
197474064,Cirsium vulgare,2024-01-22,5,4
197825533,Cirsium altissimum,2024-01-28,5,4
19879677,Cirsium ehrenbergii,2019-01-22,5,4
200364248,Cirsium vulgare,2024-02-24,5,4
200977907,Cirsium vulgare,2024-02-25,5,4
201705734,Cirsium horridulum,2024-03-07,5,4
201749283,Cirsium vulgare,2010-07-23,5,4
201756369,Cirsium arvense,2024-03-09,5,4
20177141,Cirsium palustre,2017-06-20,5,4
202453917,Cirsium horridulum,2024-03-14,5,4
203319933,Cirsium andersonii,2023-08-03,5,4
203432696,Cirsium brevicaule,2024-03-22,5,4
203502435,Cirsium brachycephalum,2024-03-20,5,4
203632729,Cirsium vulgare,2023-01-27,5,4
203979867,Cirsium subcoriaceum,2023-12-16,5,4
204298250,Cirsium nuttallii,2024-03-28,5,4
204594593,Cirsium vulgare,2024-03-30,5,4
204645424,Cirsium texanum,2024-03-30,5,4
205470321,Cirsium brevistylum,2024-04-02,5,4
206212021,Cirsium carolinianum,2024-04-08,5,4
206713533,Cirsium horridulum,2024-04-11,5,4
206770647,Cirsium horridulum,2024-04-12,5,4
208876401,Cirsium arvense,2020-10-19,5,4
209456334,Cirsium vulgare,2024-04-26,5,4
21191382,Cirsium arvense,2019-03-12,5,4
212342491,Cirsium arvense,2024-04-30,5,4
212384759,Cirsium horridulum,2024-04-30,5,4
213493412,Cirsium oleraceum,2024-05-04,5,4
213680756,Cirsium rivulare,2024-05-05,5,4
214468705,Cirsium arvense,2024-05-08,5,4
214880204,Cirsium rivulare,2024-05-07,5,4
215521546,Cirsium arvense,2017-08-27,5,4
215583471,Cirsium carolinianum,2024-05-13,5,4
215587284,Cirsium horridulum,2024-04-21,5,4
215759671,Cirsium nuttallii,2024-05-14,5,4
216011899,Cirsium occidentale,2024-05-15,5,4
216034014,Cirsium neomexicanum,2024-05-15,5,4
216296064,Cirsium neomexicanum,2024-05-10,5,4
216606766,Cirsium heterophyllum,2024-05-18,5,4
216794799,Cirsium filipendulum,2024-05-19,5,4
217430365,Cirsium vulgare,2024-05-17,5,4
217761238,Cirsium palustre,2024-05-19,5,4
217885304,Cirsium canum,2024-05-24,5,4
218804072,Cirsium discolor,2024-05-27,5,4
219013633,Cirsium mohavense,2024-05-28,5,4
219222172,Cirsium vulgare,2024-05-23,5,4
219546366,Cirsium palustre,2023-05-31,5,4
219593496,Cirsium vulgare,2024-05-31,5,4
220209525,Cirsium japonicum,2024-05-25,5,4
220270782,Cirsium palustre,2024-06-03,5,4
220282877,Cirsium tuberosum,2024-06-03,5,4
220347378,Cirsium texanum,2024-06-03,5,4
220415679,Cirsium heterophyllum,2016-07-03,5,4
220876166,Cirsium pumilum,2024-06-06,5,4
220995290,Cirsium arvense,2024-06-06,5,4
22138688,Cirsium muticum,2018-06-18,5,4
221587956,Cirsium heterophyllum,2024-06-09,5,4
221965138,Cirsium undulatum,2024-06-06,5,4
222081203,Cirsium palustre,2024-06-11,5,4
222488075,Cirsium palustre,2024-06-13,5,4
222738646,Cirsium vulgare,2024-06-13,5,4
222893504,Cirsium arvense,2024-06-09,5,4
223096973,Cirsium remotifolium,2024-06-13,5,4
223155727,Cirsium nuttallii,2024-06-16,5,4
223222300,Cirsium echinus,2024-05-28,5,4
223404745,Cirsium texanum,2024-06-17,5,4
223549980,Cirsium arvense,2024-06-17,5,4
22355334,Cirsium arvense,2011-07-27,5,4
223866705,Cirsium arvense,2024-06-18,5,4
224042116,Cirsium oleraceum,2024-06-20,5,4
224145272,Cirsium arvense,2024-06-21,5,4
224161230,Cirsium arvense,2024-06-21,5,4
224369824,Cirsium arvense,2024-06-22,5,4
224464156,Cirsium palustre,2024-06-08,5,4
224627464,Cirsium arvense,2024-06-23,5,4
224706650,Cirsium vulgare,2024-06-23,5,4
225025169,Cirsium neomexicanum,2024-05-25,5,4
225064682,Cirsium erisithales,2020-08-05,5,4
225097408,Cirsium arvense,2024-06-25,5,4
225116525,Cirsium arvense,2024-06-25,5,4
225894604,Cirsium palustre,2024-06-29,5,4
226135410,Cirsium oleraceum,2020-07-14,5,4
226326548,Cirsium arvense,2024-06-30,5,4
226719338,Cirsium arvense,2024-07-02,5,4
226994146,Cirsium ochrocentrum,2024-07-03,5,4
227435905,Cirsium brevistylum,2024-03-25,5,4
227491182,Cirsium arvense,2024-07-06,5,4
227623285,Cirsium vulgare,2024-07-06,5,4
227913556,Cirsium helenioides,2024-07-05,5,4
227938729,Cirsium scariosum,2024-07-02,5,4
228060949,Cirsium muticum,2024-07-08,5,4
228251854,Cirsium heterophyllum,2024-07-03,5,4
228295598,Cirsium heterophyllum,2024-07-08,5,4
228301694,Cirsium arvense,2024-07-09,5,4
228306087,Cirsium arizonicum,2024-06-17,5,4
228341316,Cirsium brevistylum,2024-07-07,5,4
228369517,Cirsium arvense,2024-06-26,5,4
228611287,Cirsium japonicum,2024-07-06,5,4
228667533,Cirsium arvense,2024-07-07,5,4
228786877,Cirsium vulgare,2024-07-12,5,4
229534587,Cirsium palustre,2024-07-15,5,4
229657825,Cirsium palustre,2024-07-16,5,4
229717935,Cirsium arvense,2024-07-06,5,4
229764333,Cirsium vulgare,2024-07-16,5,4
229772901,Cirsium arvense,2024-07-09,5,4
229919330,Cirsium arvense,2024-07-13,5,4
230079603,Cirsium arvense,2024-07-18,5,4
230079842,Cirsium vulgare,2024-07-18,5,4
230257595,Cirsium altissimum,2024-07-18,5,4
230390726,Cirsium vulgare,2024-07-19,5,4
230561362,Cirsium vulgare,2024-07-20,5,4
230673372,Cirsium scariosum,2024-07-01,5,4
230797080,Cirsium vulgare,2024-07-21,5,4
230984390,Cirsium pendulum,2024-07-17,5,4
231076358,Cirsium arvense,2024-07-22,5,4
231149487,Cirsium canum,2024-07-22,5,4
231436994,Cirsium heterophyllum,2024-07-24,5,4
231581408,Cirsium vulgare,2024-07-24,5,4
231608100,Cirsium arvense,2024-07-25,5,4
231611485,Cirsium flodmanii,2024-07-24,5,4
231826927,Cirsium serrulatum,2024-07-26,5,4
232012709,Cirsium palustre,2024-07-27,5,4
232107012,Cirsium arvense,2024-07-27,5,4
232128418,Cirsium vulgare,2024-07-27,5,4
232239312,Cirsium heterophyllum,2024-07-16,5,4
232357619,Cirsium arvense,2024-07-28,5,4
232361945,Cirsium vulgare,2024-07-28,5,4
232476461,Cirsium obvallatum,2024-06-01,5,4
232478097,Cirsium palustre,2024-07-24,5,4
232662673,Cirsium arvense,2024-07-26,5,4
232824895,Cirsium peckii,2024-07-19,5,4
233491628,Cirsium vulgare,2024-08-03,5,4
233535043,Cirsium oleraceum,2024-08-03,5,4
233623543,Cirsium arvense,2024-07-26,5,4
234076968,Cirsium arvense,2024-08-02,5,4
234110365,Cirsium canum,2024-08-06,5,4
234152048,Cirsium oleraceum,2024-08-06,5,4
234943377,Cirsium vulgare,2024-07-25,5,4
235226924,Cirsium monspessulanum,2024-07-29,5,4
235417648,Cirsium palustre,2024-08-12,5,4
235623086,Cirsium discolor,2024-08-13,5,4
235699661,Cirsium palustre,2024-06-28,5,4
235875021,Cirsium oleraceum,2024-08-15,5,4
235991958,Cirsium muticum,2024-08-15,5,4
236124835,Cirsium oleraceum,2024-08-16,5,4
236187418,Cirsium arvense,2024-08-16,5,4
236198293,Cirsium palustre,2024-08-11,5,4
236333665,Cirsium oleraceum,2024-08-14,5,4
236560765,Cirsium arvense,2024-08-18,5,4
236689562,Cirsium simplex,2020-07-07,5,4
236935573,Cirsium oleraceum,2024-08-09,5,4
237325647,Cirsium arvense,2024-08-22,5,4
237336000,Cirsium undulatum,2024-08-19,5,4
237372951,Cirsium altissimum,2024-08-21,5,4
237475494,Cirsium discolor,2024-08-23,5,4
237624823,Cirsium palustre,2024-08-24,5,4
237831267,Cirsium vulgare,2024-07-08,5,4
238055110,Cirsium oleraceum,2024-08-17,5,4
238244774,Cirsium discolor,2024-08-27,5,4
238366487,Cirsium vulgare,2024-08-25,5,4
238454129,Cirsium vulgare,2024-08-14,5,4
238615656,Cirsium oleraceum,2024-08-25,5,4
238899737,Cirsium arvense,2024-08-30,5,4
238955573,Cirsium vulgare,2024-08-27,5,4
239417650,Cirsium vulgare,2024-09-02,5,4
239430140,Cirsium discolor,2024-09-02,5,4
239835989,Cirsium vulgare,2024-09-04,5,4
240176280,Cirsium heterophyllum,2024-06-29,5,4
240274424,Cirsium acaulon,2024-09-07,5,4
240495145,Cirsium palustre,2024-07-10,5,4
240616139,Cirsium vulgare,2024-09-08,5,4
240627993,Cirsium vulgare,2024-09-08,5,4
240926775,Cirsium vulgare,2024-09-09,5,4
240979712,Cirsium rivulare,2010-05-27,5,4
242077923,Cirsium discolor,2024-09-15,5,4
243170334,Cirsium arvense,2024-09-21,5,4
243637733,Cirsium tymphaeum,2024-08-03,5,4
245729544,Cirsium alberti,2024-07-22,5,4
245854221,Cirsium muticum,2024-10-05,5,4
245964975,Cirsium oleraceum,2024-10-06,5,4
246350542,Cirsium muticum,2024-10-06,5,4
246467502,Cirsium oleraceum,2024-10-09,5,4
246919466,Cirsium oleraceum,2024-10-12,5,4
24716824,Cirsium horridulum,2019-04-19,5,4
247594425,Cirsium vulgare,2024-09-01,5,4
248927836,Cirsium arvense,2024-10-11,5,4
251643705,Cirsium occidentale,2024-06-23,5,4
25299036,Cirsium neomexicanum,2019-05-12,5,4
253016128,Cirsium arvense,2024-09-08,5,4
253182999,Cirsium arvense,2024-11-26,5,4
25348297,Cirsium arvense,2019-05-18,5,4
253695939,Cirsium arvense,2024-11-30,5,4
253916878,Cirsium acaulon,2024-08-28,5,4
254512411,Cirsium vulgare,2024-12-08,5,4
254999851,Cirsium pugnax,2024-08-28,5,4
25504984,Cirsium undulatum,2019-05-17,5,4
255203594,Cirsium palustre,2024-12-15,5,4
255394050,Cirsium alatum,2024-09-12,5,4
255913704,Cirsium heterophyllum,2017-07-10,5,4
256014521,Cirsium arvense,2016-06-16,5,4
256893119,Cirsium vulgare,2024-12-27,5,4
257889821,Cirsium ochrocentrum,2025-01-05,5,4
258014042,Cirsium maackii,2021-07-27,5,4
258308273,Cirsium vulgare,2022-08-21,5,4
259681143,Cirsium arvense,2025-01-21,5,4
260417409,Cirsium vulgare,2025-01-28,5,4
260493512,Cirsium phyllocephalum,2025-02-02,5,4
261226522,Cirsium palustre,2024-12-13,5,4
261775044,Cirsium vulgare,2025-02-08,5,4
264013492,Cirsium arvense,1951-06-22,5,4
2645227,Cirsium arvense,2016-01-17,5,4
264791084,Cirsium palustre,2024-05-29,5,4
26659249,Cirsium occidentale,2019-04-20,5,4
267893208,Cirsium vulgare,2025-03-31,5,4
26793877,Cirsium palustre,2019-06-11,5,4
269489306,Cirsium texanum,2025-04-08,5,4
270367597,Cirsium horridulum,2025-04-10,5,4
270522563,Cirsium mexicanum,2025-04-14,5,4
270824875,Cirsium japonicum,2025-04-07,5,4
272112650,Cirsium occidentale,2025-04-13,5,4
27346972,Cirsium edule,2019-06-13,5,4
275451312,Cirsium dissectum,2025-04-26,5,4
277872164,Cirsium occidentale,2025-04-25,5,4
278135414,Cirsium horridulum,2025-04-29,5,4
278303463,Cirsium japonicum,2025-05-04,5,4
278997925,Cirsium horridulum,2025-05-06,5,4
279025982,Cirsium arvense,2025-05-06,5,4
279700654,Cirsium arvense,2023-07-25,5,4
279957231,Cirsium arvense,2025-05-10,5,4
280932027,Cirsium horridulum,2025-04-23,5,4
281665473,Cirsium neomexicanum,2025-05-16,5,4
281860411,Cirsium centaureae,2025-05-17,5,4
282375721,Cirsium pugnax,2021-08-20,5,4
282769074,Cirsium horridulum,2025-05-14,5,4
282800226,Cirsium occidentale,2025-05-20,5,4
28324863,Cirsium arvense,2019-07-06,5,4
284149401,Cirsium brevistylum,2025-05-25,5,4
284220686,Cirsium arvense,2025-05-26,5,4
284300561,Cirsium vulgare,2025-05-26,5,4
284539739,Cirsium arvense,2025-05-27,5,4
28497739,Cirsium vulgare,2019-07-07,5,4
28598380,Cirsium occidentale,2019-06-22,5,4
286281978,Cirsium palustre,2025-06-02,5,4
28698366,Cirsium palustre,2019-07-11,5,4
287963498,Cirsium undulatum,2025-06-04,5,4
28842682,Cirsium erisithales,2019-07-14,5,4
288430550,Cirsium remotifolium,2025-06-09,5,4
289123960,Cirsium arvense,2025-06-12,5,4
289573097,Cirsium heterophyllum,2025-06-14,5,4
290899166,Cirsium palustre,2025-06-19,5,4
291060901,Cirsium undulatum,2025-06-18,5,4
291135454,Cirsium kawakamii,2025-06-17,5,4
291238372,Cirsium palustre,2025-06-20,5,4
291369207,Cirsium scariosum,2025-06-07,5,4
291465769,Cirsium arvense,2025-06-20,5,4
291696143,Cirsium acaulon,2024-07-29,5,4
291763944,Cirsium arvense,2025-06-20,5,4
291822234,Cirsium monspessulanum,2025-06-21,5,4
292333262,Cirsium drummondii,2025-06-23,5,4
292455223,Cirsium arvense,2025-06-24,5,4
292832834,Cirsium oleraceum,2025-06-22,5,4
292952247,Cirsium arvense,2025-06-26,5,4
29298763,Cirsium altissimum,2019-07-21,5,4
293015031,Cirsium douglasii,2025-06-26,5,4
293109121,Cirsium vulgare,2023-03-12,5,4
293717559,Cirsium vulgare,2025-06-29,5,4
293913746,Cirsium undulatum,2025-06-29,5,4
293993964,Cirsium arvense,2025-06-29,5,4
294058076,Cirsium palustre,2025-06-30,5,4
294445454,Cirsium arvense,2025-06-29,5,4
295508464,Cirsium vulgare,2025-07-05,5,4
295820051,Cirsium funkiae,2025-07-04,5,4
296010152,Cirsium brachycephalum,2025-07-07,5,4
296197461,Cirsium vulgare,2025-07-08,5,4
296311813,Cirsium arvense,2025-07-08,5,4
296446725,Cirsium heterophyllum,2025-07-09,5,4
296537021,Cirsium parryi,2025-07-08,5,4
29679681,Cirsium hookerianum,2019-07-27,5,4
297014399,Cirsium arvense,2025-07-11,5,4
297350909,Cirsium perplexans,2025-07-11,5,4
297491498,Cirsium cymosum,2025-06-24,5,4
297764119,Cirsium foliosum,2025-07-12,5,4
297812067,Cirsium occidentale,2025-07-10,5,4
297869794,Cirsium heterophyllum,2025-07-14,5,4
297884710,Cirsium flodmanii,2025-07-14,5,4
297999524,Cirsium heterophyllum,2025-07-14,5,4
298151269,Cirsium vulgare,2025-07-11,5,4
298271086,Cirsium flodmanii,2025-07-15,5,4
298360762,Cirsium uliginosum,2009-08-23,5,4
298380972,Cirsium vulgare,2025-07-12,5,4
298475779,Cirsium edule,2025-07-16,5,4
29858871,Cirsium vulgare,2019-07-30,5,4
29869946,Cirsium helenioides,2019-07-30,5,4
298956723,Cirsium elodes,2025-07-17,5,4
299165375,Cirsium palustre,2025-07-19,5,4
299214992,Cirsium arvense,2025-07-18,5,4
299267455,Cirsium canum,2025-07-19,5,4
299321954,Cirsium arvense,2025-07-19,5,4
299328862,Cirsium oleraceum,2025-07-06,5,4
299353385,Cirsium vulgare,2025-07-19,5,4
299399567,Cirsium muticum,2025-07-19,5,4
299560661,Cirsium arvense,2025-07-20,5,4
299741442,Cirsium arvense,2025-07-20,5,4
299848733,Cirsium oleraceum,2025-07-21,5,4
299877267,Cirsium arvense,2025-07-21,5,4
30066473,Cirsium vulgare,2019-08-02,5,4
300917127,Cirsium oleraceum,2025-07-24,5,4
301056664,Cirsium undulatum,2025-07-25,5,4
301099100,Cirsium muticum,2025-07-25,5,4
301269525,Cirsium edule,2025-07-23,5,4
301319257,Cirsium oleraceum,2025-07-23,5,4
301335544,Cirsium arvense,2025-07-26,5,4
301426696,Cirsium vulgare,2025-07-26,5,4
301478220,Cirsium arvense,2025-07-24,5,4
301893308,Cirsium vulgare,2025-07-02,5,4
301896328,Cirsium arvense,2025-07-27,5,4
302093012,Cirsium vulgare,2025-07-29,5,4
302305789,Cirsium palustre,2025-07-30,5,4
302761884,Cirsium brevistylum,2025-07-07,5,4
302891219,Cirsium vulgare,2025-08-01,5,4
303091256,Cirsium oleraceum,2025-07-24,5,4
303132558,Cirsium arvense,2025-08-02,5,4
303357290,Cirsium arvense,2025-08-02,5,4
303639754,Cirsium arvense,2025-08-03,5,4
303905561,Cirsium acaulon,2025-08-04,5,4
303911778,Cirsium arvense,2025-08-04,5,4
304250779,Cirsium vulgare,2025-08-06,5,4
304356409,Cirsium muticum,2025-08-05,5,4
304471231,Cirsium vulgare,2025-08-06,5,4
304485147,Cirsium vulgare,2025-08-07,5,4
304920790,Cirsium chokaiense,2025-07-29,5,4
304936611,Cirsium vulgare,2025-08-09,5,4
305009827,Cirsium discolor,2025-08-09,5,4
305067950,Cirsium parryi,2025-08-09,5,4
305287174,Cirsium kamtschaticum,2025-07-17,5,4
305588018,Cirsium kamtschaticum,2025-07-20,5,4
30560086,Cirsium oleraceum,2019-08-10,5,4
305698573,Cirsium arvense,2025-08-09,5,4
305845589,Cirsium vulgare,2025-08-12,5,4
305997042,Cirsium oleraceum,2025-08-13,5,4
306174253,Cirsium undulatum,2025-08-13,5,4
306217323,Cirsium heterophyllum,2025-08-03,5,4
306262286,Cirsium discolor,2025-08-14,5,4
306639908,Cirsium edule,2025-08-07,5,4
306673082,Cirsium arvense,2025-08-16,5,4
307213283,Cirsium vulgare,2025-08-06,5,4
307275419,Cirsium vulgare,2025-08-17,5,4
30756163,Cirsium arvense,2019-08-06,5,4
307757766,Cirsium arvense,2025-08-20,5,4
307860506,Cirsium discolor,2025-08-20,5,4
308034463,Cirsium vulgare,2025-08-21,5,4
308091919,Cirsium arvense,2025-08-21,5,4
308135153,Cirsium vulgare,2025-08-19,5,4
308475426,Cirsium vulgare,2025-08-23,5,4
308653682,Cirsium canum,2025-08-24,5,4
308743582,Cirsium maackii,2025-07-23,5,4
308851401,Cirsium altissimum,2025-08-24,5,4
309291963,Cirsium oleraceum,2025-08-25,5,4
309384372,Cirsium flodmanii,2025-08-26,5,4
309420914,Cirsium acaulon,2025-08-26,5,4
309658804,Cirsium vulgare,2025-08-28,5,4
309774233,Cirsium ukranicum,2025-08-22,5,4
309965425,Cirsium ochrocentrum,2025-08-29,5,4
310468051,Cirsium serratuloides,2025-08-07,5,4
310470228,Cirsium palustre,2025-08-31,5,4
310863307,Cirsium vulgare,2025-09-01,5,4
311038797,Cirsium altissimum,2025-08-30,5,4
311422854,Cirsium erisithales,2025-07-02,5,4
311431852,Cirsium vulgare,2025-08-30,5,4
311462244,Cirsium canum,2025-09-04,5,4
311767498,Cirsium altissimum,2025-09-05,5,4
31180293,Cirsium inamoenum,2019-08-15,5,4
311843450,Cirsium altissimum,2025-09-04,5,4
312269828,Cirsium muticum,2025-09-07,5,4
312508972,Cirsium vulgare,2025-07-30,5,4
312767465,Cirsium occidentale,2025-04-06,5,4
312862566,Cirsium serratuloides,2013-08-11,5,4
312907960,Cirsium arvense,2025-09-07,5,4
312997611,Cirsium palustre,2025-09-10,5,4
313480866,Cirsium arvense,2025-09-12,5,4
313556353,Cirsium esculentum,2025-08-09,5,4
31360507,Cirsium vulgare,2019-08-23,5,4
314286011,Cirsium arvense,2025-09-03,5,4
314341576,Cirsium heterophyllum,2025-09-16,5,4
314906118,Cirsium vulgare,2025-09-17,5,4
314910414,Cirsium vulgare,2025-09-18,5,4
315104269,Cirsium arvense,2025-09-19,5,4
315304692,Cirsium filipendulum,2025-07-01,5,4
315668612,Cirsium arvense,2025-09-21,5,4
315720222,Cirsium arvense,2025-09-21,5,4
315782974,Cirsium palustre,2025-08-25,5,4
31580359,Cirsium vulgare,2019-07-08,5,4
316131041,Cirsium vulgare,2025-08-19,5,4
316188150,Cirsium consociatum,2025-09-13,5,4
31662724,Cirsium alatum,2019-08-23,5,4
317202072,Cirsium arvense,2025-09-28,5,4
317941165,Cirsium heterophyllum,2025-09-30,5,4
318035143,Cirsium discolor,2025-09-30,5,4
31816852,Cirsium arvense,2019-08-30,5,4
319372654,Cirsium vulgare,2025-08-23,5,4
319915237,Cirsium vulgare,2025-10-08,5,4
320001601,Cirsium vulgare,2025-08-17,5,4
320052148,Cirsium arvense,2025-10-10,5,4
320055986,Cirsium vulgare,2025-10-10,5,4
320665471,Cirsium arvense,2025-08-05,5,4
321266350,Cirsium flodmanii,2024-07-15,5,4
321785934,Cirsium libanoticum,2025-10-18,5,4
322470931,Cirsium oleraceum,2025-10-22,5,4
322591201,Cirsium erisithales,2025-06-13,5,4
322996496,Cirsium arvense,2022-05-27,5,4
323183381,Cirsium vulgare,2025-10-25,5,4
324375979,Cirsium arvense,2025-08-10,5,4
32441118,Cirsium muticum,2019-09-09,5,4
324608759,Cirsium vulgare,2025-11-02,5,4
324669436,Cirsium undulatum,2025-11-01,5,4
325722133,Cirsium arvense,2025-08-31,5,4
326383996,Cirsium vulgare,2025-11-06,5,4
326767969,Cirsium vulgare,2025-11-15,5,4
329095595,Cirsium vulgare,2025-12-01,5,4
330036874,Cirsium palustre,2025-12-05,5,4
330169326,Cirsium vulgare,2025-12-10,5,4
330183391,Cirsium mohavense,2025-12-04,5,4
33035846,Cirsium altissimum,2019-09-18,5,4
330893982,Cirsium oleraceum,2025-12-13,5,4
334768492,Cirsium vulgare,2026-01-09,5,4
335013309,Cirsium coloradense,2025-08-30,5,4
335145880,Cirsium pendulum,2008-10-03,5,4
335525453,Cirsium erisithales,2016-07-03,5,4
335581209,Cirsium vulgare,2026-01-21,5,4
33657333,Cirsium muticum,2019-09-28,5,4
336946719,Cirsium vulgare,2026-02-01,5,4
339131885,Cirsium vulgare,2025-11-29,5,4
34000921,Cirsium vulgare,2019-08-27,5,4
34175166,Cirsium engelmannii,2016-08-30,5,4
341908683,Cirsium horridulum,2026-03-08,5,4
342128092,Cirsium horridulum,2026-03-06,5,4
342586518,Cirsium texanum,2026-03-11,5,4
342849610,Cirsium palustre,2026-02-28,5,4
34306350,Cirsium engelmannii,2017-07-11,5,4
343975237,Cirsium horridulum,2026-03-20,5,4
345261769,Cirsium horridulum,2026-03-25,5,4
346176518,Cirsium horridulum,2026-03-30,5,4
346239476,Cirsium mexicanum,2026-03-29,5,4
346500536,Cirsium arvense,2026-03-31,5,4
347129316,Cirsium horridulum,2026-04-03,5,4
347387278,Cirsium horridulum,2026-04-04,5,4
347428826,Cirsium vulgare,2026-03-17,5,4
347957805,Cirsium horridulum,2026-04-06,5,4
348202709,Cirsium horridulum,2026-04-07,5,4
349784683,Cirsium horridulum,2026-04-13,5,4
349921974,Cirsium muticum,2023-07-22,5,4
350685565,Cirsium carolinianum,2026-04-16,5,4
351830225,Cirsium occidentale,2026-04-19,5,4
35195158,Cirsium vulgare,2015-06-24,5,4
355103278,Cirsium carolinianum,2026-04-25,5,4
356668858,Cirsium discolor,2026-04-24,5,4
357331410,Cirsium vulgare,2026-05-01,5,4
35807761,Cirsium kamtschaticum,2019-07-22,5,4
360310394,Cirsium texanum,2026-05-05,5,4
360500208,Cirsium carolinianum,2026-05-10,5,4
36221306,Cirsium muticum,2018-08-14,5,4
36373260,Cirsium vulgare,2019-12-05,5,4
364106896,Cirsium vulgare,2026-05-22,5,4
364468369,Cirsium carolinianum,2026-05-22,5,4
364493196,Cirsium undulatum,2026-05-19,5,4
364493800,Cirsium vulgare,2026-05-23,5,4
364600158,Cirsium vulgare,2026-05-24,5,4
365176291,Cirsium arizonicum,2026-05-25,5,4
366371587,Cirsium rivulare,2026-05-29,5,4
367383048,Cirsium palustre,2026-06-01,5,4
367559861,Cirsium brevistylum,2026-06-01,5,4
367580106,Cirsium brevistylum,2026-06-01,5,4
367632725,Cirsium mohavense,2026-05-22,5,4
367669429,Cirsium rivulare,2026-06-01,5,4
367800703,Cirsium palustre,2026-06-02,5,4
368024507,Cirsium palustre,2026-06-02,5,4
368192256,Cirsium vulgare,2026-06-03,5,4
369264157,Cirsium palustre,2026-06-07,5,4
369472609,Cirsium palustre,2026-06-07,5,4
3696982,Cirsium vulgare,2016-07-17,5,4
369867557,Cirsium vulgare,2026-06-08,5,4
370208307,Cirsium brevistylum,2026-06-09,5,4
370820743,Cirsium arvense,2026-06-11,5,4
371533932,Cirsium vulgare,2026-06-14,5,4
371863311,Cirsium occidentale,2026-06-13,5,4
373160707,Cirsium arvense,2026-06-18,5,4
373161421,Cirsium oleraceum,2026-06-14,5,4
373490836,Cirsium arvense,2026-06-17,5,4
373540167,Cirsium vulgare,2026-06-19,5,4
37369127,Cirsium vulgare,2020-01-07,5,4
373717311,Cirsium pannonicum,2026-06-20,5,4
37393426,Cirsium palustre,2020-01-08,5,4
374557822,Cirsium greimleri,2026-06-23,5,4
374926612,Cirsium canescens,2026-06-15,5,4
375312005,Cirsium palustre,2026-06-20,5,4
376272438,Cirsium oleraceum,2026-06-28,5,4
376373561,Cirsium vulgare,2026-06-28,5,4
376406231,Cirsium nuttallii,2026-06-26,5,4
376602282,Cirsium pumilum,2026-06-29,5,4
376691509,Cirsium remotifolium,2026-06-18,5,4
376695079,Cirsium undulatum,2026-06-26,5,4
376727613,Cirsium vulgare,2026-06-29,5,4
376946244,Cirsium arvense,2026-06-30,5,4
377142502,Cirsium arvense,2026-07-01,5,4
37853271,Cirsium discolor,2017-09-01,5,4
37990032,Cirsium subcoriaceum,2019-10-08,5,4
3811269,Cirsium arvense,2016-08-01,5,4
39632275,Cirsium brevifolium,2018-06-30,5,4
41255229,Cirsium vulgare,2019-08-03,5,4
42289717,Cirsium horridulum,2020-04-12,5,4
42434185,Cirsium texanum,2020-04-17,5,4
43898355,Cirsium nuttallii,2020-04-27,5,4
43963748,Cirsium mexicanum,2020-04-26,5,4
45357126,Cirsium arvense,2020-05-09,5,4
45614648,Cirsium vulgare,2020-05-11,5,4
46387826,Cirsium pannonicum,2020-05-18,5,4
46783085,Cirsium vulgare,2008-08-15,5,4
47550370,Cirsium vulgare,2020-05-27,5,4
47806678,Cirsium vulgare,2020-05-29,5,4
49597804,Cirsium vulgare,2020-06-14,5,4
49984259,Cirsium vulgare,2020-06-12,5,4
50038899,Cirsium heterophyllum,2020-06-17,5,4
5009647,Cirsium vulgare,2017-01-27,5,4
50103801,Cirsium brevistylum,2020-06-18,5,4
50180962,Cirsium vulgare,2020-06-19,5,4
50242125,Cirsium erisithales,2020-06-19,5,4
50632275,Cirsium heterophyllum,2020-06-23,5,4
50834099,Cirsium nuttallii,2020-06-24,5,4
52177672,Cirsium anartiolepis,2012-11-17,5,4
53071866,Cirsium flodmanii,2020-07-14,5,4
53075136,Cirsium arvense,2020-07-14,5,4
53342085,Cirsium oleraceum,2020-07-07,5,4
53656014,Cirsium pulcherrimum,2020-07-19,5,4
53752274,Cirsium cymosum,2020-07-20,5,4
53917912,Cirsium zamoranense,2020-07-15,5,4
53989143,Cirsium vulgare,2020-07-19,5,4
54022322,Cirsium vulgare,2020-07-20,5,4
54211401,Cirsium erisithales,2020-07-21,5,4
54230239,Cirsium arvense,2020-07-25,5,4
54342216,Cirsium inamoenum,2020-07-25,5,4
54357007,Cirsium arvense,2020-07-23,5,4
54605215,Cirsium vulgare,2020-07-27,5,4
54640371,Cirsium vulgare,2020-07-28,5,4
54722677,Cirsium vulgare,2020-07-25,5,4
54729872,Cirsium arvense,2020-07-29,5,4
54871002,Cirsium heterophyllum,2020-07-30,5,4
54871829,Cirsium vulgare,2020-07-29,5,4
54968588,Cirsium oaxacanum,2020-07-24,5,4
55022885,Cirsium vulgare,2020-08-01,5,4
55563346,Cirsium arvense,2020-08-05,5,4
55646528,Cirsium arvense,2020-08-06,5,4
55763878,Cirsium vulgare,2020-08-07,5,4
55845870,Cirsium vulgare,2020-08-07,5,4
55877909,Cirsium vulgare,2020-08-05,5,4
55950820,Cirsium muticum,2020-08-07,5,4
56027988,Cirsium arvense,2020-08-10,5,4
56090834,Cirsium arvense,2020-08-10,5,4
56125201,Cirsium canum,2020-07-28,5,4
56171062,Cirsium scariosum,2020-08-06,5,4
56397595,Cirsium palustre,2020-08-13,5,4
56571353,Cirsium vulgare,2020-08-15,5,4
56575496,Cirsium discolor,2020-08-15,5,4
56862662,Cirsium oleraceum,2020-08-02,5,4
56943387,Cirsium heterophyllum,2020-07-13,5,4
56970302,Cirsium altissimum,2020-08-19,5,4
57174565,Cirsium vulgare,2020-08-20,5,4
57465239,Cirsium vulgare,2020-08-24,5,4
57617839,Cirsium oleraceum,2020-08-24,5,4
57682412,Cirsium altissimum,2020-08-23,5,4
57954547,Cirsium discolor,2020-08-29,5,4
58152069,Cirsium oleraceum,2020-08-18,5,4
58307348,Cirsium edule,2020-08-22,5,4
58545356,Cirsium vulgare,2020-09-04,5,4
58556554,Cirsium arvense,2020-09-03,5,4
58587476,Cirsium oleraceum,2020-07-24,5,4
58690932,Cirsium palustre,2020-09-06,5,4
58795715,Cirsium mexicanum,2020-09-06,5,4
59132727,Cirsium muticum,2020-09-09,5,4
59132747,Cirsium arvense,2020-09-10,5,4
59190459,Cirsium oleraceum,2020-08-20,5,4
59398052,Cirsium altissimum,2020-09-12,5,4
59494099,Cirsium arvense,2020-09-13,5,4
59566605,Cirsium discolor,2020-09-13,5,4
59676317,Cirsium discolor,2020-09-14,5,4
59908249,Cirsium arvense,2020-09-17,5,4
60003608,Cirsium arvense,2020-09-18,5,4
60043370,Cirsium discolor,2020-09-14,5,4
60216486,Cirsium altissimum,2020-09-19,5,4
60984491,Cirsium vulgare,2020-09-26,5,4
62101618,Cirsium vulgare,2020-10-07,5,4
63044978,Cirsium carolinianum,2020-10-18,5,4
64401045,Cirsium rhizocephalum,2008-08-06,5,4
6456365,Cirsium vulgare,2017-06-01,5,4
64612724,Cirsium vulgare,2019-04-23,5,4
66276273,Cirsium remotifolium,2020-09-05,5,4
66410898,Cirsium vulgare,2020-12-11,5,4
67795424,Cirsium discolor,2020-09-19,5,4
68653337,Cirsium edule,2020-08-29,5,4
7015046,Cirsium altissimum,2017-07-11,5,4
70264938,Cirsium vulgare,2021-02-27,5,4
7043623,Cirsium muticum,2017-07-13,5,4
70679797,Cirsium subcoriaceum,2021-03-06,5,4
71172195,Cirsium arvense,2021-03-13,5,4
71724275,Cirsium dealbatum,2018-08-01,5,4
71725276,Cirsium obvallatum,2020-07-15,5,4
71726734,Cirsium rhizocephalum,2018-08-25,5,4
720121,Cirsium remotifolium,2014-06-05,5,4
7312552,Cirsium acrolepis,2009-08-18,5,4
73376042,Cirsium candelabrum,2019-07-29,5,4
74339260,Cirsium vulgare,2021-04-17,5,4
75452537,Cirsium vulgare,2020-08-14,5,4
7603250,Cirsium discolor,2017-08-22,5,4
77634206,Cirsium horridulum,2021-05-06,5,4
78962077,Cirsium oleraceum,2021-05-16,5,4
78981510,Cirsium vulgare,2021-05-15,5,4
79052064,Cirsium occidentale,2021-05-15,5,4
79099632,Cirsium brevistylum,2021-05-16,5,4
80718716,Cirsium arvense,2021-05-29,5,4
81967052,Cirsium neomexicanum,2021-06-04,5,4
82172353,Cirsium palustre,2021-06-08,5,4
82403953,Cirsium serratuloides,2021-06-10,5,4
83409830,Cirsium heterophyllum,2015-07-07,5,4
83775077,Cirsium arvense,2021-06-20,5,4
84137419,Cirsium arvense,2021-06-22,5,4
84203754,Cirsium vulgare,2021-06-23,5,4
84333965,Cirsium heterophyllum,2021-06-21,5,4
84514462,Cirsium heterophyllum,2021-06-26,5,4
84734923,Cirsium occidentale,2021-06-27,5,4
84962964,Cirsium vulgare,2021-06-27,5,4
85078113,Cirsium arvense,2021-06-30,5,4
85214166,Cirsium texanum,2021-07-01,5,4
85647695,Cirsium oleraceum,2021-07-04,5,4
86064965,Cirsium arvense,2021-07-07,5,4
86070668,Cirsium echinus,2021-07-04,5,4
86074566,Cirsium simplex,2021-07-03,5,4
86086526,Cirsium ochrocentrum,2021-07-06,5,4
86105417,Cirsium arvense,2021-07-06,5,4
86403599,Cirsium oleraceum,2021-07-10,5,4
86410907,Cirsium vulgare,2021-07-10,5,4
86618304,Cirsium muticum,2021-07-09,5,4
86620918,Cirsium vulgare,2021-07-11,5,4
86864392,Cirsium filipendulum,2021-07-11,5,4
86947161,Cirsium arvense,2021-07-13,5,4
87002300,Cirsium vulgare,2021-07-14,5,4
87591036,Cirsium vulgare,2021-07-17,5,4
88006070,Cirsium palustre,2021-07-20,5,4
88018276,Cirsium tuberosum,2021-07-21,5,4
88664034,Cirsium heterophyllum,2021-07-22,5,4
88780337,Cirsium arvense,2021-07-25,5,4
88974882,Cirsium ehrenbergii,2021-07-26,5,4
89126885,Cirsium altissimum,2021-07-29,5,4
89426159,Cirsium vulgare,2021-07-21,5,4
89439275,Cirsium ochrocentrum,2021-07-31,5,4
89449970,Cirsium oleraceum,2021-08-01,5,4
89654142,Cirsium flodmanii,2021-08-02,5,4
89837883,Cirsium foliosum,2021-07-25,5,4
90276020,Cirsium arvense,2021-07-22,5,4
90404507,Cirsium palustre,2021-08-08,5,4
90710053,Cirsium vulgare,2021-08-10,5,4
90751111,Cirsium oleraceum,2021-07-04,5,4
90772236,Cirsium oleraceum,2021-08-11,5,4
90955928,Cirsium canum,2021-08-12,5,4
91066925,Cirsium esculentum,2021-08-13,5,4
91305686,Cirsium vulgare,2021-08-14,5,4
91569996,Cirsium clavatum,2021-08-17,5,4
91818297,Cirsium remotifolium,2021-08-19,5,4
92017723,Cirsium oleraceum,2021-08-21,5,4
92485113,Cirsium arvense,2021-06-08,5,4
92699831,Cirsium oleraceum,2021-08-24,5,4
9271936,Cirsium coloradense,2013-08-02,5,4
93131757,Cirsium oleraceum,2021-08-28,5,4
93173168,Cirsium vulgare,2021-08-02,5,4
94025819,Cirsium arvense,2021-09-07,5,4
95234900,Cirsium nivale,2021-08-29,5,4
95720186,Cirsium arvense,2021-09-21,5,4
95900021,Cirsium vulgare,2021-09-21,5,4
96233221,Cirsium oleraceum,2021-09-22,5,4
96492052,Cirsium discolor,2021-09-28,5,4
97013669,Cirsium arvense,2021-07-13,5,4
97051985,Cirsium arvense,2021-10-03,5,4
98317327,Cirsium spinosissimum,2007-07-23,5,4
98732929,Cirsium arvense,2020-07-22,5,4
98904319,Cirsium oleraceum,2021-10-19,5,4
9960398,Cirsium subcoriaceum,2018-02-18,5,4
100182075,Cirsium vulgare,2021-10-31,4,3
100314652,Cirsium vulgare,2021-11-04,4,3
100711418,Cirsium arvense,2021-07-22,4,3
100779206,Cirsium arvense,2019-06-22,4,3
100929642,Cirsium vulgare,2021-09-04,4,3
101222883,Cirsium mexicanum,2021-10-14,4,3
101264622,Cirsium pumilum,2012-07-23,4,3
101583586,Cirsium vulgare,2021-11-21,4,3
101675535,Cirsium discolor,2021-08-18,4,3
101839026,Cirsium palustre,2021-08-10,4,3
101858316,Cirsium arvense,2021-07-07,4,3
102297468,Cirsium oleraceum,2007-07-10,4,3
102306190,Cirsium heterophyllum,2008-07-19,4,3
102359199,Cirsium palustre,2019-06-08,4,3
102415449,Cirsium heterophyllum,2021-07-10,4,3
102610756,Cirsium heterophyllum,2010-06-19,4,3
102759370,Cirsium ciliatum,2017-08-10,4,3
102789255,Cirsium vulgare,2021-07-31,4,3
102805236,Cirsium vulgare,2021-11-28,4,3
102875652,Cirsium arvense,2021-07-14,4,3
102912140,Cirsium helenioides,2021-08-17,4,3
103855926,Cirsium arvense,2021-12-26,4,3
103904005,Cirsium oleraceum,2020-07-19,4,3
103932754,Cirsium neomexicanum,2021-12-29,4,3
104235084,Cirsium palustre,2021-07-07,4,3
104292172,Cirsium muticum,2021-08-04,4,3
104593484,Cirsium vulgare,2004-08-07,4,3
104785553,Cirsium arvense,2021-12-14,4,3
104809927,Cirsium vulgare,2015-06-16,4,3
105966668,Cirsium ukranicum,2021-05-06,4,3
106397541,Cirsium palustre,2021-06-05,4,3
10642039,Cirsium arvense,2018-04-03,4,3
106550501,Cirsium conspicuum,2021-12-23,4,3
106922259,Cirsium horridulum,2011-03-12,4,3
106977442,Cirsium kamtschaticum,2019-08-16,4,3
10713278,Cirsium vulgare,2018-04-07,4,3
107169691,Cirsium vulgare,2022-02-21,4,3
107181288,Cirsium undulatum,2021-06-14,4,3
107228760,Cirsium ochrocentrum,2021-06-14,4,3
107700420,Cirsium canum,2021-08-29,4,3
107863197,Cirsium arvense,2022-02-11,4,3
108135593,Cirsium horridulum,2022-03-07,4,3
108137761,Cirsium monspessulanum,2011-08-15,4,3
108253103,Cirsium vulgare,2019-04-06,4,3
108290249,Cirsium vulgare,2022-02-27,4,3
108319540,Cirsium horridulum,2022-03-10,4,3
108375671,Cirsium ukranicum,2021-08-04,4,3
10862215,Cirsium vulgare,2012-12-09,4,3
109631367,Cirsium vulgare,2022-03-13,4,3
109803997,Cirsium nuttallii,2022-03-28,4,3
110541471,Cirsium muticum,2022-04-01,4,3
110545447,Cirsium nuttallii,2022-04-05,4,3
110743065,Cirsium oleraceum,2022-04-08,4,3
111083623,Cirsium arvense,2021-07-18,4,3
111135095,Cirsium rhaphilepis,2022-04-11,4,3
111421446,Cirsium ehrenbergii,2022-04-12,4,3
111681330,Cirsium horridulum,2022-04-16,4,3
111984614,Cirsium vulgare,2022-04-16,4,3
112290682,Cirsium nuttallii,2022-04-21,4,3
11242086,Cirsium vulgare,2017-05-19,4,3
112604374,Cirsium brevistylum,2022-04-22,4,3
112644631,Cirsium horridulum,2022-04-23,4,3
112745447,Cirsium horridulum,2022-04-23,4,3
112920069,Cirsium texanum,2022-04-25,4,3
11295729,Cirsium vulgare,2016-12-10,4,3
112970111,Cirsium neomexicanum,2022-04-21,4,3
11311866,Cirsium palustre,2018-04-17,4,3
113488047,Cirsium texanum,2022-04-29,4,3
115685765,Cirsium turneri,2022-04-29,4,3
115693438,Cirsium vulgare,2022-05-02,4,3
116038516,Cirsium cymosum,2022-05-07,4,3
116253592,Cirsium vulgare,2022-05-08,4,3
116300809,Cirsium vulgare,2022-05-03,4,3
116343992,Cirsium vulgare,2022-05-08,4,3
116385747,Cirsium occidentale,2022-05-08,4,3
116450346,Cirsium palustre,2022-05-10,4,3
116590745,Cirsium palustre,2022-05-11,4,3
116605639,Cirsium horridulum,2022-05-10,4,3
116965433,Cirsium arvense,2022-05-14,4,3
117463430,Cirsium palustre,2022-05-16,4,3
117503230,Cirsium nuttallii,2022-05-17,4,3
117623223,Cirsium nuttallii,2022-05-17,4,3
117772550,Cirsium nuttallii,2022-05-19,4,3
118093237,Cirsium vulgare,2022-05-21,4,3
118096469,Cirsium undulatum,2022-05-21,4,3
118173386,Cirsium cymosum,2022-05-21,4,3
118207160,Cirsium filipendulum,2022-05-22,4,3
118261314,Cirsium arvense,2022-05-22,4,3
118445387,Cirsium neomexicanum,2022-05-22,4,3
118447147,Cirsium vulgare,2022-05-21,4,3
118450079,Cirsium nuttallii,2022-05-23,4,3
118531680,Cirsium arvense,2022-05-24,4,3
11862778,Cirsium brevistylum,2018-04-28,4,3
118678919,Cirsium filipendulum,2022-05-25,4,3
118764250,Cirsium dissectum,2022-05-26,4,3
118813052,Cirsium vulgare,2022-05-26,4,3
118846383,Cirsium occidentale,2022-05-26,4,3
118895049,Cirsium palustre,2022-05-26,4,3
119146022,Cirsium horridulum,2022-05-28,4,3
119363465,Cirsium vulgare,2022-05-29,4,3
119394911,Cirsium arvense,2020-09-08,4,3
119425357,Cirsium arvense,2022-05-30,4,3
119450215,Cirsium nuttallii,2022-05-30,4,3
119922115,Cirsium carolinianum,2022-05-31,4,3
120073861,Cirsium pumilum,2022-06-03,4,3
120158958,Cirsium vulgare,2022-06-04,4,3
120254950,Cirsium undulatum,2022-06-04,4,3
120314770,Cirsium palustre,2022-06-05,4,3
120360229,Cirsium vulgare,2022-06-05,4,3
120727481,Cirsium neomexicanum,2022-04-16,4,3
121177421,Cirsium repandum,2022-06-10,4,3
121271894,Cirsium discolor,2022-06-11,4,3
121491522,Cirsium arvense,2022-06-12,4,3
121695603,Cirsium canum,2021-08-24,4,3
121902934,Cirsium arvense,2022-06-12,4,3
121914974,Cirsium vulgare,2022-06-15,4,3
121962434,Cirsium brevistylum,2022-06-15,4,3
122071475,Cirsium altissimum,2022-06-16,4,3
122117786,Cirsium vulgare,2022-06-16,4,3
122359991,Cirsium vlassovianum,2011-08-26,4,3
122402863,Cirsium undulatum,2022-06-18,4,3
122734904,Cirsium arvense,2022-06-20,4,3
122752520,Cirsium arizonicum,2022-06-20,4,3
122882651,Cirsium brevistylum,2022-06-21,4,3
122921909,Cirsium vulgare,2022-06-22,4,3
122946074,Cirsium scariosum,2022-06-18,4,3
123169232,Cirsium arvense,2022-06-23,4,3
12318295,Cirsium palustre,2018-05-10,4,3
123221076,Cirsium vulgare,2022-06-22,4,3
123455409,Cirsium vulgare,2022-06-25,4,3
123512202,Cirsium arvense,2022-06-26,4,3
123652971,Cirsium remotifolium,2022-05-30,4,3
123726591,Cirsium heterophyllum,2022-06-27,4,3
123730844,Cirsium arvense,2022-06-27,4,3
123737232,Cirsium erisithales,2022-06-27,4,3
123980118,Cirsium vulgare,2022-06-29,4,3
124029185,Cirsium palustre,2022-06-27,4,3
124109000,Cirsium arvense,2022-06-29,4,3
124211122,Cirsium heterophyllum,2022-07-01,4,3
124215298,Cirsium arvense,2022-07-01,4,3
124223227,Cirsium heterophyllum,2022-07-01,4,3
124286266,Cirsium vulgare,2021-08-18,4,3
124355854,Cirsium arvense,2022-07-02,4,3
124395671,Cirsium cymosum,2022-06-26,4,3
124397428,Cirsium palustre,2022-06-29,4,3
124398610,Cirsium heterophyllum,2022-07-02,4,3
124484776,Cirsium ochrocentrum,2022-07-02,4,3
124539808,Cirsium palustre,2022-07-03,4,3
124640640,Cirsium pumilum,2022-07-03,4,3
124799024,Cirsium arvense,2022-07-01,4,3
124895084,Cirsium arvense,2022-07-01,4,3
125087592,Cirsium andersonii,2022-07-06,4,3
125131516,Cirsium arvense,2022-07-05,4,3
125174045,Cirsium brevistylum,2022-07-06,4,3
125195144,Cirsium nuttallii,2022-07-07,4,3
125283346,Cirsium vulgare,2022-07-05,4,3
125417642,Cirsium canum,2022-07-07,4,3
125499347,Cirsium serrulatum,2022-07-09,4,3
125558011,Cirsium nuttallii,2022-07-08,4,3
125594930,Cirsium oleraceum,2022-07-10,4,3
125601929,Cirsium vulgare,2022-07-10,4,3
125740490,Cirsium undulatum,2022-07-10,4,3
125795287,Cirsium ciliolatum,2022-07-11,4,3
125809608,Cirsium arvense,2022-07-11,4,3
125810448,Cirsium arvense,2022-07-11,4,3
125816725,Cirsium heterophyllum,2022-07-11,4,3
125946125,Cirsium arvense,2022-07-09,4,3
126020949,Cirsium vulgare,2022-07-12,4,3
126029817,Cirsium hookerianum,2022-07-12,4,3
126086891,Cirsium heterophyllum,2022-07-10,4,3
126252276,Cirsium horridulum,2022-02-27,4,3
12629473,Cirsium occidentale,2018-05-19,4,3
126474548,Cirsium arvense,2022-07-16,4,3
126627101,Cirsium arvense,2022-07-17,4,3
126666080,Cirsium arvense,2022-07-17,4,3
126680323,Cirsium oleraceum,2022-07-17,4,3
1267014,Cirsium vulgare,2014-12-02,4,3
126844126,Cirsium palustre,2022-07-18,4,3
126897800,Cirsium pumilum,2022-07-18,4,3
126961206,Cirsium vulgare,2022-07-19,4,3
12701240,Cirsium arvense,2018-05-22,4,3
127165934,Cirsium vulgare,2022-07-20,4,3
127245321,Cirsium vulgare,2022-07-21,4,3
127449515,Cirsium esculentum,2022-07-23,4,3
127536430,Cirsium heterophyllum,2022-07-23,4,3
127570952,Cirsium erisithales,2022-07-23,4,3
127572753,Cirsium arvense,2022-07-23,4,3
127644579,Cirsium arvense,2022-07-24,4,3
127685650,Cirsium vulgare,2022-07-24,4,3
127703358,Cirsium heterophyllum,2022-07-16,4,3
127771053,Cirsium arvense,2022-07-24,4,3
127787667,Cirsium undulatum,2022-07-24,4,3
12784777,Cirsium mohavense,2018-05-24,4,3
127869277,Cirsium vulgare,2022-07-25,4,3
127883001,Cirsium dissectum,2022-07-25,4,3
127893955,Cirsium discolor,2022-07-10,4,3
127963660,Cirsium vulgare,2022-07-06,4,3
127976683,Cirsium palustre,2022-07-26,4,3
128155006,Cirsium altissimum,2022-07-27,4,3
128170419,Cirsium arvense,2022-07-27,4,3
128330996,Cirsium discolor,2022-07-28,4,3
128547765,Cirsium hookerianum,2022-07-29,4,3
128606196,Cirsium vulgare,2022-07-30,4,3
128634406,Cirsium muticum,2022-07-26,4,3
128635196,Cirsium vulgare,2022-07-30,4,3
128639261,Cirsium simplex,2022-07-30,4,3
128640708,Cirsium oleraceum,2022-07-30,4,3
128681831,Cirsium occidentale,2022-07-30,4,3
128904789,Cirsium centaureae,2022-07-20,4,3
129074475,Cirsium muticum,2022-07-30,4,3
129095678,Cirsium vulgare,2022-07-30,4,3
129105491,Cirsium oleraceum,2022-08-02,4,3
129167364,Cirsium ciliatum,2022-07-23,4,3
129172256,Cirsium heterophyllum,2022-07-08,4,3
129309020,Cirsium oleraceum,2022-08-03,4,3
12935388,Cirsium arvense,2018-05-29,4,3
129363775,Cirsium palustre,2022-08-03,4,3
129438450,Cirsium palustre,2022-08-04,4,3
129516517,Cirsium oleraceum,2022-08-04,4,3
129522740,Cirsium heterophyllum,2022-08-05,4,3
129532235,Cirsium arvense,2022-08-03,4,3
129548273,Cirsium muticum,2022-08-05,4,3
129568751,Cirsium oleraceum,2022-07-24,4,3
129573188,Cirsium oleraceum,2022-08-04,4,3
129573492,Cirsium foliosum,2022-08-05,4,3
129644581,Cirsium serrulatum,2022-08-06,4,3
129752420,Cirsium arvense,2022-08-05,4,3
129788569,Cirsium palustre,2022-08-06,4,3
129837999,Cirsium muticum,2022-08-04,4,3
129932758,Cirsium vulgare,2022-08-05,4,3
129957586,Cirsium vulgare,2022-08-03,4,3
129977440,Cirsium edule,2022-08-07,4,3
129989990,Cirsium arvense,2022-08-05,4,3
130108488,Cirsium oleraceum,2022-08-09,4,3
130203664,Cirsium texanum,2013-05-17,4,3
130228500,Cirsium rivulare,2022-06-05,4,3
130283006,Cirsium vulgare,2022-08-10,4,3
130363190,Cirsium palustre,2022-08-07,4,3
130396780,Cirsium discolor,2022-08-11,4,3
130421575,Cirsium arvense,2022-08-11,4,3
130503966,Cirsium occidentale,2022-08-06,4,3
130531175,Cirsium oleraceum,2022-07-15,4,3
130539536,Cirsium vulgare,2022-08-12,4,3
130560442,Cirsium discolor,2022-08-12,4,3
130617508,Cirsium oleraceum,2022-08-08,4,3
130633587,Cirsium vulgare,2022-08-12,4,3
130667522,Cirsium echinus,2022-08-04,4,3
130689393,Cirsium occidentale,2022-08-09,4,3
130773026,Cirsium oleraceum,2022-07-23,4,3
130773047,Cirsium vulgare,2022-07-23,4,3
130773130,Cirsium palustre,2022-07-23,4,3
130865719,Cirsium discolor,2022-08-14,4,3
130901414,Cirsium oleraceum,2022-07-24,4,3
130927399,Cirsium vulgare,2022-07-20,4,3
130996679,Cirsium muticum,2022-08-15,4,3
131011858,Cirsium discolor,2022-08-15,4,3
131035624,Cirsium vulgare,2022-08-16,4,3
131092722,Cirsium vulgare,2022-08-12,4,3
131114287,Cirsium heterophyllum,2022-08-13,4,3
131156311,Cirsium palustre,2022-08-15,4,3
131175050,Cirsium arvense,2022-08-17,4,3
131177444,Cirsium arvense,2022-08-02,4,3
13123065,Cirsium vulgare,2018-03-24,4,3
131259900,Cirsium arvense,2022-08-17,4,3
131259910,Cirsium nuttallii,2019-08-10,4,3
131330165,Cirsium vulgare,2022-08-18,4,3
131351827,Cirsium vulgare,2022-08-18,4,3
131466230,Cirsium vulgare,2022-08-19,4,3
131621218,Cirsium arvense,2022-08-19,4,3
131649593,Cirsium arvense,2022-08-20,4,3
131668381,Cirsium vulgare,2022-08-20,4,3
131684025,Cirsium hookerianum,2022-08-19,4,3
131720390,Cirsium discolor,2022-08-21,4,3
131764636,Cirsium discolor,2022-08-19,4,3
131889705,Cirsium vulgare,2022-08-21,4,3
131904320,Cirsium arvense,2022-08-21,4,3
131936651,Cirsium altissimum,2022-08-22,4,3
131941831,Cirsium vulgare,2022-08-22,4,3
132003389,Cirsium muticum,2022-08-22,4,3
132015700,Cirsium discolor,2022-08-23,4,3
132047192,Cirsium arvense,2022-08-23,4,3
132107253,Cirsium vulgare,2019-05-23,4,3
132108097,Cirsium douglasii,2022-08-23,4,3
132141734,Cirsium heterophyllum,2022-08-24,4,3
132143006,Cirsium muticum,2022-08-24,4,3
132313155,Cirsium oleraceum,2022-08-25,4,3
132331620,Cirsium discolor,2022-08-25,4,3
132352719,Cirsium barnebyi,2022-08-21,4,3
132359073,Cirsium vulgare,2022-08-25,4,3
13237740,Cirsium horridulum,2018-02-18,4,3
132378296,Cirsium vulgare,2022-08-25,4,3
13239853,Cirsium tracyi,2001-06-04,4,3
132427264,Cirsium vulgare,2022-08-26,4,3
132438756,Cirsium oleraceum,2022-08-23,4,3
132516903,Cirsium canum,2022-08-28,4,3
132676070,Cirsium muticum,2022-08-26,4,3
132708198,Cirsium arvense,2022-08-28,4,3
132719525,Cirsium occidentale,2022-08-26,4,3
13284348,Cirsium texanum,2018-06-09,4,3
132859218,Cirsium vulgare,2022-08-28,4,3
132877419,Cirsium nuttallii,2022-08-10,4,3
132950450,Cirsium maritimum,2022-08-29,4,3
132954325,Cirsium obvallatum,2014-07-14,4,3
133089169,Cirsium discolor,2022-08-31,4,3
133197641,Cirsium vulgare,2022-09-01,4,3
133215329,Cirsium altissimum,2022-08-31,4,3
133258818,Cirsium muticum,2022-08-18,4,3
133446667,Cirsium muticum,2022-09-02,4,3
133550625,Cirsium vulgare,2022-09-03,4,3
133632384,Cirsium palustre,2022-09-04,4,3
133650373,Cirsium vulgare,2022-09-04,4,3
133750546,Cirsium altissimum,2022-09-04,4,3
133862802,Cirsium arvense,2022-09-05,4,3
133868097,Cirsium muticum,2022-09-04,4,3
134077550,Cirsium oleraceum,2022-09-03,4,3
134168897,Cirsium arvense,2022-09-04,4,3
134193637,Cirsium vulgare,2022-09-01,4,3
134269180,Cirsium discolor,2022-09-08,4,3
134311922,Cirsium parryi,2022-08-09,4,3
134381906,Cirsium muticum,2022-09-09,4,3
134603926,Cirsium arvense,2022-09-11,4,3
13464232,Cirsium rhaphilepis,2017-06-07,4,3
134654954,Cirsium vulgare,2022-09-11,4,3
134841015,Cirsium kamtschaticum,2022-09-11,4,3
13517075,Cirsium waldsteinii,2018-06-15,4,3
135172370,Cirsium vulgare,2022-09-14,4,3
135358379,Cirsium arvense,2022-09-17,4,3
135390627,Cirsium vulgare,2022-07-28,4,3
135485324,Cirsium vulgare,2022-06-20,4,3
135642797,Cirsium vulgare,2022-09-18,4,3
135688484,Cirsium altissimum,2022-09-15,4,3
135690998,Cirsium altissimum,2022-09-16,4,3
135882883,Cirsium arvense,2022-09-21,4,3
135945170,Cirsium vulgare,2022-09-21,4,3
135981619,Cirsium arvense,2022-09-21,4,3
136074617,Cirsium arvense,2022-07-17,4,3
13619855,Cirsium rivulare,2018-06-20,4,3
136222190,Cirsium arvense,2022-09-23,4,3
136248280,Cirsium dissectum,2019-05-28,4,3
136489342,Cirsium arvense,2022-09-25,4,3
136489485,Cirsium discolor,2022-09-25,4,3
136653787,Cirsium wheeleri,2022-09-23,4,3
136933736,Cirsium vulgare,2022-09-29,4,3
137005588,Cirsium arvense,2022-09-30,4,3
137176967,Cirsium vulgare,2022-10-01,4,3
137251389,Cirsium arvense,2022-10-02,4,3
137263849,Cirsium palustre,2022-07-27,4,3
137326666,Cirsium vulgare,2022-10-02,4,3
13733351,Cirsium oleraceum,2010-07-24,4,3
137441677,Cirsium palustre,2022-10-02,4,3
137533886,Cirsium vulgare,2022-07-19,4,3
137685221,Cirsium vulgare,2022-09-29,4,3
138086716,Cirsium palustre,2022-06-21,4,3
138087168,Cirsium arvense,2022-10-07,4,3
138102143,Cirsium taiwanense,2022-10-09,4,3
138175752,Cirsium radians,2022-10-09,4,3
138340759,Cirsium repandum,2022-10-10,4,3
138352762,Cirsium arvense,2022-10-03,4,3
13846541,Cirsium arvense,2018-06-27,4,3
13865379,Cirsium canum,2018-06-28,4,3
138681978,Cirsium drummondii,2022-06-24,4,3
138974153,Cirsium acaulon,2022-10-16,4,3
139003587,Cirsium vulgare,2022-10-02,4,3
139299739,Cirsium vulgare,2020-08-28,4,3
139613109,Cirsium vulgare,2022-10-22,4,3
13978332,Cirsium vulgare,2018-07-01,4,3
139921775,Cirsium arvense,2022-10-24,4,3
139965202,Cirsium arvense,2022-10-25,4,3
140060809,Cirsium serrulatum,2022-09-17,4,3
14031385,Cirsium funkiae,2018-07-01,4,3
140404061,Cirsium arvense,2022-10-29,4,3
140625796,Cirsium velatum,2022-09-17,4,3
14085756,Cirsium arvense,2018-07-05,4,3
141020523,Cirsium arvense,2022-10-25,4,3
141052127,Cirsium serratuloides,2022-09-06,4,3
141381495,Cirsium discolor,2022-10-15,4,3
141692837,Cirsium vulgare,2022-11-11,4,3
141898519,Cirsium oleraceum,2022-11-13,4,3
141900706,Cirsium vulgare,2022-11-13,4,3
141948468,Cirsium vulgare,2022-11-13,4,3
141977724,Cirsium serratuloides,2022-09-26,4,3
141977733,Cirsium helenioides,2022-09-26,4,3
142249935,Cirsium nuttallii,2022-11-17,4,3
142312232,Cirsium rivulare,2020-06-26,4,3
142316200,Cirsium rivulare,2015-06-21,4,3
142338442,Cirsium vulgare,2022-11-18,4,3
142366595,Cirsium palustre,2022-11-19,4,3
142419982,Cirsium arvense,2012-08-05,4,3
142806030,Cirsium serratuloides,2022-09-16,4,3
142911953,Cirsium arvense,2022-08-11,4,3
142925958,Cirsium erisithales,2019-07-04,4,3
14315441,Cirsium muticum,2018-07-13,4,3
143368559,Cirsium vlassovianum,2022-09-09,4,3
143372781,Cirsium scariosum,2022-08-13,4,3
143373578,Cirsium dissectum,2022-07-03,4,3
143511539,Cirsium ochrocentrum,2022-12-02,4,3
14383050,Cirsium vulgare,2018-07-11,4,3
144282356,Cirsium vulgare,2022-12-10,4,3
144553428,Cirsium vulgare,2022-12-17,4,3
144665091,Cirsium arvense,2022-08-17,4,3
144673748,Cirsium calcareum,2022-06-27,4,3
14468939,Cirsium oligophyllum,2017-09-24,4,3
144782440,Cirsium monspessulanum,2010-06-27,4,3
144939100,Cirsium arvense,2022-08-13,4,3
14509981,Cirsium palustre,2018-07-16,4,3
145571694,Cirsium vulgare,2023-01-01,4,3
145777144,Cirsium vulgare,2023-01-03,4,3
145900698,Cirsium vulgare,2022-08-07,4,3
145946461,Cirsium vulgare,2023-01-04,4,3
14598150,Cirsium arvense,2018-07-21,4,3
146149340,Cirsium canum,2011-06-19,4,3
146419065,Cirsium vulgare,2019-09-29,4,3
146532555,Cirsium muticum,2022-07-09,4,3
146745254,Cirsium arvense,2023-01-17,4,3
147056142,Cirsium vulgare,2023-01-21,4,3
14721983,Cirsium vulgare,2018-07-22,4,3
14759417,Cirsium rivulare,2018-07-26,4,3
147949931,Cirsium vulgare,2008-10-24,4,3
148103470,Cirsium hookerianum,2022-08-14,4,3
148149800,Cirsium arvense,2022-09-10,4,3
14849144,Cirsium ochrocentrum,2018-07-27,4,3
14852253,Cirsium arvense,2012-06-28,4,3
148866264,Cirsium arvense,2023-02-15,4,3
149304481,Cirsium arvense,2022-09-23,4,3
149549724,Cirsium vulgare,2023-02-24,4,3
149721333,Cirsium vulgare,2023-02-26,4,3
149938217,Cirsium texanum,2023-02-28,4,3
150169116,Cirsium vulgare,2023-03-03,4,3
150299463,Cirsium vulgare,2023-03-01,4,3
150368054,Cirsium vulgare,2023-03-05,4,3
150394289,Cirsium arvense,2023-02-24,4,3
150437608,Cirsium ochrocentrum,2017-06-19,4,3
150855524,Cirsium canum,2021-07-19,4,3
15091462,Cirsium pumilum,2018-08-03,4,3
151143725,Cirsium arvense,2019-10-13,4,3
15151536,Cirsium vulgare,2018-08-05,4,3
151567746,Cirsium subcoriaceum,2023-03-11,4,3
151624621,Cirsium parryi,2016-07-20,4,3
151887218,Cirsium flodmanii,2017-08-05,4,3
15196677,Cirsium vulgare,2018-08-05,4,3
152018943,Cirsium rivulare,2022-06-04,4,3
152086619,Cirsium heliorhaphis,2023-03-18,4,3
152420562,Cirsium horridulum,2023-03-22,4,3
152469939,Cirsium arvense,2023-03-23,4,3
15265484,Cirsium heterophyllum,2018-08-09,4,3
152770467,Cirsium arvense,2018-09-17,4,3
15293279,Cirsium muticum,2018-08-10,4,3
15301897,Cirsium palustre,2018-08-10,4,3
153562675,Cirsium vulgare,2023-04-05,4,3
153859095,Cirsium texanum,2023-04-01,4,3
153969253,Cirsium horridulum,2023-04-08,4,3
15407751,Cirsium vulgare,2018-08-13,4,3
154197062,Cirsium horridulum,2023-03-21,4,3
154233792,Cirsium mexicanum,2023-04-08,4,3
154332950,Cirsium arvense,2014-06-30,4,3
154435936,Cirsium horridulum,2023-04-11,4,3
15451004,Cirsium vulgare,2018-08-15,4,3
154615524,Cirsium arvense,2019-06-14,4,3
154799177,Cirsium vulgare,2023-04-14,4,3
154934258,Cirsium arvense,2023-04-15,4,3
15534200,Cirsium vulgare,2018-08-16,4,3
155402023,Cirsium brevistylum,2018-06-11,4,3
155527132,Cirsium vulgare,2023-04-18,4,3
155588356,Cirsium nuttallii,2023-04-17,4,3
155713528,Cirsium palustre,2023-04-20,4,3
155914558,Cirsium horridulum,2023-04-21,4,3
155946334,Cirsium repandum,2023-04-21,4,3
15603317,Cirsium altissimum,2018-08-17,4,3
156510054,Cirsium flodmanii,2012-07-26,4,3
156623841,Cirsium heterophyllum,2023-04-25,4,3
157030090,Cirsium arvense,2023-04-28,4,3
15711795,Cirsium arvense,2018-08-19,4,3
157118350,Cirsium vulgare,2023-04-26,4,3
157257283,Cirsium nuttallii,2023-04-28,4,3
157323546,Cirsium undulatum,2022-07-09,4,3
15751176,Cirsium muticum,2018-08-20,4,3
157708313,Cirsium horridulum,2023-03-30,4,3
157874599,Cirsium horridulum,2023-04-29,4,3
158631150,Cirsium texanum,2023-05-01,4,3
158650256,Cirsium texanum,2023-05-01,4,3
159347670,Cirsium ferum,2023-05-03,4,3
159462731,Cirsium ehrenbergii,2023-03-04,4,3
159616950,Cirsium heterophyllum,2023-04-30,4,3
160108318,Cirsium vulgare,2023-05-06,4,3
160249373,Cirsium horridulum,2023-04-29,4,3
160266645,Cirsium esculentum,2021-08-08,4,3
16086739,Cirsium vulgare,2018-08-31,4,3
161187721,Cirsium vulgare,2023-05-10,4,3
161455543,Cirsium undulatum,2023-05-13,4,3
16168247,Cirsium arvense,2018-09-02,4,3
161684400,Cirsium erisithales,2023-05-01,4,3
161701880,Cirsium horridulum,2023-04-25,4,3
16174379,Cirsium muticum,2018-08-10,4,3
161782777,Cirsium arvense,2023-05-14,4,3
16194352,Cirsium ochrocentrum,2018-09-03,4,3
16194484,Cirsium discolor,2018-09-01,4,3
16203728,Cirsium muticum,2018-08-29,4,3
162053619,Cirsium horridulum,2023-05-16,4,3
162151298,Cirsium arvense,2023-05-17,4,3
162361857,Cirsium rivulare,2023-05-18,4,3
162602831,Cirsium canescens,2023-05-16,4,3
162658904,Cirsium horridulum,2023-05-20,4,3
162819693,Cirsium ochrocentrum,2023-05-19,4,3
162829021,Cirsium japonicum,2023-05-21,4,3
163148893,Cirsium palustre,2023-05-22,4,3
16320147,Cirsium lecontei,2018-09-07,4,3
163552545,Cirsium neomexicanum,2023-05-24,4,3
163553283,Cirsium horridulum,2023-05-24,4,3
163581990,Cirsium horridulum,2023-05-24,4,3
163625660,Cirsium vulgare,2017-08-09,4,3
163760712,Cirsium horridulum,2023-05-24,4,3
163814623,Cirsium neomexicanum,2023-05-24,4,3
163821484,Cirsium palustre,2023-05-26,4,3
163944623,Cirsium neomexicanum,2023-05-26,4,3
164233680,Cirsium heterophyllum,2023-05-27,4,3
164289066,Cirsium rivulare,2023-05-28,4,3
164441974,Cirsium palustre,2023-05-29,4,3
16452127,Cirsium vulgare,2018-09-07,4,3
164840330,Cirsium vulgare,2023-05-30,4,3
164855690,Cirsium neomexicanum,2023-05-28,4,3
164862677,Cirsium arvense,2023-05-30,4,3
165128206,Cirsium vulgare,2023-06-02,4,3
166146426,Cirsium vulgare,2023-06-07,4,3
166158332,Cirsium neomexicanum,2023-05-28,4,3
166189054,Cirsium occidentale,2023-06-07,4,3
166200519,Cirsium cymosum,2023-05-27,4,3
166238337,Cirsium palustre,2023-06-08,4,3
166333481,Cirsium arvense,2023-06-08,4,3
166354251,Cirsium canescens,2023-06-02,4,3
166460773,Cirsium palustre,2023-06-09,4,3
166562297,Cirsium tuberosum,2023-06-10,4,3
166575062,Cirsium palustre,2023-06-10,4,3
166619868,Cirsium pannonicum,2023-06-10,4,3
166673168,Cirsium arvense,2023-06-10,4,3
166803847,Cirsium canescens,2021-07-18,4,3
166910567,Cirsium undulatum,2023-06-02,4,3
167150766,Cirsium arvense,2023-06-13,4,3
167163546,Cirsium palustre,2023-06-13,4,3
167215830,Cirsium nuttallii,2023-06-13,4,3
167488953,Cirsium neomexicanum,2023-06-01,4,3
167514554,Cirsium palustre,2023-06-15,4,3
167568721,Cirsium heterophyllum,2023-06-15,4,3
167730209,Cirsium occidentale,2023-06-13,4,3
167781563,Cirsium undulatum,2023-06-16,4,3
167893653,Cirsium heterophyllum,2023-06-17,4,3
167905122,Cirsium vulgare,2023-06-17,4,3
167980548,Cirsium undulatum,2023-06-17,4,3
168114204,Cirsium nuttallii,2023-06-17,4,3
168127033,Cirsium vulgare,2023-06-14,4,3
168191378,Cirsium rivulare,2023-06-18,4,3
168252401,Cirsium erisithales,2023-06-17,4,3
168328458,Cirsium arvense,2023-06-19,4,3
168417642,Cirsium vulgare,2023-06-15,4,3
168530787,Cirsium arvense,2023-06-20,4,3
168550454,Cirsium vulgare,2023-06-20,4,3
168789912,Cirsium serratuloides,2022-08-21,4,3
168892484,Cirsium palustre,2023-06-22,4,3
168979529,Cirsium erisithales,2023-06-23,4,3
169065582,Cirsium arvense,2023-06-23,4,3
169241381,Cirsium neomexicanum,2023-06-23,4,3
169248101,Cirsium undulatum,2023-06-21,4,3
169322751,Cirsium arvense,2023-06-25,4,3
169336583,Cirsium arvense,2023-06-22,4,3
169357433,Cirsium arvense,2023-06-25,4,3
169495855,Cirsium cymosum,2023-06-25,4,3
169561210,Cirsium arvense,2023-06-25,4,3
169658266,Cirsium undulatum,2023-06-23,4,3
169796642,Cirsium arvense,2023-06-27,4,3
169880235,Cirsium occidentale,2023-06-24,4,3
170007835,Cirsium heterophyllum,2023-06-27,4,3
170034824,Cirsium arvense,2023-06-28,4,3
170101195,Cirsium undulatum,2023-06-28,4,3
170176303,Cirsium arvense,2023-06-24,4,3
170186969,Cirsium nuttallii,2023-06-29,4,3
170225523,Cirsium arvense,2023-06-29,4,3
170316442,Cirsium vulgare,2023-06-30,4,3
170332800,Cirsium palustre,2023-06-20,4,3
170339893,Cirsium occidentale,2023-06-11,4,3
170375963,Cirsium canescens,2023-06-29,4,3
170506886,Cirsium canum,2023-06-30,4,3
170558963,Cirsium scariosum,2023-07-01,4,3
170576212,Cirsium discolor,2023-07-01,4,3
170589454,Cirsium undulatum,2023-06-21,4,3
170599064,Cirsium palustre,2023-07-01,4,3
170650685,Cirsium texanum,2023-07-01,4,3
170653684,Cirsium arvense,2023-07-02,4,3
170658072,Cirsium sorocephalum,2023-07-01,4,3
170752667,Cirsium arvense,2023-07-02,4,3
170911182,Cirsium arvense,2023-07-01,4,3
171021759,Cirsium palustre,2023-07-04,4,3
171024289,Cirsium arvense,2023-06-28,4,3
171026064,Cirsium heterophyllum,2023-07-03,4,3
171208184,Cirsium pubigerum,2023-06-22,4,3
171418543,Cirsium oleraceum,2023-07-06,4,3
171516167,Cirsium arvense,2023-07-06,4,3
171523728,Cirsium acaulon,2023-07-07,4,3
171536267,Cirsium oleraceum,2023-07-07,4,3
171546182,Cirsium heterophyllum,2023-07-02,4,3
171559883,Cirsium arvense,2023-07-07,4,3
171810497,Cirsium arvense,2023-07-08,4,3
171828235,Cirsium arvense,2023-07-07,4,3
171983310,Cirsium canum,2023-07-09,4,3
171994479,Cirsium arvense,2023-07-07,4,3
172030253,Cirsium palustre,2023-07-06,4,3
172122732,Cirsium palustre,2023-07-08,4,3
172284727,Cirsium scariosum,2023-07-10,4,3
172400704,Cirsium palustre,2023-07-09,4,3
172511758,Cirsium arvense,2023-07-11,4,3
172526432,Cirsium vulgare,2023-07-12,4,3
172555028,Cirsium arvense,2023-07-12,4,3
172566867,Cirsium arvense,2023-07-12,4,3
172575963,Cirsium palustre,2023-07-08,4,3
172586286,Cirsium vulgare,2023-07-12,4,3
172589102,Cirsium parryi,2023-07-12,4,3
17264435,Cirsium arvense,2018-10-01,4,3
172647788,Cirsium palustre,2023-07-13,4,3
172706007,Cirsium oleraceum,2023-07-13,4,3
172752714,Cirsium arvense,2023-07-13,4,3
172790360,Cirsium oleraceum,2023-07-13,4,3
172805301,Cirsium palustre,2023-07-14,4,3
172884471,Cirsium pumilum,2023-07-14,4,3
173166029,Cirsium arvense,2023-07-16,4,3
173293554,Cirsium arvense,2023-07-13,4,3
173675331,Cirsium vulgare,2023-07-18,4,3
173692003,Cirsium arvense,2023-07-18,4,3
173696681,Cirsium vulgare,2023-07-18,4,3
173707312,Cirsium arvense,2023-07-19,4,3
173742210,Cirsium vulgare,2023-07-18,4,3
173834916,Cirsium muticum,2023-07-19,4,3
173968096,Cirsium oleraceum,2023-07-20,4,3
173969473,Cirsium vulgare,2023-07-20,4,3
174010373,Cirsium parryi,2023-07-19,4,3
174115011,Cirsium vulgare,2023-07-20,4,3
174174660,Cirsium muticum,2023-07-21,4,3
174190862,Cirsium undulatum,2023-07-21,4,3
174240146,Cirsium heterophyllum,2023-07-22,4,3
174333186,Cirsium canescens,2023-07-22,4,3
174379946,Cirsium vulgare,2023-07-22,4,3
174434407,Cirsium dealbatum,2023-07-09,4,3
174448102,Cirsium palustre,2023-07-23,4,3
174464493,Cirsium oleraceum,2023-07-20,4,3
174632927,Cirsium vulgare,2023-07-24,4,3
174644939,Cirsium heterophyllum,2023-07-23,4,3
174647939,Cirsium vulgare,2023-07-23,4,3
174655432,Cirsium serrulatum,2023-07-24,4,3
174664366,Cirsium vulgare,2023-07-23,4,3
174683055,Cirsium vulgare,2023-07-24,4,3
174737572,Cirsium occidentale,2023-07-24,4,3
174792241,Cirsium pulcherrimum,2023-07-08,4,3
174804592,Cirsium vulgare,2023-07-24,4,3
174844308,Cirsium vulgare,2023-07-22,4,3
174877604,Cirsium arvense,2023-07-25,4,3
174899817,Cirsium arvense,2023-07-23,4,3
174948567,Cirsium vulgare,2023-07-25,4,3
175013437,Cirsium arvense,2023-07-26,4,3
175165315,Cirsium vulgare,2023-07-20,4,3
175248915,Cirsium vulgare,2023-07-27,4,3
175250045,Cirsium vulgare,2023-07-23,4,3
175258820,Cirsium vulgare,2023-07-21,4,3
175280523,Cirsium palustre,2023-07-27,4,3
175289025,Cirsium vulgare,2023-07-27,4,3
175369924,Cirsium palustre,2023-07-26,4,3
175382939,Cirsium serrulatum,2023-07-28,4,3
175388459,Cirsium undulatum,2023-07-27,4,3
175395340,Cirsium arvense,2023-07-28,4,3
175433823,Cirsium arvense,2023-07-27,4,3
175532595,Cirsium arvense,2023-07-29,4,3
175560529,Cirsium oleraceum,2023-07-29,4,3
175593327,Cirsium palustre,2023-07-29,4,3
175733176,Cirsium erisithales,2023-07-19,4,3
175744133,Cirsium arvense,2023-07-30,4,3
175745650,Cirsium andersonii,2023-07-28,4,3
175763617,Cirsium arvense,2023-07-30,4,3
175888297,Cirsium oleraceum,2023-07-29,4,3
175945068,Cirsium arvense,2023-07-29,4,3
176073899,Cirsium echinus,2023-06-19,4,3
176079227,Cirsium vulgare,2023-08-01,4,3
176121131,Cirsium esculentum,2023-07-29,4,3
176132574,Cirsium arvense,2023-07-28,4,3
176161103,Cirsium sairamense,2015-08-10,4,3
176165168,Cirsium vulgare,2023-08-01,4,3
176166447,Cirsium heterophyllum,2023-07-11,4,3
176176236,Cirsium oleraceum,2023-07-31,4,3
176243574,Cirsium arvense,2023-08-02,4,3
176262705,Cirsium arvense,2023-08-02,4,3
176327225,Cirsium vulgare,2023-08-02,4,3
17636197,Cirsium scariosum,2018-08-28,4,3
176392954,Cirsium heterophyllum,2023-07-25,4,3
176403095,Cirsium arvense,2023-07-22,4,3
176403100,Cirsium helenioides,2023-07-22,4,3
176417166,Cirsium arvense,2023-08-03,4,3
176443937,Cirsium palustre,2023-08-03,4,3
176449761,Cirsium vulgare,2023-08-03,4,3
176492691,Cirsium occidentale,2023-08-02,4,3
176502400,Cirsium oleraceum,2023-08-03,4,3
176538993,Cirsium arvense,2023-08-04,4,3
176583431,Cirsium vulgare,2023-08-04,4,3
176859661,Cirsium vulgare,2023-08-05,4,3
176928043,Cirsium palustre,2023-08-05,4,3
176989096,Cirsium arvense,2023-08-06,4,3
177265231,Cirsium undulatum,2023-07-24,4,3
177286822,Cirsium vulgare,2023-08-08,4,3
177375468,Cirsium vulgare,2023-08-05,4,3
177434708,Cirsium vulgare,2023-08-08,4,3
177470505,Cirsium arvense,2023-07-06,4,3
177520489,Cirsium arvense,2023-08-09,4,3
177555085,Cirsium vulgare,2023-08-09,4,3
177584701,Cirsium arvense,2023-08-05,4,3
177628337,Cirsium arizonicum,2023-08-02,4,3
177678244,Cirsium palustre,2023-08-01,4,3
177710361,Cirsium palustre,2023-08-10,4,3
178068486,Cirsium palustre,2023-08-12,4,3
178073030,Cirsium heterophyllum,2023-08-12,4,3
178082916,Cirsium canum,2023-08-11,4,3
178084961,Cirsium discolor,2023-08-09,4,3
178170389,Cirsium esculentum,2023-08-13,4,3
178240700,Cirsium vulgare,2023-08-13,4,3
178377617,Cirsium vulgare,2023-08-14,4,3
178439561,Cirsium arvense,2023-08-14,4,3
178549270,Cirsium arvense,2023-08-05,4,3
178574689,Cirsium arvense,2023-08-15,4,3
178578794,Cirsium oleraceum,2023-07-27,4,3
178583497,Cirsium palustre,2023-08-15,4,3
178731380,Cirsium andersonii,2023-08-14,4,3
178875969,Cirsium oleraceum,2023-08-15,4,3
178878181,Cirsium heterophyllum,2023-08-15,4,3
178923089,Cirsium scariosum,2022-09-05,4,3
178960033,Cirsium heterophyllum,2023-08-17,4,3
179085233,Cirsium muticum,2023-08-09,4,3
179100433,Cirsium arvense,2023-08-19,4,3
179132329,Cirsium vulgare,2023-08-14,4,3
179165970,Cirsium canum,2023-08-19,4,3
179217469,Cirsium arvense,2023-08-17,4,3
179311968,Cirsium serratuloides,2023-06-30,4,3
179356728,Cirsium palustre,2023-08-19,4,3
179405851,Cirsium vulgare,2023-08-20,4,3
179444536,Cirsium vulgare,2023-08-20,4,3
179484431,Cirsium palustre,2023-08-20,4,3
179489994,Cirsium monspessulanum,2023-08-10,4,3
179573657,Cirsium vulgare,2023-08-20,4,3
179653197,Cirsium erisithales,2023-08-03,4,3
179688197,Cirsium vulgare,2023-08-17,4,3
179770701,Cirsium arvense,2023-08-22,4,3
179801800,Cirsium esculentum,2023-08-20,4,3
179827319,Cirsium altissimum,2023-08-23,4,3
179841593,Cirsium arvense,2023-08-23,4,3
179843087,Cirsium arvense,2023-07-28,4,3
179968847,Cirsium vulgare,2023-08-24,4,3
180046025,Cirsium arvense,2023-08-24,4,3
180052106,Cirsium discolor,2023-08-24,4,3
180082062,Cirsium arvense,2023-08-25,4,3
180102715,Cirsium pannonicum,2023-08-25,4,3
180104039,Cirsium euxinum,2023-08-23,4,3
180130855,Cirsium canescens,2023-08-07,4,3
180337306,Cirsium vulgare,2023-08-26,4,3
180418017,Cirsium vulgare,2023-08-26,4,3
180423578,Cirsium vulgare,2023-08-27,4,3
180528491,Cirsium muticum,2023-08-27,4,3
180542014,Cirsium vulgare,2023-08-27,4,3
180597602,Cirsium vulgare,2023-08-26,4,3
180709211,Cirsium vulgare,2023-08-26,4,3
180779464,Cirsium vulgare,2023-08-28,4,3
180844922,Cirsium arvense,2023-08-29,4,3
180913514,Cirsium oleraceum,2023-08-30,4,3
180932554,Cirsium dissectum,2023-08-30,4,3
181003614,Cirsium vulgare,2023-08-30,4,3
181015876,Cirsium discolor,2023-08-30,4,3
181016532,Cirsium vulgare,2023-08-14,4,3
181030663,Cirsium arvense,2023-07-19,4,3
181068395,Cirsium vulgare,2023-08-31,4,3
181137438,Cirsium vulgare,2023-08-31,4,3
181278231,Cirsium muticum,2023-09-01,4,3
181493506,Cirsium lecontei,2023-08-11,4,3
181514230,Cirsium canum,2023-09-02,4,3
181527126,Cirsium oleraceum,2023-09-03,4,3
181527873,Cirsium vulgare,2023-09-03,4,3
181556291,Cirsium acaulon,2023-08-31,4,3
181671433,Cirsium vulgare,2023-09-03,4,3
181678920,Cirsium discolor,2023-09-03,4,3
181964609,Cirsium vulgare,2023-07-21,4,3
182123290,Cirsium discolor,2023-09-06,4,3
182135025,Cirsium vulgare,2023-08-28,4,3
182159871,Cirsium serrulatum,2023-09-07,4,3
182335349,Cirsium oleraceum,2023-08-12,4,3
182390545,Cirsium scariosum,2023-09-08,4,3
182509694,Cirsium arvense,2023-09-09,4,3
182595100,Cirsium scopulorum,2023-09-09,4,3
182601180,Cirsium oleraceum,2023-09-09,4,3
182623109,Cirsium oleraceum,2023-08-05,4,3
182670182,Cirsium palustre,2023-09-09,4,3
182870400,Cirsium arvense,2023-09-11,4,3
182909298,Cirsium andersonii,2023-09-11,4,3
182940293,Cirsium discolor,2023-09-12,4,3
183166214,Cirsium wheeleri,2023-09-04,4,3
183220358,Cirsium altissimum,2023-08-25,4,3
183258787,Cirsium arvense,2023-06-23,4,3
183338341,Cirsium vulgare,2023-09-15,4,3
183345406,Cirsium vulgare,2022-08-04,4,3
183416242,Cirsium vulgare,2023-09-15,4,3
183523489,Cirsium vulgare,2023-09-16,4,3
183553247,Cirsium discolor,2023-09-16,4,3
183704478,Cirsium altissimum,2023-09-17,4,3
183717588,Cirsium oleraceum,2023-09-17,4,3
183761570,Cirsium neomexicanum,2023-06-05,4,3
183856987,Cirsium altissimum,2023-09-18,4,3
183923968,Cirsium discolor,2023-09-18,4,3
183978737,Cirsium palustre,2023-08-17,4,3
184062416,Cirsium vulgare,2023-08-28,4,3
184084037,Cirsium arisanense,2023-08-27,4,3
184088840,Cirsium arvense,2023-06-27,4,3
184478790,Cirsium discolor,2023-09-22,4,3
184492074,Cirsium vulgare,2023-09-14,4,3
184518372,Cirsium erisithales,2011-08-07,4,3
184540632,Cirsium vulgare,2023-09-23,4,3
184555642,Cirsium argillosum,2022-08-27,4,3
184622679,Cirsium vulgare,2023-09-23,4,3
184673938,Cirsium oleraceum,2023-09-24,4,3
184681728,Cirsium vulgare,2023-09-24,4,3
184900697,Cirsium culebraense,2023-09-23,4,3
184996057,Cirsium oleraceum,2023-09-26,4,3
185136373,Cirsium acantholepis,2023-09-22,4,3
185182181,Cirsium arizonicum,2023-08-19,4,3
185347987,Cirsium arvense,2023-09-28,4,3
185391529,Cirsium arvense,2023-07-21,4,3
185491316,Cirsium arvense,2023-09-29,4,3
185574136,Cirsium palustre,2023-09-30,4,3
185610480,Cirsium candelabrum,2023-09-30,4,3
185679714,Cirsium vulgare,2023-09-30,4,3
185716853,Cirsium heterophyllum,2023-10-01,4,3
185931384,Cirsium heterophyllum,2023-10-01,4,3
186073689,Cirsium heterophyllum,2023-09-03,4,3
186074563,Cirsium flodmanii,2023-08-12,4,3
186144334,Cirsium coryletorum,2023-10-01,4,3
186291427,Cirsium palustre,2023-08-26,4,3
186355322,Cirsium brevistylum,2023-10-05,4,3
186452727,Cirsium vulgare,2023-08-21,4,3
186578696,Cirsium vulgare,2023-10-07,4,3
186869524,Cirsium foliosum,2023-07-03,4,3
187058615,Cirsium vulgare,2023-10-10,4,3
187354569,Cirsium esculentum,2023-07-27,4,3
187537686,Cirsium palustre,2023-10-14,4,3
187828556,Cirsium discolor,2023-10-16,4,3
18791767,Cirsium discolor,2018-11-27,4,3
187991039,Cirsium esculentum,2010-08-16,4,3
188127863,Cirsium arvense,2015-08-14,4,3
188160021,Cirsium vulgare,2023-10-19,4,3
188200682,Cirsium ochrocentrum,2023-09-13,4,3
18828958,Cirsium vulgare,2018-12-04,4,3
188396955,Cirsium arvense,2023-10-21,4,3
188441281,Cirsium arvense,2023-07-14,4,3
188445864,Cirsium neomexicanum,2023-08-15,4,3
188635985,Cirsium vulgare,2023-10-22,4,3
188693589,Cirsium oleraceum,2023-09-17,4,3
188840441,Cirsium arvense,2023-09-19,4,3
188898587,Cirsium arvense,2023-10-25,4,3
188930808,Cirsium ukranicum,2023-08-16,4,3
188930810,Cirsium vulgare,2023-08-16,4,3
188951918,Cirsium vulgare,2020-04-08,4,3
189213734,Cirsium heterophyllum,2023-07-29,4,3
189261456,Cirsium palustre,2023-10-28,4,3
189361010,Cirsium acaulon,2023-10-29,4,3
189532601,Cirsium discolor,2023-10-01,4,3
189777129,Cirsium edule,2023-07-18,4,3
190093846,Cirsium rivulare,2020-07-26,4,3
190495550,Cirsium esculentum,2023-09-27,4,3
190565684,Cirsium arvense,2023-11-06,4,3
190572587,Cirsium obvallatum,2023-08-02,4,3
190670333,Cirsium acaulon,1999-08-11,4,3
19072050,Cirsium arvense,2018-12-17,4,3
19075196,Cirsium nivale,2018-12-17,4,3
190977253,Cirsium vulgare,2023-11-14,4,3
190987986,Cirsium canum,2023-08-17,4,3
190999225,Cirsium arvense,2023-11-14,4,3
191355662,Cirsium vulgare,2023-11-18,4,3
191476935,Cirsium canum,2011-07-20,4,3
191783468,Cirsium candelabrum,2023-08-24,4,3
191792364,Cirsium vulgare,2023-08-09,4,3
192306418,Cirsium calcareum,2023-06-25,4,3
192413373,Cirsium undulatum,2023-11-05,4,3
192558034,Cirsium pendulum,2023-08-16,4,3
192562545,Cirsium scariosum,2023-07-06,4,3
192734987,Cirsium ochrocentrum,2022-08-07,4,3
193278550,Cirsium serratuloides,2023-07-27,4,3
193317126,Cirsium vulgare,2023-11-26,4,3
193602105,Cirsium arvense,2023-08-09,4,3
193709602,Cirsium arvense,2011-07-06,4,3
193831175,Cirsium palustre,2023-08-27,4,3
193950795,Cirsium wheeleri,2023-10-15,4,3
194111429,Cirsium canescens,2023-07-16,4,3
194149316,Cirsium arvense,2007-07-23,4,3
194373946,Cirsium vulgare,2023-12-17,4,3
1945350,Cirsium nuttallii,2015-09-06,4,3
194618929,Cirsium neomexicanum,2023-05-12,4,3
19464406,Cirsium vulgare,2019-01-06,4,3
195313329,Cirsium vulgare,2023-12-30,4,3
195984154,Cirsium vulgare,2024-01-06,4,3
196038777,Cirsium vulgare,2024-01-06,4,3
196719622,Cirsium japonicum,2024-01-09,4,3
196853189,Cirsium vulgare,2024-01-13,4,3
196975103,Cirsium vulgare,2024-01-17,4,3
197258117,Cirsium rivulare,2023-06-04,4,3
197485788,Cirsium vulgare,2024-01-24,4,3
197491674,Cirsium palustre,2024-01-21,4,3
197630308,Cirsium candelabrum,2023-08-23,4,3
197810052,Cirsium ciliatum,2024-01-06,4,3
197861743,Cirsium rhaphilepis,2024-01-27,4,3
19839172,Cirsium arvense,2019-01-24,4,3
198607484,Cirsium argillosum,2023-08-06,4,3
199201493,Cirsium arvense,2023-11-05,4,3
199730325,Cirsium subcoriaceum,2024-02-17,4,3
199797268,Cirsium tuberosum,2008-06-05,4,3
199833508,Cirsium arvense,2023-07-10,4,3
199952558,Cirsium scariosum,2023-08-02,4,3
200079529,Cirsium vulgare,2023-12-13,4,3
200154285,Cirsium arvense,2024-02-11,4,3
20020301,Cirsium brevifolium,2018-08-01,4,3
200210374,Cirsium acaulon,2023-08-30,4,3
20035553,Cirsium vulgare,2014-07-25,4,3
200361883,Cirsium vulgare,2024-02-24,4,3
200956018,Cirsium cymosum,2022-05-17,4,3
201331942,Cirsium arizonicum,2023-09-23,4,3
201839825,Cirsium ehrenbergii,2024-03-08,4,3
201921593,Cirsium ehrenbergii,2024-03-10,4,3
202287961,Cirsium semenowii,2023-08-02,4,3
20234451,Cirsium nuttallii,2019-01-25,4,3
202857428,Cirsium occidentale,2024-03-15,4,3
202986544,Cirsium horridulum,2024-03-13,4,3
20323644,Cirsium vulgare,2017-08-20,4,3
203318028,Cirsium vulgare,2010-08-13,4,3
203805591,Cirsium muticum,2000-09-06,4,3
204509048,Cirsium vulgare,2024-02-24,4,3
205393235,Cirsium horridulum,2024-04-04,4,3
205449707,Cirsium subcoriaceum,2024-03-04,4,3
205927446,Cirsium horridulum,2024-04-07,4,3
206253914,Cirsium horridulum,2024-04-09,4,3
206757601,Cirsium heterophyllum,2018-08-03,4,3
207105873,Cirsium undulatum,2024-04-13,4,3
207395489,Cirsium heterophyllum,2024-04-15,4,3
207732931,Cirsium japonicum,2024-04-17,4,3
20775731,Cirsium esculentum,2006-08-01,4,3
208016545,Cirsium vulgare,2024-04-11,4,3
208061212,Cirsium arvense,2024-04-18,4,3
208338627,Cirsium horridulum,2023-06-02,4,3
20838033,Cirsium texanum,2013-02-23,4,3
209028790,Cirsium horridulum,2024-04-15,4,3
209199025,Cirsium horridulum,2024-04-19,4,3
209283598,Cirsium horridulum,2024-04-25,4,3
211186165,Cirsium texanum,2024-04-28,4,3
21226169,Cirsium vulgare,2019-03-13,4,3
21234590,Cirsium horridulum,2019-03-13,4,3
212670000,Cirsium michiliense,2024-04-24,4,3
212827869,Cirsium brachycephalum,2024-04-27,4,3
213225721,Cirsium rivulare,2024-05-02,4,3
213481860,Cirsium arvense,2024-05-04,4,3
213935782,Cirsium japonicum,2024-05-06,4,3
214599817,Cirsium vulgare,2024-05-09,4,3
214693918,Cirsium arvense,2022-08-12,4,3
214754848,Cirsium arvense,2011-08-29,4,3
214883498,Cirsium vulgare,2024-05-10,4,3
215381539,Cirsium tuberosum,2024-05-12,4,3
215587504,Cirsium vulgare,2024-05-10,4,3
215768535,Cirsium monspessulanum,2021-10-02,4,3
215780698,Cirsium arvense,2024-05-14,4,3
216318320,Cirsium vulgare,2024-05-17,4,3
216536380,Cirsium vulgare,2024-05-18,4,3
216908427,Cirsium palustre,2024-05-19,4,3
217274615,Cirsium palustre,2024-05-21,4,3
217334426,Cirsium rivulare,2024-05-21,4,3
21785015,Cirsium horridulum,2019-03-30,4,3
218133655,Cirsium pannonicum,2024-05-25,4,3
218428359,Cirsium arvense,2024-05-26,4,3
218478390,Cirsium palustre,2024-05-26,4,3
218660508,Cirsium esculentum,2024-05-26,4,3
218839529,Cirsium vulgare,2024-05-24,4,3
218991450,Cirsium vulgare,2024-05-25,4,3
219072507,Cirsium vulgare,2024-05-26,4,3
219232503,Cirsium undulatum,2024-05-29,4,3
21932672,Cirsium jaliscoense,2019-04-02,4,3
219740390,Cirsium vulgare,2024-06-01,4,3
220098523,Cirsium scariosum,2024-05-28,4,3
220201670,Cirsium arvense,2024-05-31,4,3
220489440,Cirsium arvense,2016-07-15,4,3
220513952,Cirsium horridulum,2024-05-04,4,3
220573272,Cirsium vulgare,2024-06-04,4,3
220573493,Cirsium undulatum,2024-06-03,4,3
220599126,Cirsium canescens,2024-05-31,4,3
220621189,Cirsium palustre,2024-06-05,4,3
220715450,Cirsium erisithales,2024-06-05,4,3
220845247,Cirsium vulgare,2024-06-01,4,3
220862862,Cirsium palustre,2024-06-06,4,3
220915781,Cirsium canescens,2024-06-06,4,3
221342545,Cirsium pannonicum,2024-06-08,4,3
221374677,Cirsium palustre,2024-06-08,4,3
221766670,Cirsium palustre,2024-06-09,4,3
222108373,Cirsium palustre,2024-05-19,4,3
222239374,Cirsium schantarense,2024-06-09,4,3
222255249,Cirsium arvense,2024-06-12,4,3
222302727,Cirsium erisithales,2024-06-12,4,3
222318378,Cirsium undulatum,2024-06-12,4,3
222483877,Cirsium arvense,2024-06-13,4,3
22249507,Cirsium vulgare,2019-04-07,4,3
222529225,Cirsium cymosum,2024-06-13,4,3
22255724,Cirsium horridulum,2019-04-08,4,3
222719639,Cirsium vulgare,2024-06-11,4,3
223044096,Cirsium heterophyllum,2024-06-15,4,3
223060169,Cirsium palustre,2024-06-16,4,3
223184921,Cirsium pannonicum,2024-06-15,4,3
223370384,Cirsium arvense,2024-06-15,4,3
223388353,Cirsium brevistylum,2024-06-17,4,3
223434574,Cirsium foliosum,2024-06-17,4,3
22370798,Cirsium texanum,2019-04-12,4,3
223729674,Cirsium arvense,2024-06-19,4,3
223980532,Cirsium palustre,2024-06-20,4,3
223990900,Cirsium filipendulum,2024-06-20,4,3
224008574,Cirsium vulgare,2024-06-20,4,3
224036535,Cirsium palustre,2024-06-20,4,3
224042130,Cirsium arvense,2024-06-20,4,3
224073479,Cirsium vulgare,2024-06-19,4,3
224090210,Cirsium palustre,2024-06-09,4,3
224109971,Cirsium undulatum,2024-06-20,4,3
224255015,Cirsium subcoriaceum,2024-06-03,4,3
224298468,Cirsium altissimum,2024-06-21,4,3
224532332,Cirsium arvense,2024-06-22,4,3
224563729,Cirsium arvense,2024-06-23,4,3
224628872,Cirsium canescens,2024-06-22,4,3
224674535,Cirsium heterophyllum,2024-06-23,4,3
224722996,Cirsium pumilum,2024-06-23,4,3
224819046,Cirsium undulatum,2024-06-23,4,3
225046465,Cirsium palustre,2020-08-04,4,3
225050897,Cirsium undulatum,2024-06-24,4,3
225138438,Cirsium canescens,2024-06-10,4,3
225298126,Cirsium texanum,2024-06-26,4,3
225334036,Cirsium vulgare,2024-06-26,4,3
225455326,Cirsium heterophyllum,2024-06-24,4,3
225486531,Cirsium filipendulum,2024-06-27,4,3
225551785,Cirsium arvense,2024-06-27,4,3
22566022,Cirsium vulgare,2013-08-05,4,3
225825798,Cirsium pumilum,2024-06-25,4,3
226047416,Cirsium edule,2024-06-26,4,3
226086281,Cirsium flodmanii,2024-06-29,4,3
226187488,Cirsium vulgare,2024-06-29,4,3
226228040,Cirsium vulgare,2024-06-30,4,3
226267610,Cirsium heterophyllum,2024-06-29,4,3
226301946,Cirsium edule,2024-06-30,4,3
226318244,Cirsium vulgare,2024-06-29,4,3
226438568,Cirsium heterophyllum,2024-07-01,4,3
226439916,Cirsium heterophyllum,2024-06-27,4,3
226532492,Cirsium muticum,2022-07-16,4,3
226744842,Cirsium oleraceum,2024-07-02,4,3
226749658,Cirsium muticum,2024-07-02,4,3
226784041,Cirsium arvense,2024-07-02,4,3
226870182,Cirsium vulgare,2024-07-03,4,3
226896801,Cirsium arvense,2024-07-03,4,3
226914760,Cirsium arvense,2018-07-29,4,3
226923732,Cirsium altissimum,2024-07-03,4,3
227104291,Cirsium ligulare,2018-08-06,4,3
227107548,Cirsium arvense,2024-07-04,4,3
227118927,Cirsium arvense,2024-07-04,4,3
227165266,Cirsium vulgare,2024-07-03,4,3
227166070,Cirsium palustre,2024-07-04,4,3
227204590,Cirsium vulgare,2024-07-04,4,3
227257587,Cirsium helenioides,2024-07-05,4,3
227405155,Cirsium arvense,2024-05-31,4,3
22740957,Cirsium texanum,2019-04-18,4,3
227425903,Cirsium undulatum,2024-07-05,4,3
22750353,Cirsium palustre,2016-05-19,4,3
227544753,Cirsium oleraceum,2024-07-06,4,3
227575824,Cirsium altissimum,2024-07-06,4,3
227625659,Cirsium palustre,2024-07-06,4,3
227709162,Cirsium vulgare,2024-07-07,4,3
227976485,Cirsium vulgare,2024-07-07,4,3
22802119,Cirsium carolinianum,2019-04-20,4,3
228062900,Cirsium vulgare,2024-07-08,4,3
228065672,Cirsium vulgare,2024-07-08,4,3
228290081,Cirsium oleraceum,2024-07-07,4,3
228348909,Cirsium arizonicum,2024-07-06,4,3
228392489,Cirsium arvense,2024-07-10,4,3
228411843,Cirsium oleraceum,2024-07-09,4,3
228485877,Cirsium vulgare,2024-07-10,4,3
228502625,Cirsium altissimum,2024-07-10,4,3
228561474,Cirsium pumilum,2024-07-10,4,3
228649967,Cirsium undulatum,2024-07-10,4,3
228678452,Cirsium palustre,2024-07-10,4,3
228968643,Cirsium arvense,2024-07-13,4,3
229000452,Cirsium heterophyllum,2024-07-08,4,3
229016205,Cirsium vulgare,2024-07-13,4,3
229051914,Cirsium heterophyllum,2024-07-13,4,3
229104834,Cirsium altissimum,2024-07-13,4,3
229264811,Cirsium palustre,2024-07-14,4,3
229308006,Cirsium heterophyllum,2024-07-14,4,3
229387763,Cirsium cymosum,2024-07-14,4,3
229420595,Cirsium arvense,2024-07-14,4,3
229432116,Cirsium vulgare,2024-07-07,4,3
229458633,Cirsium arvense,2024-07-14,4,3
229493584,Cirsium scariosum,2024-07-13,4,3
229714969,Cirsium undulatum,2024-07-16,4,3
229723282,Cirsium arvense,2024-07-16,4,3
229829825,Cirsium undulatum,2024-07-16,4,3
229841850,Cirsium arvense,2024-07-13,4,3
229864608,Cirsium arvense,2024-07-17,4,3
229919813,Cirsium arvense,2024-07-17,4,3
230041380,Cirsium palustre,2024-07-16,4,3
230044240,Cirsium arvense,2024-06-08,4,3
230229020,Cirsium canum,2024-07-17,4,3
230281294,Cirsium palustre,2024-07-19,4,3
230343085,Cirsium arvense,2024-07-19,4,3
230518867,Cirsium remotifolium,2024-07-20,4,3
230539069,Cirsium arvense,2024-07-20,4,3
230587488,Cirsium palustre,2024-06-26,4,3
230700468,Cirsium arvense,2024-07-21,4,3
230758463,Cirsium canum,2024-07-21,4,3
230778703,Cirsium vulgare,2024-07-19,4,3
230835807,Cirsium arvense,2024-07-21,4,3
230908482,Cirsium vulgare,2024-07-19,4,3
230918135,Cirsium foliosum,2024-07-21,4,3
230970479,Cirsium vulgare,2024-07-22,4,3
231031294,Cirsium vulgare,2024-07-22,4,3
231123488,Cirsium vulgare,2024-07-20,4,3
231133399,Cirsium palustre,2024-07-12,4,3
231331517,Cirsium occidentale,2024-07-23,4,3
231362832,Cirsium oleraceum,2024-07-24,4,3
231363421,Cirsium arvense,2024-07-14,4,3
231433142,Cirsium arvense,2024-07-24,4,3
231541687,Cirsium arvense,2024-07-24,4,3
231585597,Cirsium vulgare,2024-07-25,4,3
231592899,Cirsium vulgare,2024-07-24,4,3
231638982,Cirsium heterophyllum,2024-06-27,4,3
231711163,Cirsium muticum,2024-07-24,4,3
231776245,Cirsium ciliatum,2024-07-25,4,3
231776758,Cirsium vulgare,2024-07-26,4,3
231794522,Cirsium vulgare,2024-07-26,4,3
231814855,Cirsium oleraceum,2024-07-23,4,3
232032888,Cirsium monspessulanum,2024-07-26,4,3
232071807,Cirsium vulgare,2024-07-27,4,3
232082926,Cirsium vulgare,2024-07-27,4,3
232272963,Cirsium vulgare,2024-07-28,4,3
232344250,Cirsium arvense,2024-07-27,4,3
232374436,Cirsium monspessulanum,2024-07-28,4,3
232397934,Cirsium undulatum,2024-06-17,4,3
232461161,Cirsium palustre,2024-07-29,4,3
232544006,Cirsium palustre,2024-07-15,4,3
232626658,Cirsium vulgare,2024-07-26,4,3
232745232,Cirsium vulgare,2024-07-29,4,3
232769866,Cirsium arvense,2024-07-30,4,3
232773425,Cirsium vulgare,2024-07-30,4,3
232844930,Cirsium vulgare,2024-07-19,4,3
233147488,Cirsium palustre,2024-07-31,4,3
233303406,Cirsium vulgare,2024-08-02,4,3
233338662,Cirsium vulgare,2024-08-02,4,3
23345525,Cirsium nuttallii,2019-04-25,4,3
233493195,Cirsium vulgare,2024-08-03,4,3
233517087,Cirsium ciliatum,2024-07-31,4,3
233524134,Cirsium arvense,2024-08-02,4,3
233535017,Cirsium heterophyllum,2024-08-03,4,3
23357420,Cirsium repandum,2019-04-26,4,3
233641859,Cirsium vulgare,2024-08-01,4,3
233816023,Cirsium heterophyllum,2024-08-02,4,3
233829996,Cirsium arvense,2024-08-04,4,3
233876293,Cirsium hookerianum,2024-08-04,4,3
233894797,Cirsium vulgare,2024-08-04,4,3
233897965,Cirsium vulgare,2024-08-01,4,3
233925434,Cirsium vulgare,2024-08-05,4,3
233970819,Cirsium arvense,2024-08-03,4,3
234057560,Cirsium arvense,2024-08-04,4,3
234137772,Cirsium oleraceum,2024-08-06,4,3
234145661,Cirsium acaulon,2024-07-31,4,3
234180034,Cirsium monspessulanum,2024-08-02,4,3
234191003,Cirsium oleraceum,2024-08-06,4,3
234227983,Cirsium hesperium,2024-07-30,4,3
234261837,Cirsium discolor,2024-08-06,4,3
234316260,Cirsium arvense,2024-08-07,4,3
234367256,Cirsium simplex,2024-07-02,4,3
234373080,Cirsium vulgare,2024-08-06,4,3
234390801,Cirsium arvense,2024-08-07,4,3
234464641,Cirsium scariosum,2024-08-03,4,3
234495575,Cirsium palustre,2024-07-16,4,3
234511344,Cirsium vulgare,2024-08-08,4,3
234578048,Cirsium vulgare,2024-08-06,4,3
234714715,Cirsium serratuloides,2024-07-29,4,3
234722678,Cirsium arvense,2024-08-09,4,3
234758884,Cirsium ochrocentrum,2024-08-09,4,3
234775561,Cirsium vulgare,2024-08-07,4,3
234801484,Cirsium parryi,2024-07-27,4,3
234831493,Cirsium arvense,2024-08-09,4,3
234964233,Cirsium monspessulanum,2024-08-04,4,3
234993469,Cirsium vulgare,2024-08-10,4,3
235001525,Cirsium arvense,2024-08-05,4,3
235009213,Cirsium vulgare,2024-07-31,4,3
235028532,Cirsium discolor,2024-08-09,4,3
235088296,Cirsium arvense,2024-08-11,4,3
235097544,Cirsium vulgare,2024-08-11,4,3
235245539,Cirsium vulgare,2024-08-11,4,3
235268932,Cirsium semenowii,2024-08-11,4,3
235324659,Cirsium serratuloides,2024-07-23,4,3
235415851,Cirsium vulgare,2024-08-12,4,3
235451561,Cirsium vulgare,2024-08-12,4,3
235464541,Cirsium drummondii,2024-08-12,4,3
235717376,Cirsium vulgare,2024-08-14,4,3
235731829,Cirsium discolor,2024-08-14,4,3
235754635,Cirsium oleraceum,2024-08-14,4,3
235802308,Cirsium discolor,2024-08-14,4,3
235874740,Cirsium vulgare,2024-08-15,4,3
235976670,Cirsium vulgare,2024-08-15,4,3
235978281,Cirsium discolor,2024-08-15,4,3
236048087,Cirsium canum,2024-08-08,4,3
236093211,Cirsium occidentale,2024-06-23,4,3
236367055,Cirsium arvense,2024-08-17,4,3
236378616,Cirsium muticum,2024-08-17,4,3
236382819,Cirsium discolor,2024-08-17,4,3
236417862,Cirsium altissimum,2024-08-17,4,3
236424845,Cirsium discolor,2024-08-17,4,3
23644983,Cirsium texanum,2019-04-27,4,3
236459389,Cirsium vulgare,2024-08-18,4,3
236561008,Cirsium muticum,2024-08-17,4,3
236641876,Cirsium vulgare,2024-08-17,4,3
236735435,Cirsium ukranicum,2024-08-18,4,3
236772645,Cirsium vulgare,2024-08-18,4,3
236773786,Cirsium helenioides,2024-08-18,4,3
236846716,Cirsium arvense,2024-08-19,4,3
236893239,Cirsium altissimum,2024-08-19,4,3
236977787,Cirsium vulgare,2024-08-18,4,3
237012480,Cirsium arvense,2024-08-20,4,3
237191843,Cirsium vulgare,2024-08-21,4,3
237251367,Cirsium vulgare,2024-08-22,4,3
237303355,Cirsium palustre,2024-08-05,4,3
237309141,Cirsium oleraceum,2024-07-18,4,3
237353193,Cirsium arvense,2024-08-20,4,3
237411141,Cirsium vulgare,2024-08-22,4,3
237452666,Cirsium vulgare,2024-08-23,4,3
237464324,Cirsium arvense,2024-08-23,4,3
237471653,Cirsium esculentum,2024-08-23,4,3
237662235,Cirsium discolor,2024-08-24,4,3
237685755,Cirsium vulgare,2024-08-24,4,3
237699203,Cirsium discolor,2024-08-24,4,3
237730466,Cirsium discolor,2024-08-24,4,3
237748195,Cirsium andersonii,2024-08-24,4,3
238062070,Cirsium arvense,2024-08-26,4,3
238220562,Cirsium arvense,2024-08-18,4,3
238345738,Cirsium vulgare,2024-08-27,4,3
238348931,Cirsium michiliense,2024-08-27,4,3
238424466,Cirsium discolor,2023-09-10,4,3
238717600,Cirsium flodmanii,2024-08-29,4,3
238720355,Cirsium undulatum,2024-08-29,4,3
238785005,Cirsium vulgare,2024-08-30,4,3
238804161,Cirsium vulgare,2024-08-30,4,3
238825593,Cirsium vulgare,2024-08-30,4,3
238912347,Cirsium heterophyllum,2024-07-15,4,3
238914659,Cirsium arvense,2024-08-31,4,3
238965544,Cirsium acaulon,2024-08-23,4,3
239364208,Cirsium serrulatum,2024-08-26,4,3
239582279,Cirsium vulgare,2024-09-02,4,3
239941758,Cirsium oleraceum,2024-08-28,4,3
239997830,Cirsium palustre,2024-09-05,4,3
240360942,Cirsium arvense,2024-07-03,4,3
240382397,Cirsium arvense,2024-09-06,4,3
240413450,Cirsium arvense,2024-09-01,4,3
240640103,Cirsium arvense,2024-09-08,4,3
240667068,Cirsium flodmanii,2024-09-08,4,3
240703311,Cirsium vulgare,2024-08-27,4,3
240798677,Cirsium arvense,2024-08-06,4,3
240970508,Cirsium oleraceum,2024-08-30,4,3
241110424,Cirsium discolor,2024-09-04,4,3
241191224,Cirsium vulgare,2024-09-11,4,3
241258621,Cirsium arvense,2024-09-12,4,3
241547310,Cirsium arvense,2024-09-13,4,3
241676515,Cirsium arvense,2024-09-14,4,3
241678982,Cirsium palustre,2024-09-14,4,3
241750761,Cirsium palustre,2024-09-14,4,3
241755183,Cirsium arvense,2024-09-14,4,3
241792957,Cirsium altissimum,2024-09-14,4,3
241806128,Cirsium scariosum,2024-08-22,4,3
241959274,Cirsium discolor,2024-09-15,4,3
242115447,Cirsium arvense,2024-09-15,4,3
242259238,Cirsium canum,2024-09-17,4,3
242593981,Cirsium repandum,2024-09-18,4,3
242652881,Cirsium arvense,2024-08-17,4,3
242698294,Cirsium palustre,2024-05-22,4,3
242931274,Cirsium oleraceum,2024-09-20,4,3
242932092,Cirsium ochrocentrum,2024-09-13,4,3
243087580,Cirsium canum,2024-09-21,4,3
243169965,Cirsium vulgare,2024-09-21,4,3
243363683,Cirsium arvense,2024-09-22,4,3
243424295,Cirsium altissimum,2024-09-22,4,3
243628118,Cirsium palustre,2024-09-23,4,3
243906151,Cirsium arvense,2024-09-24,4,3
244134596,Cirsium discolor,2024-09-26,4,3
244500843,Cirsium discolor,2024-09-28,4,3
245029178,Cirsium vulgare,2024-09-24,4,3
245172045,Cirsium arvense,2024-10-01,4,3
245252781,Cirsium vulgare,2024-09-21,4,3
245294256,Cirsium arvense,2024-10-02,4,3
245444079,Cirsium vulgare,2024-10-03,4,3
245488173,Cirsium muticum,2024-10-03,4,3
245843944,Cirsium flodmanii,2024-10-04,4,3
245884326,Cirsium altissimum,2024-10-05,4,3
245989218,Cirsium arvense,2024-10-06,4,3
246160801,Cirsium arvense,2024-10-06,4,3
246178437,Cirsium occidentale,2024-09-22,4,3
246295597,Cirsium sieversii,2024-08-30,4,3
246499938,Cirsium canum,2024-10-09,4,3
246664789,Cirsium erisithales,2024-10-02,4,3
246676676,Cirsium palustre,2024-08-10,4,3
246772531,Cirsium oleraceum,2024-10-11,4,3
246905463,Cirsium arvense,2024-10-12,4,3
247117885,Cirsium oleraceum,2024-10-13,4,3
247125136,Cirsium tuberosum,2024-08-25,4,3
247222003,Cirsium discolor,2024-09-21,4,3
247596563,Cirsium echinus,2024-10-11,4,3
247894384,Cirsium vulgare,2024-10-17,4,3
248181510,Cirsium discolor,2024-10-04,4,3
248535079,Cirsium vulgare,2024-10-22,4,3
248626610,Cirsium heterophyllum,2024-10-22,4,3
248775337,Cirsium arvense,2024-10-23,4,3
249137747,Cirsium ukranicum,2024-03-14,4,3
249279572,Cirsium arvense,2024-10-27,4,3
249462359,Cirsium pendulum,2024-10-28,4,3
249655433,Cirsium foliosum,2024-07-12,4,3
25011095,Cirsium undulatum,2019-05-12,4,3
250349667,Cirsium discolor,2024-09-18,4,3
250404258,Cirsium palustre,2024-11-03,4,3
250469451,Cirsium oleraceum,2024-08-03,4,3
25048503,Cirsium vulgare,2019-05-11,4,3
250710517,Cirsium canum,2024-07-04,4,3
251117927,Cirsium tepehuanense,2024-11-07,4,3
251177264,Cirsium vulgare,2024-07-22,4,3
251749527,Cirsium palustre,2024-11-11,4,3
25242557,Cirsium nuttallii,2019-05-14,4,3
252550140,Cirsium vulgare,2024-11-21,4,3
252749814,Cirsium ukranicum,2024-08-28,4,3
25283471,Cirsium horridulum,2019-05-17,4,3
25286182,Cirsium pannonicum,2014-06-19,4,3
253169589,Cirsium vulgare,2024-11-26,4,3
253366643,Cirsium arvense,2024-11-12,4,3
253387181,Cirsium vulgare,2024-11-24,4,3
253397004,Cirsium canum,2024-08-31,4,3
25395764,Cirsium palustre,2019-05-19,4,3
254132090,Cirsium arvense,2023-07-25,4,3
254483527,Cirsium lineare,2024-09-12,4,3
25484483,Cirsium carolinianum,2019-05-15,4,3
255159519,Cirsium arvense,2024-12-15,4,3
255267422,Cirsium arvense,2024-09-17,4,3
255526083,Cirsium vulgare,2024-11-17,4,3
255593326,Cirsium arvense,2024-07-24,4,3
256014472,Cirsium vulgare,2015-06-29,4,3
256017932,Cirsium muticum,2024-08-31,4,3
256030101,Cirsium horridulum,2019-06-03,4,3
256225880,Cirsium palustre,2024-12-25,4,3
256553609,Cirsium vulgare,2024-12-29,4,3
256629826,Cirsium palustre,2024-05-19,4,3
256785636,Cirsium vulgare,2024-12-30,4,3
25719018,Cirsium serrulatum,2019-05-22,4,3
257222855,Cirsium oligophyllum,2023-08-26,4,3
257231903,Cirsium vulgare,2024-12-31,4,3
25740387,Cirsium vulgare,2019-05-25,4,3
258309663,Cirsium arvense,2022-06-30,4,3
25875612,Cirsium arvense,2019-05-25,4,3
25893055,Cirsium neomexicanum,2019-05-27,4,3
25899324,Cirsium oleraceum,2019-05-24,4,3
259446488,Cirsium andersonii,2023-10-13,4,3
259573783,Cirsium canum,2024-09-12,4,3
260356903,Cirsium horridulum,2024-03-12,4,3
26041268,Cirsium carolinianum,2019-05-29,4,3
261003640,Cirsium palustre,1975-06-19,4,3
26104520,Cirsium vulgare,2019-05-28,4,3
26129471,Cirsium arvense,2019-05-19,4,3
262723945,Cirsium vulgare,2025-02-22,4,3
26339521,Cirsium ochrocentrum,2019-05-27,4,3
263702926,Cirsium subcoriaceum,2025-03-02,4,3
26409990,Cirsium palustre,2019-06-01,4,3
266097702,Cirsium palustre,2024-07-03,4,3
266461049,Cirsium discolor,2024-09-02,4,3
267006217,Cirsium mexicanum,2025-03-23,4,3
26700770,Cirsium vulgare,2019-06-05,4,3
267076731,Cirsium ehrenbergii,2025-03-23,4,3
267099756,Cirsium arvense,2025-03-19,4,3
267455538,Cirsium arvense,2025-03-27,4,3
268964743,Cirsium vulgare,2025-04-06,4,3
26943517,Cirsium undulatum,2019-06-13,4,3
26963396,Cirsium rivulare,2019-06-14,4,3
27005537,Cirsium undulatum,2019-06-09,4,3
27033375,Cirsium palustre,2019-06-15,4,3
27120326,Cirsium undulatum,2019-06-16,4,3
271347659,Cirsium scariosum,2025-04-18,4,3
271454137,Cirsium horridulum,2025-04-19,4,3
271574993,Cirsium horridulum,2025-04-19,4,3
27214982,Cirsium palustre,2019-06-13,4,3
27243919,Cirsium undulatum,2019-06-18,4,3
27248381,Cirsium vulgare,2019-06-18,4,3
273251429,Cirsium oleraceum,2025-04-25,4,3
274251725,Cirsium scariosum,2025-04-26,4,3
274391752,Cirsium palustre,2025-04-27,4,3
27468338,Cirsium vulgare,2019-06-20,4,3
274764037,Cirsium texanum,2025-04-27,4,3
27552989,Cirsium undulatum,2019-06-23,4,3
27557399,Cirsium heterophyllum,2019-06-24,4,3
27594302,Cirsium heterophyllum,2019-06-24,4,3
27646591,Cirsium serrulatum,2019-06-17,4,3
27682550,Cirsium arvense,2019-06-15,4,3
277449994,Cirsium tuberosum,2025-05-01,4,3
27768041,Cirsium arvense,2019-06-27,4,3
27775478,Cirsium undulatum,2019-06-26,4,3
27794639,Cirsium edule,2019-06-21,4,3
27800697,Cirsium arvense,2019-06-28,4,3
278283556,Cirsium pacificum,2025-05-03,4,3
278512464,Cirsium vulgare,2025-05-04,4,3
278942414,Cirsium palustre,2025-05-05,4,3
27946438,Cirsium vulgare,2019-06-30,4,3
279502707,Cirsium vulgare,2025-05-08,4,3
279670169,Cirsium oleraceum,2025-05-09,4,3
27982877,Cirsium scariosum,2019-06-30,4,3
280038189,Cirsium arvense,2025-05-10,4,3
280054539,Cirsium dissectum,2025-05-09,4,3
280066620,Cirsium ochrocentrum,2025-05-09,4,3
28007550,Cirsium arvense,2017-07-24,4,3
280766583,Cirsium arvense,2024-07-27,4,3
281199947,Cirsium palustre,2025-05-15,4,3
281885635,Cirsium carolinianum,2025-05-17,4,3
28209772,Cirsium vulgare,2019-07-04,4,3
28212639,Cirsium neomexicanum,2019-07-04,4,3
282194679,Cirsium discolor,2025-05-18,4,3
282590842,Cirsium ligulare,2024-07-21,4,3
283076577,Cirsium vulgare,2025-05-22,4,3
283142601,Cirsium palustre,2025-05-22,4,3
283187202,Cirsium neomexicanum,2025-05-22,4,3
283463252,Cirsium cymosum,2025-05-23,4,3
28366457,Cirsium palustre,2019-07-07,4,3
283733276,Cirsium townsendii,2025-05-24,4,3
28375031,Cirsium palustre,2019-07-07,4,3
28390482,Cirsium heterophyllum,2019-07-02,4,3
284349547,Cirsium vulgare,2025-05-26,4,3
284597035,Cirsium dissectum,2025-05-27,4,3
284759291,Cirsium oleraceum,2023-10-27,4,3
285043586,Cirsium palustre,2025-05-24,4,3
285679036,Cirsium arvense,2025-05-31,4,3
285679138,Cirsium arvense,2025-05-31,4,3
285787266,Cirsium arvense,2025-06-01,4,3
285859386,Cirsium acaulon,2021-07-21,4,3
285881212,Cirsium canum,2025-05-30,4,3
286486013,Cirsium vulgare,2025-02-27,4,3
286488131,Cirsium brachycephalum,2025-06-03,4,3
286588110,Cirsium discolor,2025-06-03,4,3
286639807,Cirsium arvense,2025-06-03,4,3
28671745,Cirsium arvense,2019-07-12,4,3
287173431,Cirsium mohavense,2025-06-05,4,3
287217714,Cirsium discolor,2025-06-05,4,3
287332259,Cirsium arvense,2025-06-06,4,3
28738078,Cirsium palustre,2019-07-13,4,3
287505932,Cirsium oleraceum,2025-06-06,4,3
287515886,Cirsium palustre,2025-06-07,4,3
287637766,Cirsium heterophyllum,2025-06-07,4,3
287878478,Cirsium pannonicum,2025-06-08,4,3
287937118,Cirsium arvense,2025-06-08,4,3
28806002,Cirsium palustre,2019-07-13,4,3
288196992,Cirsium palustre,2025-06-09,4,3
288777057,Cirsium heterophyllum,2025-06-11,4,3
288817894,Cirsium arvense,2025-06-10,4,3
288857308,Cirsium arvense,2025-06-11,4,3
289092723,Cirsium rivulare,2025-06-05,4,3
28910206,Cirsium arvense,2019-07-13,4,3
289338693,Cirsium horridulum,2025-06-13,4,3
289412996,Cirsium occidentale,2025-06-06,4,3
28955758,Cirsium vulgare,2019-07-16,4,3
289589379,Cirsium heterophyllum,2025-06-14,4,3
289647764,Cirsium nuttallii,2025-06-14,4,3
289910871,Cirsium serrulatum,2025-06-14,4,3
290051847,Cirsium vulgare,2025-06-16,4,3
290093793,Cirsium heterophyllum,2025-06-12,4,3
290223595,Cirsium ochrocentrum,2025-06-16,4,3
290513548,Cirsium palustre,2025-06-17,4,3
29074412,Cirsium altissimum,2019-07-18,4,3
290766898,Cirsium arvense,2025-06-18,4,3
290918506,Cirsium palustre,2025-06-18,4,3
291272128,Cirsium flodmanii,2025-06-20,4,3
291364691,Cirsium edule,2025-06-20,4,3
291448525,Cirsium vulgare,2025-06-21,4,3
291478934,Cirsium vulgare,2025-06-21,4,3
291537872,Cirsium vulgare,2025-06-21,4,3
291539900,Cirsium rivulare,2025-06-21,4,3
291799605,Cirsium palustre,2025-06-21,4,3
292303299,Cirsium heterophyllum,2025-06-24,4,3
29236728,Cirsium palustre,2019-07-14,4,3
292391452,Cirsium palustre,2025-06-23,4,3
292583725,Cirsium heterophyllum,2025-06-24,4,3
292602918,Cirsium arvense,2025-06-25,4,3
292898413,Cirsium rivulare,2025-06-26,4,3
292921183,Cirsium arvense,2025-06-26,4,3
293117113,Cirsium rivulare,2025-06-20,4,3
293172868,Cirsium palustre,2025-06-27,4,3
293388470,Cirsium heterophyllum,2025-06-28,4,3
29363331,Cirsium remotifolium,2019-07-22,4,3
29364092,Cirsium monspessulanum,2019-07-23,4,3
293648518,Cirsium heterophyllum,2025-06-29,4,3
293674241,Cirsium arvense,2025-06-24,4,3
29368810,Cirsium arvense,2019-07-23,4,3
293695142,Cirsium muticum,2025-06-29,4,3
293767368,Cirsium arvense,2025-06-28,4,3
293767484,Cirsium vulgare,2025-06-28,4,3
293788241,Cirsium occidentale,2025-06-28,4,3
29406188,Cirsium vulgare,2019-07-23,4,3
294141595,Cirsium vulgare,2025-06-18,4,3
294145836,Cirsium undulatum,2025-06-19,4,3
29415789,Cirsium arvense,2019-07-20,4,3
294160355,Cirsium edule,2025-06-28,4,3
29442915,Cirsium arizonicum,2019-07-23,4,3
294470571,Cirsium vulgare,2025-07-01,4,3
294496306,Cirsium undulatum,2025-06-30,4,3
294624077,Cirsium arvense,2025-07-02,4,3
294631535,Cirsium arvense,2025-07-02,4,3
294716047,Cirsium drummondii,2025-07-02,4,3
29488863,Cirsium muticum,2019-07-23,4,3
295126922,Cirsium hookerianum,2025-07-01,4,3
295138717,Cirsium simplex,2025-06-22,4,3
295257784,Cirsium vulgare,2025-07-04,4,3
295361154,Cirsium palustre,2025-07-05,4,3
295402116,Cirsium palustre,2025-07-05,4,3
295407117,Cirsium cymosum,2025-07-05,4,3
295462881,Cirsium vulgare,2025-07-05,4,3
295541113,Cirsium vulgare,2025-07-05,4,3
295612336,Cirsium palustre,2025-07-05,4,3
295630475,Cirsium arvense,2025-07-03,4,3
295638078,Cirsium heterophyllum,2025-07-06,4,3
295844173,Cirsium vulgare,2025-07-06,4,3
295892149,Cirsium arvense,2025-07-05,4,3
295947879,Cirsium heterophyllum,2025-06-26,4,3
296048505,Cirsium heterophyllum,2025-07-06,4,3
296072927,Cirsium nuttallii,2025-07-07,4,3
296111394,Cirsium edule,2025-07-05,4,3
296299192,Cirsium palustre,2025-07-08,4,3
296470075,Cirsium palustre,2025-07-09,4,3
296480961,Cirsium palustre,2025-07-09,4,3
296578665,Cirsium vulgare,2025-07-09,4,3
296582475,Cirsium vulgare,2025-07-09,4,3
296604297,Cirsium heterophyllum,2025-07-09,4,3
296728047,Cirsium canum,2025-07-10,4,3
296730042,Cirsium arvense,2025-06-29,4,3
296739763,Cirsium vulgare,2025-07-09,4,3
296757000,Cirsium erisithales,2025-07-10,4,3
29683459,Cirsium undulatum,2019-07-27,4,3
296864906,Cirsium drummondii,2025-07-10,4,3
296913211,Cirsium vulgare,2023-07-26,4,3
296940294,Cirsium scariosum,2025-07-10,4,3
297002037,Cirsium arvense,2025-06-28,4,3
297037089,Cirsium canum,2025-07-11,4,3
29707078,Cirsium palustre,2019-06-08,4,3
297073985,Cirsium arvense,2024-08-18,4,3
297131252,Cirsium scariosum,2025-06-29,4,3
297206800,Cirsium undulatum,2025-07-11,4,3
297235866,Cirsium heterophyllum,2025-07-12,4,3
297247773,Cirsium palustre,2025-07-12,4,3
297311355,Cirsium altissimum,2025-07-07,4,3
297325454,Cirsium monspessulanum,2025-07-12,4,3
297409398,Cirsium arvense,2025-06-29,4,3
297421982,Cirsium altissimum,2025-07-06,4,3
297447340,Cirsium arvense,2025-07-12,4,3
297512714,Cirsium echinus,2025-07-07,4,3
297552625,Cirsium vulgare,2025-07-06,4,3
297652891,Cirsium vulgare,2025-07-13,4,3
297660669,Cirsium arvense,2025-07-13,4,3
297764656,Cirsium muticum,2025-07-12,4,3
297775418,Cirsium pumilum,2025-07-11,4,3
29777871,Cirsium undulatum,2019-07-17,4,3
297860542,Cirsium palustre,2025-07-14,4,3
297944943,Cirsium arvense,2025-07-13,4,3
298067646,Cirsium muticum,2025-07-13,4,3
298098135,Cirsium vulgare,2025-07-15,4,3
298142885,Cirsium arvense,2025-07-09,4,3
298165976,Cirsium oleraceum,2025-07-15,4,3
29830950,Cirsium vulgare,2019-07-29,4,3
298360568,Cirsium monspessulanum,2025-07-15,4,3
298395716,Cirsium arvense,2025-07-10,4,3
298406203,Cirsium palustre,2025-07-15,4,3
298423598,Cirsium vulgare,2025-07-16,4,3
298456719,Cirsium oleraceum,2025-07-16,4,3
298520273,Cirsium palustre,2025-07-14,4,3
298624484,Cirsium arvense,2025-07-17,4,3
298643160,Cirsium canum,2025-07-17,4,3
298705445,Cirsium palustre,2025-07-17,4,3
298734128,Cirsium vulgare,2025-07-11,4,3
298741008,Cirsium arvense,2025-07-17,4,3
298813648,Cirsium parryi,2025-07-17,4,3
298817585,Cirsium arvense,2025-07-14,4,3
298927787,Cirsium arvense,2025-07-17,4,3
298976092,Cirsium canum,2025-07-17,4,3
299017152,Cirsium oleraceum,2025-07-18,4,3
29907522,Cirsium palustre,2019-06-15,4,3
299123669,Cirsium palustre,2025-07-19,4,3
2991372,Cirsium texanum,2016-04-20,4,3
299137313,Cirsium palustre,2025-07-19,4,3
299173149,Cirsium vulgare,2025-07-19,4,3
299319795,Cirsium palustre,2025-07-11,4,3
299335752,Cirsium vulgare,2025-07-19,4,3
29943527,Cirsium hookerianum,2019-07-30,4,3
299445403,Cirsium palustre,2025-07-20,4,3
299717834,Cirsium undulatum,2025-07-20,4,3
29977769,Cirsium vulgare,2019-08-01,4,3
299861673,Cirsium serrulatum,2025-07-19,4,3
299926887,Cirsium vulgare,2025-07-18,4,3
299927591,Cirsium palustre,2025-07-18,4,3
299955770,Cirsium arvense,2025-07-20,4,3
300075702,Cirsium waldsteinii,2025-07-21,4,3
300183407,Cirsium vulgare,2025-07-22,4,3
300228251,Cirsium vulgare,2025-07-22,4,3
300234005,Cirsium pumilum,2025-07-22,4,3
300236204,Cirsium arvense,2025-07-22,4,3
300321702,Cirsium arvense,2025-07-22,4,3
300382336,Cirsium griseum,2025-07-22,4,3
300398683,Cirsium vulgare,2025-07-23,4,3
30047137,Cirsium wheeleri,2019-07-27,4,3
300565537,Cirsium pumilum,2025-07-21,4,3
300607529,Cirsium vulgare,2025-07-23,4,3
300615567,Cirsium palustre,2025-07-24,4,3
300621143,Cirsium oleraceum,2025-07-22,4,3
300648105,Cirsium canum,2025-07-23,4,3
300663272,Cirsium acaulon,2025-07-24,4,3
300727193,Cirsium arvense,2025-07-23,4,3
30073429,Cirsium arvense,2019-07-08,4,3
300763010,Cirsium arvense,2025-06-11,4,3
300997669,Cirsium vulgare,2025-07-25,4,3
301088818,Cirsium hookerianum,2025-07-25,4,3
301212635,Cirsium palustre,2025-06-27,4,3
301216401,Cirsium arvense,2025-07-26,4,3
301233730,Cirsium arvense,2025-07-24,4,3
301345985,Cirsium discolor,2025-07-26,4,3
30135228,Cirsium oleraceum,2019-08-02,4,3
301479954,Cirsium arvense,2025-07-22,4,3
301523474,Cirsium arvense,2025-07-27,4,3
301526645,Cirsium vulgare,2025-07-21,4,3
301567466,Cirsium arvense,2025-07-27,4,3
301607039,Cirsium heterophyllum,2025-07-27,4,3
301687060,Cirsium vulgare,2025-07-27,4,3
301725883,Cirsium dealbatum,2007-08-13,4,3
301749050,Cirsium heterophyllum,2025-07-27,4,3
301789941,Cirsium canum,2025-07-28,4,3
301816099,Cirsium acaulon,2025-07-28,4,3
301818466,Cirsium heterotrichum,2025-07-13,4,3
301866459,Cirsium oleraceum,2025-07-28,4,3
301873709,Cirsium vulgare,2025-07-28,4,3
301944336,Cirsium arvense,2025-07-22,4,3
301977653,Cirsium wheeleri,2025-07-22,4,3
30206634,Cirsium vulgare,2019-08-03,4,3
302096563,Cirsium hookerianum,2025-07-28,4,3
302105265,Cirsium argillosum,2025-07-14,4,3
302149690,Cirsium vulgare,2025-07-29,4,3
302151339,Cirsium oleraceum,2025-07-29,4,3
302201499,Cirsium andersonii,2025-07-25,4,3
302303916,Cirsium canum,2025-07-30,4,3
302320622,Cirsium arvense,2025-07-30,4,3
302443678,Cirsium vulgare,2025-07-30,4,3
30247323,Cirsium vulgare,2019-08-05,4,3
30262206,Cirsium roseolum,2015-08-18,4,3
302813580,Cirsium palustre,2025-08-01,4,3
302857640,Cirsium wheeleri,2025-07-27,4,3
302911593,Cirsium arvense,2025-07-11,4,3
302954352,Cirsium flodmanii,2025-07-31,4,3
302998141,Cirsium arvense,2025-08-01,4,3
303051210,Cirsium palustre,2020-07-31,4,3
30305407,Cirsium arvense,2019-08-04,4,3
303085900,Cirsium oleraceum,2025-08-02,4,3
30309776,Cirsium vulgare,2019-08-06,4,3
303205344,Cirsium arvense,2025-08-02,4,3
30320762,Cirsium palustre,2019-07-28,4,3
303267337,Cirsium coloradense,2025-08-02,4,3
303371015,Cirsium vulgare,2025-08-03,4,3
30340749,Cirsium arvense,2019-07-09,4,3
30355234,Cirsium heterophyllum,2019-07-14,4,3
303623922,Cirsium brevifolium,2025-08-02,4,3
303763364,Cirsium arvense,2025-08-04,4,3
303803465,Cirsium vulgare,2025-08-04,4,3
303871373,Cirsium palustre,2025-08-04,4,3
303937256,Cirsium vulgare,2025-08-05,4,3
303986412,Cirsium oleraceum,2025-08-05,4,3
304107844,Cirsium scariosum,2025-08-05,4,3
304138450,Cirsium parryi,2025-08-05,4,3
304147728,Cirsium serrulatum,2025-08-03,4,3
304159603,Cirsium heterophyllum,2025-07-22,4,3
304276167,Cirsium arvense,2025-08-05,4,3
30435088,Cirsium vulgare,2019-08-08,4,3
30435473,Cirsium arvense,2019-08-08,4,3
304453268,Cirsium palustre,2025-08-06,4,3
304525148,Cirsium altissimum,2025-08-07,4,3
30454128,Cirsium muticum,2019-08-08,4,3
304630949,Cirsium altissimum,2025-08-07,4,3
304740643,Cirsium vulgare,2025-08-06,4,3
304858434,Cirsium arvense,2025-08-07,4,3
304867394,Cirsium vulgare,2025-08-08,4,3
304975228,Cirsium vulgare,2025-08-09,4,3
305012752,Cirsium arvense,2025-08-09,4,3
305059537,Cirsium vulgare,2025-08-09,4,3
305087457,Cirsium occidentale,2025-08-01,4,3
305094728,Cirsium vulgare,2025-08-09,4,3
305112137,Cirsium vulgare,2025-07-27,4,3
305154902,Cirsium texanum,2025-05-12,4,3
305407621,Cirsium arizonicum,2025-08-10,4,3
305411248,Cirsium vulgare,2025-08-10,4,3
305563253,Cirsium arvense,2025-08-06,4,3
305666410,Cirsium arvense,2025-08-10,4,3
305714710,Cirsium oleraceum,2025-08-09,4,3
305780270,Cirsium arvense,2025-08-04,4,3
305787324,Cirsium palustre,2025-08-12,4,3
305827295,Cirsium arvense,2025-07-20,4,3
305845766,Cirsium arvense,2025-08-12,4,3
305891239,Cirsium muticum,2025-08-11,4,3
305916944,Cirsium vulgare,2025-06-26,4,3
306049677,Cirsium oleraceum,2025-07-27,4,3
306159605,Cirsium nuttallii,2025-08-13,4,3
306217905,Cirsium arvense,2025-08-05,4,3
306243883,Cirsium vulgare,2025-08-14,4,3
30624509,Cirsium vulgare,2019-08-11,4,3
306251185,Cirsium vulgare,2025-08-14,4,3
306255531,Cirsium arvense,2025-08-13,4,3
306285729,Cirsium vulgare,2025-08-14,4,3
306299932,Cirsium vulgare,2025-08-12,4,3
306376743,Cirsium arvense,2025-08-14,4,3
306520432,Cirsium centaureae,2025-08-14,4,3
306579490,Cirsium muticum,2025-08-15,4,3
306592847,Cirsium arvense,2025-08-15,4,3
306621537,Cirsium vulgare,2025-08-15,4,3
306651346,Cirsium muticum,2025-08-12,4,3
306766407,Cirsium arvense,2025-08-16,4,3
306872846,Cirsium arvense,2025-08-13,4,3
306905204,Cirsium flodmanii,2025-08-15,4,3
307154872,Cirsium muticum,2025-08-17,4,3
307211397,Cirsium arvense,2025-08-18,4,3
307229362,Cirsium arvense,2025-08-18,4,3
30723431,Cirsium arvense,2019-08-12,4,3
307251682,Cirsium vulgare,2025-08-01,4,3
307258081,Cirsium vulgare,2025-08-17,4,3
307275791,Cirsium oleraceum,2025-08-15,4,3
30727663,Cirsium muticum,2019-08-12,4,3
30730162,Cirsium flodmanii,2019-08-02,4,3
307353813,Cirsium discolor,2025-08-18,4,3
307383991,Cirsium altissimum,2025-08-18,4,3
307392563,Cirsium discolor,2025-08-18,4,3
307408995,Cirsium vulgare,2025-08-08,4,3
307507115,Cirsium vulgare,2025-08-17,4,3
307542135,Cirsium ochrocentrum,2025-08-10,4,3
307610195,Cirsium vulgare,2025-08-19,4,3
307645033,Cirsium vulgare,2025-08-20,4,3
307707663,Cirsium vulgare,2025-08-20,4,3
307721367,Cirsium oleraceum,2025-08-20,4,3
307723027,Cirsium arvense,2025-08-20,4,3
30775496,Cirsium discolor,2019-08-13,4,3
307931951,Cirsium arvense,2025-08-21,4,3
307998690,Cirsium vulgare,2025-08-21,4,3
308086113,Cirsium discolor,2025-08-21,4,3
308135446,Cirsium vulgare,2025-08-20,4,3
30814565,Cirsium palustre,2019-08-14,4,3
308232713,Cirsium vulgare,2025-08-22,4,3
308304738,Cirsium vulgare,2025-08-22,4,3
308384747,Cirsium palustre,2025-08-22,4,3
308388876,Cirsium arvense,2025-08-23,4,3
308394991,Cirsium heterophyllum,2025-08-07,4,3
308453508,Cirsium altissimum,2025-08-23,4,3
308574850,Cirsium vulgare,2025-08-23,4,3
308949469,Cirsium vulgare,2025-08-24,4,3
309000824,Cirsium vulgare,2025-08-05,4,3
309079334,Cirsium vulgare,2025-08-21,4,3
309095054,Cirsium vulgare,2025-08-25,4,3
309125983,Cirsium altissimum,2025-08-25,4,3
309527005,Cirsium arvense,2025-08-27,4,3
309534083,Cirsium arizonicum,2025-08-21,4,3
309575275,Cirsium altissimum,2025-08-27,4,3
309611874,Cirsium altissimum,2025-08-27,4,3
309627497,Cirsium arvense,2024-09-01,4,3
309686672,Cirsium arvense,2025-08-28,4,3
309736623,Cirsium oleraceum,2025-08-24,4,3
30994042,Cirsium palustre,2019-08-17,4,3
310249119,Cirsium canescens,2025-08-30,4,3
310548661,Cirsium canum,2025-08-31,4,3
310614821,Cirsium vulgare,2025-08-31,4,3
310639717,Cirsium altissimum,2025-08-31,4,3
310733152,Cirsium altissimum,2025-08-30,4,3
310816934,Cirsium discolor,2025-09-01,4,3
310896166,Cirsium altissimum,2025-08-31,4,3
311003949,Cirsium arvense,2025-09-01,4,3
311036931,Cirsium discolor,2025-08-30,4,3
311086637,Cirsium canum,2025-07-30,4,3
311091527,Cirsium heterophyllum,2025-08-21,4,3
31112929,Cirsium helenioides,2019-07-03,4,3
311170856,Cirsium arvense,2025-08-31,4,3
311237646,Cirsium vulgare,2025-08-24,4,3
311317690,Cirsium heterophyllum,2025-09-03,4,3
311400842,Cirsium vulgare,2025-09-03,4,3
311520711,Cirsium discolor,2025-09-04,4,3
311548154,Cirsium discolor,2025-09-04,4,3
311713924,Cirsium altissimum,2025-09-04,4,3
311771068,Cirsium coloradense,2025-08-17,4,3
311779678,Cirsium arvense,2025-09-05,4,3
311983336,Cirsium muticum,2025-09-06,4,3
312309596,Cirsium virginianum,2025-09-04,4,3
312310828,Cirsium discolor,2025-09-07,4,3
312468478,Cirsium spinosissimum,2025-08-31,4,3
312584844,Cirsium arvense,2025-09-04,4,3
312610945,Cirsium arvense,2025-09-08,4,3
31279903,Cirsium palustre,2019-08-15,4,3
312857204,Cirsium phyllocephalum,2025-09-09,4,3
312866203,Cirsium vulgare,2025-09-07,4,3
312900074,Cirsium vulgare,2025-09-10,4,3
312901577,Cirsium vulgare,2025-09-07,4,3
313073937,Cirsium altissimum,2025-09-10,4,3
31311282,Cirsium muticum,2019-08-22,4,3
313136016,Cirsium altissimum,2025-09-11,4,3
313153232,Cirsium canum,2025-07-23,4,3
313178413,Cirsium monspessulanum,2025-09-04,4,3
313219041,Cirsium mexicanum,2017-04-16,4,3
31338387,Cirsium flodmanii,2019-08-10,4,3
313517473,Cirsium greimleri,2023-07-11,4,3
313611903,Cirsium oleraceum,2025-08-06,4,3
313625530,Cirsium vulgare,2025-09-06,4,3
313652863,Cirsium vulgare,2025-09-13,4,3
313763476,Cirsium canum,2025-09-09,4,3
313798573,Cirsium serrulatum,2025-09-14,4,3
314112248,Cirsium oleraceum,2025-09-13,4,3
31416614,Cirsium discolor,2019-08-24,4,3
31430945,Cirsium acaulon,2019-08-24,4,3
314365837,Cirsium discolor,2025-08-28,4,3
314401310,Cirsium vulgare,2025-09-14,4,3
314486606,Cirsium palustre,2025-09-16,4,3
314668403,Cirsium arvense,2025-09-16,4,3
314803544,Cirsium heterophyllum,2025-09-18,4,3
314816880,Cirsium arvense,2025-09-16,4,3
315057045,Cirsium arvense,2025-09-13,4,3
31512057,Cirsium altissimum,2019-08-25,4,3
315130374,Cirsium altissimum,2025-09-19,4,3
315372128,Cirsium oleraceum,2025-09-18,4,3
31547338,Cirsium discolor,2019-08-25,4,3
315523480,Cirsium oleraceum,2025-09-21,4,3
315701653,Cirsium vulgare,2025-09-21,4,3
316031037,Cirsium vulgare,2025-09-23,4,3
31616937,Cirsium vulgare,2019-07-02,4,3
316191127,Cirsium altissimum,2025-09-23,4,3
316272540,Cirsium mexicanum,2025-09-23,4,3
316439082,Cirsium discolor,2025-08-31,4,3
316560889,Cirsium altissimum,2025-08-14,4,3
316570439,Cirsium vulgare,2025-08-29,4,3
316843993,Cirsium vulgare,2025-09-10,4,3
316891676,Cirsium vulgare,2025-09-26,4,3
31699208,Cirsium nuttallii,2007-07-24,4,3
317202399,Cirsium vulgare,2025-09-28,4,3
317232366,Cirsium arvense,2025-08-14,4,3
317296758,Cirsium serrulatum,2025-09-28,4,3
317339608,Cirsium heterophyllum,2025-09-28,4,3
31748334,Cirsium arvense,2019-08-19,4,3
317621443,Cirsium arvense,2025-08-27,4,3
317854492,Cirsium arvense,2025-09-30,4,3
318029491,Cirsium heterophyllum,2025-07-24,4,3
318079431,Cirsium arvense,2025-10-01,4,3
31811779,Cirsium discolor,2019-08-30,4,3
318254048,Cirsium canescens,2024-07-11,4,3
318466699,Cirsium arvense,2025-09-30,4,3
318492622,Cirsium altissimum,2024-09-12,4,3
318773025,Cirsium arvense,2025-10-04,4,3
319011413,Cirsium muticum,2025-09-06,4,3
319178138,Cirsium oleraceum,2025-10-06,4,3
319245611,Cirsium vulgare,2025-10-03,4,3
319302405,Cirsium undulatum,2025-06-22,4,3
319384002,Cirsium arvense,2025-09-18,4,3
31941463,Cirsium muticum,2019-08-31,4,3
31970309,Cirsium mohavense,2019-09-01,4,3
31973051,Cirsium rhizocephalum,2019-08-28,4,3
319732201,Cirsium arvense,2025-10-09,4,3
319792713,Cirsium vulgare,2025-10-07,4,3
31985849,Cirsium altissimum,2019-09-02,4,3
32000858,Cirsium vulgare,2019-09-02,4,3
320040321,Cirsium vulgare,2025-10-06,4,3
320168253,Cirsium acaulon,2025-10-11,4,3
320295632,Cirsium vulgare,2025-10-11,4,3
32069395,Cirsium discolor,2019-09-02,4,3
320977140,Cirsium vulgare,2025-10-14,4,3
321080488,Cirsium vulgare,2025-08-03,4,3
321140250,Cirsium altissimum,2025-08-30,4,3
32139219,Cirsium vulgare,2019-09-04,4,3
321624062,Cirsium vulgare,2025-10-17,4,3
32187385,Cirsium altissimum,2019-09-05,4,3
321978970,Cirsium scariosum,2017-06-30,4,3
32198320,Cirsium vulgare,2019-06-18,4,3
32226625,Cirsium altissimum,2019-09-05,4,3
322604572,Cirsium heterophyllum,2025-10-23,4,3
322633975,Cirsium vulgare,2025-10-23,4,3
322757053,Cirsium vulgare,2025-10-24,4,3
323370013,Cirsium vulgare,2025-10-25,4,3
32348552,Cirsium palustre,2019-07-29,4,3
323492750,Cirsium flodmanii,2025-09-17,4,3
323877678,Cirsium vulgare,2025-10-26,4,3
325019502,Cirsium oleraceum,2025-11-05,4,3
325178569,Cirsium arvense,2025-10-11,4,3
325260232,Cirsium heterophyllum,2025-08-06,4,3
325367244,Cirsium altissimum,2025-08-17,4,3
325452343,Cirsium vulgare,2025-11-07,4,3
32549825,Cirsium notorhaphis,2019-09-01,4,3
325868021,Cirsium vulgare,2025-08-17,4,3
32625315,Cirsium altissimum,2019-09-12,4,3
326470898,Cirsium vulgare,2025-11-14,4,3
326607354,Cirsium vulgare,2025-11-15,4,3
326657779,Cirsium vulgare,2025-11-14,4,3
327183160,Cirsium vulgare,2025-08-10,4,3
327279130,Cirsium arvense,2025-09-03,4,3
327991927,Cirsium vulgare,2025-08-11,4,3
328255347,Cirsium vulgare,2024-07-11,4,3
328441330,Cirsium arvense,2025-08-12,4,3
328573904,Cirsium vulgare,2025-08-16,4,3
32888600,Cirsium discolor,2019-09-17,4,3
328962154,Cirsium vulgare,2025-11-29,4,3
329170711,Cirsium kamtschaticum,1991-08-19,4,3
32929149,Cirsium vulgare,2019-07-11,4,3
329524334,Cirsium townsendii,2025-12-04,4,3
329596219,Cirsium arvense,2025-07-02,4,3
329650490,Cirsium vulgare,2025-09-21,4,3
330157812,Cirsium vulgare,2025-06-26,4,3
330653298,Cirsium arizonicum,2025-12-13,4,3
331467516,Cirsium horridulum,2025-12-20,4,3
331634173,Cirsium scariosum,2024-05-22,4,3
33164492,Cirsium arvense,2019-09-19,4,3
331648986,Cirsium spinosum,2025-10-19,4,3
331669646,Cirsium greimleri,2025-06-05,4,3
33204804,Cirsium arvense,2019-09-21,4,3
332731260,Cirsium vulgare,2025-12-24,4,3
332770630,Cirsium vulgare,2025-12-30,4,3
333403340,Cirsium sieversii,2025-06-20,4,3
333678451,Cirsium semenowii,2025-08-07,4,3
3341660,Cirsium rhaphilepis,2016-05-26,4,3
334658293,Cirsium vulgare,2025-08-17,4,3
334806274,Cirsium vulgare,2026-01-05,4,3
334869558,Cirsium vulgare,2026-01-15,4,3
334940623,Cirsium arvense,2026-01-16,4,3
335193221,Cirsium acaulon,2021-08-28,4,3
335597210,Cirsium palustre,2025-07-29,4,3
335875680,Cirsium neomexicanum,2021-05-06,4,3
336154307,Cirsium vulgare,2026-01-26,4,3
336165744,Cirsium nuttallii,2026-01-25,4,3
336582235,Cirsium helenioides,2020-07-21,4,3
336642769,Cirsium perplexans,2010-07-16,4,3
337026561,Cirsium palustre,2026-01-23,4,3
337863910,Cirsium townsendii,2019-06-07,4,3
337889105,Cirsium discolor,2019-08-20,4,3
33824951,Cirsium discolor,2019-09-13,4,3
338254080,Cirsium arvense,2025-07-03,4,3
338873449,Cirsium vulgare,2026-02-15,4,3
338997634,Cirsium arvense,2026-01-07,4,3
339140008,Cirsium vulgare,2026-02-16,4,3
340427141,Cirsium palustre,2026-02-24,4,3
341365312,Cirsium carolinianum,2025-06-16,4,3
341812561,Cirsium vulgare,2026-03-03,4,3
34182198,Cirsium altissimum,2019-10-10,4,3
341926579,Cirsium vulgare,2026-03-08,4,3
342624668,Cirsium vulgare,2025-09-17,4,3
343104551,Cirsium horridulum,2026-03-14,4,3
34317284,Cirsium oleraceum,2019-10-06,4,3
343849542,Cirsium horridulum,2026-03-19,4,3
344013092,Cirsium vulgare,2026-03-19,4,3
344104560,Cirsium vulgare,2026-03-18,4,3
344151077,Cirsium palustre,2026-03-21,4,3
344412739,Cirsium palustre,2026-03-22,4,3
34451269,Cirsium vulgare,2019-10-10,4,3
345440437,Cirsium vulgare,2024-08-31,4,3
34656391,Cirsium discolor,2019-10-20,4,3
346872102,Cirsium edule,2026-04-02,4,3
347280187,Cirsium horridulum,2026-04-04,4,3
34731984,Cirsium arvense,2019-10-22,4,3
347334257,Cirsium horridulum,2026-04-04,4,3
347873311,Cirsium horridulum,2026-04-06,4,3
347947213,Cirsium vulgare,2026-04-06,4,3
347968185,Cirsium vulgare,2026-04-07,4,3
348602052,Cirsium douglasii,2026-04-08,4,3
34866768,Cirsium palustre,2019-10-23,4,3
348722397,Cirsium palustre,2026-04-04,4,3
349169511,Cirsium vulgare,2025-10-05,4,3
349496532,Cirsium arvense,2026-01-20,4,3
350072610,Cirsium horridulum,2026-04-15,4,3
350847306,Cirsium vulgare,2026-04-18,4,3
350922525,Cirsium horridulum,2026-04-18,4,3
350966940,Cirsium neomexicanum,2026-04-18,4,3
351130388,Cirsium arvense,2026-04-19,4,3
351465615,Cirsium vulgare,2026-04-16,4,3
352330660,Cirsium horridulum,2026-04-23,4,3
352473422,Cirsium occidentale,2026-04-23,4,3
3533223,Cirsium candelabrum,2016-06-27,4,3
354088412,Cirsium carolinianum,2026-04-25,4,3
354192330,Cirsium horridulum,2026-04-24,4,3
354835331,Cirsium neomexicanum,2026-04-25,4,3
355558631,Cirsium vulgare,2026-04-27,4,3
35599311,Cirsium vulgare,2019-11-10,4,3
356300912,Cirsium arvense,2026-04-28,4,3
357051050,Cirsium arvense,2026-04-30,4,3
357297800,Cirsium neomexicanum,2026-04-28,4,3
357411639,Cirsium occidentale,2026-04-25,4,3
357773521,Cirsium horridulum,2026-05-02,4,3
358145144,Cirsium carolinianum,2026-05-03,4,3
358155385,Cirsium carolinianum,2026-05-02,4,3
358172717,Cirsium occidentale,2026-05-03,4,3
358633105,Cirsium nuttallii,2026-05-04,4,3
358993156,Cirsium vulgare,2026-05-06,4,3
359100114,Cirsium occidentale,2026-04-21,4,3
359227145,Cirsium brevistylum,2026-05-06,4,3
359353803,Cirsium nuttallii,2026-05-04,4,3
359428439,Cirsium palustre,2026-05-07,4,3
359581715,Cirsium scariosum,2026-05-02,4,3
359841532,Cirsium pannonicum,2026-05-04,4,3
359901471,Cirsium palustre,2026-05-09,4,3
359921454,Cirsium serrulatum,2026-05-09,4,3
36028854,Cirsium purpuratum,2008-09-27,4,3
360628554,Cirsium arvense,2026-05-10,4,3
360917568,Cirsium arvense,2026-05-12,4,3
360980367,Cirsium discolor,2026-05-11,4,3
361071399,Cirsium cymosum,2026-05-12,4,3
361094183,Cirsium vulgare,2026-05-13,4,3
36137905,Cirsium muticum,2015-07-30,4,3
362511050,Cirsium neomexicanum,2026-05-17,4,3
362722098,Cirsium brevistylum,2026-05-10,4,3
362770863,Cirsium horridulum,2026-05-17,4,3
363000376,Cirsium arvense,2026-05-19,4,3
363299810,Cirsium palustre,2026-05-20,4,3
363482425,Cirsium vulgare,2026-05-20,4,3
363544729,Cirsium neomexicanum,2026-05-20,4,3
363778725,Cirsium palustre,2026-05-21,4,3
363856727,Cirsium neomexicanum,2026-04-25,4,3
36412541,Cirsium vulgare,2019-12-01,4,3
364337393,Cirsium vulgare,2026-05-17,4,3
365163533,Cirsium oleraceum,2026-05-25,4,3
365246279,Cirsium vulgare,2026-05-23,4,3
365340882,Cirsium neomexicanum,2026-05-23,4,3
365341448,Cirsium rivulare,2026-05-26,4,3
365866590,Cirsium palustre,2026-05-27,4,3
366211034,Cirsium undulatum,2026-05-25,4,3
366460167,Cirsium erisithales,2026-05-29,4,3
366545959,Cirsium brevistylum,2026-05-28,4,3
367272851,Cirsium vulgare,2026-05-31,4,3
367787257,Cirsium palustre,2026-06-02,4,3
368568661,Cirsium rivulare,2026-06-05,4,3
368616117,Cirsium palustre,2026-06-05,4,3
368930924,Cirsium palustre,2026-06-04,4,3
368975138,Cirsium rivulare,2026-06-06,4,3
368982072,Cirsium palustre,2026-06-06,4,3
369024898,Cirsium scariosum,2026-06-05,4,3
369091958,Cirsium erisithales,2026-06-06,4,3
369949831,Cirsium vulgare,2025-08-09,4,3
370186539,Cirsium vulgare,2026-05-30,4,3
370463454,Cirsium nuttallii,2026-06-10,4,3
370509335,Cirsium occidentale,2026-06-10,4,3
371121542,Cirsium brevistylum,2026-06-12,4,3
371150879,Cirsium palustre,2026-06-13,4,3
37124912,Cirsium arvense,2019-12-31,4,3
371257565,Cirsium dissectum,2026-06-13,4,3
371554362,Cirsium nuttallii,2026-06-13,4,3
371567635,Cirsium arvense,2026-05-18,4,3
371701501,Cirsium muticum,2026-06-13,4,3
371828892,Cirsium brevistylum,2026-06-14,4,3
371885253,Cirsium rivulare,2026-06-14,4,3
371916748,Cirsium palustre,2026-06-14,4,3
372024915,Cirsium arvense,2026-06-15,4,3
372169457,Cirsium horridulum,2026-06-15,4,3
372392075,Cirsium vulgare,2026-06-16,4,3
372420362,Cirsium vulgare,2021-07-12,4,3
372458999,Cirsium arvense,2026-06-16,4,3
372486038,Cirsium occidentale,2026-06-16,4,3
372537180,Cirsium brevistylum,2026-06-15,4,3
372919482,Cirsium arvense,2026-06-18,4,3
373120662,Cirsium arizonicum,2026-06-18,4,3
373302472,Cirsium nuttallii,2026-06-19,4,3
3733629,Cirsium undulatum,2016-07-10,4,3
37357107,Cirsium vulgare,2020-01-04,4,3
373709504,Cirsium palustre,2026-06-19,4,3
373817304,Cirsium vulgare,2026-06-20,4,3
374244516,Cirsium oleraceum,2026-06-21,4,3
374424648,Cirsium heterophyllum,2026-06-22,4,3
374566688,Cirsium nuttallii,2026-06-22,4,3
374610268,Cirsium arvense,2026-06-14,4,3
374858021,Cirsium palustre,2026-06-24,4,3
374946987,Cirsium filipendulum,2026-06-13,4,3
375013652,Cirsium vulgare,2026-06-24,4,3
375016843,Cirsium scariosum,2026-06-24,4,3
375102576,Cirsium nuttallii,2026-06-24,4,3
375164242,Cirsium heterophyllum,2026-06-23,4,3
375310514,Cirsium cymosum,2026-06-21,4,3
375360558,Cirsium brevistylum,2026-06-01,4,3
375695767,Cirsium palustre,2026-05-18,4,3
376297933,Cirsium nuttallii,2026-06-28,4,3
376333354,Cirsium scariosum,2026-06-20,4,3
376459246,Cirsium scariosum,2026-06-27,4,3
376602715,Cirsium erisithales,2026-06-26,4,3
376636118,Cirsium vulgare,2026-06-29,4,3
376691526,Cirsium palustre,2026-06-29,4,3
377113886,Cirsium palustre,2026-07-01,4,3
37990403,Cirsium vulgare,2020-01-26,4,3
3806487,Cirsium arvense,2016-07-24,4,3
38253708,Cirsium pendulum,2019-08-27,4,3
38329542,Cirsium vulgare,2020-01-30,4,3
38708227,Cirsium vulgare,2015-08-21,4,3
39150897,Cirsium arvense,2015-08-09,4,3
39199174,Cirsium palustre,2020-02-24,4,3
39264272,Cirsium ehrenbergii,2020-01-27,4,3
39588482,Cirsium arvense,2019-07-28,4,3
3960324,Cirsium discolor,2016-08-21,4,3
39704012,Cirsium vulgare,2020-02-25,4,3
39820178,Cirsium horridulum,2020-03-09,4,3
39923800,Cirsium horridulum,2020-03-13,4,3
41019528,Cirsium neomexicanum,2020-03-29,4,3
41042431,Cirsium horridulum,2020-03-30,4,3
41479113,Cirsium horridulum,2020-04-05,4,3
42649692,Cirsium canum,2010-07-25,4,3
42764872,Cirsium texanum,2020-04-21,4,3
4353003,Cirsium arvense,2016-09-12,4,3
43810295,Cirsium horridulum,2020-02-29,4,3
43912862,Cirsium pacificum,2020-04-26,4,3
44225344,Cirsium vulgare,2016-08-13,4,3
44748963,Cirsium oleraceum,2020-05-03,4,3
44849231,Cirsium horridulum,2020-05-02,4,3
44905368,Cirsium rivulare,2017-09-05,4,3
44922845,Cirsium horridulum,2020-04-26,4,3
44964436,Cirsium vulgare,2020-05-05,4,3
45037557,Cirsium occidentale,2020-04-29,4,3
45592770,Cirsium texanum,2020-05-11,4,3
45752580,Cirsium undulatum,2020-05-03,4,3
45839103,Cirsium carolinianum,2020-05-13,4,3
46332144,Cirsium nuttallii,2020-05-17,4,3
47549903,Cirsium vulgare,2020-05-27,4,3
47637067,Cirsium canescens,2020-05-28,4,3
47661259,Cirsium texanum,2020-05-28,4,3
48241800,Cirsium ochrocentrum,2020-05-29,4,3
48659342,Cirsium palustre,2020-06-05,4,3
48668996,Cirsium heterophyllum,2020-06-06,4,3
48761128,Cirsium canescens,2020-06-06,4,3
48986253,Cirsium vulgare,2017-03-11,4,3
49171887,Cirsium neomexicanum,2020-06-10,4,3
49375176,Cirsium arvense,2020-06-12,4,3
49690243,Cirsium palustre,2020-06-15,4,3
49751294,Cirsium rivulare,2020-06-15,4,3
49825522,Cirsium vulgare,2020-06-16,4,3
49850369,Cirsium undulatum,2020-06-16,4,3
50131685,Cirsium arvense,2020-06-19,4,3
50175336,Cirsium vulgare,2020-06-14,4,3
50314446,Cirsium heterophyllum,2020-06-20,4,3
50315646,Cirsium palustre,2020-06-20,4,3
50386040,Cirsium arvense,2020-06-04,4,3
50561698,Cirsium discolor,2020-06-21,4,3
50602636,Cirsium palustre,2020-06-21,4,3
50651845,Cirsium heterophyllum,2020-06-23,4,3
50652263,Cirsium heterophyllum,2020-06-23,4,3
50753583,Cirsium arvense,2020-06-24,4,3
50753861,Cirsium tuberosum,2020-06-24,4,3
50762411,Cirsium heterophyllum,2020-06-24,4,3
51077459,Cirsium vulgare,2020-06-27,4,3
51129753,Cirsium texanum,2020-06-26,4,3
51143646,Cirsium arvense,2020-06-27,4,3
51151429,Cirsium arvense,2020-06-27,4,3
51205223,Cirsium oleraceum,2020-06-28,4,3
5129851,Cirsium horridulum,2017-02-18,4,3
51344668,Cirsium arvense,2020-06-22,4,3
51364012,Cirsium heterophyllum,2020-06-27,4,3
51469596,Cirsium arvense,2020-06-25,4,3
51512365,Cirsium arvense,2020-06-28,4,3
51572922,Cirsium palustre,2020-07-01,4,3
51627458,Cirsium palustre,2020-07-01,4,3
51808816,Cirsium vulgare,2020-07-02,4,3
51811431,Cirsium altissimum,2020-07-03,4,3
51989993,Cirsium arizonicum,2020-07-03,4,3
52131078,Cirsium serratuloides,2020-07-05,4,3
52291311,Cirsium vulgare,2020-07-07,4,3
52323864,Cirsium nuttallii,2020-07-07,4,3
52358402,Cirsium arvense,2020-07-08,4,3
52362599,Cirsium arvense,2020-07-08,4,3
52570941,Cirsium arvense,2020-07-10,4,3
52576227,Cirsium vulgare,2020-07-10,4,3
52713209,Cirsium vulgare,2020-07-11,4,3
52730043,Cirsium texanum,2020-07-10,4,3
52733893,Cirsium undulatum,2020-06-07,4,3
52789138,Cirsium arvense,2020-07-11,4,3
52851094,Cirsium palustre,2020-07-10,4,3
52876115,Cirsium occidentale,2020-07-12,4,3
52928913,Cirsium esculentum,2020-07-13,4,3
52932623,Cirsium arvense,2020-07-07,4,3
52949516,Cirsium arvense,2020-07-13,4,3
53146888,Cirsium arvense,2020-07-14,4,3
53173445,Cirsium palustre,2020-07-04,4,3
53174539,Cirsium arvense,2020-07-10,4,3
53264605,Cirsium brachycephalum,2016-08-20,4,3
53357694,Cirsium arvense,2020-07-17,4,3
53517252,Cirsium vulgare,2020-07-16,4,3
53676254,Cirsium vulgare,2020-07-19,4,3
53703284,Cirsium discolor,2020-07-19,4,3
53727690,Cirsium arizonicum,2020-07-17,4,3
53731982,Cirsium vulgare,2020-07-20,4,3
53845227,Cirsium helenioides,2006-07-25,4,3
54042568,Cirsium heterophyllum,2020-07-23,4,3
54086464,Cirsium undulatum,2020-07-14,4,3
54098451,Cirsium arvense,2020-07-23,4,3
54344627,Cirsium andersonii,2020-07-23,4,3
54529660,Cirsium oleraceum,2020-07-27,4,3
54536780,Cirsium oleraceum,2020-07-27,4,3
54627979,Cirsium pumilum,2020-07-28,4,3
54721254,Cirsium oleraceum,2020-07-28,4,3
54761369,Cirsium alatum,2020-07-29,4,3
54792598,Cirsium vulgare,2020-07-29,4,3
54794842,Cirsium arvense,2020-07-29,4,3
54807207,Cirsium arvense,2020-07-29,4,3
54877334,Cirsium altissimum,2020-07-30,4,3
55021508,Cirsium vulgare,2020-08-01,4,3
55022541,Cirsium vulgare,2020-08-01,4,3
55030493,Cirsium arvense,2020-08-01,4,3
55168468,Cirsium oleraceum,2020-08-02,4,3
55238595,Cirsium arvense,2020-08-01,4,3
55312041,Cirsium palustre,2020-08-01,4,3
55382133,Cirsium arvense,2020-08-04,4,3
55495780,Cirsium palustre,2020-07-22,4,3
55578133,Cirsium oleraceum,2020-07-15,4,3
55636065,Cirsium vulgare,2020-08-06,4,3
55751159,Cirsium altissimum,2020-08-06,4,3
55786829,Cirsium vulgare,2020-08-08,4,3
55814628,Cirsium vulgare,2020-08-07,4,3
55856349,Cirsium vulgare,2020-08-07,4,3
55923754,Cirsium vulgare,2020-08-01,4,3
55953268,Cirsium canum,2020-08-03,4,3
55968764,Cirsium vulgare,2020-08-09,4,3
56007411,Cirsium canum,2020-08-10,4,3
56119406,Cirsium vulgare,2020-08-11,4,3
56146397,Cirsium vulgare,2020-07-29,4,3
56157110,Cirsium vulgare,2020-08-07,4,3
56196436,Cirsium palustre,2020-06-07,4,3
56216091,Cirsium altissimum,2020-08-12,4,3
56230216,Cirsium arvense,2020-07-19,4,3
56236948,Cirsium palustre,2020-07-28,4,3
56282248,Cirsium vulgare,2020-07-17,4,3
56484262,Cirsium arvense,2020-08-13,4,3
56513197,Cirsium vulgare,2020-08-13,4,3
56517730,Cirsium vulgare,2020-08-15,4,3
56552851,Cirsium oligophyllum,2020-08-05,4,3
56562702,Cirsium vulgare,2020-08-15,4,3
56874534,Cirsium muticum,2020-08-18,4,3
57159287,Cirsium discolor,2020-08-21,4,3
57182577,Cirsium arvense,2020-08-17,4,3
57224833,Cirsium acaulon,2020-08-22,4,3
57279198,Cirsium arvense,2003-09-06,4,3
57366355,Cirsium ukranicum,2020-08-23,4,3
57380964,Cirsium pugnax,2020-08-03,4,3
57453935,Cirsium palustre,2020-07-15,4,3
57671739,Cirsium arvense,2020-08-26,4,3
57696468,Cirsium arvense,2020-08-26,4,3
57718919,Cirsium oleraceum,2020-08-27,4,3
57748665,Cirsium oleraceum,2020-08-21,4,3
57823799,Cirsium vulgare,2020-08-28,4,3
58061283,Cirsium vulgare,2020-08-30,4,3
58157830,Cirsium oleraceum,2020-08-18,4,3
58166714,Cirsium yatsu-alpicola,2020-08-24,4,3
58468616,Cirsium vulgare,2018-01-30,4,3
5873797,Cirsium neomexicanum,2017-04-20,4,3
58738275,Cirsium palustre,2020-07-26,4,3
59069012,Cirsium discolor,2020-09-09,4,3
59090726,Cirsium discolor,2020-09-07,4,3
59098089,Cirsium altissimum,2020-09-09,4,3
59238582,Cirsium arvense,2020-09-11,4,3
59430395,Cirsium arvense,2020-09-13,4,3
5943067,Cirsium occidentale,2017-04-24,4,3
59602086,Cirsium altissimum,2020-09-14,4,3
59669361,Cirsium vulgare,2020-09-15,4,3
59953213,Cirsium vlassovianum,2020-09-17,4,3
59983086,Cirsium arvense,2020-09-18,4,3
60010672,Cirsium vulgare,2020-09-18,4,3
60020636,Cirsium vulgare,2020-09-18,4,3
60023922,Cirsium arvense,2020-09-18,4,3
60028242,Cirsium arvense,2020-09-18,4,3
60031179,Cirsium vulgare,2020-09-18,4,3
60047022,Cirsium muticum,2020-07-31,4,3
60198564,Cirsium serratuloides,2020-09-18,4,3
60268120,Cirsium mohavense,2020-09-19,4,3
60326626,Cirsium arvense,2020-09-20,4,3
60403831,Cirsium discolor,2020-09-22,4,3
60441536,Cirsium helenioides,2020-08-02,4,3
61706009,Cirsium palustre,2020-09-03,4,3
61991410,Cirsium arvense,2020-10-07,4,3
62359229,Cirsium arvense,2020-10-01,4,3
62384535,Cirsium heterophyllum,2020-10-11,4,3
62554227,Cirsium vulgare,2020-10-11,4,3
62838500,Cirsium discolor,2007-09-06,4,3
62915748,Cirsium arvense,2020-10-18,4,3
63023768,Cirsium arvense,2020-10-19,4,3
63399751,Cirsium vulgare,2020-10-24,4,3
63479844,Cirsium vulgare,2020-10-25,4,3
63513128,Cirsium vulgare,2020-10-20,4,3
63646312,Cirsium esculentum,2020-07-28,4,3
63653816,Cirsium horridulum,2020-05-09,4,3
63745154,Cirsium altissimum,2020-10-25,4,3
63767803,Cirsium oleraceum,2020-10-29,4,3
63949618,Cirsium pendulum,2020-08-25,4,3
64208780,Cirsium horridulum,2020-03-01,4,3
64401242,Cirsium arvense,2008-08-09,4,3
64417657,Cirsium arvense,2020-09-27,4,3
64717385,Cirsium oleraceum,2020-11-12,4,3
6472679,Cirsium occidentale,2004-07-14,4,3
65183351,Cirsium vulgare,2020-11-03,4,3
65697660,Cirsium arvense,2020-11-27,4,3
65850271,Cirsium vulgare,2020-11-29,4,3
65939974,Cirsium palustre,2020-12-01,4,3
66217528,Cirsium erisithales,2020-06-04,4,3
66492734,Cirsium arvense,2020-12-08,4,3
67083312,Cirsium vulgare,2020-12-25,4,3
67089561,Cirsium gagnidzei,2019-08-13,4,3
67532086,Cirsium vulgare,2020-08-20,4,3
67716480,Cirsium undulatum,2017-06-20,4,3
6774416,Cirsium arvense,2017-06-24,4,3
68123469,Cirsium bicentenariale,2020-04-14,4,3
68219803,Cirsium monspessulanum,2019-07-20,4,3
68345838,Cirsium vulgare,2021-01-19,4,3
68408574,Cirsium morinifolium,2015-07-19,4,3
68410745,Cirsium palustre,2020-05-17,4,3
68850918,Cirsium vulgare,2021-01-27,4,3
69007864,Cirsium oleraceum,2019-08-17,4,3
69080521,Cirsium arvense,2021-02-05,4,3
69204566,Cirsium discolor,2016-09-19,4,3
6922081,Cirsium nivale,2017-07-02,4,3
69237372,Cirsium vulgare,2021-02-07,4,3
69470284,Cirsium vulgare,2020-08-09,4,3
6958711,Cirsium arvense,2017-07-05,4,3
69613639,Cirsium schantarense,2019-06-16,4,3
6989443,Cirsium muticum,2017-07-09,4,3
69897229,Cirsium subcoriaceum,2021-02-20,4,3
6995173,Cirsium heterophyllum,2010-07-12,4,3
70156452,Cirsium vulgare,2021-02-24,4,3
70167039,Cirsium arvense,2021-01-07,4,3
70429991,Cirsium arvense,2011-07-25,4,3
71343113,Cirsium undulatum,2020-08-18,4,3
71700068,Cirsium oleraceum,2019-08-01,4,3
71725525,Cirsium osseticum,2020-07-15,4,3
72322067,Cirsium undulatum,2021-03-28,4,3
72423806,Cirsium neomexicanum,2021-03-11,4,3
72475115,Cirsium vulgare,2021-03-30,4,3
72630606,Cirsium heterophyllum,1984-05-26,4,3
72906082,Cirsium horridulum,2021-04-04,4,3
72948891,Cirsium quercetorum,2021-04-04,4,3
73067039,Cirsium horridulum,2021-04-05,4,3
73206323,Cirsium horridulum,2021-04-06,4,3
7322260,Cirsium muticum,2017-07-20,4,3
73309952,Cirsium palustre,2021-04-08,4,3
73454170,Cirsium mexicanum,2021-04-09,4,3
73481467,Cirsium vulgare,2020-05-01,4,3
73539440,Cirsium vulgare,2021-04-10,4,3
73708579,Cirsium vulgare,2021-04-10,4,3
73739922,Cirsium horridulum,2021-04-12,4,3
73762200,Cirsium ehrenbergii,2021-04-11,4,3
73815646,Cirsium japonicum,2021-04-08,4,3
7387126,Cirsium vulgare,2017-08-06,4,3
73946645,Cirsium occidentale,2021-04-10,4,3
7412788,Cirsium arvense,2017-08-08,4,3
74266336,Cirsium horridulum,2021-04-17,4,3
74287029,Cirsium horridulum,2021-04-17,4,3
74352669,Cirsium palustre,2021-04-17,4,3
74783083,Cirsium horridulum,2021-04-21,4,3
75049779,Cirsium filipendulum,2021-04-24,4,3
75144102,Cirsium undulatum,2021-04-24,4,3
75271589,Cirsium occidentale,2021-04-25,4,3
75286336,Cirsium neomexicanum,2021-04-25,4,3
7536944,Cirsium muticum,2017-07-27,4,3
75393414,Cirsium occidentale,2021-04-26,4,3
75417628,Cirsium neomexicanum,2021-04-22,4,3
7547317,Cirsium muticum,2017-08-18,4,3
75585598,Cirsium horridulum,2021-04-19,4,3
75793877,Cirsium heterophyllum,2017-08-20,4,3
7655593,Cirsium palustre,2017-06-09,4,3
76607688,Cirsium vulgare,2021-05-01,4,3
76785722,Cirsium vulgare,2021-05-02,4,3
76786297,Cirsium altissimum,2021-05-02,4,3
76838028,Cirsium occidentale,2021-05-02,4,3
7695731,Cirsium vulgare,2012-03-28,4,3
7706977,Cirsium discolor,2017-08-28,4,3
77390874,Cirsium occidentale,2021-05-04,4,3
77563310,Cirsium occidentale,2021-05-05,4,3
77615986,Cirsium vulgare,2021-05-06,4,3
77686642,Cirsium vulgare,2020-10-31,4,3
77707708,Cirsium rhaphilepis,2021-05-06,4,3
77965910,Cirsium occidentale,2021-05-08,4,3
78558219,Cirsium palustre,2021-05-13,4,3
78603754,Cirsium carolinianum,2021-05-13,4,3
78740234,Cirsium horridulum,2021-05-13,4,3
78853396,Cirsium nuttallii,2021-05-15,4,3
79182602,Cirsium vulgare,2021-05-17,4,3
79397847,Cirsium flodmanii,2021-05-19,4,3
79414423,Cirsium texanum,2021-05-18,4,3
79494936,Cirsium arvense,2016-07-21,4,3
79537326,Cirsium palustre,2021-05-20,4,3
7962618,Cirsium discolor,2017-09-08,4,3
79711305,Cirsium texanum,2021-05-21,4,3
80338307,Cirsium maackii,2015-08-02,4,3
80773342,Cirsium brevistylum,2021-05-29,4,3
80907578,Cirsium rivulare,2021-05-30,4,3
81320411,Cirsium ciliatum,2021-06-02,4,3
81551024,Cirsium nuttallii,2021-06-04,4,3
81638155,Cirsium brevistylum,2021-06-02,4,3
81663190,Cirsium occidentale,2021-06-04,4,3
82079487,Cirsium brevistylum,2021-06-05,4,3
82431123,Cirsium undulatum,2021-06-08,4,3
82523979,Cirsium arvense,2021-06-11,4,3
82547889,Cirsium scariosum,2021-06-09,4,3
82562562,Cirsium oleraceum,2021-06-11,4,3
82660770,Cirsium vulgare,2021-06-12,4,3
82708801,Cirsium palustre,2021-06-12,4,3
83216705,Cirsium vulgare,2021-06-15,4,3
83313298,Cirsium vulgare,2021-06-14,4,3
83390692,Cirsium brevistylum,2021-06-16,4,3
83480477,Cirsium occidentale,2021-06-17,4,3
83495690,Cirsium arvense,2021-06-18,4,3
83763538,Cirsium heterophyllum,2021-06-20,4,3
83780086,Cirsium palustre,2021-06-20,4,3
8392143,Cirsium arvense,2017-07-16,4,3
83996995,Cirsium undulatum,2021-06-21,4,3
84023521,Cirsium undulatum,2021-06-13,4,3
84048182,Cirsium arvense,2021-06-21,4,3
84071655,Cirsium palustre,2021-06-20,4,3
84194789,Cirsium palustre,2021-06-23,4,3
84212223,Cirsium vulgare,2021-06-19,4,3
84250300,Cirsium undulatum,2021-06-13,4,3
84280470,Cirsium arvense,2021-06-20,4,3
84372968,Cirsium arvense,2021-06-24,4,3
84620988,Cirsium arvense,2021-06-26,4,3
84624399,Cirsium undulatum,2021-06-24,4,3
84718098,Cirsium heterophyllum,2021-06-27,4,3
84743361,Cirsium arvense,2021-06-27,4,3
84745782,Cirsium arvense,2021-06-22,4,3
84795504,Cirsium arvense,2021-06-27,4,3
84916605,Cirsium undulatum,2021-06-27,4,3
84982947,Cirsium arvense,2021-06-26,4,3
84983698,Cirsium heterophyllum,2021-06-27,4,3
85004484,Cirsium palustre,2021-06-25,4,3
85088770,Cirsium heterophyllum,2021-06-29,4,3
85208355,Cirsium arvense,2021-07-01,4,3
85270401,Cirsium vulgare,2021-07-01,4,3
85318162,Cirsium palustre,2021-07-01,4,3
85318450,Cirsium palustre,2021-07-01,4,3
85401076,Cirsium vulgare,2021-07-02,4,3
85453790,Cirsium vulgare,2021-07-03,4,3
85472221,Cirsium arvense,2021-07-03,4,3
85535391,Cirsium arvense,2021-06-25,4,3
85631194,Cirsium vulgare,2021-07-04,4,3
85682388,Cirsium arvense,2021-07-04,4,3
85863018,Cirsium scariosum,2021-07-03,4,3
85938960,Cirsium vulgare,2021-07-06,4,3
86025375,Cirsium vulgare,2021-07-07,4,3
86080655,Cirsium muticum,2021-07-07,4,3
86107193,Cirsium muticum,2021-07-07,4,3
86163446,Cirsium arvense,2021-07-07,4,3
86200033,Cirsium arvense,2021-07-07,4,3
86215385,Cirsium arvense,2021-07-08,4,3
86347579,Cirsium vulgare,2021-07-07,4,3
86365286,Cirsium oleraceum,2021-07-10,4,3
86369171,Cirsium scariosum,2021-07-08,4,3
86377316,Cirsium heterophyllum,2021-07-10,4,3
86522033,Cirsium arvense,2021-07-11,4,3
86682049,Cirsium oleraceum,2021-07-12,4,3
86716959,Cirsium arvense,2021-07-11,4,3
86748559,Cirsium arvense,2021-07-12,4,3
86759564,Cirsium pugnax,2021-07-12,4,3
8697851,Cirsium altissimum,2016-09-20,4,3
86995392,Cirsium arvense,2021-07-10,4,3
87053886,Cirsium nuttallii,2021-07-11,4,3
87131533,Cirsium vulgare,2021-07-15,4,3
87231121,Cirsium undulatum,2021-06-18,4,3
87370275,Cirsium oleraceum,2021-07-17,4,3
87381722,Cirsium palustre,2021-07-17,4,3
87407470,Cirsium vulgare,2021-07-17,4,3
87427534,Cirsium vulgare,2021-07-17,4,3
87490290,Cirsium muticum,2021-07-17,4,3
87611897,Cirsium parryi,2021-07-16,4,3
87654044,Cirsium vulgare,2021-07-18,4,3
87691492,Cirsium vulgare,2021-07-11,4,3
87692869,Cirsium vulgare,2021-07-19,4,3
87798952,Cirsium vulgare,2021-07-19,4,3
87827886,Cirsium canum,2021-07-17,4,3
87989091,Cirsium oleraceum,2021-07-21,4,3
88024552,Cirsium vulgare,2021-07-21,4,3
88033403,Cirsium vulgare,2021-07-21,4,3
88096299,Cirsium mexicanum,2018-04-26,4,3
88166171,Cirsium oleraceum,2015-09-21,4,3
88227893,Cirsium vulgare,2021-07-20,4,3
88320747,Cirsium arvense,2021-07-17,4,3
88363254,Cirsium oleraceum,2021-07-24,4,3
88369702,Cirsium arvense,2021-07-24,4,3
88391093,Cirsium vulgare,2021-07-24,4,3
88431212,Cirsium vulgare,2021-07-24,4,3
88431371,Cirsium arvense,2021-07-24,4,3
88435820,Cirsium flodmanii,2021-07-07,4,3
88492711,Cirsium vulgare,2021-07-24,4,3
88530454,Cirsium arvense,2021-07-25,4,3
88662100,Cirsium vulgare,2021-07-26,4,3
88688577,Cirsium arvense,2021-07-26,4,3
88703138,Cirsium arvense,2021-07-25,4,3
88709941,Cirsium palustre,2021-07-18,4,3
88724118,Cirsium arvense,2020-08-01,4,3
88786834,Cirsium mexicanum,2021-07-25,4,3
88794121,Cirsium oleraceum,2021-07-27,4,3
88805980,Cirsium vulgare,2021-07-27,4,3
88861976,Cirsium vulgare,2021-07-27,4,3
88887723,Cirsium vulgare,2021-07-25,4,3
88916846,Cirsium schantarense,2021-06-17,4,3
89008725,Cirsium vulgare,2021-07-28,4,3
89044634,Cirsium vulgare,2021-07-28,4,3
89064169,Cirsium discolor,2021-07-29,4,3
89068937,Cirsium heterophyllum,2021-07-29,4,3
89080270,Cirsium vulgare,2021-07-29,4,3
89177469,Cirsium arvense,2021-07-26,4,3
89225957,Cirsium oleraceum,2021-07-30,4,3
89232854,Cirsium horridulum,2021-07-23,4,3
89260414,Cirsium arvense,2021-07-30,4,3
89274401,Cirsium ehrenbergii,2021-07-30,4,3
89361219,Cirsium ukranicum,2021-07-31,4,3
89365655,Cirsium muticum,2021-07-31,4,3
89372989,Cirsium arvense,2021-07-31,4,3
89418792,Cirsium foliosum,2021-07-28,4,3
89438391,Cirsium arvense,2021-08-01,4,3
89475078,Cirsium altissimum,2021-07-31,4,3
89496056,Cirsium heterophyllum,2021-07-30,4,3
89529872,Cirsium oleraceum,2021-07-28,4,3
89594451,Cirsium flodmanii,2021-08-01,4,3
89653531,Cirsium oleraceum,2021-08-01,4,3
89735400,Cirsium arvense,2021-07-10,4,3
89753697,Cirsium vulgare,2021-08-03,4,3
89792387,Cirsium vulgare,2021-08-03,4,3
89816822,Cirsium vulgare,2021-08-03,4,3
89833971,Cirsium vulgare,2021-08-03,4,3
89918301,Cirsium arvense,2021-08-03,4,3
89939246,Cirsium vulgare,2021-08-04,4,3
89981337,Cirsium muticum,2021-08-02,4,3
90252639,Cirsium arvense,2021-08-07,4,3
90254589,Cirsium serrulatum,2021-08-07,4,3
90401876,Cirsium arvense,2021-08-06,4,3
90417678,Cirsium clavatum,2021-08-06,4,3
90498288,Cirsium arvense,2021-08-08,4,3
90512955,Cirsium arvense,2021-08-09,4,3
90526737,Cirsium oleraceum,2021-08-09,4,3
90561211,Cirsium arvense,2021-08-09,4,3
90565402,Cirsium arvense,2021-08-08,4,3
90636137,Cirsium vulgare,2021-08-07,4,3
90655435,Cirsium parryi,2021-08-04,4,3
90673713,Cirsium vulgare,2021-08-09,4,3
90700311,Cirsium vulgare,2021-08-10,4,3
90741879,Cirsium vulgare,2021-08-10,4,3
90784587,Cirsium muticum,2021-08-11,4,3
90797665,Cirsium monspessulanum,2021-07-10,4,3
90987396,Cirsium oleraceum,2021-08-13,4,3
91039472,Cirsium vulgare,2021-08-13,4,3
91086502,Cirsium obvallatum,2021-07-04,4,3
91089574,Cirsium oleraceum,2021-08-14,4,3
91145544,Cirsium cephalotes,2021-07-04,4,3
91161785,Cirsium muticum,2021-08-14,4,3
91222243,Cirsium vulgare,2021-08-15,4,3
91240586,Cirsium oleraceum,2021-08-15,4,3
91356419,Cirsium pumilum,2021-08-15,4,3
91410525,Cirsium oleraceum,2021-08-08,4,3
91425505,Cirsium serrulatum,2021-08-15,4,3
91441980,Cirsium vulgare,2021-08-16,4,3
91510364,Cirsium arvense,2021-08-17,4,3
91724279,Cirsium vulgare,2021-08-18,4,3
9172648,Cirsium vulgare,2016-08-01,4,3
91733654,Cirsium heterophyllum,2021-08-19,4,3
91877546,Cirsium vulgare,2021-08-20,4,3
91901927,Cirsium vulgare,2021-08-20,4,3
91966635,Cirsium arvense,2021-08-21,4,3
92115453,Cirsium arvense,2021-08-14,4,3
92238250,Cirsium arvense,2021-08-23,4,3
92239311,Cirsium arisanense,2021-08-12,4,3
92242123,Cirsium alsophilum,2021-07-25,4,3
92263117,Cirsium vulgare,2021-08-09,4,3
92301986,Cirsium vulgare,2021-08-23,4,3
92321338,Cirsium serrulatum,2021-08-22,4,3
92486340,Cirsium vulgare,2021-08-25,4,3
92584190,Cirsium arvense,2021-08-26,4,3
92978912,Cirsium arvense,2021-08-29,4,3
93033157,Cirsium pendulum,2021-08-30,4,3
93083045,Cirsium vulgare,2021-08-30,4,3
93141213,Cirsium arvense,2021-08-31,4,3
93165247,Cirsium flodmanii,2021-08-06,4,3
93286568,Cirsium oleraceum,2021-09-01,4,3
93426411,Cirsium vulgare,2021-09-02,4,3
93465725,Cirsium vulgare,2021-09-02,4,3
93573099,Cirsium vulgare,2021-07-08,4,3
93649040,Cirsium altissimum,2021-09-04,4,3
93755349,Cirsium muticum,2021-08-31,4,3
93905468,Cirsium discolor,2021-09-06,4,3
93937397,Cirsium pumilum,2021-09-06,4,3
93954339,Cirsium ochrocentrum,2021-08-31,4,3
94071530,Cirsium altissimum,2021-09-03,4,3
94074901,Cirsium vulgare,2021-09-07,4,3
94150641,Cirsium vulgare,2021-09-08,4,3
94177095,Cirsium discolor,2021-09-07,4,3
94232972,Cirsium discolor,2021-09-09,4,3
94325978,Cirsium vulgare,2021-08-06,4,3
94396948,Cirsium discolor,2021-09-10,4,3
94508611,Cirsium discolor,2021-09-11,4,3
94551726,Cirsium rivulare,2021-06-06,4,3
95088598,Cirsium altissimum,2021-09-15,4,3
95131477,Cirsium arvense,2021-08-15,4,3
95246853,Cirsium rhizocephalum,2021-07-16,4,3
95403871,Cirsium setidens,2021-09-11,4,3
95519229,Cirsium erisithales,2021-08-13,4,3
95527139,Cirsium palustre,2021-09-06,4,3
95864500,Cirsium vulgare,2021-09-23,4,3
96126308,Cirsium virginianum,2021-09-17,4,3
96282319,Cirsium oleraceum,2021-09-26,4,3
96514814,Cirsium palustre,2021-09-27,4,3
96619803,Cirsium discolor,2021-09-28,4,3
96670856,Cirsium obvallatum,2021-07-13,4,3
96774331,Cirsium arvense,2021-08-02,4,3
9681590,Cirsium quercetorum,2017-05-22,4,3
97063819,Cirsium vulgare,2019-08-02,4,3
97112271,Cirsium vulgare,2021-10-01,4,3
97150304,Cirsium muticum,2021-10-02,4,3
97155689,Cirsium altissimum,2021-09-22,4,3
97182051,Cirsium vulgare,2021-10-02,4,3
97788665,Cirsium vulgare,2021-10-09,4,3
97964625,Cirsium altissimum,2021-10-10,4,3
98116168,Cirsium pumilum,2021-10-13,4,3
98365649,Cirsium arvense,2021-10-14,4,3
98432445,Cirsium discolor,2021-10-16,4,3
98465758,Cirsium arvense,2021-08-22,4,3
98540135,Cirsium discolor,2021-09-05,4,3
98771766,Cirsium arvense,2021-10-02,4,3
9879912,Cirsium mohavense,2018-02-13,4,3
98933817,Cirsium vulgare,2021-09-12,4,3
99059752,Cirsium vulgare,2021-10-23,4,3
99182031,Cirsium vulgare,2021-10-24,4,3
99218550,Cirsium arvense,2021-10-16,4,3
99892129,Cirsium arvense,2021-10-31,4,3
100001528,Cirsium oleraceum,2021-10-31,3,2
100004744,Cirsium vulgare,2021-10-10,3,2
100042103,Cirsium altissimum,2021-10-31,3,2
100406720,Cirsium arvense,2021-11-05,3,2
100658654,Cirsium arvense,2021-11-06,3,2
100705189,Cirsium arvense,2021-09-20,3,2
100705584,Cirsium simplex,2021-06-23,3,2
100711278,Cirsium arvense,2021-11-04,3,2
100761198,Cirsium kamtschaticum,2021-08-03,3,2
100831772,Cirsium arvense,2021-08-15,3,2
100930085,Cirsium arvense,2021-11-11,3,2
100997073,Cirsium oleraceum,2021-10-24,3,2
101175544,Cirsium arvense,2021-11-15,3,2
101179296,Cirsium arvense,2021-10-31,3,2
101217810,Cirsium arvense,2021-08-26,3,2
101295814,Cirsium arvense,2021-11-08,3,2
101295821,Cirsium vulgare,2021-11-08,3,2
101379270,Cirsium brevistylum,2021-11-17,3,2
101462012,Cirsium helenioides,2021-08-07,3,2
101528256,Cirsium oleraceum,2021-11-19,3,2
101532705,Cirsium serratuloides,2021-08-07,3,2
101579641,Cirsium vulgare,2021-11-20,3,2
101586484,Cirsium vulgare,2021-11-20,3,2
101597721,Cirsium hupehense,2021-11-21,3,2
101767004,Cirsium monspessulanum,2003-08-20,3,2
101877864,Cirsium vulgare,2021-11-25,3,2
101967106,Cirsium vulgare,2021-11-26,3,2
101979525,Cirsium vulgare,2021-11-27,3,2
102071293,Cirsium vulgare,2021-09-16,3,2
102391715,Cirsium palustre,2021-08-29,3,2
102433079,Cirsium vulgare,2021-12-04,3,2
102525562,Cirsium obvallatum,2017-08-06,3,2
102537741,Cirsium muticum,2021-04-17,3,2
102611563,Cirsium arvense,2021-07-12,3,2
10276168,Cirsium horridulum,2018-03-17,3,2
102770190,Cirsium heterophyllum,2020-07-27,3,2
102862640,Cirsium osseticum,2017-08-12,3,2
103115623,Cirsium acaulon,2019-07-21,3,2
103244959,Cirsium serratuloides,2021-08-18,3,2
103361223,Cirsium ferum,2014-08-03,3,2
103463063,Cirsium vulgare,2021-12-22,3,2
10347228,Cirsium mexicanum,2018-03-17,3,2
103529808,Cirsium palustre,2021-08-24,3,2
103530834,Cirsium flodmanii,2021-10-05,3,2
103573504,Cirsium helenioides,2014-08-04,3,2
10361443,Cirsium horridulum,2018-03-22,3,2
103686958,Cirsium heterophyllum,2021-08-05,3,2
103687153,Cirsium heterophyllum,2021-08-05,3,2
103687816,Cirsium carniolicum,2021-07-19,3,2
103818220,Cirsium arvense,2021-12-28,3,2
104027715,Cirsium arvense,2021-07-23,3,2
104082047,Cirsium texanum,2021-12-31,3,2
104130613,Cirsium arizonicum,2021-07-11,3,2
10415385,Cirsium ehrenbergii,2016-04-09,3,2
104185856,Cirsium vulgare,2022-01-02,3,2
104287740,Cirsium muticum,2020-09-16,3,2
104416724,Cirsium discolor,2021-08-11,3,2
104426773,Cirsium arvense,2020-08-21,3,2
104468438,Cirsium hookerianum,2021-07-26,3,2
104511860,Cirsium oleraceum,2013-08-08,3,2
104564224,Cirsium arvense,2021-07-03,3,2
104593300,Cirsium arvense,2013-08-14,3,2
104759881,Cirsium vulgare,2022-01-10,3,2
104767964,Cirsium vulgare,2021-12-05,3,2
104775255,Cirsium horridulum,2009-06-14,3,2
104778477,Cirsium discolor,2015-09-02,3,2
104809934,Cirsium discolor,2010-09-07,3,2
104891859,Cirsium hookerianum,2021-07-30,3,2
104955858,Cirsium vulgare,2022-01-15,3,2
105016872,Cirsium arvense,2022-01-15,3,2
105028404,Cirsium spinosissimum,2013-07-31,3,2
105098845,Cirsium vulgare,2022-01-14,3,2
105143025,Cirsium vulgare,2022-01-16,3,2
105172413,Cirsium canum,2021-08-11,3,2
105172417,Cirsium canum,2021-08-10,3,2
105389455,Cirsium arvense,2021-07-07,3,2
10547008,Cirsium horridulum,2018-04-01,3,2
105734171,Cirsium alatum,2021-05-01,3,2
105776640,Cirsium greimleri,2018-07-20,3,2
105798282,Cirsium arvense,2020-08-04,3,2
105799811,Cirsium vulgare,2021-06-28,3,2
106051456,Cirsium vulgare,2021-12-13,3,2
106123730,Cirsium pannonicum,2017-10-10,3,2
10622117,Cirsium horridulum,2018-04-04,3,2
106461771,Cirsium vulgare,2021-07-14,3,2
106641273,Cirsium palustre,2021-08-06,3,2
106641406,Cirsium rivulare,2021-06-12,3,2
106733948,Cirsium arvense,2013-09-28,3,2
106736987,Cirsium vulgare,2022-02-14,3,2
106748726,Cirsium palustre,2020-08-10,3,2
106815041,Cirsium turneri,2022-02-12,3,2
106858825,Cirsium vulgare,2022-02-16,3,2
106913687,Cirsium serrulatum,2021-09-19,3,2
106937708,Cirsium canum,2021-08-06,3,2
107118029,Cirsium inamoenum,2017-07-10,3,2
107122200,Cirsium oleraceum,2017-08-01,3,2
107157735,Cirsium arvense,2017-07-03,3,2
107202787,Cirsium ukranicum,2021-08-05,3,2
10721601,Cirsium horridulum,2018-04-08,3,2
10723186,Cirsium acaulon,2013-07-27,3,2
107331472,Cirsium vulgare,2021-08-05,3,2
107417942,Cirsium undulatum,2021-06-15,3,2
107466291,Cirsium vulgare,2022-02-25,3,2
107617641,Cirsium vulgare,2022-02-28,3,2
107700415,Cirsium vulgare,2021-08-29,3,2
107896390,Cirsium vulgare,2022-03-04,3,2
108019497,Cirsium nuttallii,2022-03-05,3,2
108072957,Cirsium vulgare,2022-03-06,3,2
108289118,Cirsium vulgare,2022-03-10,3,2
10861505,Cirsium vulgare,2018-04-13,3,2
108692939,Cirsium horridulum,2022-02-21,3,2
108755325,Cirsium vulgare,2021-08-30,3,2
108774976,Cirsium occidentale,2022-03-16,3,2
108806948,Cirsium undulatum,2021-08-11,3,2
108822477,Cirsium horridulum,2022-03-17,3,2
109244501,Cirsium vulgare,2022-03-19,3,2
109456782,Cirsium discolor,2009-08-01,3,2
109635191,Cirsium horridulum,2022-03-26,3,2
109641655,Cirsium horridulum,2022-03-22,3,2
110017282,Cirsium obvallatum,2019-07-10,3,2
110030081,Cirsium vulgare,2022-03-31,3,2
110078309,Cirsium canum,2021-08-23,3,2
11024020,Cirsium vulgare,2015-02-14,3,2
110280772,Cirsium vulgare,2022-04-03,3,2
110353146,Cirsium occidentale,2022-04-01,3,2
110544337,Cirsium occidentale,2022-04-05,3,2
110618211,Cirsium cymosum,2022-04-06,3,2
110804245,Cirsium pitcheri,2020-07-06,3,2
110899593,Cirsium arvense,2022-04-06,3,2
110949166,Cirsium palustre,2022-04-10,3,2
11179037,Cirsium vulgare,2015-12-04,3,2
111848989,Cirsium horridulum,2022-04-17,3,2
111872335,Cirsium undulatum,2022-04-17,3,2
111994509,Cirsium vulgare,2022-04-18,3,2
112021868,Cirsium vulgare,2022-04-17,3,2
112022605,Cirsium discolor,2022-04-16,3,2
112351585,Cirsium carolinianum,2022-04-21,3,2
112378054,Cirsium nuttallii,2022-04-08,3,2
112438995,Cirsium horridulum,2022-04-22,3,2
112478784,Cirsium occidentale,2022-04-21,3,2
1125002,Cirsium texanum,2012-05-27,3,2
112622348,Cirsium horridulum,2022-04-23,3,2
112910554,Cirsium horridulum,2022-04-13,3,2
11293808,Cirsium horridulum,2018-04-21,3,2
113003788,Cirsium vulgare,2022-04-26,3,2
113007327,Cirsium mexicanum,2022-04-26,3,2
113188364,Cirsium neomexicanum,2022-04-27,3,2
113276670,Cirsium japonicum,2022-04-28,3,2
11338874,Cirsium vulgare,2018-04-22,3,2
113546506,Cirsium horridulum,2022-04-29,3,2
114068919,Cirsium vulgare,2022-04-17,3,2
114197531,Cirsium vulgare,2022-05-01,3,2
114214212,Cirsium horridulum,2022-05-01,3,2
114243397,Cirsium rhaphilepis,2022-05-01,3,2
114471169,Cirsium vulgare,2022-05-01,3,2
114763873,Cirsium altissimum,2022-05-02,3,2
115018849,Cirsium subcoriaceum,2022-01-17,3,2
11561202,Cirsium palustre,2012-07-24,3,2
115648956,Cirsium horridulum,2022-05-05,3,2
115678346,Cirsium palustre,2022-05-05,3,2
115688261,Cirsium vulgare,2022-05-02,3,2
115750916,Cirsium oleraceum,2021-08-15,3,2
115949992,Cirsium horridulum,2022-05-07,3,2
115972455,Cirsium horridulum,2022-04-29,3,2
116178216,Cirsium nuttallii,2022-05-08,3,2
116194897,Cirsium occidentale,2022-05-08,3,2
116669033,Cirsium vulgare,2022-05-07,3,2
117028615,Cirsium vulgare,2022-05-13,3,2
117069999,Cirsium rhaphilepis,2022-05-14,3,2
117295511,Cirsium arvense,2021-06-22,3,2
117403641,Cirsium occidentale,2022-05-16,3,2
117843078,Cirsium vulgare,2022-05-20,3,2
11793088,Cirsium carolinianum,2018-04-29,3,2
118062455,Cirsium carolinianum,2022-05-21,3,2
118181126,Cirsium vulgare,2022-05-22,3,2
11824179,Cirsium undulatum,2018-04-28,3,2
118293548,Cirsium occidentale,2022-05-20,3,2
118316934,Cirsium texanum,2022-05-22,3,2
118417699,Cirsium vulgare,2022-05-23,3,2
118478439,Cirsium arvense,2022-05-15,3,2
118521458,Cirsium arvense,2022-05-24,3,2
118590926,Cirsium vulgare,2022-05-16,3,2
118801812,Cirsium dissectum,2022-05-26,3,2
118822329,Cirsium palustre,2022-05-26,3,2
118901400,Cirsium palustre,2022-05-27,3,2
119070477,Cirsium vulgare,2022-05-28,3,2
119237379,Cirsium horridulum,2022-05-21,3,2
119330086,Cirsium occidentale,2022-05-28,3,2
119607992,Cirsium vulgare,2022-05-31,3,2
119743819,Cirsium ochrocentrum,2022-05-18,3,2
119747112,Cirsium palustre,2022-06-01,3,2
119859262,Cirsium vulgare,2022-06-02,3,2
119867395,Cirsium undulatum,2022-06-02,3,2
119915604,Cirsium arvense,2022-06-02,3,2
120067612,Cirsium neomexicanum,2022-06-03,3,2
120194106,Cirsium arvense,2022-05-31,3,2
120231757,Cirsium neomexicanum,2022-04-15,3,2
120414339,Cirsium cymosum,2022-06-05,3,2
120485221,Cirsium heterophyllum,2022-06-06,3,2
120591397,Cirsium arvense,2022-06-04,3,2
120672273,Cirsium dissectum,2022-06-07,3,2
120672358,Cirsium arizonicum,2022-06-02,3,2
120705868,Cirsium altissimum,2022-06-07,3,2
120736744,Cirsium horridulum,2013-05-10,3,2
120805842,Cirsium heterophyllum,2022-06-08,3,2
120864982,Cirsium arvense,2022-06-08,3,2
120914821,Cirsium vulgare,2022-06-04,3,2
120946912,Cirsium pannonicum,2022-06-08,3,2
121214845,Cirsium palustre,2022-06-10,3,2
121255858,Cirsium undulatum,2022-06-11,3,2
12133659,Cirsium horridulum,2018-04-28,3,2
121464546,Cirsium occidentale,2022-06-12,3,2
121473949,Cirsium townsendii,2022-06-12,3,2
121489469,Cirsium nuttallii,2022-06-12,3,2
121526623,Cirsium arvense,2022-06-11,3,2
121561343,Cirsium arvense,2022-06-13,3,2
121576471,Cirsium vulgare,2021-08-12,3,2
121623649,Cirsium arvense,2022-06-13,3,2
121627332,Cirsium discolor,2022-06-12,3,2
121635686,Cirsium vulgare,2022-06-08,3,2
121645307,Cirsium hookerianum,2022-06-12,3,2
121675721,Cirsium vulgare,2022-06-13,3,2
121949028,Cirsium arvense,2022-06-15,3,2
122078789,Cirsium arizonicum,2022-06-04,3,2
122196919,Cirsium cymosum,2022-06-17,3,2
122198444,Cirsium falconeri,2022-06-17,3,2
122254308,Cirsium vulgare,2022-06-17,3,2
122270159,Cirsium palustre,2022-06-17,3,2
122314423,Cirsium palustre,2022-06-18,3,2
122318185,Cirsium arvense,2022-06-18,3,2
122351518,Cirsium arvense,2022-06-14,3,2
122396282,Cirsium andersonii,2022-05-27,3,2
122409267,Cirsium carolinianum,2022-06-02,3,2
122453965,Cirsium vlassovianum,2011-08-27,3,2
122473842,Cirsium acaulon,2022-06-16,3,2
122539497,Cirsium echinus,2022-06-19,3,2
122700695,Cirsium vulgare,2022-06-20,3,2
122700916,Cirsium undulatum,2022-06-20,3,2
122845535,Cirsium palustre,2022-06-21,3,2
122868326,Cirsium heterophyllum,2022-06-21,3,2
122905137,Cirsium arvense,2022-06-22,3,2
122908498,Cirsium remotifolium,2022-06-21,3,2
122952435,Cirsium vulgare,2022-06-22,3,2
122965333,Cirsium arvense,2022-06-22,3,2
122968543,Cirsium tuberosum,2022-06-22,3,2
122989585,Cirsium palustre,2022-06-22,3,2
122997300,Cirsium ochrocentrum,2022-06-22,3,2
123028456,Cirsium vulgare,2022-06-22,3,2
123122722,Cirsium rivulare,2022-06-19,3,2
123239284,Cirsium arvense,2022-06-23,3,2
123306164,Cirsium vulgare,2022-06-24,3,2
123348203,Cirsium palustre,2022-06-25,3,2
123367732,Cirsium heterophyllum,2022-06-24,3,2
123399080,Cirsium arvense,2022-06-25,3,2
12342394,Cirsium japonicum,2018-05-10,3,2
123448332,Cirsium vulgare,2022-06-25,3,2
123448868,Cirsium occidentale,2022-06-25,3,2
123476983,Cirsium occidentale,2022-06-25,3,2
123489726,Cirsium vulgare,2022-06-26,3,2
123547244,Cirsium arvense,2022-06-26,3,2
123618374,Cirsium brevistylum,2022-06-26,3,2
123670312,Cirsium vulgare,2022-06-27,3,2
123679466,Cirsium engelmannii,2022-06-25,3,2
123705529,Cirsium arvense,2022-06-27,3,2
123717384,Cirsium kosmelii,2014-09-12,3,2
123762735,Cirsium vulgare,2022-06-27,3,2
123768852,Cirsium undulatum,2022-06-26,3,2
123819573,Cirsium heterophyllum,2022-06-27,3,2
123834488,Cirsium heterophyllum,2022-06-27,3,2
123850518,Cirsium arvense,2022-06-28,3,2
123852341,Cirsium scariosum,2022-06-27,3,2
123858947,Cirsium palustre,2022-06-28,3,2
123935961,Cirsium rivulare,2022-06-28,3,2
123949490,Cirsium erisithales,2022-06-21,3,2
124025467,Cirsium arvense,2022-06-29,3,2
124068382,Cirsium undulatum,2022-06-29,3,2
124087965,Cirsium palustre,2021-07-30,3,2
124089120,Cirsium arvense,2022-06-30,3,2
124136151,Cirsium heterophyllum,2022-06-29,3,2
124147150,Cirsium vulgare,2022-06-30,3,2
124155882,Cirsium altissimum,2022-06-28,3,2
124168291,Cirsium palustre,2022-06-30,3,2
124190315,Cirsium inamoenum,2022-06-30,3,2
124224402,Cirsium palustre,2022-07-01,3,2
124263972,Cirsium vulgare,2022-07-01,3,2
124279919,Cirsium undulatum,2022-06-29,3,2
124284421,Cirsium erisithales,2022-07-01,3,2
124297165,Cirsium arvense,2022-07-01,3,2
124302039,Cirsium arvense,2022-06-29,3,2
124331625,Cirsium arvense,2022-07-01,3,2
124348705,Cirsium canescens,2022-06-25,3,2
124376851,Cirsium vulgare,2022-06-27,3,2
12437974,Cirsium ochrocentrum,2018-05-13,3,2
124385015,Cirsium vulgare,2022-06-27,3,2
124394425,Cirsium oleraceum,2022-07-02,3,2
124398557,Cirsium arvense,2022-07-02,3,2
124400716,Cirsium vulgare,2022-07-02,3,2
124421801,Cirsium vulgare,2022-06-29,3,2
124543380,Cirsium oleraceum,2022-07-03,3,2
124551271,Cirsium heterophyllum,2022-07-01,3,2
124560870,Cirsium arvense,2022-06-29,3,2
124573537,Cirsium heterophyllum,2022-07-02,3,2
124593168,Cirsium vulgare,2022-07-03,3,2
124630114,Cirsium arvense,2022-07-03,3,2
124635388,Cirsium arvense,2022-07-03,3,2
124704208,Cirsium arvense,2022-07-02,3,2
124711036,Cirsium carniolicum,2022-07-04,3,2
124748481,Cirsium arvense,2022-07-03,3,2
124779635,Cirsium rivulare,2022-07-03,3,2
124784070,Cirsium heterophyllum,2022-07-04,3,2
124825204,Cirsium arvense,2022-07-04,3,2
124847127,Cirsium occidentale,2022-07-04,3,2
124865483,Cirsium heterophyllum,2022-07-05,3,2
124937714,Cirsium heterophyllum,2022-06-25,3,2
124948573,Cirsium drummondii,2022-07-05,3,2
12498771,Cirsium neomexicanum,2018-05-15,3,2
125009517,Cirsium oleraceum,2022-07-06,3,2
125037031,Cirsium brevistylum,2022-07-06,3,2
125108926,Cirsium vulgare,2022-07-06,3,2
125114384,Cirsium arvense,2022-07-06,3,2
125126311,Cirsium arvense,2022-07-04,3,2
125131505,Cirsium undulatum,2022-07-05,3,2
125134187,Cirsium vulgare,2022-07-07,3,2
125174916,Cirsium oleraceum,2022-07-07,3,2
125181106,Cirsium palustre,2022-06-23,3,2
125213437,Cirsium palustre,2022-07-06,3,2
125233872,Cirsium vulgare,2022-07-06,3,2
125312977,Cirsium arvense,2022-07-08,3,2
125326859,Cirsium palustre,2022-07-08,3,2
125336982,Cirsium arvense,2022-07-08,3,2
125357543,Cirsium palustre,2022-07-06,3,2
125361884,Cirsium vulgare,2022-07-08,3,2
125368233,Cirsium vulgare,2022-07-08,3,2
125429406,Cirsium pumilum,2022-07-08,3,2
125443229,Cirsium arvense,2022-07-09,3,2
125486295,Cirsium arvense,2022-07-09,3,2
125507115,Cirsium arvense,2022-07-09,3,2
125522623,Cirsium arvense,2022-07-09,3,2
125577412,Cirsium heterophyllum,2022-07-10,3,2
125592225,Cirsium altissimum,2022-07-10,3,2
125614709,Cirsium palustre,2022-07-10,3,2
125653584,Cirsium arvense,2022-07-10,3,2
125688704,Cirsium vulgare,2022-07-10,3,2
125706983,Cirsium arvense,2022-07-09,3,2
125708060,Cirsium arvense,2022-07-10,3,2
125753648,Cirsium arvense,2022-07-09,3,2
125837437,Cirsium heterophyllum,2022-07-11,3,2
125901311,Cirsium heterophyllum,2022-07-12,3,2
125915847,Cirsium heterophyllum,2022-07-12,3,2
125929082,Cirsium arvense,2022-07-11,3,2
125929345,Cirsium palustre,2022-07-11,3,2
125946126,Cirsium vulgare,2022-07-09,3,2
125994793,Cirsium arvense,2022-07-12,3,2
126034532,Cirsium vulgare,2022-07-11,3,2
126036791,Cirsium arvense,2022-07-12,3,2
126049935,Cirsium arvense,2022-07-12,3,2
12611869,Cirsium vulgare,2018-05-19,3,2
126119806,Cirsium heterophyllum,2022-07-12,3,2
126154727,Cirsium palustre,2022-07-12,3,2
126162796,Cirsium flodmanii,2022-07-13,3,2
126206646,Cirsium arvense,2022-07-14,3,2
126213229,Cirsium vulgare,2022-07-14,3,2
126226254,Cirsium vulgare,2022-07-13,3,2
126284008,Cirsium palustre,2022-07-14,3,2
126346756,Cirsium vulgare,2022-07-15,3,2
126401571,Cirsium serrulatum,2022-07-15,3,2
12646598,Cirsium carolinianum,2018-05-20,3,2
126495845,Cirsium muticum,2022-07-16,3,2
126564855,Cirsium edule,2022-07-16,3,2
126612049,Cirsium vulgare,2022-07-17,3,2
126617172,Cirsium heterophyllum,2022-07-17,3,2
126617784,Cirsium rivulare,2022-06-01,3,2
126618562,Cirsium arvense,2022-07-17,3,2
126622546,Cirsium vulgare,2022-07-17,3,2
126635294,Cirsium arvense,2022-07-09,3,2
126635698,Cirsium vulgare,2022-07-16,3,2
126636881,Cirsium vulgare,2022-07-17,3,2
126681044,Cirsium heterophyllum,2022-07-17,3,2
126689893,Cirsium palustre,2022-07-16,3,2
126759448,Cirsium vulgare,2022-07-15,3,2
126760445,Cirsium drummondii,2012-07-07,3,2
126794313,Cirsium heterophyllum,2022-07-16,3,2
126809908,Cirsium palustre,2022-07-18,3,2
126844471,Cirsium nuttallii,2022-07-16,3,2
126911927,Cirsium edule,2022-07-18,3,2
126942953,Cirsium palustre,2022-07-18,3,2
127011785,Cirsium arvense,2022-07-19,3,2
127013924,Cirsium vulgare,2022-07-19,3,2
127019530,Cirsium palustre,2022-07-19,3,2
127041967,Cirsium vulgare,2022-07-17,3,2
127054474,Cirsium arvense,2022-07-18,3,2
127068804,Cirsium palustre,2022-07-19,3,2
127120106,Cirsium arvense,2022-07-18,3,2
127172544,Cirsium pumilum,2022-07-15,3,2
127176209,Cirsium undulatum,2022-07-20,3,2
127189144,Cirsium flodmanii,2022-07-10,3,2
127217732,Cirsium arvense,2022-07-21,3,2
127218402,Cirsium vulgare,2022-07-21,3,2
127234477,Cirsium vulgare,2022-07-21,3,2
127238997,Cirsium arizonicum,2022-07-20,3,2
127281456,Cirsium arvense,2022-07-21,3,2
127325203,Cirsium arvense,2022-07-21,3,2
127333620,Cirsium arvense,2022-07-10,3,2
127338610,Cirsium heterophyllum,2022-07-18,3,2
127344385,Cirsium kawakamii,2022-07-16,3,2
127375892,Cirsium vulgare,2022-07-22,3,2
12738754,Cirsium texanum,2018-05-21,3,2
127396853,Cirsium vulgare,2022-07-22,3,2
127398222,Cirsium muticum,2022-07-22,3,2
127408562,Cirsium vulgare,2022-07-15,3,2
127448983,Cirsium brevistylum,2022-07-21,3,2
127451370,Cirsium jorullense,2022-07-21,3,2
127481663,Cirsium serratuloides,2022-07-23,3,2
127485234,Cirsium palustre,2022-07-19,3,2
127486014,Cirsium arvense,2022-07-21,3,2
127501963,Cirsium vulgare,2022-07-23,3,2
127551536,Cirsium heterophyllum,2022-07-23,3,2
127553636,Cirsium palustre,2022-06-29,3,2
127565070,Cirsium discolor,2022-07-15,3,2
127565602,Cirsium vulgare,2022-07-22,3,2
127584910,Cirsium undulatum,2022-07-21,3,2
127644493,Cirsium palustre,2022-07-16,3,2
127655288,Cirsium palustre,2022-07-19,3,2
127663773,Cirsium heterophyllum,2022-07-24,3,2
127664343,Cirsium arvense,2022-07-24,3,2
127665897,Cirsium arvense,2022-07-24,3,2
127671747,Cirsium vulgare,2022-07-24,3,2
127701101,Cirsium arvense,2022-07-20,3,2
127706763,Cirsium oleraceum,2022-07-24,3,2
127790249,Cirsium arvense,2022-07-24,3,2
127811021,Cirsium vulgare,2022-07-25,3,2
127853973,Cirsium undulatum,2022-07-21,3,2
127883245,Cirsium vulgare,2022-07-25,3,2
127899791,Cirsium arvense,2022-03-09,3,2
127928138,Cirsium andersonii,2022-07-17,3,2
127974077,Cirsium oleraceum,2022-07-26,3,2
127974376,Cirsium oleraceum,2022-07-26,3,2
127977792,Cirsium vulgare,2022-07-26,3,2
127979954,Cirsium heterophyllum,2022-07-26,3,2
128029332,Cirsium heterophyllum,2022-07-26,3,2
128076453,Cirsium arvense,2022-07-26,3,2
128129702,Cirsium arvense,2022-07-27,3,2
128132529,Cirsium arvense,2022-07-27,3,2
128132656,Cirsium vulgare,2022-07-27,3,2
128136180,Cirsium arvense,2022-07-27,3,2
128145237,Cirsium palustre,2022-07-27,3,2
128185166,Cirsium heterophyllum,2022-07-25,3,2
128191170,Cirsium altissimum,2022-07-27,3,2
128261894,Cirsium argillosum,2022-07-28,3,2
128297983,Cirsium vulgare,2022-07-28,3,2
128319362,Cirsium palustre,2022-07-27,3,2
128341760,Cirsium ukranicum,2022-07-28,3,2
128343931,Cirsium arvense,2022-07-27,3,2
128396720,Cirsium vulgare,2022-07-28,3,2
128398666,Cirsium arvense,2022-07-26,3,2
128412219,Cirsium arvense,2022-07-05,3,2
128415697,Cirsium oleraceum,2022-07-28,3,2
128422259,Cirsium vulgare,2022-07-28,3,2
128439454,Cirsium arvense,2022-07-28,3,2
128453050,Cirsium arvense,2022-07-28,3,2
128453558,Cirsium vulgare,2022-07-28,3,2
128469357,Cirsium vulgare,2022-07-29,3,2
128472606,Cirsium vulgare,2022-07-29,3,2
128481079,Cirsium arvense,2022-07-29,3,2
128483957,Cirsium arvense,2022-07-29,3,2
128513666,Cirsium centaureae,2022-07-28,3,2
128564887,Cirsium heterophyllum,2022-07-28,3,2
128587670,Cirsium oleraceum,2022-07-30,3,2
128606049,Cirsium oleraceum,2022-07-30,3,2
128622863,Cirsium discolor,2022-07-30,3,2
128645365,Cirsium arvense,2022-07-30,3,2
128667206,Cirsium arvense,2022-07-31,3,2
128668072,Cirsium muticum,2022-07-30,3,2
128684313,Cirsium flodmanii,2022-07-30,3,2
128736383,Cirsium vulgare,2022-07-30,3,2
128743544,Cirsium mohavense,2022-06-19,3,2
128765135,Cirsium vulgare,2022-07-29,3,2
128779478,Cirsium arvense,2022-07-31,3,2
128786026,Cirsium tracyi,2022-07-29,3,2
128792642,Cirsium oleraceum,2022-07-31,3,2
128798416,Cirsium vulgare,2022-07-31,3,2
128806977,Cirsium arvense,2022-07-29,3,2
128832625,Cirsium vulgare,2022-07-31,3,2
128862469,Cirsium vulgare,2022-07-30,3,2
128911161,Cirsium scopulorum,2022-07-31,3,2
128945563,Cirsium vulgare,2022-07-30,3,2
128974366,Cirsium arvense,2022-07-31,3,2
128983137,Cirsium vulgare,2022-08-01,3,2
128998175,Cirsium vulgare,2022-08-01,3,2
129034452,Cirsium vulgare,2022-07-29,3,2
129056566,Cirsium vulgare,2022-08-01,3,2
129080177,Cirsium arvense,2022-08-01,3,2
129091255,Cirsium nivale,2017-08-14,3,2
129106388,Cirsium vulgare,2022-08-02,3,2
129107941,Cirsium serrulatum,2022-07-29,3,2
129234274,Cirsium oleraceum,2022-07-27,3,2
129278848,Cirsium oleraceum,2022-08-03,3,2
129280587,Cirsium arvense,2022-08-03,3,2
129311064,Cirsium arvense,2022-08-03,3,2
129323359,Cirsium acaulon,2022-07-17,3,2
129371686,Cirsium vulgare,2022-08-03,3,2
129373292,Cirsium vulgare,2022-08-03,3,2
129381119,Cirsium esculentum,2022-08-04,3,2
129383818,Cirsium brevistylum,2022-08-01,3,2
129385620,Cirsium vulgare,2022-08-04,3,2
129390610,Cirsium arvense,2022-08-04,3,2
129402852,Cirsium vulgare,2022-07-28,3,2
129439022,Cirsium rivulare,2022-07-19,3,2
129452126,Cirsium oleraceum,2022-08-04,3,2
129483724,Cirsium ochrocentrum,2022-08-04,3,2
129516763,Cirsium spinosissimum,2022-07-19,3,2
129523628,Cirsium palustre,2022-07-29,3,2
129560980,Cirsium hookerianum,2022-07-14,3,2
129655740,Cirsium palustre,2022-08-06,3,2
129678875,Cirsium arvense,2022-08-06,3,2
129719751,Cirsium echinus,2022-07-23,3,2
129722587,Cirsium serrulatum,2022-08-06,3,2
129732649,Cirsium arvense,2022-08-06,3,2
129735448,Cirsium arvense,2022-08-06,3,2
129743426,Cirsium vulgare,2022-08-06,3,2
129751455,Cirsium arvense,2022-08-01,3,2
129808266,Cirsium arvense,2022-07-24,3,2
129846365,Cirsium arvense,2022-08-04,3,2
129848354,Cirsium vulgare,2022-08-07,3,2
129852173,Cirsium discolor,2022-08-06,3,2
129887729,Cirsium arvense,2022-08-07,3,2
129907526,Cirsium vulgare,2022-08-07,3,2
129978456,Cirsium discolor,2022-08-04,3,2
130021688,Cirsium obvallatum,2022-08-08,3,2
130059104,Cirsium arvense,2022-08-07,3,2
130066604,Cirsium vulgare,2022-08-07,3,2
130071614,Cirsium vulgare,2022-08-07,3,2
130083652,Cirsium oleraceum,2022-08-02,3,2
130115921,Cirsium acaulon,2022-08-09,3,2
130122620,Cirsium oleraceum,2022-08-06,3,2
130135558,Cirsium muticum,2022-08-05,3,2
130142998,Cirsium arvense,2022-08-09,3,2
130150801,Cirsium parryi,2022-08-09,3,2
130153531,Cirsium arvense,2022-08-03,3,2
130170928,Cirsium vulgare,2022-06-25,3,2
130210076,Cirsium arvense,2022-08-10,3,2
130223596,Cirsium arvense,2022-08-10,3,2
130240546,Cirsium scariosum,2022-08-08,3,2
130264479,Cirsium vulgare,2022-08-10,3,2
130322007,Cirsium arizonicum,2022-07-29,3,2
130332943,Cirsium scariosum,2022-08-09,3,2
130366194,Cirsium kamtschaticum,2022-07-27,3,2
130406760,Cirsium vulgare,2022-08-04,3,2
130422798,Cirsium waldsteinii,2022-07-02,3,2
130431723,Cirsium creticum,2022-08-11,3,2
130437973,Cirsium ochrocentrum,2022-08-11,3,2
130440147,Cirsium vulgare,2022-08-11,3,2
130442623,Cirsium arvense,2022-08-11,3,2
130445680,Cirsium canum,2022-08-11,3,2
130465238,Cirsium vulgare,2022-07-19,3,2
130525974,Cirsium rhizocephalum,2022-08-05,3,2
130545215,Cirsium vulgare,2022-08-12,3,2
130549501,Cirsium discolor,2022-08-12,3,2
130593509,Cirsium cymosum,2022-07-30,3,2
130610680,Cirsium oleraceum,2022-08-06,3,2
130624497,Cirsium discolor,2022-08-12,3,2
130634537,Cirsium palustre,2018-04-17,3,2
130655032,Cirsium oleraceum,2022-08-12,3,2
130655256,Cirsium kamtschaticum,2022-08-02,3,2
130661498,Cirsium undulatum,2022-06-21,3,2
130667002,Cirsium rhizocephalum,2022-08-04,3,2
130672067,Cirsium arvense,2022-08-13,3,2
130698909,Cirsium arvense,2022-08-13,3,2
130699682,Cirsium arvense,2022-08-06,3,2
130767042,Cirsium arvense,2022-08-04,3,2
130775313,Cirsium arvense,2022-08-14,3,2
130780653,Cirsium vulgare,2022-08-09,3,2
130811878,Cirsium arvense,2022-08-14,3,2
130818254,Cirsium vulgare,2022-08-14,3,2
130910907,Cirsium oleraceum,2022-08-15,3,2
130951709,Cirsium palustre,2022-08-15,3,2
130958216,Cirsium oleraceum,2022-08-05,3,2
130968638,Cirsium creticum,2022-08-07,3,2
130983314,Cirsium palustre,2022-05-16,3,2
131038438,Cirsium arvense,2022-08-16,3,2
131078015,Cirsium undulatum,2022-08-14,3,2
131147485,Cirsium vulgare,2022-08-16,3,2
131212743,Cirsium discolor,2022-08-17,3,2
131230343,Cirsium vulgare,2022-08-16,3,2
131275532,Cirsium discolor,2022-08-17,3,2
131282512,Cirsium undulatum,2022-08-17,3,2
131290074,Cirsium ochrocentrum,2022-08-17,3,2
131345010,Cirsium oleraceum,2022-08-13,3,2
131393337,Cirsium altissimum,2022-08-18,3,2
131399185,Cirsium vulgare,2022-08-18,3,2
131409168,Cirsium vulgare,2022-08-16,3,2
131497693,Cirsium heterophyllum,2022-08-19,3,2
131569316,Cirsium esculentum,2022-08-14,3,2
131614346,Cirsium vulgare,2022-08-20,3,2
131662409,Cirsium discolor,2022-08-16,3,2
131740525,Cirsium acaulon,2022-08-21,3,2
131750698,Cirsium oleraceum,2022-08-01,3,2
131809640,Cirsium arvense,2022-08-21,3,2
131867825,Cirsium vulgare,2022-07-11,3,2
131916900,Cirsium palustre,2022-08-18,3,2
131917044,Cirsium oleraceum,2022-06-28,3,2
131973133,Cirsium arvense,2022-08-14,3,2
131973209,Cirsium vulgare,2022-08-14,3,2
131986589,Cirsium arvense,2022-08-23,3,2
132004063,Cirsium arvense,2022-08-23,3,2
132011497,Cirsium vulgare,2022-08-23,3,2
132039241,Cirsium palustre,2022-08-23,3,2
132040755,Cirsium arvense,2022-08-23,3,2
132061323,Cirsium discolor,2022-08-23,3,2
132061676,Cirsium hookerianum,2022-08-05,3,2
132077174,Cirsium vulgare,2022-08-23,3,2
132102537,Cirsium arvense,2022-08-23,3,2
132139782,Cirsium heterophyllum,2022-05-26,3,2
132197423,Cirsium arvense,2022-08-24,3,2
132244391,Cirsium heterophyllum,2022-08-24,3,2
132319603,Cirsium discolor,2022-08-16,3,2
13236791,Cirsium heterophyllum,2018-06-08,3,2
132383848,Cirsium arvense,2022-08-24,3,2
132398563,Cirsium canum,2022-08-10,3,2
132522481,Cirsium arvense,2022-08-28,3,2
132581672,Cirsium discolor,2022-08-27,3,2
132584565,Cirsium vulgare,2022-08-27,3,2
132599818,Cirsium vulgare,2022-08-28,3,2
132656091,Cirsium palustre,2022-08-28,3,2
132677172,Cirsium vulgare,2022-08-28,3,2
132692155,Cirsium vulgare,2022-08-28,3,2
132736815,Cirsium discolor,2022-08-26,3,2
132754675,Cirsium vulgare,2022-08-25,3,2
132790897,Cirsium foliosum,2022-08-17,3,2
132819677,Cirsium arvense,2022-08-29,3,2
132820761,Cirsium vulgare,2022-08-26,3,2
132822768,Cirsium vulgare,2022-08-29,3,2
132836436,Cirsium arvense,2022-08-29,3,2
132879617,Cirsium arvense,2021-07-18,3,2
132926930,Cirsium acaulon,2022-08-28,3,2
132934888,Cirsium serratuloides,2022-08-28,3,2
132958850,Cirsium vulgare,2022-08-30,3,2
132958974,Cirsium vulgare,2022-08-14,3,2
132987352,Cirsium calcareum,2022-08-30,3,2
133001249,Cirsium brevistylum,2022-06-13,3,2
133174111,Cirsium remotifolium,2022-08-31,3,2
133186510,Cirsium canum,2022-09-01,3,2
133189921,Cirsium acaulon,2022-09-01,3,2
133221584,Cirsium arvense,2022-09-01,3,2
133301079,Cirsium vulgare,2022-08-17,3,2
13333191,Cirsium texanum,2018-06-11,3,2
133355937,Cirsium heterophyllum,2022-08-23,3,2
133357032,Cirsium vulgare,2022-08-23,3,2
133370928,Cirsium hookerianum,2022-07-29,3,2
133401324,Cirsium discolor,2022-09-02,3,2
133416624,Cirsium arvense,2022-08-07,3,2
133438487,Cirsium arvense,2022-08-10,3,2
133440915,Cirsium palustre,2022-09-03,3,2
133454699,Cirsium vulgare,2022-09-01,3,2
133457973,Cirsium arvense,2022-09-03,3,2
133523614,Cirsium muticum,2022-07-22,3,2
133566207,Cirsium vulgare,2022-09-03,3,2
133568528,Cirsium vulgare,2022-09-03,3,2
133599435,Cirsium arvense,2022-09-03,3,2
133627904,Cirsium arvense,2022-09-04,3,2
133646050,Cirsium arvense,2022-09-04,3,2
133671432,Cirsium discolor,2022-09-04,3,2
133690042,Cirsium vulgare,2022-08-26,3,2
133693592,Cirsium discolor,2022-09-04,3,2
133737042,Cirsium arvense,2022-09-04,3,2
133750678,Cirsium discolor,2022-09-04,3,2
133765254,Cirsium discolor,2022-09-05,3,2
133804492,Cirsium arvense,2022-09-04,3,2
133874042,Cirsium vulgare,2022-08-09,3,2
133887785,Cirsium vulgare,2022-09-06,3,2
13390876,Cirsium palustre,2018-06-13,3,2
133927923,Cirsium arvense,2022-09-06,3,2
133993770,Cirsium arvense,2022-09-06,3,2
133995749,Cirsium vulgare,2022-09-03,3,2
134141984,Cirsium vulgare,2022-08-02,3,2
134142226,Cirsium dealbatum,2022-08-12,3,2
134156054,Cirsium nambuense,2022-09-05,3,2
134170553,Cirsium vulgare,2022-07-23,3,2
134172131,Cirsium vulgare,2022-09-04,3,2
134237490,Cirsium scariosum,2022-09-08,3,2
134285227,Cirsium oleraceum,2022-09-09,3,2
134308005,Cirsium arvense,2022-09-06,3,2
134311750,Cirsium oleraceum,2022-09-09,3,2
134338297,Cirsium muticum,2022-09-09,3,2
134370837,Cirsium pringlei,2022-09-07,3,2
134378064,Cirsium vulgare,2022-09-10,3,2
134393754,Cirsium arvense,2022-09-04,3,2
134412190,Cirsium arvense,2022-09-07,3,2
134414279,Cirsium vulgare,2022-09-10,3,2
134484736,Cirsium undulatum,2022-09-10,3,2
134515838,Cirsium vulgare,2022-09-09,3,2
134515891,Cirsium muticum,2022-09-07,3,2
134523782,Cirsium altissimum,2022-09-03,3,2
134530495,Cirsium vulgare,2022-08-28,3,2
134575848,Cirsium discolor,2022-09-10,3,2
134667610,Cirsium discolor,2022-09-09,3,2
134711547,Cirsium vulgare,2022-09-12,3,2
134741271,Cirsium arvense,2022-09-12,3,2
134792728,Cirsium arvense,2022-09-12,3,2
134803757,Cirsium altissimum,2022-08-29,3,2
13485086,Cirsium palustre,2018-06-16,3,2
134896404,Cirsium altissimum,2022-09-13,3,2
134927367,Cirsium discolor,2022-09-12,3,2
134942309,Cirsium arvense,2022-09-06,3,2
13500164,Cirsium vulgare,2018-06-16,3,2
135059025,Cirsium vulgare,2022-09-14,3,2
135132518,Cirsium canum,2022-07-10,3,2
135150226,Cirsium canum,2022-09-11,3,2
135150327,Cirsium vulgare,2022-09-15,3,2
135201976,Cirsium arvense,2022-09-04,3,2
135268996,Cirsium discolor,2022-09-16,3,2
135269824,Cirsium altissimum,2022-09-16,3,2
13529352,Cirsium arvense,2018-06-17,3,2
13530159,Cirsium undulatum,2018-06-17,3,2
135303606,Cirsium discolor,2022-09-15,3,2
13530364,Cirsium occidentale,2018-04-29,3,2
135405430,Cirsium ciliatum,2022-09-15,3,2
13542695,Cirsium vulgare,2018-06-01,3,2
135467522,Cirsium discolor,2022-09-17,3,2
135474360,Cirsium arvense,2022-09-13,3,2
135527881,Cirsium altissimum,2022-09-16,3,2
135573587,Cirsium altissimum,2022-09-12,3,2
135639261,Cirsium arvense,2022-08-23,3,2
135643368,Cirsium vulgare,2022-09-19,3,2
135678339,Cirsium vulgare,2022-09-18,3,2
135689932,Cirsium altissimum,2022-09-15,3,2
135706600,Cirsium discolor,2022-09-19,3,2
135722431,Cirsium arvense,2022-09-19,3,2
135724536,Cirsium vulgare,2022-08-30,3,2
135876830,Cirsium vulgare,2022-09-20,3,2
135912339,Cirsium palustre,2022-07-10,3,2
135913424,Cirsium vulgare,2022-09-15,3,2
135926786,Cirsium arvense,2022-09-21,3,2
135942636,Cirsium oleraceum,2022-09-21,3,2
136000031,Cirsium arvense,2022-09-21,3,2
136020889,Cirsium heterophyllum,2018-08-07,3,2
136049460,Cirsium discolor,2022-09-07,3,2
136163906,Cirsium heterophyllum,2022-07-01,3,2
136304577,Cirsium vulgare,2022-09-24,3,2
136406504,Cirsium vulgare,2022-09-25,3,2
13642256,Cirsium arvense,2018-06-19,3,2
136810427,Cirsium arvense,2022-09-28,3,2
13688978,Cirsium muticum,2018-06-22,3,2
136961720,Cirsium oleraceum,2022-09-28,3,2
136996018,Cirsium vulgare,2022-09-30,3,2
136999075,Cirsium vulgare,2022-09-27,3,2
137022299,Cirsium arvense,2022-09-30,3,2
13710103,Cirsium filipendulum,2018-06-23,3,2
137118340,Cirsium norikurense,2021-08-23,3,2
137195175,Cirsium altissimum,2022-09-25,3,2
137209066,Cirsium vulgare,2022-07-15,3,2
137220438,Cirsium arvense,2022-09-11,3,2
13722592,Cirsium vulgare,2018-06-23,3,2
13725783,Cirsium vulgare,2018-06-19,3,2
137318058,Cirsium altissimum,2022-10-02,3,2
137450073,Cirsium vulgare,2022-10-03,3,2
137516790,Cirsium arvense,2022-10-04,3,2
137540181,Cirsium erisithales,2022-10-04,3,2
137702973,Cirsium taiwanense,2022-09-29,3,2
13781196,Cirsium arvense,2018-06-25,3,2
137844260,Cirsium vulgare,2022-10-06,3,2
137892185,Cirsium canum,2022-10-06,3,2
137996763,Cirsium discolor,2022-10-08,3,2
13832803,Cirsium arvense,2018-06-27,3,2
138415608,Cirsium arvense,2020-08-14,3,2
138460984,Cirsium discolor,2022-09-24,3,2
138514605,Cirsium vulgare,2022-10-12,3,2
138594742,Cirsium palustre,2022-10-13,3,2
138620269,Cirsium arvense,2022-09-22,3,2
138690677,Cirsium arvense,2022-09-18,3,2
13891769,Cirsium brevistylum,2018-06-27,3,2
139010875,Cirsium vulgare,2022-10-01,3,2
139024332,Cirsium oleraceum,2022-08-07,3,2
139168884,Cirsium hookerianum,2022-06-08,3,2
139187013,Cirsium discolor,2022-10-13,3,2
139233240,Cirsium arvense,2022-10-18,3,2
139267907,Cirsium hookerianum,2022-06-06,3,2
139297644,Cirsium arvense,2022-10-18,3,2
139337109,Cirsium arvense,2022-10-10,3,2
139349845,Cirsium vulgare,2022-10-19,3,2
139363661,Cirsium hookerianum,2022-06-07,3,2
139695007,Cirsium nuttallii,2022-06-05,3,2
139810661,Cirsium discolor,2022-09-12,3,2
139984669,Cirsium vulgare,2022-10-24,3,2
140030003,Cirsium vulgare,2022-09-30,3,2
140100078,Cirsium arvense,2022-10-26,3,2
14023407,Cirsium funkiae,2018-06-29,3,2
14026316,Cirsium vulgare,2018-07-03,3,2
140378299,Cirsium vulgare,2022-10-29,3,2
140390616,Cirsium vulgare,2022-10-29,3,2
140527215,Cirsium vulgare,2022-10-30,3,2
140541923,Cirsium vulgare,2022-10-30,3,2
140573973,Cirsium arvense,2022-08-14,3,2
140628673,Cirsium vulgare,2022-10-26,3,2
14066362,Cirsium vulgare,2018-07-04,3,2
140755562,Cirsium vulgare,2022-10-28,3,2
140775739,Cirsium vulgare,2022-10-31,3,2
140785017,Cirsium turkestanicum,2012-08-29,3,2
140940533,Cirsium undulatum,2022-07-13,3,2
141036609,Cirsium vulgare,2022-10-30,3,2
141146658,Cirsium palustre,2022-11-04,3,2
14114996,Cirsium arvense,2018-07-06,3,2
141382280,Cirsium horridulum,2022-11-05,3,2
141420150,Cirsium ochrocentrum,2022-10-11,3,2
14147214,Cirsium occidentale,2018-06-24,3,2
141538664,Cirsium falconeri,2022-10-12,3,2
14177722,Cirsium canum,2018-07-08,3,2
14179852,Cirsium pumilum,2018-07-08,3,2
141859346,Cirsium vulgare,2022-10-06,3,2
142074714,Cirsium vulgare,2022-11-15,3,2
142137273,Cirsium vulgare,2022-07-24,3,2
142223233,Cirsium palustre,2022-07-09,3,2
142381754,Cirsium vulgare,2022-10-29,3,2
142465340,Cirsium arvense,2022-08-03,3,2
142495081,Cirsium vulgare,2022-10-04,3,2
142850094,Cirsium vulgare,2022-11-26,3,2
14287951,Cirsium oleraceum,2018-07-12,3,2
14295655,Cirsium arvense,2018-07-12,3,2
142968900,Cirsium heterophyllum,2022-07-09,3,2
14310400,Cirsium vulgare,2018-07-03,3,2
143201972,Cirsium heterophyllum,2022-07-16,3,2
14332446,Cirsium arvense,2018-07-03,3,2
14349616,Cirsium arvense,2017-07-17,3,2
143502610,Cirsium pendulum,2022-09-11,3,2
143515418,Cirsium coryletorum,2022-09-12,3,2
143611122,Cirsium vulgare,2022-11-29,3,2
14372097,Cirsium edule,2018-06-27,3,2
143729429,Cirsium oleraceum,2022-10-19,3,2
144035832,Cirsium vulgare,2020-07-20,3,2
144249234,Cirsium muticum,2022-07-02,3,2
144259750,Cirsium arvense,2022-10-13,3,2
144461672,Cirsium velatum,2022-11-06,3,2
144461719,Cirsium vulgare,2022-04-22,3,2
144471580,Cirsium vulgare,2022-12-16,3,2
144504773,Cirsium heterophyllum,2022-08-27,3,2
144681380,Cirsium horridulum,2022-12-19,3,2
144694227,Cirsium vulgare,2022-12-19,3,2
144780815,Cirsium arvense,2010-07-01,3,2
14479374,Cirsium oleraceum,2018-07-18,3,2
144833790,Cirsium arvense,2022-07-05,3,2
144844313,Cirsium pyrenaicum,2012-06-09,3,2
144903707,Cirsium arvense,2022-08-28,3,2
144983451,Cirsium palustre,2012-07-05,3,2
145038358,Cirsium heterophyllum,2022-07-11,3,2
14524142,Cirsium arvense,2018-07-19,3,2
145241989,Cirsium arvense,2022-12-28,3,2
14533845,Cirsium vulgare,2018-07-19,3,2
145381635,Cirsium ehrenbergii,2022-12-29,3,2
145398330,Cirsium arvense,2022-12-23,3,2
145475647,Cirsium palustre,2022-12-28,3,2
145505630,Cirsium palustre,2022-06-24,3,2
145507543,Cirsium vulgare,2022-04-13,3,2
14579603,Cirsium arvense,2018-07-21,3,2
145909984,Cirsium serrulatum,2012-05-01,3,2
145947235,Cirsium vulgare,2022-08-03,3,2
14600755,Cirsium oleraceum,2018-07-22,3,2
146102335,Cirsium vulgare,2023-01-08,3,2
146119761,Cirsium vulgare,2023-01-03,3,2
146284088,Cirsium arvense,2011-06-04,3,2
14630380,Cirsium arvense,2018-07-22,3,2
146340191,Cirsium vulgare,2018-08-23,3,2
146343792,Cirsium vulgare,2017-09-12,3,2
146516065,Cirsium maackii,2022-07-03,3,2
146560807,Cirsium vulgare,2023-01-06,3,2
146651539,Cirsium vulgare,2023-01-15,3,2
146723391,Cirsium mohavense,2016-07-11,3,2
14677183,Cirsium arvense,2018-07-23,3,2
147053353,Cirsium vulgare,2023-01-21,3,2
147130908,Cirsium vulgare,2023-01-22,3,2
14716309,Cirsium altissimum,2018-07-25,3,2
147203757,Cirsium vulgare,2023-01-21,3,2
147247305,Cirsium arvense,2023-01-24,3,2
147259354,Cirsium vulgare,2023-01-24,3,2
147520968,Cirsium serratuloides,2012-07-19,3,2
147794720,Cirsium vulgare,2023-01-31,3,2
147804111,Cirsium arvense,2023-02-01,3,2
147858138,Cirsium vulgare,2023-01-16,3,2
147942136,Cirsium arvense,2023-01-31,3,2
147964507,Cirsium vulgare,2020-08-19,3,2
147982088,Cirsium dissectum,2019-05-22,3,2
148306503,Cirsium arvense,2022-08-06,3,2
148454303,Cirsium arvense,2022-08-05,3,2
14851918,Cirsium vulgare,2012-06-21,3,2
14854379,Cirsium arvense,2012-06-29,3,2
148623865,Cirsium echinus,2014-06-25,3,2
148771389,Cirsium vulgare,2023-02-14,3,2
14896471,Cirsium palustre,2016-06-23,3,2
14900257,Cirsium vulgare,2018-07-29,3,2
149005156,Cirsium vulgare,2023-02-18,3,2
149112190,Cirsium arvense,2023-01-31,3,2
149307711,Cirsium arvense,2023-02-01,3,2
149558323,Cirsium ochrocentrum,2017-07-01,3,2
149725456,Cirsium vulgare,2023-02-25,3,2
149764032,Cirsium vulgare,2023-02-04,3,2
14997171,Cirsium arvense,2018-07-31,3,2
14997440,Cirsium vulgare,2018-07-31,3,2
14998403,Cirsium edule,2018-07-31,3,2
150037837,Cirsium subcoriaceum,2023-02-26,3,2
150287963,Cirsium vulgare,2023-03-03,3,2
15031355,Cirsium muticum,2018-07-29,3,2
150348221,Cirsium vulgare,2022-11-01,3,2
150355158,Cirsium nuttallii,2023-03-05,3,2
150413161,Cirsium monspessulanum,2023-02-22,3,2
150609545,Cirsium arvense,2023-03-09,3,2
150659231,Cirsium horridulum,2023-03-09,3,2
15079976,Cirsium arvense,2018-08-03,3,2
15084162,Cirsium muticum,2018-08-03,3,2
15100456,Cirsium flodmanii,2018-08-03,3,2
151155554,Cirsium ciliatum,2021-07-14,3,2
151284685,Cirsium vulgare,2023-03-09,3,2
151292942,Cirsium vulgare,2021-07-15,3,2
151318079,Cirsium horridulum,2023-03-12,3,2
15132124,Cirsium arvense,2018-08-05,3,2
151335894,Cirsium canum,2022-08-16,3,2
151475900,Cirsium vulgare,2023-03-18,3,2
1517235,Cirsium pinetorum,2009-09-26,3,2
15178494,Cirsium flodmanii,2018-07-30,3,2
151867108,Cirsium centaureae,2017-07-14,3,2
151887287,Cirsium vulgare,2017-08-05,3,2
15195202,Cirsium vulgare,2018-08-03,3,2
152145095,Cirsium mexicanum,2023-03-11,3,2
152211057,Cirsium muticum,2022-07-15,3,2
15223318,Cirsium muticum,2018-07-24,3,2
152453322,Cirsium horridulum,2023-03-25,3,2
152653337,Cirsium oleraceum,2017-07-23,3,2
152788914,Cirsium esculentum,2016-07-17,3,2
152941551,Cirsium horridulum,2023-03-30,3,2
15299981,Cirsium vulgare,2018-08-08,3,2
153003546,Cirsium undulatum,2021-09-03,3,2
153233563,Cirsium horridulum,2023-04-01,3,2
153301050,Cirsium vulgare,2023-04-03,3,2
153710691,Cirsium horridulum,2023-04-06,3,2
15385813,Cirsium vulgare,2018-08-12,3,2
1539125,Cirsium carolinianum,2015-05-23,3,2
153947065,Cirsium discolor,2023-04-08,3,2
154109719,Cirsium horridulum,2023-04-09,3,2
154119600,Cirsium horridulum,2023-04-09,3,2
154188341,Cirsium mexicanum,2023-04-09,3,2
154222471,Cirsium texanum,2023-04-09,3,2
15435876,Cirsium altissimum,2018-08-14,3,2
154360508,Cirsium vulgare,2023-04-11,3,2
15440962,Cirsium vulgare,2018-08-15,3,2
154518037,Cirsium horridulum,2023-04-11,3,2
154518219,Cirsium horridulum,2023-04-11,3,2
154551274,Cirsium horridulum,2022-04-15,3,2
154840402,Cirsium vulgare,2023-04-09,3,2
154932644,Cirsium arvense,2023-04-15,3,2
15507146,Cirsium palustre,2016-07-16,3,2
15518782,Cirsium vulgare,2018-08-06,3,2
155273170,Cirsium arvense,2023-03-21,3,2
155524555,Cirsium dissectum,2023-04-16,3,2
155698170,Cirsium vulgare,2023-03-23,3,2
15608498,Cirsium greimleri,2018-07-12,3,2
15637620,Cirsium arvense,2018-08-17,3,2
156674774,Cirsium neomexicanum,2023-04-25,3,2
15681648,Cirsium arvense,2018-08-19,3,2
156927028,Cirsium arvense,2021-10-31,3,2
156937989,Cirsium horridulum,2023-04-27,3,2
15695967,Cirsium discolor,2018-08-19,3,2
15706535,Cirsium vulgare,2018-08-19,3,2
157074706,Cirsium vulgare,2023-03-26,3,2
157530948,Cirsium arvense,2023-04-29,3,2
157941350,Cirsium rhaphilepis,2023-04-29,3,2
158051232,Cirsium horridulum,2023-04-29,3,2
15808289,Cirsium vulgare,2018-08-23,3,2
158188991,Cirsium brevistylum,2023-04-30,3,2
15825562,Cirsium arvense,2018-08-23,3,2
158383056,Cirsium undulatum,2023-04-30,3,2
15846850,Cirsium discolor,2018-08-23,3,2
158602794,Cirsium horridulum,2023-04-30,3,2
15864795,Cirsium arvense,2018-08-24,3,2
158798066,Cirsium arvense,2023-05-01,3,2
15886705,Cirsium canum,2018-08-25,3,2
159213155,Cirsium vulgare,2023-04-30,3,2
15925344,Cirsium altissimum,2018-08-26,3,2
15940217,Cirsium vulgare,2018-08-24,3,2
159435790,Cirsium rhaphilepis,2023-04-28,3,2
159593162,Cirsium oleraceum,2023-04-29,3,2
15973494,Cirsium arvense,2018-08-28,3,2
159800287,Cirsium subcoriaceum,2023-04-29,3,2
159941558,Cirsium palustre,2023-05-05,3,2
159968108,Cirsium ochrocentrum,2023-04-30,3,2
160238014,Cirsium discolor,2006-09-06,3,2
16031959,Cirsium altissimum,2018-08-28,3,2
160506725,Cirsium arvense,2023-04-29,3,2
160626643,Cirsium oleraceum,2023-05-08,3,2
160663316,Cirsium undulatum,2023-05-07,3,2
16068385,Cirsium arvense,2018-08-27,3,2
16070928,Cirsium arvense,2018-08-31,3,2
16076309,Cirsium tukuhnikivatzicum,2018-08-31,3,2
160847427,Cirsium occidentale,2023-05-09,3,2
160880447,Cirsium vulgare,2023-04-01,3,2
160962189,Cirsium neomexicanum,2023-05-09,3,2
16104507,Cirsium discolor,2018-09-01,3,2
161096148,Cirsium palustre,2023-05-11,3,2
161249249,Cirsium dissectum,2023-05-04,3,2
16127356,Cirsium acaulon,2018-09-02,3,2
161313845,Cirsium horridulum,2023-03-05,3,2
16146700,Cirsium discolor,2018-09-02,3,2
161473467,Cirsium texanum,2023-05-11,3,2
161617253,Cirsium arvense,2023-05-14,3,2
161807347,Cirsium vulgare,2023-05-12,3,2
161905119,Cirsium horridulum,2023-05-15,3,2
161986984,Cirsium texanum,2023-05-16,3,2
161998372,Cirsium palustre,2023-05-15,3,2
161999467,Cirsium vulgare,2023-05-16,3,2
162007879,Cirsium dissectum,2023-05-14,3,2
162155712,Cirsium arvense,2023-05-17,3,2
162251619,Cirsium altissimum,2023-05-17,3,2
162267447,Cirsium vulgare,2023-05-14,3,2
162299871,Cirsium oleraceum,2023-05-18,3,2
16232740,Cirsium altissimum,2018-09-05,3,2
162382536,Cirsium neomexicanum,2023-05-13,3,2
162456683,Cirsium arvense,2023-05-13,3,2
162506720,Cirsium palustre,2023-05-19,3,2
162692450,Cirsium vulgare,2023-05-20,3,2
162705003,Cirsium horridulum,2023-04-25,3,2
16282346,Cirsium discolor,2018-09-06,3,2
163036803,Cirsium cymosum,2023-05-19,3,2
163094276,Cirsium vulgare,2023-05-22,3,2
163154462,Cirsium palustre,2023-05-21,3,2
163264536,Cirsium palustre,2023-05-22,3,2
163343184,Cirsium arvense,2023-05-23,3,2
163352364,Cirsium arvense,2023-05-23,3,2
163430185,Cirsium altissimum,2023-05-23,3,2
163458981,Cirsium heterophyllum,2023-05-24,3,2
163688519,Cirsium repandum,2023-05-24,3,2
163712132,Cirsium rivulare,2023-05-18,3,2
16374388,Cirsium arvense,2018-09-09,3,2
163863591,Cirsium vulgare,2023-05-23,3,2
163956419,Cirsium palustre,2023-05-27,3,2
163996050,Cirsium undulatum,2023-05-27,3,2
164040776,Cirsium vulgare,2023-05-20,3,2
16406558,Cirsium vulgare,2018-09-10,3,2
164123285,Cirsium vulgare,2010-05-23,3,2
164139894,Cirsium horridulum,2023-05-20,3,2
164235433,Cirsium oleraceum,2023-05-27,3,2
164247915,Cirsium texanum,2023-05-28,3,2
164264777,Cirsium vulgare,2023-05-28,3,2
16433779,Cirsium nuttallii,2018-09-09,3,2
164359729,Cirsium scariosum,2023-05-28,3,2
164465462,Cirsium cymosum,2023-05-27,3,2
164475863,Cirsium arvense,2023-05-29,3,2
164702309,Cirsium nuttallii,2023-05-30,3,2
1647055,Cirsium arvense,2015-06-19,3,2
164803149,Cirsium neomexicanum,2023-05-22,3,2
164828028,Cirsium neomexicanum,2023-05-27,3,2
164911395,Cirsium discolor,2023-05-31,3,2
16500724,Cirsium arvense,2018-09-13,3,2
165013314,Cirsium arvense,2023-06-01,3,2
16508725,Cirsium vulgare,2018-09-07,3,2
165127433,Cirsium dissectum,2023-06-02,3,2
165262180,Cirsium vulgare,2023-06-03,3,2
165285064,Cirsium vulgare,2019-08-23,3,2
165320164,Cirsium palustre,2023-06-03,3,2
165370016,Cirsium palustre,2023-06-03,3,2
165379113,Cirsium palustre,2023-06-02,3,2
165507334,Cirsium arvense,2023-06-02,3,2
165655479,Cirsium vulgare,2007-08-08,3,2
165731879,Cirsium neomexicanum,2023-04-24,3,2
165775107,Cirsium cymosum,2023-06-03,3,2
165829256,Cirsium neomexicanum,2023-06-05,3,2
166057994,Cirsium rivulare,2023-06-07,3,2
16606180,Cirsium vulgare,2018-09-16,3,2
166209092,Cirsium vulgare,2023-06-08,3,2
166233099,Cirsium vulgare,2023-06-08,3,2
166265148,Cirsium dissectum,2023-06-08,3,2
166275757,Cirsium vulgare,2023-06-08,3,2
166313151,Cirsium palustre,2017-05-26,3,2
166320749,Cirsium arvense,2023-06-04,3,2
166335296,Cirsium discolor,2023-06-08,3,2
16634015,Cirsium arvense,2018-08-18,3,2
166384326,Cirsium palustre,2023-06-09,3,2
166604525,Cirsium arvense,2023-06-10,3,2
166613416,Cirsium tuberosum,2023-06-10,3,2
166616883,Cirsium vulgare,2023-06-09,3,2
16662245,Cirsium arvense,2018-09-18,3,2
166630260,Cirsium canum,2023-06-10,3,2
16663607,Cirsium vulgare,2018-09-18,3,2
166653063,Cirsium heterophyllum,2023-06-10,3,2
166719412,Cirsium canescens,2023-06-10,3,2
16686143,Cirsium arvense,2018-09-17,3,2
16687863,Cirsium muticum,2018-08-27,3,2
166880948,Cirsium palustre,2023-06-11,3,2
166902213,Cirsium arvense,2023-06-11,3,2
166938599,Cirsium engelmannii,2023-06-11,3,2
167014252,Cirsium arvense,2023-06-12,3,2
167035296,Cirsium rivulare,2023-06-12,3,2
167040621,Cirsium palustre,2023-06-12,3,2
167040782,Cirsium echinus,2023-06-12,3,2
167110632,Cirsium vulgare,2023-02-10,3,2
167141531,Cirsium neomexicanum,2023-05-30,3,2
167158615,Cirsium arvense,2023-06-13,3,2
167270799,Cirsium vulgare,2023-06-13,3,2
16731304,Cirsium vulgare,2018-09-20,3,2
167338926,Cirsium rivulare,2023-06-14,3,2
167388839,Cirsium palustre,2023-06-14,3,2
167447610,Cirsium nuttallii,2023-06-14,3,2
167494982,Cirsium arvense,2023-06-15,3,2
167566371,Cirsium palustre,2023-06-15,3,2
167660533,Cirsium arvense,2023-06-16,3,2
167661188,Cirsium palustre,2023-06-14,3,2
167676532,Cirsium palustre,2023-06-12,3,2
167681082,Cirsium heterophyllum,2022-07-10,3,2
167691566,Cirsium arvense,2023-06-16,3,2
167819307,Cirsium neomexicanum,2023-05-19,3,2
167819823,Cirsium cymosum,2023-06-15,3,2
167833999,Cirsium arvense,2023-06-05,3,2
167874287,Cirsium heterophyllum,2023-06-17,3,2
167880104,Cirsium arvense,2023-06-17,3,2
167885513,Cirsium arvense,2023-06-17,3,2
167930663,Cirsium arvense,2023-06-17,3,2
168040183,Cirsium palustre,2023-06-18,3,2
16809230,Cirsium arvense,2018-03-07,3,2
168166236,Cirsium arvense,2023-06-18,3,2
168283499,Cirsium arvense,2023-06-19,3,2
168318097,Cirsium palustre,2023-06-19,3,2
168631923,Cirsium palustre,2023-06-21,3,2
168635856,Cirsium erisithales,2023-06-21,3,2
168687411,Cirsium heterophyllum,2023-06-21,3,2
168693465,Cirsium vulgare,2023-06-21,3,2
168826634,Cirsium palustre,2023-06-22,3,2
168839296,Cirsium erisithales,2023-06-22,3,2
168862151,Cirsium horridulum,2023-06-10,3,2
168864338,Cirsium palustre,2023-06-16,3,2
168870423,Cirsium arizonicum,2023-06-22,3,2
168890909,Cirsium arvense,2023-06-22,3,2
168891396,Cirsium scariosum,2023-06-21,3,2
168901072,Cirsium palustre,2023-06-22,3,2
168942807,Cirsium arvense,2023-06-23,3,2
169010020,Cirsium palustre,2023-06-22,3,2
169041697,Cirsium arvense,2023-06-21,3,2
169042742,Cirsium palustre,2023-06-23,3,2
169125654,Cirsium ochrocentrum,2023-06-23,3,2
169138597,Cirsium palustre,2023-06-24,3,2
169151004,Cirsium arvense,2023-06-24,3,2
169188767,Cirsium undulatum,2023-06-24,3,2
16920240,Cirsium muticum,2018-09-23,3,2
169204641,Cirsium palustre,2023-06-23,3,2
169225396,Cirsium heterophyllum,2023-06-24,3,2
169246697,Cirsium arvense,2023-06-18,3,2
169368142,Cirsium palustre,2023-06-18,3,2
169378283,Cirsium brachycephalum,2023-06-25,3,2
169383797,Cirsium palustre,2023-06-24,3,2
169417038,Cirsium heterophyllum,2023-06-24,3,2
169544509,Cirsium alatum,2023-06-22,3,2
169581695,Cirsium palustre,2023-06-26,3,2
169590445,Cirsium canescens,2023-06-26,3,2
169598296,Cirsium palustre,2023-06-26,3,2
169616139,Cirsium arvense,2023-06-26,3,2
169621479,Cirsium palustre,2023-06-26,3,2
169638953,Cirsium heterophyllum,2023-06-26,3,2
169681910,Cirsium undulatum,2023-06-26,3,2
169787002,Cirsium arvense,2023-06-27,3,2
169819320,Cirsium palustre,2023-06-27,3,2
169856008,Cirsium hookerianum,2023-06-27,3,2
169895043,Cirsium arvense,2023-06-27,3,2
169913567,Cirsium heterophyllum,2023-06-25,3,2
169958970,Cirsium erisithales,2023-06-28,3,2
169959224,Cirsium oleraceum,2023-06-28,3,2
169970899,Cirsium oleraceum,2023-06-28,3,2
169992622,Cirsium arvense,2023-06-28,3,2
169994473,Cirsium discolor,2023-06-28,3,2
170061673,Cirsium hookerianum,2023-06-28,3,2
170064382,Cirsium arvense,2023-06-27,3,2
170150569,Cirsium palustre,2023-06-29,3,2
1701793,Cirsium texanum,2015-06-27,3,2
170203105,Cirsium helenioides,2023-06-29,3,2
170212570,Cirsium arvense,2023-06-28,3,2
170241139,Cirsium vulgare,2023-06-29,3,2
170245145,Cirsium palustre,2023-06-30,3,2
170340512,Cirsium heterophyllum,2023-06-21,3,2
170342030,Cirsium arvense,2023-06-30,3,2
170387507,Cirsium vulgare,2023-06-27,3,2
170419541,Cirsium arvense,2023-07-01,3,2
170548976,Cirsium hookerianum,2023-06-29,3,2
170617444,Cirsium palustre,2023-07-02,3,2
170619947,Cirsium heterophyllum,2023-07-02,3,2
170619960,Cirsium palustre,2023-07-02,3,2
170629081,Cirsium semenowii,2023-07-02,3,2
170647590,Cirsium helenioides,2023-07-02,3,2
170657066,Cirsium palustre,2023-07-02,3,2
170718614,Cirsium palustre,2023-07-02,3,2
170789256,Cirsium palustre,2023-07-02,3,2
170816259,Cirsium heterophyllum,2023-07-02,3,2
170822824,Cirsium vulgare,2023-07-03,3,2
170828722,Cirsium vulgare,2023-07-03,3,2
170870084,Cirsium scariosum,2023-06-30,3,2
170882310,Cirsium obvallatum,2023-06-25,3,2
170989680,Cirsium heterophyllum,2023-07-04,3,2
170998885,Cirsium vulgare,2023-07-04,3,2
171008452,Cirsium heterophyllum,2023-07-04,3,2
171008609,Cirsium vulgare,2023-04-27,3,2
171025249,Cirsium tuberosum,2023-07-01,3,2
171027508,Cirsium scariosum,2023-06-20,3,2
171083062,Cirsium arvense,2023-07-04,3,2
171096665,Cirsium arvense,2023-07-01,3,2
171108793,Cirsium palustre,2023-07-01,3,2
171116186,Cirsium acaulon,2023-07-04,3,2
171163421,Cirsium remotifolium,2023-07-02,3,2
171238113,Cirsium vulgare,2023-07-05,3,2
171238890,Cirsium vulgare,2023-07-05,3,2
171240588,Cirsium arvense,2023-05-24,3,2
171249717,Cirsium undulatum,2023-06-29,3,2
171264237,Cirsium drummondii,2023-07-05,3,2
171320063,Cirsium undulatum,2023-07-05,3,2
171374835,Cirsium arvense,2023-07-06,3,2
171401144,Cirsium vulgare,2023-07-06,3,2
171460330,Cirsium arvense,2023-07-06,3,2
171513491,Cirsium rivulare,2023-05-27,3,2
171603917,Cirsium vulgare,2023-07-07,3,2
171646309,Cirsium undulatum,2023-07-07,3,2
171714162,Cirsium arvense,2023-07-08,3,2
171717590,Cirsium arvense,2023-07-07,3,2
171743752,Cirsium vulgare,2023-07-08,3,2
171744559,Cirsium heterophyllum,2023-06-22,3,2
171768406,Cirsium heterophyllum,2023-07-08,3,2
171780686,Cirsium acaulon,2023-07-08,3,2
171857370,Cirsium neomexicanum,2023-07-08,3,2
171898340,Cirsium vulgare,2023-07-08,3,2
171958706,Cirsium arvense,2023-07-06,3,2
171982473,Cirsium heterophyllum,2023-07-09,3,2
171991869,Cirsium arvense,2023-07-03,3,2
171994972,Cirsium arvense,2022-06-26,3,2
172001436,Cirsium arvense,2023-07-09,3,2
172005626,Cirsium arvense,2023-07-09,3,2
172065753,Cirsium arvense,2023-07-06,3,2
172166787,Cirsium arvense,2023-07-10,3,2
172180010,Cirsium vulgare,2023-07-02,3,2
172210845,Cirsium arvense,2023-07-09,3,2
172237864,Cirsium palustre,2023-07-09,3,2
172250847,Cirsium parryi,2023-07-09,3,2
172251311,Cirsium arvense,2023-07-10,3,2
172277439,Cirsium hookerianum,2023-07-09,3,2
172301845,Cirsium arvense,2023-07-11,3,2
172316128,Cirsium serrulatum,2023-07-08,3,2
172326276,Cirsium arvense,2023-07-11,3,2
172371971,Cirsium palustre,2023-07-11,3,2
172405338,Cirsium vulgare,2023-07-10,3,2
172424128,Cirsium arvense,2023-07-11,3,2
172449076,Cirsium kamtschaticum,2023-07-12,3,2
172457874,Cirsium vulgare,2023-07-11,3,2
172467526,Cirsium vulgare,2023-07-11,3,2
172477401,Cirsium hypoleucum,2023-07-12,3,2
172527230,Cirsium arvense,2023-07-07,3,2
172532633,Cirsium arvense,2023-07-09,3,2
17256105,Cirsium vulgare,2018-10-01,3,2
172572142,Cirsium arvense,2023-07-12,3,2
172591306,Cirsium canescens,2023-06-12,3,2
172613337,Cirsium vulgare,2023-07-12,3,2
172641388,Cirsium vulgare,2023-07-11,3,2
172688340,Cirsium arvense,2023-07-13,3,2
172697727,Cirsium arvense,2023-07-13,3,2
172698359,Cirsium palustre,2023-07-04,3,2
172706554,Cirsium vulgare,2023-07-13,3,2
172714667,Cirsium arvense,2023-07-13,3,2
172783374,Cirsium arvense,2023-07-13,3,2
172805082,Cirsium helenioides,2023-06-30,3,2
172851074,Cirsium arvense,2023-07-14,3,2
172914532,Cirsium vulgare,2023-07-04,3,2
173057935,Cirsium arvense,2023-07-15,3,2
173077693,Cirsium heterophyllum,2023-07-15,3,2
173132260,Cirsium wheeleri,2023-07-14,3,2
173132713,Cirsium vulgare,2023-07-15,3,2
173162241,Cirsium arvense,2023-07-15,3,2
173166266,Cirsium heterophyllum,2023-07-13,3,2
173188640,Cirsium vulgare,2023-07-16,3,2
173190869,Cirsium muticum,2023-07-15,3,2
173202566,Cirsium arvense,2023-07-14,3,2
173204098,Cirsium vulgare,2023-07-15,3,2
173218295,Cirsium vulgare,2023-07-16,3,2
173225577,Cirsium flodmanii,2023-07-16,3,2
173247700,Cirsium oleraceum,2023-07-16,3,2
173253264,Cirsium heterophyllum,2023-07-16,3,2
173258943,Cirsium vulgare,2023-07-16,3,2
173311490,Cirsium erisithales,2023-07-09,3,2
173325561,Cirsium canescens,2023-07-08,3,2
173412562,Cirsium palustre,2023-07-17,3,2
173448596,Cirsium oleraceum,2023-07-17,3,2
173486464,Cirsium arvense,2023-07-17,3,2
173493718,Cirsium vulgare,2023-07-17,3,2
173528074,Cirsium arvense,2023-06-26,3,2
173553201,Cirsium arvense,2023-07-18,3,2
173609729,Cirsium palustre,2023-07-18,3,2
173625026,Cirsium bracteosum,2023-07-14,3,2
173663611,Cirsium vulgare,2023-07-13,3,2
173682390,Cirsium arvense,2023-07-18,3,2
173683319,Cirsium discolor,2023-07-12,3,2
173733295,Cirsium arvense,2023-07-18,3,2
173742204,Cirsium serrulatum,2023-07-19,3,2
173751357,Cirsium spinosissimum,2023-07-19,3,2
173753862,Cirsium heterophyllum,2023-07-14,3,2
173772670,Cirsium palustre,2023-07-18,3,2
173798065,Cirsium arvense,2023-07-19,3,2
173800996,Cirsium vulgare,2023-07-19,3,2
173816715,Cirsium arvense,2023-07-19,3,2
173821097,Cirsium heterophyllum,2023-07-15,3,2
173821117,Cirsium arvense,2023-07-19,3,2
173827313,Cirsium flodmanii,2023-07-12,3,2
173896910,Cirsium vulgare,2023-07-12,3,2
173900315,Cirsium arvense,2023-07-20,3,2
173901122,Cirsium vulgare,2023-07-20,3,2
173911909,Cirsium arvense,2023-07-19,3,2
173918396,Cirsium palustre,2023-07-20,3,2
173955039,Cirsium ochrocentrum,2023-07-20,3,2
173956220,Cirsium arvense,2023-07-20,3,2
173992868,Cirsium arvense,2023-07-20,3,2
174100660,Cirsium vulgare,2023-07-21,3,2
174124943,Cirsium palustre,2023-07-21,3,2
174148387,Cirsium cymosum,2023-07-21,3,2
174152551,Cirsium oleraceum,2023-07-21,3,2
174172319,Cirsium funkiae,2023-07-18,3,2
174240023,Cirsium vulgare,2023-07-22,3,2
174254067,Cirsium arvense,2023-07-22,3,2
174279518,Cirsium vulgare,2023-07-22,3,2
174287334,Cirsium arvense,2023-07-22,3,2
174301722,Cirsium arvense,2023-07-22,3,2
174333732,Cirsium rivulare,2023-07-22,3,2
174333764,Cirsium obvallatum,2023-07-08,3,2
174372927,Cirsium vulgare,2023-07-22,3,2
174384348,Cirsium vulgare,2023-07-22,3,2
174387018,Cirsium drummondii,2023-07-20,3,2
174428869,Cirsium serrulatum,2023-07-22,3,2
174444045,Cirsium vulgare,2023-07-22,3,2
174450259,Cirsium arvense,2023-06-26,3,2
174463902,Cirsium arvense,2023-07-23,3,2
174487708,Cirsium oleraceum,2023-07-14,3,2
174495880,Cirsium helenioides,2023-07-23,3,2
174496444,Cirsium arvense,2023-07-23,3,2
174503385,Cirsium serrulatum,2023-07-22,3,2
174517231,Cirsium scariosum,2023-07-13,3,2
174542758,Cirsium vulgare,2023-07-23,3,2
174638481,Cirsium undulatum,2023-07-15,3,2
174747433,Cirsium vulgare,2023-07-24,3,2
174757585,Cirsium vulgare,2023-07-24,3,2
174793720,Cirsium vulgare,2023-07-14,3,2
174794146,Cirsium flodmanii,2023-07-16,3,2
174817587,Cirsium vulgare,2023-07-24,3,2
174836508,Cirsium erisithales,2023-07-23,3,2
174846096,Cirsium vulgare,2023-07-25,3,2
174849327,Cirsium esculentum,2023-07-20,3,2
174859895,Cirsium arvense,2023-07-24,3,2
174891628,Cirsium vulgare,2023-06-27,3,2
175033554,Cirsium palustre,2023-07-19,3,2
175036297,Cirsium arvense,2023-07-13,3,2
175045502,Cirsium arvense,2023-07-26,3,2
175053013,Cirsium vulgare,2023-07-26,3,2
175059895,Cirsium arvense,2023-07-26,3,2
175094167,Cirsium arvense,2023-07-23,3,2
175097206,Cirsium vulgare,2023-07-15,3,2
175110988,Cirsium discolor,2023-07-22,3,2
175128681,Cirsium vulgare,2023-07-26,3,2
175178085,Cirsium heterophyllum,2023-07-27,3,2
175196320,Cirsium undulatum,2023-07-09,3,2
175216121,Cirsium palustre,2023-07-27,3,2
175256693,Cirsium vulgare,2023-07-27,3,2
175269870,Cirsium flodmanii,2023-07-27,3,2
175373451,Cirsium heterophyllum,2023-07-26,3,2
175375445,Cirsium canum,2023-07-12,3,2
175411167,Cirsium arvense,2023-07-28,3,2
175514485,Cirsium vulgare,2023-07-23,3,2
175526471,Cirsium arvense,2023-07-22,3,2
175529332,Cirsium arvense,2023-07-28,3,2
175558375,Cirsium arvense,2023-07-29,3,2
175568759,Cirsium arvense,2023-07-29,3,2
175572020,Cirsium arvense,2023-07-29,3,2
175657182,Cirsium cymosum,2023-07-29,3,2
175658977,Cirsium vulgare,2023-07-29,3,2
175719092,Cirsium oleraceum,2023-07-30,3,2
175747407,Cirsium vulgare,2023-07-30,3,2
175747618,Cirsium vulgare,2023-07-30,3,2
175786486,Cirsium arvense,2023-07-29,3,2
175853026,Cirsium repandum,2023-07-30,3,2
175907519,Cirsium oleraceum,2023-07-30,3,2
175931292,Cirsium arvense,2023-07-30,3,2
175938240,Cirsium arvense,2023-07-31,3,2
176030706,Cirsium vulgare,2023-07-12,3,2
176056192,Cirsium arvense,2023-07-05,3,2
176070566,Cirsium vulgare,2023-07-20,3,2
176092605,Cirsium vulgare,2023-08-01,3,2
176096099,Cirsium heterophyllum,2023-07-06,3,2
176107570,Cirsium arvense,2023-07-19,3,2
176108977,Cirsium arvense,2023-08-01,3,2
176118340,Cirsium vulgare,2023-08-01,3,2
176167606,Cirsium oleraceum,2023-08-01,3,2
176179356,Cirsium vulgare,2023-08-01,3,2
176248121,Cirsium heterophyllum,2023-08-01,3,2
176328314,Cirsium vulgare,2023-08-02,3,2
176329715,Cirsium acaulon,2023-08-02,3,2
176329920,Cirsium acaulon,2023-08-02,3,2
176355117,Cirsium arvense,2023-08-02,3,2
176436293,Cirsium vulgare,2023-07-31,3,2
176458817,Cirsium vulgare,2023-08-03,3,2
176512166,Cirsium vulgare,2023-08-03,3,2
176561545,Cirsium heterophyllum,2023-08-04,3,2
176633065,Cirsium arvense,2023-08-04,3,2
176646924,Cirsium discolor,2023-08-04,3,2
176660814,Cirsium vulgare,2023-08-02,3,2
176664390,Cirsium occidentale,2023-07-24,3,2
176665813,Cirsium arvense,2023-08-04,3,2
176740697,Cirsium canum,2023-08-05,3,2
176743295,Cirsium arvense,2023-08-05,3,2
176760030,Cirsium vulgare,2023-07-25,3,2
176789069,Cirsium discolor,2023-08-03,3,2
176827571,Cirsium vulgare,2023-08-05,3,2
176884516,Cirsium vulgare,2023-08-05,3,2
176916344,Cirsium funkiae,2023-08-05,3,2
176934708,Cirsium palustre,2023-08-06,3,2
176944037,Cirsium palustre,2023-08-06,3,2
176963126,Cirsium vulgare,2023-08-06,3,2
176966283,Cirsium arvense,2023-08-06,3,2
176966814,Cirsium vulgare,2023-08-06,3,2
176983762,Cirsium palustre,2023-08-06,3,2
176985570,Cirsium oleraceum,2023-08-04,3,2
177036082,Cirsium brevistylum,2023-08-06,3,2
177044690,Cirsium arvense,2023-08-06,3,2
177048561,Cirsium oleraceum,2023-08-06,3,2
177049146,Cirsium oleraceum,2023-08-06,3,2
177050772,Cirsium arvense,2023-08-05,3,2
177065539,Cirsium arvense,2023-08-05,3,2
177073194,Cirsium arvense,2023-07-11,3,2
177093400,Cirsium hookerianum,2023-08-05,3,2
177097874,Cirsium vulgare,2023-08-06,3,2
177135552,Cirsium vulgare,2023-08-07,3,2
177171995,Cirsium arvense,2023-08-07,3,2
177286057,Cirsium muticum,2023-08-07,3,2
177304608,Cirsium edule,2023-08-07,3,2
177321578,Cirsium arvense,2023-08-08,3,2
177335199,Cirsium heterophyllum,2023-08-05,3,2
17734514,Cirsium horridulum,2018-10-20,3,2
177398450,Cirsium vulgare,2023-08-08,3,2
177413081,Cirsium arvense,2023-08-05,3,2
177418858,Cirsium vulgare,2023-08-08,3,2
177419944,Cirsium clokeyi,2023-07-25,3,2
177485894,Cirsium vulgare,2023-08-09,3,2
177512167,Cirsium heterophyllum,2023-08-08,3,2
177527022,Cirsium vulgare,2023-08-09,3,2
177529993,Cirsium arvense,2023-08-08,3,2
177541269,Cirsium kosmelii,2023-07-31,3,2
177548729,Cirsium undulatum,2023-08-09,3,2
177549857,Cirsium discolor,2023-08-09,3,2
177575982,Cirsium arvense,2022-08-21,3,2
177618901,Cirsium vulgare,2023-08-05,3,2
177629306,Cirsium oleraceum,2023-08-07,3,2
177643605,Cirsium vulgare,2023-08-01,3,2
177711620,Cirsium ochrocentrum,2022-08-10,3,2
177751655,Cirsium vulgare,2023-07-21,3,2
177761531,Cirsium hygropodum,2023-08-09,3,2
177795072,Cirsium vulgare,2023-08-10,3,2
177798787,Cirsium arvense,2023-08-11,3,2
177854952,Cirsium vulgare,2023-08-11,3,2
177889779,Cirsium arvense,2023-08-11,3,2
177926420,Cirsium arvense,2023-08-11,3,2
177945387,Cirsium muticum,2023-08-11,3,2
177946212,Cirsium vulgare,2023-08-12,3,2
1779661,Cirsium palustre,2015-07-19,3,2
177978644,Cirsium vulgare,2023-08-12,3,2
177995973,Cirsium arvense,2023-08-12,3,2
178116792,Cirsium pulcherrimum,2019-08-20,3,2
178127849,Cirsium vulgare,2023-08-13,3,2
178140982,Cirsium oleraceum,2023-08-13,3,2
178147446,Cirsium oleraceum,2023-08-07,3,2
178163149,Cirsium acaulon,2023-08-13,3,2
17817059,Cirsium vulgare,2018-10-21,3,2
178171186,Cirsium palustre,2007-06-02,3,2
178185281,Cirsium vulgare,2023-08-09,3,2
178202786,Cirsium palustre,2023-08-13,3,2
178204424,Cirsium canum,2023-08-13,3,2
178209620,Cirsium vulgare,2023-08-12,3,2
178244495,Cirsium esculentum,2023-07-27,3,2
178253153,Cirsium vulgare,2023-07-27,3,2
178322681,Cirsium vulgare,2023-08-13,3,2
178334045,Cirsium oleraceum,2023-08-14,3,2
178335654,Cirsium oleraceum,2023-08-13,3,2
178347590,Cirsium vulgare,2015-08-12,3,2
178357618,Cirsium vulgare,2023-08-08,3,2
178367610,Cirsium vulgare,2023-08-14,3,2
178370028,Cirsium palustre,2023-08-10,3,2
178382253,Cirsium arvense,2023-08-07,3,2
178446760,Cirsium vulgare,2023-08-14,3,2
178454419,Cirsium arvense,2023-08-12,3,2
178458906,Cirsium palustre,2023-08-14,3,2
178468468,Cirsium edule,2023-08-13,3,2
178472416,Cirsium vulgare,2023-08-14,3,2
178509958,Cirsium arvense,2023-07-24,3,2
178583233,Cirsium brachycephalum,2023-08-15,3,2
178615416,Cirsium vulgare,2023-07-16,3,2
178636713,Cirsium pugnax,2023-08-15,3,2
178645546,Cirsium undulatum,2023-08-11,3,2
178673535,Cirsium altissimum,2023-08-16,3,2
178677223,Cirsium arvense,2023-08-16,3,2
178690827,Cirsium arvense,2023-08-02,3,2
178729802,Cirsium discolor,2023-08-15,3,2
178754276,Cirsium arvense,2023-08-16,3,2
178813501,Cirsium vulgare,2023-08-16,3,2
178970969,Cirsium muticum,2023-08-14,3,2
178999086,Cirsium heterophyllum,2023-08-18,3,2
179111477,Cirsium vulgare,2023-08-19,3,2
179125779,Cirsium arvense,2023-08-19,3,2
179228720,Cirsium discolor,2023-08-19,3,2
179232067,Cirsium heterophyllum,2023-08-05,3,2
179241911,Cirsium vulgare,2023-08-19,3,2
179255388,Cirsium altissimum,2023-08-19,3,2
179271482,Cirsium altissimum,2023-08-18,3,2
179345265,Cirsium discolor,2023-08-20,3,2
179354500,Cirsium heterophyllum,2023-08-17,3,2
179363781,Cirsium arvense,2023-08-20,3,2
179403921,Cirsium acaulon,2023-08-16,3,2
179415467,Cirsium vulgare,2023-08-20,3,2
179493353,Cirsium serrulatum,2023-08-18,3,2
179513475,Cirsium occidentale,2023-08-12,3,2
179569940,Cirsium esculentum,2023-08-05,3,2
179612460,Cirsium vulgare,2023-08-21,3,2
179627056,Cirsium arvense,2023-07-21,3,2
179685200,Cirsium altissimum,2023-08-21,3,2
179695211,Cirsium vulgare,2023-08-21,3,2
179716931,Cirsium vulgare,2023-08-22,3,2
179735163,Cirsium arvense,2023-08-22,3,2
179751900,Cirsium palustre,2023-08-22,3,2
179766826,Cirsium arvense,2023-08-11,3,2
179839935,Cirsium vulgare,2023-08-14,3,2
179843095,Cirsium vulgare,2023-07-28,3,2
179918818,Cirsium arvense,2023-08-21,3,2
179937371,Cirsium vulgare,2023-08-08,3,2
179946852,Cirsium arvense,2023-08-24,3,2
179975002,Cirsium vulgare,2023-08-24,3,2
17998690,Cirsium arvense,2018-10-22,3,2
179989769,Cirsium oleraceum,2023-08-24,3,2
180004089,Cirsium arvense,2023-08-24,3,2
180018602,Cirsium arizonicum,2023-08-24,3,2
180028974,Cirsium vulgare,2010-01-09,3,2
180047161,Cirsium discolor,2023-08-24,3,2
180072496,Cirsium discolor,2023-08-23,3,2
180081856,Cirsium vulgare,2023-08-23,3,2
180143747,Cirsium vulgare,2023-08-22,3,2
180211886,Cirsium arvense,2023-08-25,3,2
180246584,Cirsium vulgare,2023-08-26,3,2
180386118,Cirsium muticum,2023-08-26,3,2
180451464,Cirsium arvense,2023-08-27,3,2
180461099,Cirsium heterophyllum,2023-08-27,3,2
180505324,Cirsium vulgare,2023-08-27,3,2
180550069,Cirsium occidentale,2023-08-02,3,2
180595520,Cirsium rivulare,2023-08-28,3,2
18067783,Cirsium altissimum,2018-11-03,3,2
180773898,Cirsium arvense,2023-08-29,3,2
180826012,Cirsium arvense,2023-08-28,3,2
180844981,Cirsium vulgare,2023-08-29,3,2
180878406,Cirsium arvense,2023-08-28,3,2
180924447,Cirsium muticum,2023-08-30,3,2
180970424,Cirsium arvense,2023-08-28,3,2
180983489,Cirsium arvense,2023-08-29,3,2
180990955,Cirsium eatonii,2023-08-27,3,2
181053007,Cirsium discolor,2023-08-31,3,2
181135589,Cirsium arvense,2023-08-31,3,2
181237936,Cirsium arvense,2023-07-28,3,2
181241580,Cirsium spinosissimum,2023-08-31,3,2
181339896,Cirsium serrulatum,2023-09-02,3,2
18141841,Cirsium helenioides,2018-07-31,3,2
181424690,Cirsium oleraceum,2023-09-02,3,2
181532318,Cirsium arvense,2023-09-03,3,2
181571349,Cirsium arvense,2023-09-03,3,2
181577435,Cirsium ciliatum,2023-09-03,3,2
181588668,Cirsium discolor,2023-09-03,3,2
181611684,Cirsium arvense,2023-05-26,3,2
181641710,Cirsium vulgare,2023-09-03,3,2
181670530,Cirsium palustre,2023-09-01,3,2
181684230,Cirsium arvense,2023-09-03,3,2
181696949,Cirsium arvense,2023-08-30,3,2
181755396,Cirsium arvense,2023-09-04,3,2
181775180,Cirsium arvense,2023-09-04,3,2
181850156,Cirsium lecontei,2023-08-19,3,2
181871089,Cirsium vulgare,2023-09-05,3,2
181887077,Cirsium esculentum,2023-09-05,3,2
181937137,Cirsium ehrenbergii,2023-08-23,3,2
181984661,Cirsium arvense,2023-09-01,3,2
182001304,Cirsium vulgare,2023-09-03,3,2
182150762,Cirsium ferum,2023-05-27,3,2
182159623,Cirsium arvense,2023-08-03,3,2
182174488,Cirsium discolor,2023-09-05,3,2
182257184,Cirsium altissimum,2023-09-07,3,2
182293168,Cirsium oleraceum,2023-09-08,3,2
182377503,Cirsium vulgare,2023-09-08,3,2
182380590,Cirsium muticum,2023-09-08,3,2
182400585,Cirsium vulgare,2023-09-06,3,2
182428717,Cirsium vulgare,2023-09-09,3,2
182483166,Cirsium arvense,2023-08-14,3,2
182515144,Cirsium vulgare,2023-09-09,3,2
182535730,Cirsium discolor,2023-09-09,3,2
182629354,Cirsium muticum,2023-09-10,3,2
182768577,Cirsium arvense,2023-08-24,3,2
182787649,Cirsium oleraceum,2023-09-11,3,2
182801018,Cirsium arvense,2023-09-11,3,2
182897256,Cirsium arvense,2023-09-10,3,2
182973985,Cirsium arvense,2023-09-03,3,2
183080254,Cirsium muticum,2023-08-27,3,2
183090674,Cirsium arvense,2023-09-09,3,2
183124794,Cirsium altissimum,2012-09-05,3,2
183170024,Cirsium andersonii,2023-09-08,3,2
183278193,Cirsium arvense,2023-09-04,3,2
183323433,Cirsium vulgare,2023-09-07,3,2
183367133,Cirsium vulgare,2023-09-15,3,2
183367610,Cirsium discolor,2023-09-15,3,2
183391844,Cirsium canum,2023-09-15,3,2
183413814,Cirsium muticum,2023-09-15,3,2
183521714,Cirsium ukranicum,2023-09-16,3,2
183557655,Cirsium vulgare,2023-09-11,3,2
183610875,Cirsium muticum,2023-09-06,3,2
183650522,Cirsium vulgare,2023-09-17,3,2
183671104,Cirsium vulgare,2023-09-17,3,2
183690677,Cirsium arvense,2023-09-16,3,2
183719521,Cirsium echinus,2023-09-11,3,2
183808573,Cirsium palustre,2023-09-18,3,2
183845378,Cirsium palustre,2023-09-18,3,2
183854620,Cirsium discolor,2023-09-18,3,2
183900846,Cirsium arvense,2023-09-17,3,2
183923158,Cirsium vulgare,2023-08-07,3,2
184099311,Cirsium esculentum,2014-07-25,3,2
184104249,Cirsium discolor,2023-09-19,3,2
184159583,Cirsium acaulon,2023-09-20,3,2
184182082,Cirsium vulgare,2023-09-14,3,2
184194665,Cirsium arizonicum,2023-09-20,3,2
184219310,Cirsium vulgare,2023-09-20,3,2
184251150,Cirsium discolor,2017-09-29,3,2
184324105,Cirsium arvense,2023-09-21,3,2
184338205,Cirsium vulgare,2023-09-16,3,2
184358578,Cirsium esculentum,2023-09-22,3,2
184440696,Cirsium arvense,2023-08-17,3,2
184476636,Cirsium arvense,2023-09-22,3,2
184499351,Cirsium arisanense,2023-09-14,3,2
184499937,Cirsium esculentum,2023-07-15,3,2
18453068,Cirsium arvense,2018-11-07,3,2
184551970,Cirsium vulgare,2023-09-23,3,2
184552289,Cirsium vulgare,2023-08-14,3,2
184595777,Cirsium arvense,2023-07-28,3,2
184613318,Cirsium vulgare,2023-09-23,3,2
184620591,Cirsium arvense,2023-09-23,3,2
184687292,Cirsium arvense,2023-09-24,3,2
184731373,Cirsium ochrocentrum,2023-09-14,3,2
184775549,Cirsium arvense,2023-09-18,3,2
184861616,Cirsium arvense,2023-09-24,3,2
184946896,Cirsium muticum,2023-09-24,3,2
184997761,Cirsium arvense,2023-09-11,3,2
184998031,Cirsium vulgare,2023-09-11,3,2
185056977,Cirsium hookerianum,2023-06-16,3,2
185149700,Cirsium arvense,2023-09-26,3,2
185184147,Cirsium vulgare,2023-09-27,3,2
1852312,Cirsium arvense,2015-08-06,3,2
18525064,Cirsium texanum,2018-05-27,3,2
185264255,Cirsium arvense,2023-07-25,3,2
185445904,Cirsium arvense,2023-09-29,3,2
185535649,Cirsium arvense,2023-09-26,3,2
185560036,Cirsium arvense,2023-09-30,3,2
185717611,Cirsium discolor,2023-09-30,3,2
185778633,Cirsium oleraceum,2023-08-20,3,2
185906640,Cirsium discolor,2023-10-02,3,2
186071473,Cirsium vulgare,2023-10-03,3,2
186107937,Cirsium arvense,2023-07-03,3,2
186184412,Cirsium undulatum,2023-06-13,3,2
186409805,Cirsium monspessulanum,2023-09-16,3,2
186420057,Cirsium palustre,2023-10-04,3,2
186438293,Cirsium oleraceum,2023-10-06,3,2
186514095,Cirsium vulgare,2009-08-03,3,2
186534027,Cirsium vulgare,2023-10-07,3,2
18654650,Cirsium vulgare,2018-11-13,3,2
186572131,Cirsium andersonii,2023-07-17,3,2
186654953,Cirsium arvense,2023-10-08,3,2
186692924,Cirsium vulgare,2023-10-06,3,2
186723345,Cirsium arvense,2023-10-08,3,2
186774888,Cirsium arvense,2023-10-08,3,2
186874300,Cirsium arvense,2023-10-07,3,2
186877277,Cirsium arvense,2023-08-10,3,2
186905939,Cirsium arvense,2023-09-10,3,2
186989557,Cirsium arvense,2023-10-04,3,2
187109619,Cirsium vulgare,2023-10-11,3,2
187133314,Cirsium arvense,2023-08-20,3,2
187148288,Cirsium vulgare,2023-09-27,3,2
187196088,Cirsium muticum,2023-10-08,3,2
187198580,Cirsium altissimum,2023-10-11,3,2
187284869,Cirsium arvense,2023-09-26,3,2
187317771,Cirsium neomexicanum,2023-10-12,3,2
187387204,Cirsium vulgare,2023-10-13,3,2
187475914,Cirsium vulgare,2023-10-14,3,2
187555270,Cirsium vulgare,2023-10-14,3,2
187617384,Cirsium arvense,2023-08-23,3,2
187786010,Cirsium vulgare,2023-10-16,3,2
187797913,Cirsium vulgare,2023-07-29,3,2
187825887,Cirsium arvense,2023-10-09,3,2
187998563,Cirsium arvense,2023-10-13,3,2
188036434,Cirsium hookerianum,2023-07-02,3,2
188141620,Cirsium arvense,2023-10-19,3,2
188491530,Cirsium palustre,2023-10-20,3,2
188528381,Cirsium vulgare,2023-10-22,3,2
188531496,Cirsium vulgare,2023-09-10,3,2
188560149,Cirsium hypoleucum,2023-10-22,3,2
188609860,Cirsium funkiae,2023-10-21,3,2
188614774,Cirsium vulgare,2023-10-22,3,2
188652068,Cirsium arvense,2023-10-23,3,2
188652508,Cirsium arvense,2023-07-23,3,2
188685522,Cirsium muticum,2023-07-31,3,2
188842188,Cirsium arvense,2023-10-24,3,2
189002498,Cirsium esculentum,2014-07-10,3,2
189025803,Cirsium alatum,2023-08-16,3,2
189102642,Cirsium oleraceum,2023-10-27,3,2
189132498,Cirsium vulgare,2023-09-28,3,2
189212849,Cirsium vulgare,2023-10-28,3,2
189227642,Cirsium vulgare,2023-10-28,3,2
18922984,Cirsium vulgare,2018-09-16,3,2
189496402,Cirsium canum,2023-08-19,3,2
189538141,Cirsium arvense,2023-07-29,3,2
189768811,Cirsium vulgare,2023-10-27,3,2
189803391,Cirsium vulgare,2023-11-02,3,2
189916132,Cirsium arvense,2023-08-22,3,2
189926048,Cirsium arvense,2023-09-26,3,2
189978584,Cirsium oleraceum,2023-11-03,3,2
190083505,Cirsium vulgare,2023-11-05,3,2
190273575,Cirsium vulgare,2023-11-07,3,2
190339647,Cirsium vulgare,2023-11-07,3,2
190452560,Cirsium brevistylum,2023-11-01,3,2
190498327,Cirsium flodmanii,2023-09-06,3,2
190569472,Cirsium vulgare,2023-10-22,3,2
190642655,Cirsium ochrocentrum,2023-11-10,3,2
190748752,Cirsium arvense,2017-10-15,3,2
191233378,Cirsium vulgare,2023-11-16,3,2
191427408,Cirsium vulgare,2023-11-18,3,2
191512713,Cirsium vulgare,2023-11-14,3,2
191544532,Cirsium vulgare,2023-11-19,3,2
191750323,Cirsium maritimum,2023-11-21,3,2
191785735,Cirsium candelabrum,2023-07-21,3,2
19180785,Cirsium arvense,2014-09-11,3,2
191921882,Cirsium komarovii,2023-07-08,3,2
192062048,Cirsium dealbatum,2023-06-27,3,2
192113068,Cirsium vulgare,2023-11-25,3,2
19220449,Cirsium vulgare,2018-12-25,3,2
192223737,Cirsium oleraceum,2023-11-19,3,2
192244464,Cirsium obvallatum,2023-08-06,3,2
192425412,Cirsium vulgare,2023-06-26,3,2
192443193,Cirsium horridulum,2023-11-27,3,2
192464471,Cirsium vulgare,2006-07-20,3,2
192571424,Cirsium vulgare,2023-11-27,3,2
192589269,Cirsium vulgare,2023-11-29,3,2
192633059,Cirsium vulgare,2023-11-17,3,2
192771317,Cirsium palustre,2023-12-01,3,2
192951468,Cirsium heliorhaphis,2023-12-03,3,2
192992049,Cirsium flodmanii,2023-09-10,3,2
193032384,Cirsium palustre,2023-07-27,3,2
193138427,Cirsium helenioides,2019-07-28,3,2
193244273,Cirsium vulgare,2023-12-06,3,2
193350069,Cirsium arizonicum,2023-09-29,3,2
193463499,Cirsium palustre,2023-12-09,3,2
193496522,Cirsium pannonicum,2023-06-11,3,2
193743990,Cirsium vulgare,2023-12-12,3,2
193846234,Cirsium vulgare,2023-12-02,3,2
193855715,Cirsium vulgare,2023-12-11,3,2
193893129,Cirsium arvense,2017-08-13,3,2
193935537,Cirsium heterophyllum,2016-07-31,3,2
194004100,Cirsium vulgare,2023-12-15,3,2
194083355,Cirsium serratuloides,2023-07-03,3,2
194104672,Cirsium vulgare,2023-12-16,3,2
194161069,Cirsium palustre,2023-12-15,3,2
194490313,Cirsium vulgare,2023-12-21,3,2
194542662,Cirsium discolor,2023-12-21,3,2
194607574,Cirsium vulgare,2023-12-22,3,2
194698245,Cirsium vulgare,2023-12-23,3,2
194878760,Cirsium vulgare,2023-12-25,3,2
194881746,Cirsium palustre,2023-12-25,3,2
195086657,Cirsium arvense,2023-08-25,3,2
195096701,Cirsium vulgare,2023-12-28,3,2
195221130,Cirsium vulgare,2023-12-29,3,2
195312237,Cirsium texanum,2023-12-30,3,2
195399767,Cirsium arvense,2018-06-17,3,2
19542201,Cirsium palustre,2017-07-15,3,2
195433120,Cirsium ochrocentrum,2023-06-20,3,2
195529729,Cirsium vulgare,2024-01-02,3,2
195532597,Cirsium vulgare,2023-12-30,3,2
195568268,Cirsium arvense,2022-08-12,3,2
195631811,Cirsium arvense,2024-01-03,3,2
195736783,Cirsium vulgare,2024-01-01,3,2
195779861,Cirsium appendiculatum,2023-07-19,3,2
195905746,Cirsium palustre,2024-01-03,3,2
19601147,Cirsium neomexicanum,2010-04-28,3,2
196106162,Cirsium vulgare,2024-01-08,3,2
196129666,Cirsium vulgare,2024-01-06,3,2
19613185,Cirsium hupehense,2019-01-13,3,2
196171673,Cirsium vulgare,2024-01-08,3,2
19620928,Cirsium arvense,2016-06-08,3,2
196389282,Cirsium vulgare,2023-08-22,3,2
196390004,Cirsium horridulum,2024-01-11,3,2
196657460,Cirsium mexicanum,2024-01-13,3,2
196780183,Cirsium vulgare,2006-10-24,3,2
197075954,Cirsium oleraceum,2010-08-22,3,2
197092250,Cirsium brevistylum,2024-01-19,3,2
197122616,Cirsium arvense,2023-08-17,3,2
197192544,Cirsium vulgare,2024-01-20,3,2
197214468,Cirsium japonicum,2024-01-21,3,2
197278868,Cirsium vulgare,2015-07-17,3,2
197527732,Cirsium ciliatum,2011-06-09,3,2
197629728,Cirsium roseolum,2015-07-29,3,2
197674454,Cirsium oleraceum,2013-07-24,3,2
197748442,Cirsium vulgare,2024-01-27,3,2
19776327,Cirsium esculentum,2005-07-13,3,2
197805188,Cirsium vulgare,2024-01-25,3,2
19786806,Cirsium horridulum,2019-01-13,3,2
197934350,Cirsium subcoriaceum,2024-01-29,3,2
197982677,Cirsium vulgare,2024-01-10,3,2
198005053,Cirsium ehrenbergii,2024-01-30,3,2
198019545,Cirsium vulgare,2024-01-31,3,2
198098080,Cirsium mexicanum,2024-01-31,3,2
198201617,Cirsium vulgare,2016-07-22,3,2
198208945,Cirsium vulgare,2024-02-01,3,2
198326633,Cirsium monspessulanum,2021-09-16,3,2
198332787,Cirsium wheeleri,2016-08-14,3,2
19843353,Cirsium oleraceum,2007-07-14,3,2
198486009,Cirsium horridulum,2021-05-05,3,2
198583001,Cirsium arvense,2024-02-06,3,2
198599157,Cirsium muticum,2022-08-07,3,2
19872006,Cirsium arvense,2018-07-01,3,2
198978662,Cirsium canum,2015-08-07,3,2
198984638,Cirsium arvense,2024-01-16,3,2
199044862,Cirsium heterophyllum,2018-06-14,3,2
199087628,Cirsium vulgare,2024-02-07,3,2
199132090,Cirsium horridulum,2024-02-12,3,2
199222041,Cirsium vulgare,2024-02-04,3,2
199388861,Cirsium vulgare,2024-02-15,3,2
199426698,Cirsium discolor,2024-02-15,3,2
199439178,Cirsium vulgare,2024-02-14,3,2
199486149,Cirsium subcoriaceum,2024-02-15,3,2
199567930,Cirsium horridulum,2024-02-17,3,2
200386009,Cirsium ukranicum,2023-06-30,3,2
200489663,Cirsium vulgare,2023-07-22,3,2
200959535,Cirsium arvense,2022-07-07,3,2
200962638,Cirsium vulgare,2022-08-19,3,2
201214007,Cirsium horridulum,2024-03-02,3,2
20128935,Cirsium discolor,2017-09-01,3,2
201374881,Cirsium vulgare,2024-03-05,3,2
201732986,Cirsium brevistylum,2024-03-08,3,2
201807636,Cirsium palustre,2024-03-09,3,2
201809703,Cirsium palustre,2024-03-09,3,2
201857608,Cirsium vulgare,2024-02-20,3,2
202137427,Cirsium arvense,2024-03-10,3,2
202324471,Cirsium horridulum,2024-03-05,3,2
202448827,Cirsium cephalotes,2023-08-01,3,2
202505233,Cirsium obvallatum,2023-08-01,3,2
20251234,Cirsium alatum,2018-08-23,3,2
202633483,Cirsium vulgare,2023-09-17,3,2
202659575,Cirsium vulgare,2024-03-10,3,2
202691313,Cirsium oleraceum,2023-07-31,3,2
202805941,Cirsium rhaphilepis,2024-03-14,3,2
203027849,Cirsium arvense,2023-08-08,3,2
20313013,Cirsium pitcheri,2012-09-09,3,2
203162922,Cirsium horridulum,2024-03-19,3,2
203224060,Cirsium horridulum,2024-03-16,3,2
203421786,Cirsium flodmanii,2023-09-06,3,2
203422187,Cirsium flodmanii,2023-07-27,3,2
203448686,Cirsium vulgare,2024-03-22,3,2
203498867,Cirsium vulgare,2023-08-05,3,2
203512106,Cirsium horridulum,2024-03-22,3,2
204057591,Cirsium mexicanum,2024-03-24,3,2
204058940,Cirsium vulgare,2021-07-08,3,2
204088538,Cirsium vulgare,2024-03-26,3,2
204117385,Cirsium vulgare,2024-03-27,3,2
204141164,Cirsium brevicaule,2024-03-25,3,2
204240545,Cirsium vulgare,2024-03-19,3,2
204422921,Cirsium vulgare,2024-03-29,3,2
204467983,Cirsium horridulum,2024-03-29,3,2
204678373,Cirsium flodmanii,2023-08-30,3,2
204939653,Cirsium occidentale,2024-04-01,3,2
205022410,Cirsium horridulum,2024-04-01,3,2
20504050,Cirsium schantarense,2012-07-05,3,2
20506312,Cirsium vulgare,2016-05-14,3,2
205365330,Cirsium vulgare,2024-04-04,3,2
20560667,Cirsium vulgare,2019-02-22,3,2
206056567,Cirsium vulgare,2016-04-15,3,2
206071606,Cirsium vulgare,2024-04-05,3,2
206112570,Cirsium horridulum,2024-04-08,3,2
206205415,Cirsium vulgare,2024-04-09,3,2
206350503,Cirsium arvense,2024-04-10,3,2
206718455,Cirsium horridulum,2024-04-09,3,2
206784970,Cirsium mexicanum,2024-04-10,3,2
206805396,Cirsium subcoriaceum,2024-03-31,3,2
206934726,Cirsium horridulum,2024-04-12,3,2
206952679,Cirsium horridulum,2024-04-13,3,2
207054874,Cirsium horridulum,2024-04-13,3,2
207068597,Cirsium nuttallii,2024-04-13,3,2
20713755,Cirsium rhaphilepis,2019-02-12,3,2
207152350,Cirsium vulgare,2024-04-13,3,2
207461773,Cirsium arvense,2024-04-15,3,2
207548069,Cirsium vulgare,2024-04-16,3,2
207644362,Cirsium nuttallii,2024-04-16,3,2
207655802,Cirsium texanum,2024-04-16,3,2
207659792,Cirsium vulgare,2024-04-17,3,2
207839732,Cirsium vulgare,2024-04-17,3,2
207958315,Cirsium vulgare,2024-04-18,3,2
208034622,Cirsium occidentale,2024-04-18,3,2
208038981,Cirsium vulgare,2024-04-18,3,2
208054887,Cirsium heterophyllum,2024-04-18,3,2
208137992,Cirsium horridulum,2024-04-19,3,2
208265530,Cirsium palustre,2024-04-20,3,2
20829976,Cirsium horridulum,2019-02-28,3,2
208428097,Cirsium vulgare,2024-04-21,3,2
208447421,Cirsium arvense,2024-04-21,3,2
208448841,Cirsium vulgare,2024-04-21,3,2
208462377,Cirsium vulgare,2024-04-21,3,2
20848872,Cirsium serrulatum,2016-07-31,3,2
208515946,Cirsium palustre,2024-04-20,3,2
208625414,Cirsium horridulum,2024-04-21,3,2
208770185,Cirsium horridulum,2024-04-22,3,2
208945953,Cirsium horridulum,2024-04-23,3,2
208946634,Cirsium horridulum,2024-04-23,3,2
208972888,Cirsium horridulum,2024-04-23,3,2
209021586,Cirsium scariosum,2024-04-23,3,2
20933961,Cirsium arvense,2019-03-04,3,2
20941736,Cirsium vulgare,2017-08-18,3,2
209437489,Cirsium occidentale,2024-04-24,3,2
209766434,Cirsium texanum,2024-04-26,3,2
209883893,Cirsium horridulum,2024-04-26,3,2
210062867,Cirsium arvense,2024-04-27,3,2
210203255,Cirsium texanum,2024-04-27,3,2
210488987,Cirsium occidentale,2024-04-27,3,2
210742823,Cirsium vulgare,2024-04-28,3,2
210861945,Cirsium horridulum,2024-04-28,3,2
211025568,Cirsium texanum,2024-04-28,3,2
21124520,Cirsium vulgare,2019-03-10,3,2
211321586,Cirsium vulgare,2024-04-28,3,2
211402916,Cirsium occidentale,2024-04-26,3,2
21145757,Cirsium vulgare,2019-03-11,3,2
211514727,Cirsium vulgare,2024-04-29,3,2
211578968,Cirsium vulgare,2024-04-29,3,2
211652650,Cirsium oleraceum,2024-04-25,3,2
21224056,Cirsium arvense,2019-03-13,3,2
212531211,Cirsium heterophyllum,2024-04-29,3,2
212589391,Cirsium texanum,2024-05-01,3,2
213103523,Cirsium vulgare,2024-02-28,3,2
213223702,Cirsium vulgare,2024-05-03,3,2
213270956,Cirsium brevistylum,2024-04-27,3,2
21328076,Cirsium rhaphilepis,2019-02-16,3,2
213326619,Cirsium undulatum,2024-05-03,3,2
213558962,Cirsium vulgare,2024-05-04,3,2
213763814,Cirsium vulgare,2024-04-26,3,2
213822334,Cirsium engelmannii,2024-05-05,3,2
213860427,Cirsium occidentale,2024-05-05,3,2
213904609,Cirsium vulgare,2024-04-28,3,2
214376813,Cirsium tuberosum,2023-07-05,3,2
214533695,Cirsium pacificum,2024-05-08,3,2
214607331,Cirsium rivulare,2024-05-09,3,2
214735124,Cirsium vulgare,2020-09-28,3,2
214837944,Cirsium rhaphilepis,2024-05-10,3,2
215012950,Cirsium oleraceum,2023-07-21,3,2
215142532,Cirsium rivulare,2024-05-08,3,2
21529182,Cirsium vulgare,2018-05-29,3,2
21588241,Cirsium pacificum,2019-03-24,3,2
215912275,Cirsium horridulum,2024-04-28,3,2
216190896,Cirsium rivulare,2024-05-14,3,2
216257201,Cirsium vulgare,2024-05-14,3,2
216517790,Cirsium palustre,2024-05-18,3,2
216572488,Cirsium arvense,2024-05-18,3,2
216652113,Cirsium vulgare,2024-05-18,3,2
216713004,Cirsium arvense,2024-05-19,3,2
216713954,Cirsium erisithales,2024-05-17,3,2
216794303,Cirsium neomexicanum,2024-05-18,3,2
216965985,Cirsium neomexicanum,2024-05-17,3,2
217068195,Cirsium palustre,2024-05-20,3,2
217189280,Cirsium arvense,2023-08-13,3,2
217202212,Cirsium arvense,2024-05-20,3,2
21721949,Cirsium vulgare,2012-07-14,3,2
217259625,Cirsium palustre,2024-05-21,3,2
21730982,Cirsium vulgare,2010-07-30,3,2
217380299,Cirsium neomexicanum,2024-05-19,3,2
217565660,Cirsium dissectum,2024-05-20,3,2
217663465,Cirsium vulgare,2024-05-23,3,2
217674286,Cirsium heterophyllum,2024-05-23,3,2
217698969,Cirsium arvense,2024-05-23,3,2
217758693,Cirsium rivulare,2024-05-18,3,2
217818374,Cirsium arvense,2020-07-31,3,2
217870064,Cirsium arvense,2024-05-23,3,2
217932757,Cirsium palustre,2024-04-22,3,2
217975748,Cirsium vulgare,2024-05-22,3,2
218035477,Cirsium arvense,2024-05-20,3,2
218059126,Cirsium palustre,2024-05-25,3,2
218079155,Cirsium serrulatum,2024-05-24,3,2
218142220,Cirsium palustre,2024-05-25,3,2
218231643,Cirsium arvense,2024-05-25,3,2
218283272,Cirsium occidentale,2024-05-20,3,2
218334453,Cirsium vulgare,2024-05-26,3,2
218377017,Cirsium rivulare,2024-05-26,3,2
218456719,Cirsium heterophyllum,2024-05-25,3,2
218491216,Cirsium horridulum,2024-05-26,3,2
218510885,Cirsium subcoriaceum,2023-02-15,3,2
218541669,Cirsium canum,2024-05-26,3,2
218660506,Cirsium canum,2024-05-26,3,2
218727158,Cirsium undulatum,2024-05-27,3,2
218760470,Cirsium brevistylum,2024-05-26,3,2
218871106,Cirsium vulgare,2024-05-27,3,2
219113561,Cirsium arvense,2024-05-29,3,2
219115549,Cirsium rivulare,2024-05-21,3,2
219217432,Cirsium vulgare,2024-05-29,3,2
21932542,Cirsium anartiolepis,2019-04-02,3,2
219348549,Cirsium palustre,2024-05-29,3,2
219373461,Cirsium palustre,2024-05-30,3,2
219390450,Cirsium pannonicum,2024-05-30,3,2
219474841,Cirsium vulgare,2024-05-26,3,2
219553940,Cirsium vulgare,2022-07-04,3,2
219600588,Cirsium arvense,2024-05-31,3,2
219617685,Cirsium rhaphilepis,2024-05-28,3,2
219740635,Cirsium arvense,2024-06-01,3,2
219744964,Cirsium heterophyllum,2024-06-01,3,2
219787863,Cirsium erisithales,2024-06-01,3,2
219808915,Cirsium heterophyllum,2024-06-01,3,2
219898565,Cirsium chellyense,2024-06-01,3,2
219980693,Cirsium palustre,2024-06-02,3,2
219985354,Cirsium pannonicum,2024-05-30,3,2
220026026,Cirsium arvense,2024-06-02,3,2
220123359,Cirsium vulgare,2024-06-02,3,2
220272642,Cirsium heterophyllum,2024-06-03,3,2
220284175,Cirsium vulgare,2024-06-03,3,2
220300032,Cirsium vulgare,2024-06-03,3,2
220411376,Cirsium ciliolatum,2024-06-03,3,2
220451846,Cirsium rivulare,2008-07-10,3,2
220544243,Cirsium rivulare,2024-06-04,3,2
220559992,Cirsium palustre,2021-07-29,3,2
220588617,Cirsium canescens,2024-06-04,3,2
220855760,Cirsium serrulatum,2024-06-06,3,2
220886992,Cirsium nuttallii,2024-06-06,3,2
220944873,Cirsium erisithales,2021-07-18,3,2
221033788,Cirsium ochrocentrum,2024-06-03,3,2
221085951,Cirsium palustre,2024-06-07,3,2
221131804,Cirsium heterophyllum,2024-06-07,3,2
221246599,Cirsium brevistylum,2024-06-07,3,2
221325532,Cirsium heterophyllum,2024-06-08,3,2
221419667,Cirsium arvense,2024-06-08,3,2
221492957,Cirsium heterophyllum,2024-06-09,3,2
221497624,Cirsium rivulare,2024-05-26,3,2
221531844,Cirsium vulgare,2024-06-09,3,2
221545563,Cirsium palustre,2024-06-09,3,2
221661395,Cirsium occidentale,2023-04-19,3,2
221698199,Cirsium andersonii,2024-06-09,3,2
221787598,Cirsium occidentale,2024-06-09,3,2
221895133,Cirsium arvense,2024-06-10,3,2
221947571,Cirsium arvense,2024-06-10,3,2
222016371,Cirsium heterophyllum,2024-06-07,3,2
222104964,Cirsium rivulare,2024-06-11,3,2
222243535,Cirsium arvense,2024-06-12,3,2
222284062,Cirsium arvense,2024-06-12,3,2
222309147,Cirsium vulgare,2022-09-17,3,2
222444150,Cirsium undulatum,2024-06-13,3,2
222446299,Cirsium esculentum,2024-06-12,3,2
222488074,Cirsium rivulare,2024-06-13,3,2
222635404,Cirsium arvense,2024-06-13,3,2
222682885,Cirsium undulatum,2024-06-14,3,2
222730120,Cirsium vulgare,2024-06-12,3,2
222821381,Cirsium rivulare,2024-06-15,3,2
222823302,Cirsium heterophyllum,2024-06-15,3,2
222865064,Cirsium heterophyllum,2024-06-15,3,2
223010506,Cirsium undulatum,2024-06-15,3,2
223010853,Cirsium occidentale,2024-06-15,3,2
223050665,Cirsium arvense,2024-06-15,3,2
223072908,Cirsium arvense,2024-06-16,3,2
223092707,Cirsium arvense,2024-06-16,3,2
223166350,Cirsium palustre,2024-06-16,3,2
223202038,Cirsium occidentale,2024-05-30,3,2
223202540,Cirsium arvense,2024-06-16,3,2
223298412,Cirsium arvense,2024-06-17,3,2
223303587,Cirsium serrulatum,2024-06-17,3,2
223370880,Cirsium serrulatum,2024-06-17,3,2
223500690,Cirsium vulgare,2024-06-18,3,2
223501598,Cirsium heterophyllum,2024-06-16,3,2
223506079,Cirsium heterophyllum,2024-06-16,3,2
223544554,Cirsium heterophyllum,2024-06-18,3,2
223715770,Cirsium palustre,2024-06-19,3,2
223770201,Cirsium palustre,2024-06-19,3,2
223787218,Cirsium undulatum,2024-06-19,3,2
223788613,Cirsium oleraceum,2024-06-18,3,2
223791543,Cirsium repandum,2024-06-19,3,2
223886559,Cirsium undulatum,2024-06-19,3,2
223909908,Cirsium undulatum,2024-06-12,3,2
224009288,Cirsium pyrenaicum,2024-06-19,3,2
224023083,Cirsium serrulatum,2024-06-20,3,2
22403011,Cirsium vulgare,2010-08-18,3,2
224175889,Cirsium arvense,2024-06-21,3,2
224208821,Cirsium palustre,2024-06-04,3,2
224239249,Cirsium palustre,2024-06-21,3,2
224349336,Cirsium arvense,2024-06-18,3,2
224381075,Cirsium palustre,2024-06-22,3,2
224395722,Cirsium palustre,2024-06-22,3,2
224419553,Cirsium heterophyllum,2024-06-21,3,2
224437294,Cirsium hygropodum,2024-06-20,3,2
224457011,Cirsium vulgare,2024-06-22,3,2
224638960,Cirsium vulgare,2024-06-23,3,2
224659720,Cirsium arvense,2024-06-23,3,2
224697086,Cirsium rivulare,2024-06-22,3,2
224780941,Cirsium scariosum,2024-06-21,3,2
224831172,Cirsium arvense,2024-06-19,3,2
22490595,Cirsium horridulum,2019-04-14,3,2
224936827,Cirsium vulgare,2024-06-24,3,2
224957400,Cirsium vulgare,2024-06-24,3,2
224984690,Cirsium arvense,2024-06-24,3,2
224996870,Cirsium undulatum,2024-06-24,3,2
225005559,Cirsium palustre,2024-06-24,3,2
225043866,Cirsium arvense,2020-08-03,3,2
225055136,Cirsium vulgare,2024-06-25,3,2
225106379,Cirsium oleraceum,2024-06-25,3,2
225110080,Cirsium pannonicum,2024-06-11,3,2
225134129,Cirsium palustre,2024-06-25,3,2
225137600,Cirsium vulgare,2024-05-11,3,2
225154359,Cirsium palustre,2024-06-25,3,2
225162954,Cirsium arvense,2024-06-25,3,2
225187200,Cirsium arvense,2024-06-25,3,2
225289965,Cirsium nuttallii,2024-06-26,3,2
225301232,Cirsium repandum,2024-06-19,3,2
225335445,Cirsium palustre,2024-06-26,3,2
225409275,Cirsium pumilum,2024-06-26,3,2
225428799,Cirsium undulatum,2024-06-26,3,2
225447635,Cirsium nuttallii,2024-06-26,3,2
225450051,Cirsium ochrocentrum,2024-06-26,3,2
225461199,Cirsium palustre,2024-06-27,3,2
225487386,Cirsium vulgare,2024-06-27,3,2
225490754,Cirsium vulgare,2020-05-03,3,2
225496637,Cirsium vulgare,2024-06-18,3,2
225534029,Cirsium arvense,2024-06-27,3,2
225535957,Cirsium heterophyllum,2024-06-25,3,2
225582726,Cirsium arvense,2024-06-27,3,2
225709443,Cirsium vulgare,2024-06-16,3,2
22572564,Cirsium vulgare,2019-04-14,3,2
225775813,Cirsium heterophyllum,2024-06-23,3,2
225780477,Cirsium palustre,2024-06-28,3,2
225820354,Cirsium vulgare,2024-06-27,3,2
225838313,Cirsium undulatum,2024-06-24,3,2
225850704,Cirsium mexicanum,2024-06-28,3,2
225892230,Cirsium vulgare,2024-06-29,3,2
225893653,Cirsium heterophyllum,2024-06-29,3,2
225900460,Cirsium hypoleucum,2024-06-29,3,2
225902677,Cirsium vulgare,2024-06-29,3,2
225945286,Cirsium arvense,2024-06-29,3,2
225945429,Cirsium vulgare,2024-06-29,3,2
225957700,Cirsium vulgare,2024-06-29,3,2
226013867,Cirsium arvense,2024-06-22,3,2
226051972,Cirsium palustre,2024-06-29,3,2
226123790,Cirsium obvallatum,2024-06-30,3,2
226152321,Cirsium heterophyllum,2024-06-30,3,2
226198980,Cirsium heterophyllum,2024-06-29,3,2
226251917,Cirsium palustre,2024-06-29,3,2
226260338,Cirsium vulgare,2024-06-30,3,2
226296683,Cirsium palustre,2024-06-30,3,2
226309277,Cirsium arvense,2024-06-23,3,2
226315569,Cirsium vulgare,2024-06-29,3,2
226326598,Cirsium vulgare,2024-06-29,3,2
226359238,Cirsium occidentale,2024-06-28,3,2
226388391,Cirsium greimleri,2024-06-25,3,2
226413731,Cirsium vulgare,2024-06-30,3,2
226415284,Cirsium serratuloides,2024-06-30,3,2
22641722,Cirsium neomexicanum,2019-04-15,3,2
226417591,Cirsium arvense,2024-06-30,3,2
226428142,Cirsium palustre,2024-06-29,3,2
226496396,Cirsium repandum,2024-06-21,3,2
226535459,Cirsium heterophyllum,2024-07-01,3,2
226605745,Cirsium arvense,2024-06-30,3,2
226635305,Cirsium heterophyllum,2024-07-02,3,2
22664064,Cirsium texanum,2019-04-18,3,2
226651605,Cirsium arvense,2024-07-02,3,2
226720392,Cirsium acaulon,2019-08-18,3,2
226724342,Cirsium heterophyllum,2024-06-28,3,2
226756394,Cirsium oleraceum,2024-07-02,3,2
226766947,Cirsium arvense,2024-07-01,3,2
226779893,Cirsium undulatum,2024-07-02,3,2
226790861,Cirsium brevistylum,2024-07-02,3,2
226816045,Cirsium wheeleri,2024-07-01,3,2
226861962,Cirsium palustre,2018-05-07,3,2
226879002,Cirsium palustre,2024-07-01,3,2
226882198,Cirsium arvense,2024-07-03,3,2
226937741,Cirsium candelabrum,2018-08-01,3,2
226963959,Cirsium brevifolium,2024-07-03,3,2
226985805,Cirsium vulgare,2024-06-28,3,2
226989226,Cirsium arctorhaphis,2024-07-03,3,2
226992935,Cirsium arvense,2024-07-03,3,2
227014986,Cirsium nuttallii,2024-07-03,3,2
227054185,Cirsium palustre,2024-06-26,3,2
227083654,Cirsium vulgare,2024-06-27,3,2
227086667,Cirsium vulgare,2024-07-04,3,2
227108852,Cirsium foliosum,2024-07-03,3,2
227123714,Cirsium canescens,2024-07-04,3,2
227131224,Cirsium erisithales,2024-07-04,3,2
227142934,Cirsium arvense,2024-06-29,3,2
227154723,Cirsium arvense,2024-07-04,3,2
227154782,Cirsium vulgare,2024-07-04,3,2
227160509,Cirsium arizonicum,2024-07-04,3,2
227166836,Cirsium arvense,2024-07-04,3,2
227297808,Cirsium arvense,2024-07-04,3,2
227356979,Cirsium vulgare,2024-07-05,3,2
227478507,Cirsium canum,2024-07-06,3,2
227478951,Cirsium heterophyllum,2024-07-06,3,2
227482684,Cirsium schantarense,2024-07-06,3,2
227492106,Cirsium arvense,2024-07-05,3,2
227507180,Cirsium vulgare,2024-07-06,3,2
227538940,Cirsium vulgare,2024-07-06,3,2
227559630,Cirsium arvense,2024-07-06,3,2
227565645,Cirsium canum,2024-07-05,3,2
227580163,Cirsium vulgare,2024-07-06,3,2
227618134,Cirsium erisithales,2024-07-05,3,2
227625041,Cirsium nuttallii,2024-07-05,3,2
227625500,Cirsium palustre,2024-07-06,3,2
227658206,Cirsium foliosum,2024-07-06,3,2
227701814,Cirsium arizonicum,2024-07-06,3,2
227703986,Cirsium brachycephalum,2024-07-07,3,2
227711230,Cirsium palustre,2024-07-06,3,2
227738582,Cirsium arvense,2024-07-04,3,2
227793830,Cirsium arvense,2024-07-07,3,2
227802494,Cirsium vulgare,2024-07-07,3,2
227834885,Cirsium erisithales,2024-06-30,3,2
227870758,Cirsium vulgare,2024-07-07,3,2
227917226,Cirsium vulgare,2024-07-07,3,2
227941504,Cirsium cymosum,2024-07-06,3,2
227972198,Cirsium oleraceum,2024-07-08,3,2
227985100,Cirsium heterophyllum,2024-07-08,3,2
228029938,Cirsium wheeleri,2024-07-03,3,2
228041499,Cirsium arvense,2024-07-08,3,2
228075624,Cirsium arvense,2024-07-08,3,2
228081795,Cirsium vulgare,2024-07-08,3,2
228096276,Cirsium canum,2024-07-08,3,2
228105739,Cirsium palustre,2024-07-07,3,2
228131848,Cirsium arvense,2024-07-08,3,2
228159987,Cirsium serratuloides,2024-07-06,3,2
228214162,Cirsium arvense,2024-07-09,3,2
228217063,Cirsium vulgare,2024-07-09,3,2
228222237,Cirsium vulgare,2024-07-09,3,2
228233872,Cirsium japonicum,2024-07-08,3,2
228237009,Cirsium foliosum,2024-07-08,3,2
228261361,Cirsium palustre,2024-06-28,3,2
228282061,Cirsium arvense,2024-07-09,3,2
228329888,Cirsium vulgare,2024-07-09,3,2
228344239,Cirsium arvense,2024-07-08,3,2
228354432,Cirsium pumilum,2024-07-09,3,2
228360013,Cirsium palustre,2024-07-09,3,2
228381310,Cirsium arvense,2024-07-09,3,2
228404524,Cirsium heterophyllum,2024-07-08,3,2
228428481,Cirsium arvense,2024-07-10,3,2
228434688,Cirsium heterophyllum,2024-07-10,3,2
228450590,Cirsium vulgare,2024-07-10,3,2
228512869,Cirsium flodmanii,2024-07-07,3,2
228515884,Cirsium vulgare,2024-07-10,3,2
228545518,Cirsium ochrocentrum,2024-07-10,3,2
228593228,Cirsium oleraceum,2024-07-11,3,2
228634618,Cirsium arvense,2024-07-11,3,2
228635782,Cirsium arvense,2024-07-11,3,2
228639699,Cirsium heterophyllum,2024-06-15,3,2
228684346,Cirsium vulgare,2024-07-11,3,2
228709690,Cirsium tracyi,2024-07-11,3,2
228765186,Cirsium heterophyllum,2024-07-11,3,2
228777757,Cirsium oleraceum,2024-07-12,3,2
22880071,Cirsium vulgare,2019-04-21,3,2
228802074,Cirsium arvense,2024-07-11,3,2
228809267,Cirsium vulgare,2024-07-12,3,2
228812295,Cirsium arvense,2024-07-12,3,2
228814245,Cirsium vulgare,2024-07-12,3,2
228829841,Cirsium arvense,2024-07-12,3,2
228847417,Cirsium arvense,2024-07-12,3,2
228851635,Cirsium palustre,2024-07-12,3,2
228977163,Cirsium arvense,2024-07-01,3,2
229059458,Cirsium arvense,2024-07-13,3,2
229086311,Cirsium vulgare,2024-07-13,3,2
229107940,Cirsium arvense,2024-07-07,3,2
229114904,Cirsium hookerianum,2024-07-13,3,2
229136570,Cirsium vulgare,2024-07-13,3,2
229172330,Cirsium arvense,2024-07-13,3,2
229196727,Cirsium vulgare,2024-07-14,3,2
229246509,Cirsium vulgare,2024-07-14,3,2
229258088,Cirsium erisithales,2024-07-13,3,2
229267708,Cirsium culebraense,2024-07-13,3,2
229294512,Cirsium pumilum,2024-07-14,3,2
229300149,Cirsium vulgare,2024-07-14,3,2
229311308,Cirsium erisithales,2024-07-14,3,2
229325697,Cirsium vulgare,2024-07-13,3,2
229343046,Cirsium canum,2024-07-14,3,2
229352843,Cirsium vulgare,2024-07-11,3,2
229364427,Cirsium arvense,2024-07-14,3,2
229367865,Cirsium cymosum,2024-07-14,3,2
229420144,Cirsium vulgare,2024-07-14,3,2
229471890,Cirsium arvense,2024-07-15,3,2
229488248,Cirsium vulgare,2024-07-15,3,2
229523276,Cirsium oleraceum,2024-07-15,3,2
229528707,Cirsium vulgare,2024-07-15,3,2
229570186,Cirsium vulgare,2024-07-15,3,2
229699795,Cirsium arvense,2024-07-14,3,2
229726441,Cirsium pannonicum,2024-06-28,3,2
229843037,Cirsium edule,2024-07-15,3,2
229853275,Cirsium heterophyllum,2024-07-16,3,2
229864480,Cirsium vulgare,2024-07-17,3,2
229866279,Cirsium acaulon,2024-07-17,3,2
229880586,Cirsium vulgare,2024-07-17,3,2
229907698,Cirsium esculentum,2024-07-17,3,2
229955769,Cirsium oleraceum,2024-07-17,3,2
229989642,Cirsium arvense,2024-07-17,3,2
230031349,Cirsium esculentum,2024-07-18,3,2
230041736,Cirsium arvense,2024-07-17,3,2
230059571,Cirsium arvense,2024-07-18,3,2
230067779,Cirsium arvense,2024-07-18,3,2
230119498,Cirsium vulgare,2024-07-17,3,2
230127619,Cirsium palustre,2024-07-18,3,2
230134035,Cirsium flodmanii,2024-07-18,3,2
230179230,Cirsium vulgare,2024-07-18,3,2
230181938,Cirsium vulgare,2024-07-17,3,2
230230180,Cirsium vulgare,2024-07-19,3,2
230251013,Cirsium heterophyllum,2024-07-19,3,2
230257247,Cirsium oleraceum,2024-07-19,3,2
230274151,Cirsium arvense,2024-07-18,3,2
230279865,Cirsium vulgare,2024-07-19,3,2
230284419,Cirsium palustre,2024-07-19,3,2
230303587,Cirsium oleraceum,2024-07-15,3,2
230336415,Cirsium vulgare,2024-07-19,3,2
230505372,Cirsium vulgare,2024-07-20,3,2
230554133,Cirsium oleraceum,2024-07-19,3,2
230584224,Cirsium vulgare,2024-07-20,3,2
230588490,Cirsium vulgare,2024-07-19,3,2
230596331,Cirsium arvense,2024-07-20,3,2
230689056,Cirsium filipendulum,2024-07-11,3,2
230713467,Cirsium vulgare,2024-07-21,3,2
230745633,Cirsium oleraceum,2024-07-21,3,2
230775785,Cirsium oleraceum,2024-07-21,3,2
230785972,Cirsium oleraceum,2024-07-21,3,2
230791335,Cirsium arvense,2024-07-21,3,2
230803674,Cirsium vulgare,2024-07-21,3,2
230905923,Cirsium discolor,2024-07-21,3,2
230929324,Cirsium douglasii,2024-07-20,3,2
23094585,Cirsium horridulum,2019-04-25,3,2
230946100,Cirsium vulgare,2024-07-22,3,2
230949700,Cirsium pendulum,2024-07-17,3,2
230955034,Cirsium vulgare,2024-07-21,3,2
231050088,Cirsium oleraceum,2024-07-20,3,2
231084428,Cirsium vulgare,2024-07-18,3,2
231089008,Cirsium vulgare,2024-07-17,3,2
231153946,Cirsium palustre,2024-07-02,3,2
231193013,Cirsium muticum,2024-07-13,3,2
231208692,Cirsium tuberosum,2018-07-20,3,2
231209911,Cirsium arvense,2024-07-23,3,2
231232522,Cirsium vulgare,2024-07-23,3,2
231252878,Cirsium palustre,2024-07-23,3,2
231262896,Cirsium vulgare,2024-07-23,3,2
231353303,Cirsium vulgare,2024-07-23,3,2
231371097,Cirsium oleraceum,2024-07-24,3,2
231385160,Cirsium vulgare,2024-07-22,3,2
231397597,Cirsium arvense,2024-07-23,3,2
231459221,Cirsium palustre,2024-07-24,3,2
231459991,Cirsium ochrocentrum,2024-07-19,3,2
231467107,Cirsium undulatum,2024-07-24,3,2
231486009,Cirsium vulgare,2024-07-22,3,2
231499719,Cirsium scariosum,2024-07-20,3,2
231646267,Cirsium arvense,2024-07-25,3,2
231667372,Cirsium acaulon,2024-07-24,3,2
231689111,Cirsium muticum,2024-07-25,3,2
231713682,Cirsium arvense,2024-07-25,3,2
231717361,Cirsium arvense,2024-07-25,3,2
231752949,Cirsium foliosum,2024-07-21,3,2
231770591,Cirsium acaulon,2017-06-23,3,2
231812074,Cirsium vulgare,2024-07-23,3,2
231816887,Cirsium palustre,2024-07-25,3,2
231827441,Cirsium vulgare,2024-07-26,3,2
231859073,Cirsium vulgare,2024-07-26,3,2
231859633,Cirsium heterophyllum,2024-07-24,3,2
231869930,Cirsium palustre,2024-07-26,3,2
231929116,Cirsium esculentum,2024-07-25,3,2
231932656,Cirsium muticum,2024-07-26,3,2
231932947,Cirsium vulgare,2024-07-26,3,2
232020665,Cirsium canum,2024-07-26,3,2
232067250,Cirsium arvense,2024-07-27,3,2
232111902,Cirsium esculentum,2024-07-27,3,2
232148826,Cirsium vulgare,2024-07-26,3,2
232154884,Cirsium arvense,2024-07-27,3,2
232180351,Cirsium vulgare,2024-07-21,3,2
232184668,Cirsium vulgare,2024-07-27,3,2
232192576,Cirsium arvense,2024-07-27,3,2
232202094,Cirsium vulgare,2024-07-27,3,2
232202115,Cirsium arvense,2024-07-27,3,2
232226384,Cirsium vulgare,2024-07-28,3,2
232251705,Cirsium vulgare,2024-07-28,3,2
232286093,Cirsium arvense,2024-07-28,3,2
232293372,Cirsium arvense,2024-07-08,3,2
232316135,Cirsium vulgare,2024-07-28,3,2
232402490,Cirsium undulatum,2024-07-07,3,2
232535479,Cirsium arvense,2024-07-21,3,2
232558308,Cirsium arvense,2024-07-29,3,2
232574564,Cirsium vulgare,2024-07-29,3,2
232617917,Cirsium helenioides,2024-07-23,3,2
232621202,Cirsium heterophyllum,2024-07-15,3,2
232643315,Cirsium vulgare,2024-07-27,3,2
232689716,Cirsium erisithales,2024-07-24,3,2
232703516,Cirsium loncholepis,2024-07-23,3,2
232772530,Cirsium oleraceum,2024-07-30,3,2
232832790,Cirsium arvense,2024-07-19,3,2
232842050,Cirsium flodmanii,2024-07-30,3,2
232849899,Cirsium arvense,2024-07-01,3,2
232913125,Cirsium heterophyllum,2024-06-30,3,2
232936138,Cirsium oleraceum,2024-07-31,3,2
23295772,Cirsium neomexicanum,2019-04-20,3,2
232973640,Cirsium arvense,2024-07-17,3,2
233006541,Cirsium vulgare,2024-07-31,3,2
233033040,Cirsium scariosum,2024-07-19,3,2
233061033,Cirsium arvense,2024-07-18,3,2
233070767,Cirsium alatum,2024-07-24,3,2
233078291,Cirsium heterophyllum,2024-08-01,3,2
233082000,Cirsium drummondii,2024-07-30,3,2
233134953,Cirsium vulgare,2024-08-01,3,2
233170171,Cirsium discolor,2024-08-01,3,2
233172904,Cirsium serrulatum,2024-07-30,3,2
233182632,Cirsium vulgare,2024-07-31,3,2
233187353,Cirsium oleraceum,2024-07-29,3,2
233204245,Cirsium arvense,2024-07-27,3,2
233282810,Cirsium vulgare,2024-07-23,3,2
233305743,Cirsium vulgare,2024-08-02,3,2
233319187,Cirsium vulgare,2024-08-02,3,2
233345265,Cirsium muticum,2014-07-31,3,2
233345696,Cirsium heterophyllum,2024-07-31,3,2
233353373,Cirsium arvense,2024-08-02,3,2
233371886,Cirsium vulgare,2024-08-02,3,2
233406485,Cirsium vulgare,2024-07-21,3,2
233476413,Cirsium vulgare,2024-08-03,3,2
233481325,Cirsium heterophyllum,2024-08-03,3,2
233499269,Cirsium arvense,2024-08-03,3,2
233513819,Cirsium alsophilum,2024-08-03,3,2
233514211,Cirsium erisithales,2024-08-03,3,2
233520263,Cirsium palustre,2024-08-03,3,2
233535386,Cirsium palustre,2024-08-03,3,2
233562627,Cirsium vulgare,2024-08-03,3,2
233568109,Cirsium altissimum,2024-07-31,3,2
233576070,Cirsium pumilum,2024-08-03,3,2
233616567,Cirsium vulgare,2024-08-03,3,2
233619677,Cirsium arvense,2024-08-03,3,2
233628781,Cirsium hookerianum,2024-08-02,3,2
233658721,Cirsium vulgare,2024-08-04,3,2
233685610,Cirsium arvense,2024-08-04,3,2
233707220,Cirsium vulgare,2024-08-04,3,2
233713129,Cirsium heterophyllum,2020-07-27,3,2
233723414,Cirsium vulgare,2024-08-04,3,2
233739674,Cirsium arvense,2024-07-29,3,2
233755370,Cirsium vulgare,2024-08-04,3,2
233769676,Cirsium vulgare,2024-07-24,3,2
233777831,Cirsium vulgare,2024-08-04,3,2
233799658,Cirsium vulgare,2024-07-31,3,2
233861142,Cirsium arvense,2024-08-04,3,2
233877869,Cirsium arvense,2024-08-03,3,2
233890476,Cirsium vulgare,2024-08-04,3,2
233934757,Cirsium heterophyllum,2024-08-05,3,2
233960026,Cirsium filipendulum,2024-08-04,3,2
233966065,Cirsium vulgare,2024-08-05,3,2
233968407,Cirsium vulgare,2024-08-05,3,2
233986064,Cirsium echinus,2024-07-01,3,2
233990769,Cirsium vulgare,2024-08-05,3,2
234004493,Cirsium arvense,2024-08-05,3,2
234005058,Cirsium palustre,2024-07-30,3,2
234016763,Cirsium vulgare,2024-08-04,3,2
234027944,Cirsium vulgare,2024-08-05,3,2
234085847,Cirsium arvense,2024-08-05,3,2
234114389,Cirsium vulgare,2024-08-06,3,2
234141538,Cirsium ukranicum,2024-08-05,3,2
234142602,Cirsium heterophyllum,2024-08-01,3,2
234189477,Cirsium vulgare,2024-08-06,3,2
234204663,Cirsium arvense,2024-08-03,3,2
234212198,Cirsium vulgare,2024-08-06,3,2
234219622,Cirsium vulgare,2024-08-06,3,2
234255117,Cirsium pumilum,2024-07-28,3,2
234295897,Cirsium arvense,2024-08-07,3,2
234296650,Cirsium spinosissimum,2024-08-01,3,2
234317922,Cirsium vulgare,2024-08-07,3,2
234336884,Cirsium arvense,2024-08-07,3,2
234355676,Cirsium canum,2024-08-07,3,2
234369297,Cirsium oleraceum,2024-08-07,3,2
234386906,Cirsium canum,2024-08-07,3,2
234388523,Cirsium arvense,2024-08-07,3,2
234413430,Cirsium pannonicum,2024-07-03,3,2
234416207,Cirsium discolor,2024-08-07,3,2
234419264,Cirsium arvense,2024-08-07,3,2
234434666,Cirsium velatum,2024-08-07,3,2
23445379,Cirsium arvense,2019-04-27,3,2
234502001,Cirsium vulgare,2024-08-08,3,2
234524078,Cirsium arvense,2024-08-08,3,2
234527275,Cirsium oleraceum,2024-08-08,3,2
234530223,Cirsium arvense,2024-08-08,3,2
234553315,Cirsium esculentum,2024-07-21,3,2
234569038,Cirsium vulgare,2024-08-08,3,2
234649847,Cirsium arvense,2024-08-08,3,2
234682275,Cirsium oleraceum,2024-08-09,3,2
234702427,Cirsium palustre,2024-08-09,3,2
234707364,Cirsium vulgare,2024-08-09,3,2
234712029,Cirsium arvense,2024-07-29,3,2
234728509,Cirsium arvense,2024-08-09,3,2
234728619,Cirsium oleraceum,2024-08-09,3,2
234756028,Cirsium vulgare,2024-07-26,3,2
234771154,Cirsium vulgare,2024-08-09,3,2
234775288,Cirsium vulgare,2024-07-26,3,2
234853229,Cirsium heterophyllum,2024-08-02,3,2
234859566,Cirsium arvense,2024-08-10,3,2
234861972,Cirsium arvense,2024-08-10,3,2
234869598,Cirsium oleraceum,2024-08-04,3,2
234896326,Cirsium vulgare,2024-08-10,3,2
234925102,Cirsium serrulatum,2024-08-10,3,2
234934917,Cirsium vulgare,2024-08-08,3,2
234949917,Cirsium oleraceum,2024-07-25,3,2
235021106,Cirsium arvense,2024-08-10,3,2
235027887,Cirsium arvense,2024-08-09,3,2
235059140,Cirsium oleraceum,2024-08-11,3,2
235079764,Cirsium filipendulum,2024-07-06,3,2
235106562,Cirsium vulgare,2024-08-11,3,2
235116493,Cirsium altissimum,2024-08-09,3,2
235130761,Cirsium muticum,2024-08-11,3,2
235149138,Cirsium vulgare,2024-07-28,3,2
235218247,Cirsium vulgare,2024-08-11,3,2
235237632,Cirsium vulgare,2024-08-11,3,2
235255565,Cirsium arvense,2024-08-11,3,2
235351587,Cirsium vulgare,2024-08-12,3,2
235388031,Cirsium vulgare,2024-08-11,3,2
235398785,Cirsium arvense,2024-08-12,3,2
235410852,Cirsium arvense,2024-08-12,3,2
235460766,Cirsium vulgare,2024-08-12,3,2
235491482,Cirsium candelabrum,2024-08-12,3,2
235526353,Cirsium vulgare,2024-08-12,3,2
235543599,Cirsium discolor,2024-08-12,3,2
235648340,Cirsium scariosum,2024-08-09,3,2
235648469,Cirsium scariosum,2024-08-10,3,2
235661997,Cirsium vulgare,2024-08-13,3,2
235670568,Cirsium oleraceum,2024-08-13,3,2
235775795,Cirsium vulgare,2024-08-14,3,2
235800008,Cirsium canum,2024-08-14,3,2
235828038,Cirsium altissimum,2024-08-14,3,2
235849415,Cirsium maackii,2024-08-15,3,2
235852173,Cirsium arvense,2024-08-15,3,2
235879481,Cirsium vulgare,2024-08-11,3,2
235938551,Cirsium muticum,2024-08-13,3,2
235942159,Cirsium vulgare,2024-08-15,3,2
235946254,Cirsium vulgare,2024-08-13,3,2
235973963,Cirsium oleraceum,2024-08-13,3,2
236038907,Cirsium palustre,2024-08-12,3,2
236043429,Cirsium vulgare,2024-08-16,3,2
236044805,Cirsium vulgare,2024-08-08,3,2
236046300,Cirsium flodmanii,2024-08-15,3,2
236088402,Cirsium arvense,2024-08-06,3,2
236133895,Cirsium arvense,2024-08-10,3,2
236147044,Cirsium vulgare,2024-08-15,3,2
236203287,Cirsium vulgare,2024-08-16,3,2
236215476,Cirsium drummondii,2024-08-03,3,2
236233484,Cirsium oleraceum,2024-08-11,3,2
236279524,Cirsium arvense,2024-08-17,3,2
236297946,Cirsium arvense,2024-08-17,3,2
236318371,Cirsium acaulon,2024-08-17,3,2
236338295,Cirsium palustre,2024-08-17,3,2
236354753,Cirsium arvense,2024-08-17,3,2
236409673,Cirsium discolor,2024-08-17,3,2
236415641,Cirsium vulgare,2024-08-17,3,2
236427743,Cirsium vulgare,2024-08-17,3,2
236470248,Cirsium vulgare,2024-08-14,3,2
236472769,Cirsium arvense,2024-08-18,3,2
236506390,Cirsium canum,2024-08-17,3,2
236545952,Cirsium arvense,2024-08-18,3,2
236614927,Cirsium arvense,2024-08-18,3,2
236620523,Cirsium remotifolium,2024-08-18,3,2
236626602,Cirsium altissimum,2024-08-18,3,2
236632293,Cirsium vulgare,2024-08-18,3,2
236699552,Cirsium vulgare,2024-07-06,3,2
236721107,Cirsium arvense,2024-08-17,3,2
236758618,Cirsium altissimum,2024-08-19,3,2
236760639,Cirsium vulgare,2024-08-03,3,2
236777654,Cirsium arvense,2024-07-05,3,2
236779685,Cirsium vulgare,2024-08-19,3,2
236794672,Cirsium vulgare,2024-08-19,3,2
236845939,Cirsium vulgare,2024-08-19,3,2
236963404,Cirsium arvense,2024-08-20,3,2
236967114,Cirsium altissimum,2024-08-20,3,2
237069862,Cirsium heterophyllum,2023-08-03,3,2
237080133,Cirsium heterophyllum,2024-08-21,3,2
237135689,Cirsium rivulare,2024-08-21,3,2
237208757,Cirsium vulgare,2024-08-21,3,2
237212722,Cirsium flodmanii,2024-08-20,3,2
237251110,Cirsium vulgare,2024-08-20,3,2
237259434,Cirsium discolor,2024-08-20,3,2
237292453,Cirsium altissimum,2024-08-22,3,2
237301627,Cirsium acaulon,2024-08-22,3,2
237316325,Cirsium palustre,2024-08-22,3,2
23733004,Cirsium texanum,2019-04-28,3,2
237348172,Cirsium discolor,2024-08-22,3,2
237370604,Cirsium arvense,2024-08-20,3,2
237470005,Cirsium arvense,2024-08-23,3,2
237473004,Cirsium heterophyllum,2024-08-23,3,2
237473915,Cirsium altissimum,2024-08-21,3,2
237488581,Cirsium oleraceum,2024-08-20,3,2
237494155,Cirsium palustre,2024-08-23,3,2
237498607,Cirsium arvense,2024-08-23,3,2
237562540,Cirsium discolor,2024-08-23,3,2
237591033,Cirsium discolor,2024-08-22,3,2
237632658,Cirsium arvense,2024-08-24,3,2
237717645,Cirsium arvense,2021-08-24,3,2
237746027,Cirsium coloradense,2024-08-24,3,2
237816222,Cirsium arvense,2024-08-24,3,2
237834540,Cirsium vulgare,2024-08-24,3,2
237837342,Cirsium arvense,2024-08-17,3,2
237862500,Cirsium serrulatum,2024-08-25,3,2
237869394,Cirsium discolor,2024-08-25,3,2
237918751,Cirsium arvense,2024-08-25,3,2
237925393,Cirsium pugnax,2024-08-23,3,2
238003682,Cirsium arvense,2024-08-23,3,2
238017252,Cirsium palustre,2024-08-25,3,2
238054537,Cirsium arvense,2024-08-26,3,2
238064962,Cirsium cymosum,2024-07-31,3,2
238068723,Cirsium flodmanii,2024-08-11,3,2
238077804,Cirsium vulgare,2024-08-25,3,2
238083359,Cirsium canum,2024-08-26,3,2
238140401,Cirsium vulgare,2024-08-26,3,2
238154687,Cirsium arvense,2024-08-26,3,2
238173330,Cirsium discolor,2024-08-26,3,2
238177214,Cirsium vulgare,2024-08-26,3,2
238310127,Cirsium drummondii,2024-08-26,3,2
238340169,Cirsium muticum,2024-08-27,3,2
238362929,Cirsium oleraceum,2024-08-11,3,2
238370132,Cirsium arvense,2024-08-23,3,2
238456818,Cirsium flodmanii,2024-08-26,3,2
238463982,Cirsium vulgare,2024-08-28,3,2
238530860,Cirsium arvense,2024-08-27,3,2
238588158,Cirsium muticum,2024-08-29,3,2
238676645,Cirsium undulatum,2024-08-28,3,2
238676772,Cirsium vulgare,2024-08-29,3,2
238716982,Cirsium arvense,2013-01-15,3,2
238717995,Cirsium vulgare,2024-08-06,3,2
238820118,Cirsium vulgare,2024-08-13,3,2
238823437,Cirsium vulgare,2024-08-19,3,2
238892925,Cirsium muticum,2024-08-30,3,2
238928998,Cirsium arvense,2024-08-04,3,2
238941955,Cirsium erisithales,2024-08-05,3,2
23897388,Cirsium vulgare,2019-04-29,3,2
239042801,Cirsium arvense,2024-08-31,3,2
239196194,Cirsium acaulon,2024-09-01,3,2
239210018,Cirsium arvense,2024-08-29,3,2
239210803,Cirsium arvense,2024-09-01,3,2
239218208,Cirsium arvense,2024-08-30,3,2
239260870,Cirsium palustre,2024-07-24,3,2
239267904,Cirsium vulgare,2024-09-01,3,2
239267917,Cirsium arvense,2024-09-01,3,2
239294704,Cirsium discolor,2024-09-01,3,2
239420837,Cirsium arvense,2024-09-02,3,2
239445918,Cirsium vulgare,2024-09-02,3,2
239543868,Cirsium discolor,2024-09-01,3,2
239618465,Cirsium vulgare,2024-09-03,3,2
239624968,Cirsium altissimum,2024-08-27,3,2
239646550,Cirsium discolor,2024-09-03,3,2
239685208,Cirsium arvense,2024-09-03,3,2
239769507,Cirsium oleraceum,2024-09-04,3,2
23986595,Cirsium texanum,2019-04-29,3,2
239911214,Cirsium altissimum,2024-09-04,3,2
239939055,Cirsium arvense,2024-09-04,3,2
239992329,Cirsium vulgare,2024-08-31,3,2
240004331,Cirsium palustre,2024-06-21,3,2
240008415,Cirsium palustre,2024-09-05,3,2
240016270,Cirsium vulgare,2024-09-03,3,2
240085673,Cirsium schantarense,2024-08-14,3,2
240110637,Cirsium muticum,2024-09-05,3,2
240139959,Cirsium arvense,2024-07-26,3,2
24017637,Cirsium townsendii,2019-04-29,3,2
240194257,Cirsium vulgare,2024-09-06,3,2
240233290,Cirsium arvense,2024-09-06,3,2
240290032,Cirsium oleraceum,2024-09-06,3,2
240344979,Cirsium vulgare,2024-09-07,3,2
240497947,Cirsium canum,2024-09-08,3,2
240524207,Cirsium palustre,2024-09-08,3,2
240556986,Cirsium vulgare,2024-09-08,3,2
240592800,Cirsium vulgare,2024-08-20,3,2
240645470,Cirsium nuttallii,2024-09-08,3,2
240671311,Cirsium vulgare,2024-09-08,3,2
24083623,Cirsium horridulum,2019-04-29,3,2
240952280,Cirsium vulgare,2024-09-10,3,2
241021672,Cirsium vulgare,2024-09-07,3,2
241053374,Cirsium arvense,2024-09-10,3,2
241087065,Cirsium vulgare,2024-09-11,3,2
241173411,Cirsium serrulatum,2024-09-09,3,2
24121722,Cirsium vulgare,2019-04-28,3,2
241298655,Cirsium arizonicum,2024-09-10,3,2
241316980,Cirsium vulgare,2024-06-24,3,2
241372091,Cirsium arvense,2024-09-12,3,2
241517424,Cirsium vulgare,2024-09-13,3,2
241532983,Cirsium arvense,2024-09-13,3,2
241537090,Cirsium discolor,2024-09-13,3,2
241562790,Cirsium muticum,2024-09-13,3,2
241601993,Cirsium oleraceum,2024-09-13,3,2
241725051,Cirsium muticum,2024-09-14,3,2
241788075,Cirsium vulgare,2024-09-14,3,2
241860567,Cirsium vulgare,2024-09-15,3,2
241872812,Cirsium arvense,2024-09-15,3,2
241928958,Cirsium arvense,2024-09-09,3,2
241937836,Cirsium discolor,2024-09-15,3,2
241977171,Cirsium discolor,2024-09-15,3,2
242033196,Cirsium rivulare,2024-09-13,3,2
24207548,Cirsium horridulum,2019-04-10,3,2
242146974,Cirsium arizonicum,2024-09-14,3,2
242208706,Cirsium vulgare,2024-09-13,3,2
242243652,Cirsium vulgare,2024-09-17,3,2
242298175,Cirsium occidentale,2024-09-12,3,2
242305385,Cirsium acaulon,2024-09-11,3,2
242399904,Cirsium arvense,2024-09-17,3,2
242402281,Cirsium arvense,2024-09-13,3,2
242509405,Cirsium spinosissimum,2024-08-17,3,2
242575894,Cirsium arvense,2024-09-18,3,2
242626868,Cirsium pringlei,2024-09-18,3,2
242691649,Cirsium vulgare,2024-09-16,3,2
242709178,Cirsium repandum,2024-09-11,3,2
242721763,Cirsium arvense,2024-09-19,3,2
242737962,Cirsium arvense,2024-08-27,3,2
242752184,Cirsium arvense,2024-08-26,3,2
242794980,Cirsium oleraceum,2024-09-08,3,2
242801150,Cirsium vulgare,2024-09-20,3,2
242823804,Cirsium arvense,2024-08-09,3,2
243111514,Cirsium arvense,2024-09-20,3,2
243115253,Cirsium palustre,2024-09-21,3,2
243151662,Cirsium palustre,2024-09-21,3,2
243241342,Cirsium arizonicum,2024-09-21,3,2
243298490,Cirsium oleraceum,2024-09-21,3,2
243340062,Cirsium arvense,2024-09-22,3,2
243434185,Cirsium vulgare,2024-09-22,3,2
243462437,Cirsium altissimum,2024-09-22,3,2
243597858,Cirsium vulgare,2024-09-23,3,2
243671978,Cirsium kamtschaticum,2024-07-27,3,2
243695270,Cirsium vulgare,2024-09-13,3,2
243750160,Cirsium vulgare,2024-09-17,3,2
243852703,Cirsium griseum,2024-09-16,3,2
243879776,Cirsium arvense,2024-09-22,3,2
243902721,Cirsium arvense,2024-09-24,3,2
244040518,Cirsium brachycephalum,2024-05-12,3,2
244065441,Cirsium virginianum,2024-09-25,3,2
244155369,Cirsium tuberosum,2011-08-06,3,2
244208704,Cirsium discolor,2024-09-26,3,2
244377326,Cirsium vulgare,2024-09-27,3,2
244464465,Cirsium oleraceum,2024-09-28,3,2
24460948,Cirsium vulgare,2019-05-03,3,2
244628232,Cirsium arvense,2024-09-19,3,2
244732240,Cirsium erisithales,2024-09-28,3,2
244780037,Cirsium jorullense,2024-09-28,3,2
244800322,Cirsium arvense,2024-09-29,3,2
244811481,Cirsium vulgare,2024-09-29,3,2
24482009,Cirsium horridulum,2019-04-27,3,2
244821583,Cirsium vulgare,2024-09-27,3,2
244894505,Cirsium arvense,2024-09-04,3,2
244914546,Cirsium rivulare,2024-09-30,3,2
245021329,Cirsium waldsteinii,2024-06-09,3,2
245027523,Cirsium erisithales,2024-06-09,3,2
245103041,Cirsium altissimum,2024-10-01,3,2
245425094,Cirsium vulgare,2024-10-03,3,2
245599539,Cirsium vulgare,2024-10-04,3,2
245652000,Cirsium arvense,2024-08-19,3,2
245928263,Cirsium leucocephalum,2024-06-23,3,2
245941959,Cirsium vulgare,2024-07-05,3,2
245955466,Cirsium vulgare,2024-10-06,3,2
246146028,Cirsium vulgare,2024-10-07,3,2
246152058,Cirsium ochrocentrum,2024-10-07,3,2
246429366,Cirsium arvense,2008-07-25,3,2
246431334,Cirsium ciliatum,2024-07-25,3,2
246459062,Cirsium oleraceum,2024-10-08,3,2
246476230,Cirsium oleraceum,2024-08-08,3,2
246549536,Cirsium vulgare,2024-07-13,3,2
246575670,Cirsium arvense,2024-10-09,3,2
246653800,Cirsium palustre,2024-06-15,3,2
246674339,Cirsium mohavense,2024-10-10,3,2
246748898,Cirsium vulgare,2024-09-24,3,2
247024011,Cirsium vulgare,2024-10-12,3,2
247099245,Cirsium oleraceum,2024-10-13,3,2
247182201,Cirsium vulgare,2024-10-13,3,2
247348794,Cirsium oleraceum,2024-10-14,3,2
247395218,Cirsium arvense,2024-10-14,3,2
247433684,Cirsium canum,2024-09-23,3,2
247450530,Cirsium vulgare,2024-10-13,3,2
247489389,Cirsium vulgare,2024-09-01,3,2
247596125,Cirsium pendulum,2024-09-06,3,2
247779405,Cirsium arvense,2024-10-17,3,2
247780360,Cirsium vulgare,2024-09-22,3,2
248011631,Cirsium vulgare,2024-10-04,3,2
248241180,Cirsium palustre,2024-10-19,3,2
248562934,Cirsium arvense,2024-06-30,3,2
248646323,Cirsium arvense,2024-10-22,3,2
248656070,Cirsium vulgare,2024-06-19,3,2
248823576,Cirsium muticum,2024-10-23,3,2
248881031,Cirsium vulgare,2024-10-24,3,2
249053890,Cirsium chlorocomos,2024-10-14,3,2
249147920,Cirsium arvense,2024-10-26,3,2
249181767,Cirsium altissimum,2024-10-25,3,2
249191373,Cirsium canum,2024-10-15,3,2
249280823,Cirsium vulgare,2024-10-27,3,2
249351019,Cirsium arvense,2024-09-21,3,2
249358020,Cirsium arvense,2024-10-27,3,2
249372768,Cirsium vulgare,2024-10-27,3,2
249630149,Cirsium acaulon,2016-07-31,3,2
249777011,Cirsium vulgare,2024-10-30,3,2
250170378,Cirsium arvense,2020-08-29,3,2
250200423,Cirsium wheeleri,2018-09-16,3,2
250350311,Cirsium oleraceum,2024-11-03,3,2
250581920,Cirsium oleraceum,1988-08-04,3,2
250603186,Cirsium arvense,2024-07-03,3,2
250710521,Cirsium vulgare,2024-07-04,3,2
250926595,Cirsium arvense,2024-11-08,3,2
251126817,Cirsium hookerianum,2024-07-11,3,2
251719205,Cirsium vulgare,2024-11-05,3,2
251728211,Cirsium vulgare,2024-11-14,3,2
251820605,Cirsium neomexicanum,2019-04-02,3,2
251836544,Cirsium discolor,2024-08-31,3,2
251856711,Cirsium serrulatum,2024-07-27,3,2
251902754,Cirsium palustre,2024-11-16,3,2
25195845,Cirsium ehrenbergii,2019-05-12,3,2
25217335,Cirsium brevicaule,2019-05-10,3,2
252409784,Cirsium flodmanii,2024-08-06,3,2
25253175,Cirsium dissectum,2019-05-17,3,2
2525883,Cirsium vulgare,2015-12-31,3,2
252615706,Cirsium vulgare,2024-09-22,3,2
252674080,Cirsium palustre,2024-11-23,3,2
252835399,Cirsium arvense,2024-07-27,3,2
252870623,Cirsium arvense,2024-11-24,3,2
253166650,Cirsium greimleri,2024-08-06,3,2
253369653,Cirsium vulgare,2022-07-13,3,2
253410961,Cirsium rhizocephalum,2009-09-21,3,2
253492487,Cirsium vulgare,2024-11-29,3,2
253640384,Cirsium vulgare,2024-11-30,3,2
253678267,Cirsium horridulum,2024-11-30,3,2
253707374,Cirsium arvense,2024-08-04,3,2
253843624,Cirsium arvense,2024-11-19,3,2
253917832,Cirsium vulgare,2024-08-12,3,2
253918377,Cirsium arvense,2024-07-31,3,2
254511149,Cirsium arvense,2022-07-21,3,2
254665771,Cirsium palustre,2024-07-24,3,2
254715521,Cirsium palustre,2024-12-10,3,2
254833301,Cirsium scariosum,2024-08-03,3,2
255019023,Cirsium vulgare,2024-12-13,3,2
255239503,Cirsium carolinianum,2024-04-20,3,2
255259571,Cirsium arvense,2024-12-08,3,2
255367510,Cirsium arvense,2024-10-13,3,2
255382998,Cirsium vulgare,2024-12-14,3,2
255394048,Cirsium roseolum,2024-09-12,3,2
255516028,Cirsium acaulon,2019-08-04,3,2
255793425,Cirsium arvense,2024-12-19,3,2
255953191,Cirsium arvense,2023-07-04,3,2
255961745,Cirsium palustre,2024-07-07,3,2
255973140,Cirsium oleraceum,2013-08-21,3,2
255984900,Cirsium arvense,2024-06-04,3,2
256017259,Cirsium vulgare,2023-07-06,3,2
256179994,Cirsium vulgare,2024-10-14,3,2
25623813,Cirsium vulgare,2019-05-23,3,2
256267693,Cirsium arvense,2024-12-26,3,2
256402015,Cirsium arvense,2023-08-09,3,2
256406933,Cirsium oleraceum,2024-07-19,3,2
256612491,Cirsium monspessulanum,2024-12-29,3,2
256781600,Cirsium arvense,2024-07-26,3,2
256810241,Cirsium vulgare,2024-12-30,3,2
256930320,Cirsium palustre,2025-01-01,3,2
256974670,Cirsium vulgare,2025-01-01,3,2
257090246,Cirsium arvense,2025-01-01,3,2
257189639,Cirsium arvense,2025-01-01,3,2
257216819,Cirsium vulgare,2025-01-03,3,2
25735698,Cirsium vulgare,2019-05-25,3,2
257473934,Cirsium pannonicum,2024-07-07,3,2
257784896,Cirsium vulgare,2023-07-22,3,2
257843607,Cirsium altissimum,2024-10-10,3,2
257853419,Cirsium dissectum,2016-06-09,3,2
258075113,Cirsium gagnidzei,2024-08-30,3,2
258216050,Cirsium arvense,2024-12-28,3,2
258266933,Cirsium vulgare,2024-07-15,3,2
258305068,Cirsium acaulon,2019-08-07,3,2
258540316,Cirsium erisithales,2024-06-29,3,2
258612390,Cirsium arvense,2025-01-16,3,2
258620454,Cirsium undulatum,2025-01-15,3,2
258814079,Cirsium vulgare,2025-01-18,3,2
258840568,Cirsium arvense,2024-10-17,3,2
258863694,Cirsium echinus,2024-07-29,3,2
258912046,Cirsium vulgare,2025-01-18,3,2
259241124,Cirsium echinus,2024-06-17,3,2
259501056,Cirsium arvense,2025-01-24,3,2
259573784,Cirsium ukranicum,2024-09-12,3,2
259587774,Cirsium vulgare,2025-01-12,3,2
259620871,Cirsium arvense,2025-01-26,3,2
259761853,Cirsium vulgare,2025-01-13,3,2
259766002,Cirsium vulgare,2025-01-25,3,2
25978550,Cirsium discolor,2019-05-20,3,2
260292377,Cirsium vulgare,2018-07-28,3,2
260403279,Cirsium edule,2017-08-11,3,2
260705614,Cirsium vulgare,2025-01-31,3,2
260782265,Cirsium vulgare,2025-02-06,3,2
26102503,Cirsium heterophyllum,2019-05-31,3,2
261026277,Cirsium arvense,2002-06-27,3,2
261029798,Cirsium vulgare,2002-06-27,3,2
261089418,Cirsium vulgare,2024-07-31,3,2
261161652,Cirsium arvense,2025-02-09,3,2
26127764,Cirsium texanum,2019-05-31,3,2
261474129,Cirsium vulgare,2025-02-12,3,2
261484141,Cirsium drummondii,2024-07-20,3,2
261530289,Cirsium vulgare,2025-02-10,3,2
261629501,Cirsium vulgare,2025-02-13,3,2
261794613,Cirsium palustre,2025-02-16,3,2
261898514,Cirsium vulgare,2025-02-13,3,2
26202886,Cirsium vulgare,2019-05-27,3,2
262057168,Cirsium arvense,2025-02-18,3,2
2621773,Cirsium arvense,2015-12-26,3,2
262386970,Cirsium vulgare,2025-02-18,3,2
262597350,Cirsium vulgare,2024-09-22,3,2
262597840,Cirsium acaulon,2024-09-22,3,2
262831053,Cirsium subcoriaceum,2025-02-22,3,2
262910467,Cirsium vulgare,2025-02-24,3,2
262987615,Cirsium ehrenbergii,2025-02-24,3,2
262989992,Cirsium arvense,2025-02-19,3,2
263060274,Cirsium flodmanii,2024-07-25,3,2
263262342,Cirsium palustre,2025-02-27,3,2
263393895,Cirsium horridulum,2025-02-28,3,2
263512505,Cirsium vulgare,2008-08-02,3,2
26448010,Cirsium palustre,2019-06-05,3,2
264743436,Cirsium vulgare,2025-03-09,3,2
264764071,Cirsium subcoriaceum,2025-03-09,3,2
264791087,Cirsium vulgare,2018-08-10,3,2
26480635,Cirsium scariosum,2019-06-03,3,2
264839308,Cirsium subcoriaceum,2025-03-09,3,2
26502497,Cirsium arvense,2019-06-06,3,2
265253988,Cirsium mohavense,2025-03-10,3,2
265385963,Cirsium erisithales,2024-07-18,3,2
265612584,Cirsium vulgare,2025-03-16,3,2
265635472,Cirsium texanum,2025-03-16,3,2
265653087,Cirsium horridulum,2025-03-14,3,2
26567270,Cirsium palustre,2019-06-07,3,2
265699106,Cirsium vulgare,2025-03-14,3,2
26580592,Cirsium muticum,2012-06-28,3,2
266128893,Cirsium arvense,2025-03-18,3,2
266279019,Cirsium vulgare,2025-03-21,3,2
266281306,Cirsium horridulum,2025-03-21,3,2
266346208,Cirsium vulgare,2023-08-12,3,2
26659271,Cirsium townsendii,2019-06-08,3,2
267077947,Cirsium vulgare,2025-03-26,3,2
267093070,Cirsium vulgare,2025-03-26,3,2
267330317,Cirsium nuttallii,2025-03-26,3,2
267433115,Cirsium horridulum,2025-03-28,3,2
267896674,Cirsium palustre,1991-07-04,3,2
268356713,Cirsium vulgare,2025-04-02,3,2
268409553,Cirsium horridulum,2025-04-03,3,2
26887346,Cirsium arvense,2019-06-12,3,2
26908140,Cirsium palustre,2019-06-13,3,2
269182075,Cirsium horridulum,2025-04-07,3,2
26920446,Cirsium arvense,2019-06-13,3,2
269229549,Cirsium horridulum,2025-04-03,3,2
269275958,Cirsium argillosum,2024-08-10,3,2
26931028,Cirsium quercetorum,2019-06-13,3,2
269403593,Cirsium vulgare,2025-03-14,3,2
269842940,Cirsium horridulum,2025-04-11,3,2
26988462,Cirsium pumilum,2019-06-13,3,2
270025182,Cirsium horridulum,2025-04-11,3,2
270027929,Cirsium horridulum,2025-04-12,3,2
270070208,Cirsium vulgare,2025-04-12,3,2
270234886,Cirsium vulgare,2024-08-16,3,2
270862001,Cirsium undulatum,2025-04-16,3,2
270930739,Cirsium arvense,2025-04-17,3,2
270932331,Cirsium horridulum,2025-04-16,3,2
271071376,Cirsium occidentale,2025-04-07,3,2
271107786,Cirsium occidentale,2025-04-17,3,2
27110867,Cirsium arvense,2019-06-16,3,2
271258964,Cirsium texanum,2025-04-15,3,2
271344046,Cirsium horridulum,2025-04-18,3,2
271546533,Cirsium horridulum,2025-04-19,3,2
271772281,Cirsium horridulum,2025-04-19,3,2
271935796,Cirsium vulgare,2025-04-20,3,2
27199512,Cirsium heterophyllum,2019-06-18,3,2
272154661,Cirsium palustre,2025-04-22,3,2
272258869,Cirsium vulgare,2025-04-22,3,2
27237109,Cirsium arvense,2019-06-18,3,2
272733773,Cirsium vulgare,2025-04-24,3,2
273220718,Cirsium horridulum,2025-04-25,3,2
273223103,Cirsium texanum,2025-04-25,3,2
27330331,Cirsium occidentale,2019-06-19,3,2
273337379,Cirsium undulatum,2025-04-25,3,2
273665730,Cirsium arvense,2025-04-25,3,2
273849859,Cirsium texanum,2025-04-25,3,2
27433086,Cirsium vulgare,2019-06-22,3,2
274389329,Cirsium vulgare,2025-04-26,3,2
274627940,Cirsium vulgare,2025-04-26,3,2
275024427,Cirsium arvense,2025-04-27,3,2
27512885,Cirsium erisithales,2019-06-23,3,2
27524331,Cirsium arvense,2019-06-23,3,2
275401253,Cirsium occidentale,2025-04-27,3,2
27557380,Cirsium vulgare,2019-06-24,3,2
27587120,Cirsium texanum,2019-06-24,3,2
27587352,Cirsium undulatum,2019-06-24,3,2
276053598,Cirsium engelmannii,2025-04-28,3,2
27608272,Cirsium edule,2019-06-24,3,2
276194059,Cirsium undulatum,2025-04-28,3,2
27647341,Cirsium palustre,2019-06-25,3,2
27657423,Cirsium discolor,2017-09-03,3,2
27703698,Cirsium heterophyllum,2019-06-26,3,2
277236122,Cirsium serrulatum,2025-04-30,3,2
277574322,Cirsium undulatum,2025-05-01,3,2
277697896,Cirsium filipendulum,2025-05-02,3,2
27779522,Cirsium ehrenbergii,2019-06-10,3,2
277876218,Cirsium texanum,2025-04-27,3,2
277980341,Cirsium vulgare,2025-05-03,3,2
278707461,Cirsium pannonicum,2025-05-04,3,2
278726392,Cirsium palustre,2025-05-04,3,2
27878255,Cirsium rivulare,2016-06-05,3,2
278820397,Cirsium horridulum,2025-05-05,3,2
278847449,Cirsium palustre,2025-05-05,3,2
278985961,Cirsium arvense,2025-05-06,3,2
27913785,Cirsium heterophyllum,2019-06-30,3,2
279293814,Cirsium cymosum,2025-05-07,3,2
279327242,Cirsium engelmannii,2025-05-07,3,2
27956060,Cirsium arvense,2019-06-30,3,2
279577748,Cirsium horridulum,2025-05-08,3,2
279675644,Cirsium vulgare,2025-05-09,3,2
279729963,Cirsium palustre,2025-05-09,3,2
279776431,Cirsium vulgare,2025-05-09,3,2
27987773,Cirsium vulgare,2019-06-30,3,2
279900715,Cirsium arvense,2025-04-24,3,2
27992344,Cirsium pumilum,2019-07-01,3,2
280069607,Cirsium occidentale,2025-05-10,3,2
280174996,Cirsium monspessulanum,2025-05-11,3,2
280198704,Cirsium vulgare,2025-05-11,3,2
280237149,Cirsium tuberosum,2025-05-11,3,2
28046051,Cirsium vulgare,2019-07-02,3,2
28048246,Cirsium palustre,2019-06-23,3,2
280522823,Cirsium palustre,2025-05-12,3,2
28052517,Cirsium arvense,2019-07-02,3,2
280925664,Cirsium vulgare,2025-05-10,3,2
281108123,Cirsium vulgare,2025-05-14,3,2
281123671,Cirsium vulgare,2025-05-14,3,2
28115986,Cirsium undulatum,2019-07-03,3,2
281182038,Cirsium rhaphilepis,2025-04-14,3,2
281607913,Cirsium vulgare,2025-05-16,3,2
281779838,Cirsium vulgare,2025-05-17,3,2
281812071,Cirsium palustre,2025-05-17,3,2
281830803,Cirsium vulgare,2024-07-28,3,2
281996489,Cirsium mohavense,2025-05-18,3,2
28207040,Cirsium vulgare,2013-05-13,3,2
28209776,Cirsium drummondii,2019-07-04,3,2
28219176,Cirsium vulgare,2019-07-04,3,2
28243071,Cirsium arvense,2019-07-05,3,2
28244750,Cirsium vulgare,2019-07-05,3,2
282590576,Cirsium candelabrum,2023-07-18,3,2
282672797,Cirsium oleraceum,2025-05-20,3,2
282729487,Cirsium arvense,2025-05-20,3,2
28285534,Cirsium arvense,2019-07-04,3,2
28289853,Cirsium arvense,2019-07-06,3,2
282936704,Cirsium tuberosum,2025-05-16,3,2
283148463,Cirsium vulgare,2025-05-22,3,2
283429501,Cirsium ochrocentrum,2025-05-23,3,2
28346352,Cirsium vulgare,2019-06-30,3,2
283473538,Cirsium horridulum,2025-05-23,3,2
283484305,Cirsium horridulum,2025-05-23,3,2
28354463,Cirsium arvense,2019-07-04,3,2
283549489,Cirsium arvense,2025-05-23,3,2
283670366,Cirsium undulatum,2025-05-24,3,2
283771298,Cirsium palustre,2025-05-24,3,2
28386606,Cirsium arvense,2019-07-02,3,2
284018934,Cirsium horridulum,2025-05-25,3,2
28412928,Cirsium canescens,2019-07-07,3,2
28421111,Cirsium arvense,2019-07-08,3,2
284241357,Cirsium arvense,2025-05-25,3,2
28434712,Cirsium cymosum,2019-07-05,3,2
284442802,Cirsium vulgare,2025-05-27,3,2
28445178,Cirsium bicentenariale,2019-07-01,3,2
28445828,Cirsium oleraceum,2019-07-08,3,2
284464552,Cirsium townsendii,2025-05-26,3,2
284676609,Cirsium texanum,2025-05-27,3,2
284855975,Cirsium canum,2025-05-27,3,2
284990674,Cirsium subcoriaceum,2025-05-25,3,2
285018547,Cirsium arvense,2025-05-29,3,2
285106017,Cirsium rivulare,2025-05-29,3,2
28515039,Cirsium vulgare,2019-07-07,3,2
285297021,Cirsium quercetorum,2025-05-26,3,2
285355017,Cirsium palustre,2025-05-29,3,2
285384003,Cirsium palustre,2025-05-30,3,2
285497910,Cirsium japonicum,2025-05-24,3,2
285519041,Cirsium carolinianum,2025-05-30,3,2
28555055,Cirsium arvense,2019-07-09,3,2
285648298,Cirsium filipendulum,2025-05-31,3,2
28569695,Cirsium oleraceum,2019-07-10,3,2
28570874,Cirsium undulatum,2019-07-10,3,2
285728014,Cirsium palustre,2025-05-31,3,2
28592255,Cirsium arvense,2019-07-02,3,2
285922878,Cirsium hypoleucum,2025-06-01,3,2
285934638,Cirsium palustre,2025-06-01,3,2
285972961,Cirsium vulgare,2025-06-01,3,2
286002864,Cirsium arvense,2025-06-01,3,2
28601632,Cirsium creticum,2019-07-11,3,2
28606007,Cirsium vulgare,2019-07-11,3,2
28619918,Cirsium heterophyllum,2019-07-11,3,2
28622897,Cirsium arvense,2019-07-11,3,2
286293889,Cirsium neomexicanum,2025-05-31,3,2
286577037,Cirsium arvense,2025-06-03,3,2
286587622,Cirsium arizonicum,2025-06-03,3,2
286613350,Cirsium rivulare,2025-06-01,3,2
286738069,Cirsium vulgare,2025-05-21,3,2
286811971,Cirsium palustre,2025-06-04,3,2
286834110,Cirsium palustre,2025-06-04,3,2
286844750,Cirsium vulgare,2025-06-04,3,2
286883203,Cirsium heterophyllum,2025-06-04,3,2
286976921,Cirsium heterophyllum,2025-06-05,3,2
287084247,Cirsium vulgare,2025-06-05,3,2
287294203,Cirsium rivulare,2025-06-06,3,2
287356924,Cirsium undulatum,2025-06-06,3,2
287436075,Cirsium scariosum,2025-06-04,3,2
28750862,Cirsium vulgare,2019-07-13,3,2
287530613,Cirsium tuberosum,2025-06-07,3,2
287561032,Cirsium rivulare,2025-06-07,3,2
287723840,Cirsium neomexicanum,2025-05-19,3,2
28780097,Cirsium arvense,2019-07-14,3,2
287812005,Cirsium arvense,2025-06-08,3,2
287838490,Cirsium filipendulum,2025-06-08,3,2
287852731,Cirsium vulgare,2025-06-08,3,2
287885479,Cirsium japonicum,2025-06-08,3,2
28790305,Cirsium dissectum,2019-07-12,3,2
287917087,Cirsium monspessulanum,2025-06-07,3,2
287946949,Cirsium canum,2025-06-08,3,2
28806788,Cirsium vulgare,2019-07-13,3,2
28825377,Cirsium inamoenum,2019-07-14,3,2
288300848,Cirsium rivulare,2025-06-09,3,2
288404333,Cirsium arizonicum,2025-06-07,3,2
288543734,Cirsium heterophyllum,2025-06-10,3,2
288553018,Cirsium arvense,2025-06-05,3,2
288633682,Cirsium cymosum,2025-06-08,3,2
288647340,Cirsium undulatum,2025-05-16,3,2
28873157,Cirsium oleraceum,2019-07-15,3,2
288755070,Cirsium arvense,2025-06-11,3,2
28880076,Cirsium arvense,2019-07-15,3,2
28890281,Cirsium acaulon,2019-07-15,3,2
288950689,Cirsium palustre,2025-06-12,3,2
289008703,Cirsium occidentale,2025-06-11,3,2
289014239,Cirsium palustre,2025-06-12,3,2
28904356,Cirsium arvense,2019-07-15,3,2
289123051,Cirsium palustre,2025-06-11,3,2
289134437,Cirsium palustre,2025-06-12,3,2
289216183,Cirsium echinus,2025-06-13,3,2
289221132,Cirsium arvense,2025-06-13,3,2
289222463,Cirsium palustre,2025-06-13,3,2
28928392,Cirsium oleraceum,2019-07-16,3,2
289298235,Cirsium spinosissimum,2025-06-13,3,2
289556634,Cirsium palustre,2025-06-14,3,2
289578812,Cirsium heterophyllum,2025-06-13,3,2
289759631,Cirsium arvense,2025-06-15,3,2
289790016,Cirsium palustre,2025-06-15,3,2
289849322,Cirsium heterophyllum,2025-06-15,3,2
289886752,Cirsium arvense,2025-06-15,3,2
289929544,Cirsium palustre,2025-06-15,3,2
289941920,Cirsium palustre,2025-06-15,3,2
290032522,Cirsium brevistylum,2025-06-15,3,2
290076531,Cirsium oleraceum,2025-06-16,3,2
290139261,Cirsium arvense,2025-06-16,3,2
290167562,Cirsium heterophyllum,2025-06-16,3,2
290256417,Cirsium occidentale,2025-06-16,3,2
290280680,Cirsium occidentale,2025-06-14,3,2
290314415,Cirsium scariosum,2025-06-16,3,2
290331639,Cirsium helenioides,2025-06-17,3,2
290346291,Cirsium palustre,2025-06-17,3,2
290372994,Cirsium palustre,2025-06-16,3,2
290383725,Cirsium serrulatum,2025-06-17,3,2
290448259,Cirsium palustre,2025-06-17,3,2
290480743,Cirsium palustre,2025-06-17,3,2
290483931,Cirsium rivulare,2025-06-15,3,2
290541982,Cirsium arvense,2025-06-17,3,2
290556214,Cirsium kawakamii,2025-06-17,3,2
290620313,Cirsium palustre,2025-06-17,3,2
290656666,Cirsium pannonicum,2025-06-18,3,2
290673004,Cirsium palustre,2025-06-18,3,2
290815986,Cirsium helenioides,2025-06-19,3,2
29085608,Cirsium remotifolium,2019-07-16,3,2
290905448,Cirsium arvense,2025-06-11,3,2
29097475,Cirsium arvense,2019-07-18,3,2
290982702,Cirsium vulgare,2025-06-19,3,2
290985406,Cirsium palustre,2025-06-19,3,2
290993356,Cirsium palustre,2025-06-19,3,2
291028321,Cirsium repandum,2025-05-22,3,2
29112054,Cirsium arvense,2019-07-19,3,2
29119164,Cirsium palustre,2019-07-19,3,2
291232888,Cirsium heterophyllum,2025-06-20,3,2
291262263,Cirsium heterophyllum,2025-06-20,3,2
291319812,Cirsium nuttallii,2025-06-20,3,2
291320230,Cirsium arvense,2025-06-14,3,2
291354107,Cirsium undulatum,2025-06-19,3,2
291354716,Cirsium mohavense,2025-06-19,3,2
291467017,Cirsium heterophyllum,2025-06-21,3,2
291472817,Cirsium arvense,2025-06-18,3,2
291489401,Cirsium heterophyllum,2025-06-06,3,2
291531457,Cirsium horridulum,2025-06-18,3,2
291564210,Cirsium erisithales,2025-06-21,3,2
291581812,Cirsium palustre,2025-06-21,3,2
291593979,Cirsium scariosum,2025-06-21,3,2
29161742,Cirsium heterophyllum,2019-07-17,3,2
291721942,Cirsium rivulare,2025-06-22,3,2
291774748,Cirsium palustre,2025-06-22,3,2
291815561,Cirsium heterophyllum,2025-06-22,3,2
291832838,Cirsium pannonicum,2025-06-22,3,2
291839398,Cirsium palustre,2025-06-22,3,2
291839579,Cirsium nuttallii,2025-06-21,3,2
291844712,Cirsium vulgare,2025-06-22,3,2
291869857,Cirsium vulgare,2025-06-22,3,2
291950809,Cirsium arvense,2025-06-22,3,2
29203249,Cirsium occidentale,2019-07-15,3,2
292067383,Cirsium vulgare,2025-06-19,3,2
292086860,Cirsium arvense,2025-06-23,3,2
292149896,Cirsium heterophyllum,2025-06-23,3,2
292169740,Cirsium arvense,2025-06-23,3,2
292315014,Cirsium spinosissimum,2025-06-18,3,2
292315275,Cirsium erisithales,2025-06-19,3,2
292329495,Cirsium palustre,2025-06-22,3,2
292336479,Cirsium palustre,2025-06-24,3,2
292341165,Cirsium filipendulum,2025-06-24,3,2
29236734,Cirsium erisithales,2019-07-14,3,2
292424171,Cirsium arvense,2025-06-24,3,2
29243856,Cirsium palustre,2019-07-21,3,2
292479341,Cirsium undulatum,2025-06-24,3,2
292521342,Cirsium occidentale,2025-06-21,3,2
292534609,Cirsium occidentale,2025-06-24,3,2
29254077,Cirsium palustre,2019-07-21,3,2
292545681,Cirsium palustre,2025-06-24,3,2
292594093,Cirsium arvense,2025-06-22,3,2
292661299,Cirsium altissimum,2025-06-25,3,2
292710044,Cirsium undulatum,2025-06-22,3,2
292747709,Cirsium scariosum,2025-06-03,3,2
29275127,Cirsium arvense,2019-07-21,3,2
292842941,Cirsium vulgare,2025-06-26,3,2
292855172,Cirsium erisithales,2025-06-26,3,2
29293407,Cirsium muticum,2019-07-21,3,2
293000539,Cirsium occidentale,2025-06-26,3,2
293030979,Cirsium vulgare,2025-06-26,3,2
293082309,Cirsium heterophyllum,2025-06-27,3,2
293155889,Cirsium oleraceum,2025-06-27,3,2
293164604,Cirsium arvense,2025-06-27,3,2
293263698,Cirsium arvense,2025-06-27,3,2
293301426,Cirsium dealbatum,2025-06-26,3,2
29334256,Cirsium candelabrum,2019-07-13,3,2
293408660,Cirsium heterophyllum,2025-06-23,3,2
293444341,Cirsium vulgare,2025-06-14,3,2
293480428,Cirsium vulgare,2025-06-28,3,2
293486785,Cirsium oleraceum,2025-06-28,3,2
293509988,Cirsium vulgare,2025-06-28,3,2
293529895,Cirsium arvense,2025-06-28,3,2
293548384,Cirsium palustre,2025-06-28,3,2
293580995,Cirsium undulatum,2025-06-28,3,2
293616187,Cirsium vulgare,2025-06-28,3,2
293658256,Cirsium esculentum,2025-06-29,3,2
293673605,Cirsium vulgare,2025-06-29,3,2
29374755,Cirsium palustre,2019-07-23,3,2
293749173,Cirsium palustre,2025-06-29,3,2
293800295,Cirsium palustre,2025-06-29,3,2
293813120,Cirsium undulatum,2025-06-26,3,2
293827434,Cirsium monspessulanum,2025-06-29,3,2
293841201,Cirsium vulgare,2025-06-29,3,2
293841770,Cirsium arvense,2025-06-23,3,2
29386818,Cirsium filipendulum,2019-07-18,3,2
293939461,Cirsium ochrocentrum,2025-06-29,3,2
293952144,Cirsium vulgare,2025-06-30,3,2
293966910,Cirsium erisithales,2025-06-22,3,2
294015090,Cirsium arvense,2025-06-30,3,2
294054187,Cirsium palustre,2025-06-27,3,2
294108619,Cirsium douglasii,2025-06-23,3,2
294119962,Cirsium heterophyllum,2025-06-30,3,2
294167264,Cirsium arvense,2025-06-30,3,2
294265114,Cirsium pannonicum,2025-06-28,3,2
294296690,Cirsium palustre,2025-07-01,3,2
294332794,Cirsium palustre,2025-07-01,3,2
29434072,Cirsium creticum,2019-07-24,3,2
294394487,Cirsium palustre,2025-06-24,3,2
294436286,Cirsium palustre,2025-07-01,3,2
294437646,Cirsium vulgare,2025-07-01,3,2
294516502,Cirsium oleraceum,2025-07-01,3,2
294548094,Cirsium arvense,2025-06-30,3,2
29455012,Cirsium esculentum,2019-07-24,3,2
294588635,Cirsium arvense,2025-07-02,3,2
294621890,Cirsium palustre,2025-06-30,3,2
294663467,Cirsium waldsteinii,2025-07-01,3,2
29477130,Cirsium muticum,2019-07-24,3,2
294777884,Cirsium heterophyllum,2025-06-25,3,2
294806746,Cirsium arvense,2025-07-03,3,2
294814805,Cirsium vulgare,2024-07-03,3,2
294847736,Cirsium arvense,2025-07-03,3,2
294893127,Cirsium vulgare,2025-07-03,3,2
294896401,Cirsium arvense,2025-07-03,3,2
294907821,Cirsium arvense,2025-07-03,3,2
294935733,Cirsium palustre,2025-07-02,3,2
29493714,Cirsium scariosum,2019-07-21,3,2
294964728,Cirsium arvense,2025-07-03,3,2
295009437,Cirsium arvense,2025-07-02,3,2
295036972,Cirsium occidentale,2025-07-03,3,2
295040422,Cirsium flodmanii,2025-07-03,3,2
295064889,Cirsium monspessulanum,2025-07-04,3,2
295079363,Cirsium palustre,2025-07-04,3,2
295117355,Cirsium serrulatum,2025-07-04,3,2
295135399,Cirsium vulgare,2025-07-04,3,2
29513826,Cirsium drummondii,2019-07-25,3,2
295147329,Cirsium oleraceum,2025-07-04,3,2
295160732,Cirsium erisithales,2025-06-28,3,2
295172768,Cirsium palustre,2025-07-04,3,2
295185038,Cirsium arvense,2025-06-29,3,2
295212109,Cirsium palustre,2025-07-04,3,2
295221855,Cirsium arvense,2025-07-04,3,2
295235327,Cirsium palustre,2025-07-04,3,2
29527025,Cirsium arvense,2019-07-25,3,2
295308164,Cirsium vulgare,2025-07-04,3,2
295321874,Cirsium arvense,2025-07-05,3,2
295337345,Cirsium palustre,2025-06-26,3,2
295352936,Cirsium heterophyllum,2025-07-05,3,2
295391916,Cirsium arvense,2025-07-05,3,2
295425037,Cirsium palustre,2025-07-05,3,2
295447598,Cirsium acaulon,2025-07-05,3,2
295453189,Cirsium palustre,2025-07-04,3,2
295464451,Cirsium palustre,2025-07-05,3,2
295475331,Cirsium vulgare,2025-07-05,3,2
295510934,Cirsium arvense,2025-07-03,3,2
295518786,Cirsium dissectum,2025-07-04,3,2
295520888,Cirsium nuttallii,2025-07-05,3,2
295530973,Cirsium arvense,2025-07-05,3,2
295564606,Cirsium arvense,2025-07-05,3,2
29557966,Cirsium andersonii,2019-07-22,3,2
295650271,Cirsium vulgare,2025-06-14,3,2
295707856,Cirsium vulgare,2025-07-06,3,2
295742670,Cirsium arvense,2025-07-04,3,2
295784439,Cirsium palustre,2025-07-06,3,2
295822048,Cirsium arvense,2025-07-06,3,2
295848939,Cirsium remotifolium,2025-07-06,3,2
29585705,Cirsium arvense,2019-07-19,3,2
295866242,Cirsium douglasii,2025-07-04,3,2
295872213,Cirsium vulgare,2025-07-06,3,2
295884832,Cirsium palustre,2025-07-06,3,2
295950540,Cirsium palustre,2025-07-05,3,2
296063484,Cirsium ochrocentrum,2025-07-01,3,2
296074824,Cirsium palustre,2025-07-07,3,2
296159517,Cirsium tukuhnikivatzicum,2025-07-07,3,2
296183119,Cirsium heterophyllum,2025-07-07,3,2
296265380,Cirsium heterophyllum,2025-07-08,3,2
296280655,Cirsium palustre,2025-07-08,3,2
296297872,Cirsium palustre,2025-07-08,3,2
296386480,Cirsium townsendii,2025-06-24,3,2
296464810,Cirsium arvense,2025-07-09,3,2
296488972,Cirsium arvense,2025-07-09,3,2
296495536,Cirsium vulgare,2025-07-09,3,2
296528566,Cirsium heterophyllum,2025-07-09,3,2
296532967,Cirsium vulgare,2025-07-09,3,2
296537760,Cirsium palustre,2025-06-27,3,2
296583973,Cirsium arvense,2025-07-09,3,2
296679255,Cirsium arvense,2025-07-09,3,2
296714683,Cirsium canum,2025-06-28,3,2
296718094,Cirsium oleraceum,2025-07-10,3,2
296726223,Cirsium heterophyllum,2025-07-10,3,2
296728559,Cirsium oleraceum,2025-07-10,3,2
296757735,Cirsium heterophyllum,2025-07-10,3,2
296772048,Cirsium arvense,2025-07-10,3,2
296825832,Cirsium vulgare,2025-07-10,3,2
296827854,Cirsium arvense,2025-07-10,3,2
296847251,Cirsium vulgare,2025-07-09,3,2
296853868,Cirsium vulgare,2025-06-21,3,2
296880422,Cirsium repandum,2025-06-28,3,2
29690119,Cirsium flodmanii,2019-07-20,3,2
296914615,Cirsium andersonii,2025-07-10,3,2
296942717,Cirsium vulgare,2025-07-07,3,2
296952759,Cirsium vulgare,2025-07-09,3,2
296956996,Cirsium maackii,2025-07-09,3,2
297022841,Cirsium vulgare,2025-07-10,3,2
297044889,Cirsium undulatum,2025-07-11,3,2
297054144,Cirsium vulgare,2025-07-11,3,2
297076798,Cirsium arvense,2008-07-23,3,2
297080955,Cirsium filipendulum,2004-07-14,3,2
297129247,Cirsium palustre,2025-07-11,3,2
297222470,Cirsium vulgare,2025-07-10,3,2
297227732,Cirsium heterophyllum,2025-07-12,3,2
297242602,Cirsium arvense,2025-07-12,3,2
297346487,Cirsium vulgare,2025-07-12,3,2
297346573,Cirsium arvense,2025-07-12,3,2
297381195,Cirsium vulgare,2025-07-12,3,2
297389012,Cirsium scariosum,2025-07-03,3,2
297395732,Cirsium heterophyllum,2025-07-12,3,2
297451308,Cirsium arvense,2025-07-12,3,2
29746631,Cirsium discolor,2019-07-28,3,2
29749392,Cirsium undulatum,2019-07-15,3,2
297503565,Cirsium arvense,2025-07-12,3,2
297510777,Cirsium arvense,2025-07-09,3,2
297542662,Cirsium arvense,2025-07-13,3,2
297629781,Cirsium ochrocentrum,2025-07-08,3,2
297652890,Cirsium arvense,2025-07-13,3,2
297715049,Cirsium vulgare,2025-07-07,3,2
297831386,Cirsium canum,2025-07-14,3,2
297832032,Cirsium arvense,2025-07-14,3,2
297845329,Cirsium heterophyllum,2025-07-13,3,2
297935919,Cirsium vulgare,2025-07-14,3,2
297947829,Cirsium tuberosum,2025-06-22,3,2
297953061,Cirsium canum,2025-07-13,3,2
297980097,Cirsium oleraceum,2025-07-14,3,2
298029956,Cirsium occidentale,2025-07-10,3,2
298105734,Cirsium canum,2025-07-15,3,2
298111009,Cirsium arvense,2025-07-15,3,2
298160672,Cirsium arvense,2025-07-15,3,2
298213245,Cirsium vulgare,2025-07-15,3,2
298225743,Cirsium palustre,2025-07-13,3,2
298231094,Cirsium arvense,2025-07-15,3,2
298249901,Cirsium arvense,2025-07-15,3,2
298298469,Cirsium nuttallii,2025-07-15,3,2
29844999,Cirsium vulgare,2019-07-29,3,2
298483177,Cirsium arvense,2025-06-09,3,2
298507275,Cirsium canum,2025-07-16,3,2
298515945,Cirsium arvense,2025-07-16,3,2
298622642,Cirsium heterophyllum,2025-07-17,3,2
298632586,Cirsium heterophyllum,2025-07-17,3,2
298646417,Cirsium vulgare,2025-07-17,3,2
298664309,Cirsium vulgare,2025-07-15,3,2
298668004,Cirsium arvense,2025-07-05,3,2
298687861,Cirsium arvense,2025-07-17,3,2
298696945,Cirsium arvense,2025-06-29,3,2
298722021,Cirsium palustre,2025-07-17,3,2
29874035,Cirsium foliosum,2019-07-29,3,2
298775046,Cirsium canum,2025-07-16,3,2
298801188,Cirsium parryi,2025-07-16,3,2
298802482,Cirsium undulatum,2025-07-17,3,2
29881479,Cirsium discolor,2019-07-30,3,2
298874910,Cirsium creticum,2025-07-18,3,2
299051050,Cirsium vulgare,2025-07-18,3,2
299079660,Cirsium arvense,2025-07-14,3,2
299105982,Cirsium andersonii,2025-07-10,3,2
299113396,Cirsium arvense,2025-07-19,3,2
299134122,Cirsium vulgare,2025-07-19,3,2
299149763,Cirsium pumilum,2025-07-18,3,2
299157241,Cirsium oleraceum,2025-07-13,3,2
299158446,Cirsium palustre,2025-07-12,3,2
29920578,Cirsium arvense,2019-07-31,3,2
299244643,Cirsium discolor,2025-07-19,3,2
299245321,Cirsium heterophyllum,2025-07-19,3,2
299254080,Cirsium heterophyllum,2025-07-19,3,2
299262019,Cirsium arvense,2025-07-19,3,2
299287644,Cirsium arvense,2025-07-19,3,2
299290426,Cirsium arvense,2025-07-17,3,2
299427277,Cirsium palustre,2025-07-08,3,2
299428843,Cirsium arvense,2025-07-20,3,2
299429304,Cirsium vulgare,2025-07-18,3,2
299449258,Cirsium arvense,2025-07-20,3,2
299491049,Cirsium canum,2025-07-20,3,2
299507709,Cirsium heterophyllum,2025-07-13,3,2
299523939,Cirsium arvense,2025-07-19,3,2
299528825,Cirsium vulgare,2025-07-19,3,2
299552271,Cirsium discolor,2025-07-20,3,2
299586119,Cirsium oleraceum,2025-07-20,3,2
299602805,Cirsium palustre,2025-07-13,3,2
299612081,Cirsium arvense,2025-07-20,3,2
299632759,Cirsium oleraceum,2025-07-19,3,2
299677757,Cirsium vulgare,2025-07-19,3,2
299885131,Cirsium heterophyllum,2025-07-21,3,2
299891887,Cirsium arvense,2025-07-20,3,2
299894203,Cirsium arvense,2025-07-21,3,2
299955591,Cirsium arvense,2025-07-21,3,2
299974659,Cirsium remotifolium,2025-07-19,3,2
300040928,Cirsium hookerianum,2025-07-19,3,2
300050967,Cirsium vulgare,2025-07-20,3,2
300075492,Cirsium palustre,2025-07-21,3,2
300076158,Cirsium arvense,2025-07-21,3,2
300077176,Cirsium erisithales,2025-07-22,3,2
300082837,Cirsium oleraceum,2025-07-22,3,2
300100108,Cirsium palustre,2025-07-22,3,2
300135118,Cirsium vulgare,2025-07-22,3,2
300221403,Cirsium calcareum,2025-07-22,3,2
300236359,Cirsium vulgare,2025-07-22,3,2
300253833,Cirsium vulgare,2024-12-26,3,2
300317068,Cirsium arvense,2025-07-15,3,2
300322243,Cirsium scariosum,2025-07-12,3,2
300360063,Cirsium arvense,2025-07-23,3,2
300369924,Cirsium heterophyllum,2025-07-22,3,2
300379428,Cirsium altissimum,2025-07-22,3,2
300388720,Cirsium vulgare,2025-07-18,3,2
30040322,Cirsium heterophyllum,2018-06-23,3,2
30046370,Cirsium heterophyllum,2019-07-20,3,2
300513467,Cirsium acaulon,2025-07-22,3,2
300684616,Cirsium arvense,2025-07-24,3,2
300790911,Cirsium pumilum,2025-07-24,3,2
300813853,Cirsium vulgare,2025-07-24,3,2
30090332,Cirsium acaulon,2019-08-03,3,2
300921223,Cirsium pumilum,2025-07-25,3,2
300942475,Cirsium obvallatum,2025-07-13,3,2
300951188,Cirsium elbrusense,2025-07-06,3,2
300974633,Cirsium muticum,2025-07-25,3,2
300975779,Cirsium vulgare,2025-07-25,3,2
300980599,Cirsium acaulon,2025-07-25,3,2
301030274,Cirsium altissimum,2025-07-25,3,2
301048550,Cirsium heterophyllum,2025-07-25,3,2
301064766,Cirsium vulgare,2025-07-25,3,2
301179539,Cirsium vulgare,2025-07-26,3,2
301196855,Cirsium arvense,2025-07-26,3,2
30120012,Cirsium palustre,2019-08-03,3,2
301225422,Cirsium heterophyllum,2025-07-25,3,2
301260369,Cirsium arvense,2025-07-26,3,2
301277635,Cirsium arvense,2025-07-26,3,2
30130146,Cirsium vulgare,2019-07-26,3,2
301431729,Cirsium esculentum,2025-07-26,3,2
301469724,Cirsium monspessulanum,2025-07-27,3,2
301482564,Cirsium vulgare,2025-07-27,3,2
301554792,Cirsium oleraceum,2025-07-27,3,2
301559021,Cirsium oleraceum,2025-07-26,3,2
301591347,Cirsium vulgare,2025-07-27,3,2
301596597,Cirsium vulgare,2025-07-27,3,2
301604586,Cirsium vulgare,2025-07-25,3,2
301634489,Cirsium heterophyllum,2025-07-27,3,2
301746392,Cirsium arvense,2025-07-27,3,2
301764429,Cirsium vulgare,2025-07-28,3,2
301767885,Cirsium canum,2025-07-27,3,2
301785557,Cirsium carniolicum,2025-07-23,3,2
301793152,Cirsium brachycephalum,2025-07-28,3,2
301804729,Cirsium vulgare,2025-07-28,3,2
301804887,Cirsium palustre,2025-07-28,3,2
30181198,Cirsium discolor,2019-08-04,3,2
301827974,Cirsium hesperium,2025-07-27,3,2
301888127,Cirsium arvense,2025-07-28,3,2
301937556,Cirsium vulgare,2025-07-28,3,2
301960798,Cirsium griseum,2025-07-28,3,2
302017693,Cirsium occidentale,2025-07-26,3,2
30202977,Cirsium heterophyllum,2019-07-24,3,2
302055074,Cirsium echinus,2025-07-29,3,2
302087683,Cirsium oleraceum,2025-07-29,3,2
302112107,Cirsium canum,2025-07-29,3,2
302152111,Cirsium heterophyllum,2025-06-12,3,2
30221525,Cirsium arvense,2019-08-04,3,2
302267563,Cirsium vulgare,2025-07-29,3,2
302278592,Cirsium vulgare,2025-07-30,3,2
302281401,Cirsium heterophyllum,2025-07-11,3,2
302338302,Cirsium vulgare,2025-07-30,3,2
302371030,Cirsium palustre,2025-07-29,3,2
302376970,Cirsium flodmanii,2025-07-25,3,2
302377633,Cirsium canum,2025-07-30,3,2
302430801,Cirsium palustre,2025-07-16,3,2
302461497,Cirsium vulgare,2025-07-22,3,2
302463709,Cirsium vulgare,2025-07-30,3,2
302471466,Cirsium vulgare,2025-07-30,3,2
302471634,Cirsium tenorioanum,2025-07-29,3,2
30253742,Cirsium arvense,2019-07-25,3,2
30255161,Cirsium heterophyllum,2019-08-05,3,2
302585983,Cirsium erisithales,2025-07-31,3,2
302621178,Cirsium arvense,2025-07-31,3,2
30263080,Cirsium arvense,2019-08-02,3,2
302699139,Cirsium palustre,2025-07-02,3,2
302724637,Cirsium vulgare,2025-07-24,3,2
302724688,Cirsium brevistylum,2025-07-24,3,2
302758437,Cirsium pumilum,2025-07-28,3,2
302807284,Cirsium arvense,2025-08-01,3,2
30281707,Cirsium vulgare,2019-08-05,3,2
302820920,Cirsium monspessulanum,2025-08-01,3,2
302822677,Cirsium vulgare,2025-08-01,3,2
302827330,Cirsium heterophyllum,2025-07-06,3,2
302851464,Cirsium arvense,2025-08-01,3,2
302855219,Cirsium oleraceum,2025-07-17,3,2
302874800,Cirsium arvense,2025-07-31,3,2
302900383,Cirsium arvense,2025-08-01,3,2
302924586,Cirsium vulgare,2025-08-01,3,2
303048066,Cirsium arvense,2020-07-30,3,2
303052966,Cirsium vulgare,2025-08-01,3,2
303076421,Cirsium canum,2025-08-02,3,2
303091755,Cirsium vulgare,2025-07-30,3,2
30310045,Cirsium arvense,2019-08-06,3,2
303106284,Cirsium heterophyllum,2025-07-23,3,2
30312103,Cirsium vulgare,2019-07-26,3,2
303204854,Cirsium vulgare,2025-08-02,3,2
303230171,Cirsium arvense,2025-07-31,3,2
303248229,Cirsium altissimum,2025-08-02,3,2
303288508,Cirsium vulgare,2025-08-02,3,2
303332615,Cirsium oleraceum,2025-08-03,3,2
303339407,Cirsium oleraceum,2025-07-30,3,2
303361206,Cirsium oleraceum,2025-08-03,3,2
303385869,Cirsium arvense,2025-08-03,3,2
303452080,Cirsium vulgare,2025-08-02,3,2
303498134,Cirsium vulgare,2025-08-02,3,2
303539816,Cirsium arvense,2025-07-31,3,2
303551651,Cirsium pyrenaicum,2025-07-16,3,2
303574442,Cirsium palustre,2025-08-03,3,2
30357862,Cirsium arvense,2019-08-04,3,2
303651803,Cirsium parryi,2025-08-03,3,2
303688002,Cirsium tuberosum,2025-05-26,3,2
303734427,Cirsium kamtschaticum,2025-07-15,3,2
303746913,Cirsium acaulon,2025-08-03,3,2
30375246,Cirsium muticum,2019-08-07,3,2
303782512,Cirsium muticum,2025-08-03,3,2
303786543,Cirsium vulgare,2025-08-02,3,2
303798232,Cirsium vulgare,2025-08-04,3,2
303855455,Cirsium arvense,2025-08-03,3,2
303880669,Cirsium vulgare,2025-08-04,3,2
30388304,Cirsium brevistylum,2019-06-04,3,2
303898168,Cirsium palustre,2025-08-02,3,2
303905014,Cirsium arvense,2025-08-03,3,2
303931970,Cirsium canum,2025-08-05,3,2
303954771,Cirsium oleraceum,2025-08-05,3,2
303955714,Cirsium arvense,2025-08-04,3,2
303979409,Cirsium arvense,2025-08-05,3,2
303982253,Cirsium arvense,2025-08-05,3,2
304009865,Cirsium oleraceum,2025-08-05,3,2
304025265,Cirsium vulgare,2025-08-05,3,2
304026484,Cirsium vulgare,2025-08-05,3,2
30404980,Cirsium ochrocentrum,2019-06-15,3,2
304056357,Cirsium palustre,2025-08-04,3,2
304115764,Cirsium vulgare,2025-08-05,3,2
304176472,Cirsium brachycephalum,2025-08-06,3,2
304279215,Cirsium altissimum,2025-08-06,3,2
304369362,Cirsium discolor,2025-08-06,3,2
30437070,Cirsium brevistylum,2019-08-08,3,2
304415231,Cirsium arvense,2025-08-07,3,2
304435536,Cirsium vulgare,2025-08-06,3,2
304463441,Cirsium palustre,2025-08-06,3,2
304471904,Cirsium discolor,2025-08-06,3,2
304483132,Cirsium oleraceum,2025-08-07,3,2
304508593,Cirsium altissimum,2025-08-07,3,2
304524170,Cirsium arvense,2025-08-07,3,2
304540717,Cirsium arvense,2025-08-05,3,2
304544606,Cirsium heterophyllum,2025-08-02,3,2
304551118,Cirsium edule,2025-08-05,3,2
304552196,Cirsium arvense,2025-08-07,3,2
304561176,Cirsium wheeleri,2025-08-07,3,2
304579695,Cirsium discolor,2025-08-07,3,2
304603699,Cirsium arvense,2025-08-07,3,2
304612974,Cirsium vulgare,2025-08-06,3,2
30464003,Cirsium vulgare,2019-08-08,3,2
304709892,Cirsium vulgare,2025-08-03,3,2
304725059,Cirsium arvense,2025-08-05,3,2
304735191,Cirsium arvense,2025-08-08,3,2
304750248,Cirsium palustre,2025-08-08,3,2
304771312,Cirsium arvense,2025-07-25,3,2
304780306,Cirsium arvense,2025-08-08,3,2
304791386,Cirsium vulgare,2025-08-08,3,2
304804021,Cirsium arvense,2025-08-08,3,2
304836998,Cirsium arvense,2025-08-08,3,2
304852302,Cirsium palustre,2025-07-31,3,2
304861720,Cirsium vulgare,2025-08-08,3,2
304898444,Cirsium oleraceum,2025-08-09,3,2
304941824,Cirsium heterophyllum,2025-08-09,3,2
30495480,Cirsium turkestanicum,2013-09-13,3,2
304963071,Cirsium vulgare,2025-08-09,3,2
305005462,Cirsium vulgare,2025-08-08,3,2
305010459,Cirsium arvense,2025-08-09,3,2
305039647,Cirsium vulgare,2025-08-09,3,2
305079266,Cirsium oleraceum,2025-08-09,3,2
305126406,Cirsium inamoenum,2025-08-09,3,2
305136234,Cirsium scariosum,2025-08-09,3,2
305262925,Cirsium vulgare,2025-08-10,3,2
305264487,Cirsium arvense,2025-08-10,3,2
305269741,Cirsium ligulare,2025-08-09,3,2
305310275,Cirsium arvense,2025-08-10,3,2
305355613,Cirsium arvense,2025-08-07,3,2
305430473,Cirsium arvense,2025-08-10,3,2
305457262,Cirsium vulgare,2025-08-10,3,2
305513386,Cirsium muticum,2025-07-27,3,2
305536301,Cirsium canescens,2025-07-31,3,2
305539952,Cirsium leo,2025-08-10,3,2
305594744,Cirsium carniolicum,2025-08-10,3,2
305698054,Cirsium turkestanicum,2025-08-09,3,2
305722374,Cirsium arvense,2025-08-12,3,2
305758613,Cirsium horridulum,2025-05-12,3,2
305780330,Cirsium arvense,2025-08-09,3,2
305837403,Cirsium oleraceum,2025-08-12,3,2
305857224,Cirsium vulgare,2025-08-06,3,2
305884488,Cirsium altissimum,2025-08-12,3,2
305885559,Cirsium discolor,2025-08-12,3,2
305893560,Cirsium brevistylum,2025-07-01,3,2
305964579,Cirsium heterophyllum,2025-08-07,3,2
30597700,Cirsium arvense,2019-08-10,3,2
306027996,Cirsium brevistylum,2025-08-12,3,2
306076057,Cirsium roseolum,2025-06-06,3,2
306097252,Cirsium arvense,2025-08-13,3,2
306111457,Cirsium horridulum,2025-08-12,3,2
306172810,Cirsium discolor,2025-08-09,3,2
306184652,Cirsium discolor,2025-08-11,3,2
306188236,Cirsium palustre,2025-08-14,3,2
306205468,Cirsium arvense,2025-08-14,3,2
306206983,Cirsium palustre,2025-08-14,3,2
306212183,Cirsium helenioides,2025-07-09,3,2
306241791,Cirsium arvense,2025-08-14,3,2
306254574,Cirsium laniflorum,2025-07-05,3,2
306263738,Cirsium arvense,2025-08-12,3,2
306299845,Cirsium arvense,2025-08-14,3,2
306364376,Cirsium palustre,2025-08-14,3,2
306389540,Cirsium flodmanii,2025-08-14,3,2
306416410,Cirsium arvense,2025-08-13,3,2
306445205,Cirsium arvense,2025-08-15,3,2
306455413,Cirsium vulgare,2025-08-15,3,2
306504585,Cirsium arvense,2025-08-06,3,2
306515179,Cirsium altissimum,2025-08-15,3,2
306523809,Cirsium altissimum,2025-08-15,3,2
306561763,Cirsium vulgare,2025-08-04,3,2
306597777,Cirsium rhaphilepis,2025-08-10,3,2
306642873,Cirsium flodmanii,2025-08-15,3,2
306652138,Cirsium arvense,2025-08-10,3,2
306656473,Cirsium ligulare,2025-08-10,3,2
306663320,Cirsium vulgare,2025-08-16,3,2
306663999,Cirsium vulgare,2025-08-16,3,2
306673901,Cirsium vulgare,2025-08-14,3,2
30673805,Cirsium vulgare,2019-08-11,3,2
30682404,Cirsium arvense,2019-08-12,3,2
306841745,Cirsium flodmanii,2025-08-15,3,2
306883690,Cirsium arvense,2025-08-12,3,2
306906559,Cirsium edule,2025-08-16,3,2
306950916,Cirsium arvense,2025-08-17,3,2
30699888,Cirsium vulgare,2019-08-12,3,2
307176933,Cirsium hookerianum,2025-08-17,3,2
307198834,Cirsium flodmanii,2025-08-17,3,2
307214030,Cirsium vulgare,2025-08-18,3,2
307234677,Cirsium ukranicum,2025-08-18,3,2
307237431,Cirsium arvense,2025-08-18,3,2
30724383,Cirsium vulgare,2019-08-12,3,2
307267435,Cirsium acaulon,2025-08-18,3,2
307338613,Cirsium oleraceum,2025-08-18,3,2
30734716,Cirsium vulgare,2019-08-13,3,2
30743440,Cirsium vulgare,2019-08-13,3,2
307491450,Cirsium palustre,2025-08-19,3,2
307492230,Cirsium oleraceum,2025-08-19,3,2
307497826,Cirsium vulgare,2025-08-19,3,2
307565746,Cirsium scariosum,2025-08-15,3,2
307570336,Cirsium arvense,2025-08-19,3,2
307595143,Cirsium vulgare,2025-08-16,3,2
307599674,Cirsium vulgare,2025-07-28,3,2
307608809,Cirsium oleraceum,2025-08-19,3,2
307706663,Cirsium arvense,2025-08-20,3,2
30778461,Cirsium vulgare,2019-08-13,3,2
307788530,Cirsium flodmanii,2025-08-20,3,2
307797773,Cirsium vulgare,2025-08-20,3,2
30780840,Cirsium arvense,2019-08-10,3,2
307841852,Cirsium andersonii,2025-08-19,3,2
307858550,Cirsium hookerianum,2025-08-18,3,2
307946066,Cirsium acaulon,2025-08-21,3,2
308023511,Cirsium vulgare,2025-08-21,3,2
308026118,Cirsium altissimum,2025-08-21,3,2
308038570,Cirsium brachycephalum,2025-08-21,3,2
308072259,Cirsium vulgare,2025-08-21,3,2
308076402,Cirsium oleraceum,2025-08-21,3,2
308110699,Cirsium discolor,2025-08-20,3,2
30811335,Cirsium vulgare,2019-08-09,3,2
308129134,Cirsium vulgare,2025-08-21,3,2
308179737,Cirsium arvense,2025-08-20,3,2
308188003,Cirsium arvense,2025-08-17,3,2
308198452,Cirsium laniflorum,2025-08-21,3,2
308210132,Cirsium vulgare,2025-08-21,3,2
308246921,Cirsium oleraceum,2025-07-13,3,2
30835654,Cirsium pumilum,2019-08-10,3,2
308364219,Cirsium vulgare,2025-08-23,3,2
308416129,Cirsium arvense,2025-08-23,3,2
308468378,Cirsium altissimum,2025-08-23,3,2
308476810,Cirsium flodmanii,2025-08-23,3,2
308478985,Cirsium vulgare,2025-08-23,3,2
308556137,Cirsium vulgare,2025-08-23,3,2
308581129,Cirsium muticum,2025-08-23,3,2
308659659,Cirsium ukranicum,2025-08-24,3,2
308741601,Cirsium serrulatum,2025-08-24,3,2
308746419,Cirsium vulgare,2025-08-24,3,2
308764236,Cirsium oleraceum,2025-08-24,3,2
308835221,Cirsium arvense,2025-08-24,3,2
30884002,Cirsium arvense,2019-08-06,3,2
308898295,Cirsium arvense,2025-08-24,3,2
308909163,Cirsium vulgare,2025-08-25,3,2
308910540,Cirsium brevistylum,2025-08-22,3,2
308983984,Cirsium vulgare,2025-08-25,3,2
309018607,Cirsium vulgare,2025-08-24,3,2
30902418,Cirsium vulgare,2019-08-13,3,2
309083722,Cirsium oleraceum,2025-08-24,3,2
309107001,Cirsium oleraceum,2025-08-25,3,2
309120111,Cirsium altissimum,2025-08-25,3,2
309144451,Cirsium arvense,2025-08-25,3,2
309159159,Cirsium arvense,2025-08-09,3,2
309193620,Cirsium vulgare,2025-08-26,3,2
309201477,Cirsium arvense,2025-08-24,3,2
309280992,Cirsium heterophyllum,2025-08-21,3,2
309332171,Cirsium altissimum,2025-08-26,3,2
309360511,Cirsium vulgare,2025-08-20,3,2
309425154,Cirsium vulgare,2025-08-08,3,2
30947964,Cirsium flodmanii,2019-08-16,3,2
309497141,Cirsium brachycephalum,2025-08-27,3,2
309560165,Cirsium heterophyllum,2025-08-27,3,2
309605415,Cirsium arvense,2025-08-27,3,2
309688774,Cirsium vulgare,2025-08-24,3,2
309692383,Cirsium oleraceum,2025-08-26,3,2
309792097,Cirsium vulgare,2025-08-23,3,2
309806710,Cirsium muticum,2025-08-28,3,2
309841450,Cirsium undulatum,2025-08-28,3,2
30988615,Cirsium altissimum,2019-08-17,3,2
309897799,Cirsium edule,2025-08-18,3,2
30990849,Cirsium vulgare,2019-07-21,3,2
310015302,Cirsium vulgare,2025-08-29,3,2
310056444,Cirsium vulgare,2025-08-29,3,2
31007009,Cirsium vulgare,2019-08-17,3,2
310113091,Cirsium vulgare,2025-08-29,3,2
310125692,Cirsium arvense,2025-08-29,3,2
31013956,Cirsium scariosum,2019-08-05,3,2
31014616,Cirsium arvense,2019-08-17,3,2
310201325,Cirsium vulgare,2025-08-05,3,2
310255808,Cirsium arvense,2025-08-30,3,2
31027805,Cirsium brevistylum,2019-08-17,3,2
310314212,Cirsium helenioides,2025-08-30,3,2
310323582,Cirsium arvense,2025-08-19,3,2
310371222,Cirsium arvense,2025-08-31,3,2
310426483,Cirsium heterophyllum,2025-08-31,3,2
31043342,Cirsium tuberosum,2019-08-18,3,2
310444781,Cirsium acaulon,2025-08-31,3,2
310491871,Cirsium vulgare,2025-08-31,3,2
31050572,Cirsium arvense,2019-08-18,3,2
310508176,Cirsium arvense,2025-08-24,3,2
310538258,Cirsium vulgare,2025-08-29,3,2
310590398,Cirsium arvense,2025-08-31,3,2
310603788,Cirsium vulgare,2025-08-23,3,2
310633800,Cirsium discolor,2025-08-31,3,2
310680258,Cirsium helenioides,2025-08-22,3,2
31068574,Cirsium subcoriaceum,2011-03-04,3,2
310689026,Cirsium arvense,2025-08-31,3,2
310710146,Cirsium arvense,2025-09-01,3,2
31072809,Cirsium flodmanii,2019-08-18,3,2
310734448,Cirsium arvense,2025-07-05,3,2
310757467,Cirsium vulgare,2025-09-01,3,2
310800730,Cirsium discolor,2025-08-31,3,2
310816603,Cirsium arvense,2025-07-28,3,2
310817565,Cirsium vulgare,2025-08-18,3,2
310843736,Cirsium vulgare,2025-08-29,3,2
310933265,Cirsium vulgare,2025-09-02,3,2
311053257,Cirsium arvense,2025-08-11,3,2
311087170,Cirsium muticum,2025-07-23,3,2
311105239,Cirsium altissimum,2025-09-02,3,2
311107021,Cirsium arvense,2025-08-13,3,2
311191839,Cirsium vulgare,2025-08-30,3,2
311203071,Cirsium arvense,2025-08-23,3,2
311244176,Cirsium serrulatum,2025-08-29,3,2
311341453,Cirsium vulgare,2025-09-03,3,2
31141668,Cirsium discolor,2019-08-19,3,2
31150086,Cirsium vulgare,2019-08-18,3,2
311519658,Cirsium palustre,2025-09-04,3,2
311551784,Cirsium arvense,2025-09-04,3,2
311572858,Cirsium occidentale,2025-08-18,3,2
31159070,Cirsium discolor,2019-08-19,3,2
311596575,Cirsium arvense,2025-08-16,3,2
311656896,Cirsium vulgare,2025-09-05,3,2
311691349,Cirsium arvense,2025-09-05,3,2
311721698,Cirsium discolor,2025-08-21,3,2
311729506,Cirsium arvense,2025-08-30,3,2
311733731,Cirsium palustre,2025-08-15,3,2
311741205,Cirsium acaulon,2025-08-31,3,2
311743062,Cirsium euxinum,2025-09-05,3,2
311805942,Cirsium arvense,2025-09-02,3,2
311807899,Cirsium rhaphilepis,2024-03-29,3,2
311853543,Cirsium scopulorum,2025-07-23,3,2
311978356,Cirsium maackii,2025-07-27,3,2
312145208,Cirsium vulgare,2025-09-07,3,2
312165578,Cirsium acaulon,2025-08-23,3,2
312250738,Cirsium discolor,2025-09-07,3,2
312259523,Cirsium arvense,2025-09-06,3,2
312431784,Cirsium arvense,2025-09-08,3,2
312449710,Cirsium arvense,2025-09-08,3,2
312469286,Cirsium heterophyllum,2025-06-22,3,2
312518365,Cirsium discolor,2025-09-08,3,2
312557640,Cirsium parryi,2025-09-08,3,2
312575745,Cirsium altissimum,2025-09-08,3,2
312596011,Cirsium ochrocentrum,2025-09-08,3,2
312606363,Cirsium muticum,2025-09-08,3,2
312610363,Cirsium vulgare,2025-09-07,3,2
312615689,Cirsium vulgare,2025-08-24,3,2
312630010,Cirsium palustre,2025-09-09,3,2
312643213,Cirsium arvense,2025-09-02,3,2
312657897,Cirsium arvense,2025-09-09,3,2
312829030,Cirsium vulgare,2025-09-09,3,2
31288703,Cirsium acaulon,2019-08-12,3,2
31291259,Cirsium altissimum,2019-08-21,3,2
312918644,Cirsium erisithales,2025-07-12,3,2
313004165,Cirsium discolor,2025-09-10,3,2
313014893,Cirsium arvense,2025-09-10,3,2
313091561,Cirsium monspessulanum,2025-07-29,3,2
313113785,Cirsium arvense,2025-09-11,3,2
31313705,Cirsium vulgare,2019-08-16,3,2
31314058,Cirsium muticum,2019-08-22,3,2
313147998,Cirsium carniolicum,2025-08-27,3,2
31320417,Cirsium muticum,2019-08-22,3,2
313219446,Cirsium subcoriaceum,2017-04-16,3,2
313288400,Cirsium arvense,2025-08-08,3,2
313305742,Cirsium oleraceum,2025-09-12,3,2
313363782,Cirsium arvense,2025-03-17,3,2
313403291,Cirsium arvense,2025-08-07,3,2
313497466,Cirsium vulgare,2025-09-13,3,2
313519585,Cirsium arvense,2025-09-10,3,2
313537910,Cirsium arvense,2025-09-09,3,2
313544075,Cirsium vulgare,2025-08-09,3,2
313556326,Cirsium vulgare,2025-08-09,3,2
313627656,Cirsium vulgare,2025-09-08,3,2
313661089,Cirsium vulgare,2025-09-13,3,2
313735246,Cirsium altissimum,2025-09-13,3,2
313775162,Cirsium serrulatum,2025-09-10,3,2
313787807,Cirsium candelabrum,2025-09-10,3,2
313788238,Cirsium vulgare,2025-09-14,3,2
31382213,Cirsium arvense,2019-08-23,3,2
31388952,Cirsium foliosum,2019-08-20,3,2
313935780,Cirsium discolor,2025-09-14,3,2
31394213,Cirsium acaulon,2019-08-24,3,2
314026492,Cirsium vulgare,2025-09-14,3,2
31410066,Cirsium acaulon,2019-08-24,3,2
31413837,Cirsium palustre,2019-08-22,3,2
314269698,Cirsium vulgare,2025-09-15,3,2
314348143,Cirsium arvense,2025-09-10,3,2
314512034,Cirsium oleraceum,2025-09-16,3,2
314553087,Cirsium canum,2025-08-21,3,2
314573628,Cirsium vulgare,2025-08-30,3,2
31460747,Cirsium arvense,2019-08-24,3,2
314761309,Cirsium vulgare,2025-08-21,3,2
314807369,Cirsium shansiense,2025-09-07,3,2
314825599,Cirsium vulgare,2024-09-18,3,2
314854568,Cirsium spinosissimum,2025-07-14,3,2
314936763,Cirsium flodmanii,2025-09-18,3,2
315028695,Cirsium vulgare,2025-09-19,3,2
31503439,Cirsium altissimum,2019-08-25,3,2
315158726,Cirsium muticum,2025-09-08,3,2
315198960,Cirsium discolor,2025-09-13,3,2
315220989,Cirsium erisithales,2025-09-20,3,2
315221119,Cirsium discolor,2025-09-20,3,2
315289400,Cirsium vulgare,2025-08-23,3,2
315334545,Cirsium flodmanii,2025-09-01,3,2
315344976,Cirsium discolor,2025-09-20,3,2
315434470,Cirsium vulgare,2018-09-19,3,2
315538924,Cirsium vulgare,2025-09-07,3,2
315595713,Cirsium oleraceum,2025-09-21,3,2
315635505,Cirsium altissimum,2025-09-20,3,2
31578236,Cirsium discolor,2019-08-26,3,2
315785909,Cirsium heterophyllum,2025-08-25,3,2
315793441,Cirsium oleraceum,2025-09-22,3,2
315891405,Cirsium arvense,2025-09-22,3,2
31594009,Cirsium pendulum,2019-08-26,3,2
31598525,Cirsium acaulon,2019-08-27,3,2
315988372,Cirsium pendulum,2025-09-23,3,2
315995704,Cirsium waldsteinii,2025-07-03,3,2
316106180,Cirsium vulgare,2025-08-09,3,2
31610727,Cirsium vulgare,2019-08-27,3,2
316118440,Cirsium vulgare,2025-07-20,3,2
316126557,Cirsium vulgare,2025-09-23,3,2
316163669,Cirsium vulgare,2025-08-09,3,2
316270626,Cirsium arvense,2025-09-24,3,2
316282537,Cirsium oleraceum,2025-08-26,3,2
31628859,Cirsium andersonii,2019-08-24,3,2
316370131,Cirsium arvense,2024-08-08,3,2
316429319,Cirsium arvense,2025-09-24,3,2
316531664,Cirsium spinosissimum,2025-08-29,3,2
316577449,Cirsium arvense,2025-09-13,3,2
31659282,Cirsium vulgare,2019-08-26,3,2
316610316,Cirsium muticum,2025-09-25,3,2
316612685,Cirsium arvense,2025-09-25,3,2
316630256,Cirsium edule,2025-09-24,3,2
316713438,Cirsium arvense,2025-09-26,3,2
316737742,Cirsium oleraceum,2025-08-11,3,2
316826517,Cirsium arvense,2025-09-25,3,2
316852159,Cirsium repandum,2025-09-26,3,2
316872913,Cirsium arvense,2025-09-26,3,2
3169315,Cirsium texanum,2016-05-07,3,2
317020442,Cirsium vulgare,2025-09-27,3,2
317066442,Cirsium acaulon,2025-09-27,3,2
317183530,Cirsium japonicum,2025-07-26,3,2
31720859,Cirsium vulgare,2019-08-04,3,2
317254437,Cirsium helenioides,2025-08-20,3,2
317255276,Cirsium vulgare,2025-09-28,3,2
317283149,Cirsium discolor,2025-09-28,3,2
31731166,Cirsium muticum,2019-08-29,3,2
31735005,Cirsium arvense,2019-08-29,3,2
317459120,Cirsium heterophyllum,2010-06-15,3,2
317469908,Cirsium arvense,2025-09-28,3,2
317668041,Cirsium vulgare,2025-07-21,3,2
317775486,Cirsium palustre,2025-09-30,3,2
317788376,Cirsium oleraceum,2025-09-30,3,2
317843184,Cirsium arvense,2025-09-29,3,2
317901299,Cirsium arvense,2025-09-30,3,2
317925583,Cirsium arvense,2025-09-30,3,2
317979552,Cirsium vulgare,2025-10-01,3,2
318108373,Cirsium arvense,2025-10-01,3,2
318164234,Cirsium arvense,2025-09-30,3,2
31817611,Cirsium vulgare,2019-08-30,3,2
31841869,Cirsium arvense,2019-08-30,3,2
318440143,Cirsium serrulatum,2025-09-12,3,2
318488048,Cirsium vulgare,2025-10-03,3,2
318582595,Cirsium arvense,2025-10-04,3,2
318712220,Cirsium vulgare,2025-07-17,3,2
318720833,Cirsium tymphaeum,2025-09-20,3,2
318762390,Cirsium vulgare,2025-10-04,3,2
318844966,Cirsium oleraceum,2025-09-10,3,2
318875404,Cirsium arvense,2025-10-05,3,2
318905910,Cirsium arvense,2025-08-21,3,2
318999787,Cirsium arvense,2025-10-03,3,2
31913450,Cirsium altissimum,2019-08-30,3,2
319142838,Cirsium vulgare,2025-10-06,3,2
319188889,Cirsium discolor,2025-10-03,3,2
319192329,Cirsium arvense,2025-10-06,3,2
319200071,Cirsium oleraceum,2025-09-17,3,2
319231528,Cirsium vulgare,2025-09-15,3,2
319269045,Cirsium andersonii,2025-08-19,3,2
319508954,Cirsium vulgare,2025-10-08,3,2
31951141,Cirsium horridulum,2019-04-05,3,2
319526740,Cirsium acaulon,2025-09-25,3,2
319594990,Cirsium palustre,2025-08-12,3,2
319632910,Cirsium vulgare,2025-09-01,3,2
319929311,Cirsium vulgare,2025-10-02,3,2
319958168,Cirsium vulgare,2025-03-21,3,2
31998070,Cirsium muticum,2019-09-02,3,2
320189816,Cirsium peckii,2025-08-12,3,2
320242583,Cirsium arvense,2025-10-11,3,2
320267919,Cirsium arvense,2025-10-11,3,2
320432447,Cirsium vulgare,2025-10-12,3,2
320442216,Cirsium townsendii,2025-09-07,3,2
32049672,Cirsium discolor,2019-09-03,3,2
32054492,Cirsium clavatum,2019-09-01,3,2
320863336,Cirsium vulgare,2025-10-14,3,2
320935288,Cirsium muticum,2025-08-30,3,2
320960184,Cirsium altissimum,2025-08-05,3,2
321016834,Cirsium arvense,2025-08-02,3,2
321069502,Cirsium vulgare,2025-09-15,3,2
321111212,Cirsium vulgare,2025-10-15,3,2
32133998,Cirsium discolor,2019-09-04,3,2
321424669,Cirsium vulgare,2025-10-14,3,2
32158276,Cirsium arvense,2019-08-16,3,2
321583963,Cirsium oleraceum,2025-10-18,3,2
32191861,Cirsium vulgare,2019-09-05,3,2
322139006,Cirsium vulgare,2025-07-04,3,2
322365400,Cirsium oleraceum,2025-08-05,3,2
322447425,Cirsium flodmanii,2025-07-21,3,2
32246147,Cirsium vulgare,2019-09-04,3,2
322533857,Cirsium oleraceum,2025-10-12,3,2
322550420,Cirsium nipponicum,2025-10-23,3,2
32276729,Cirsium vulgare,2019-09-07,3,2
322949774,Cirsium vulgare,2025-08-02,3,2
323060770,Cirsium vulgare,2025-10-26,3,2
323065709,Cirsium muticum,2025-10-25,3,2
323125218,Cirsium vulgare,2025-10-25,3,2
323133439,Cirsium arvense,2025-08-30,3,2
323233822,Cirsium vulgare,2025-10-26,3,2
323251375,Cirsium vulgare,2025-10-22,3,2
323267237,Cirsium canum,2025-10-26,3,2
32335972,Cirsium vulgare,2019-09-04,3,2
323423622,Cirsium vulgare,2025-05-09,3,2
323431932,Cirsium creticum,2025-10-27,3,2
323540769,Cirsium altissimum,2025-08-05,3,2
323622971,Cirsium vulgare,2025-10-28,3,2
323865387,Cirsium discolor,2025-10-29,3,2
32393962,Cirsium altissimum,2019-09-07,3,2
323944394,Cirsium vulgare,2025-06-21,3,2
32401291,Cirsium arvense,2019-07-13,3,2
324016705,Cirsium tioganum,2025-07-01,3,2
32403368,Cirsium maackii,2019-09-08,3,2
32407728,Cirsium oleraceum,2019-09-07,3,2
324129642,Cirsium vulgare,2025-10-29,3,2
324234284,Cirsium vulgare,2025-10-27,3,2
32423537,Cirsium edule,2019-08-30,3,2
324552384,Cirsium arvense,2025-10-25,3,2
324753695,Cirsium arvense,2025-10-15,3,2
32481157,Cirsium vulgare,2019-08-26,3,2
324831722,Cirsium vulgare,2025-11-04,3,2
324881557,Cirsium palustre,2025-09-03,3,2
32501198,Cirsium palustre,2019-09-04,3,2
325031078,Cirsium vulgare,2025-11-05,3,2
32507683,Cirsium altissimum,2019-09-06,3,2
32513967,Cirsium undulatum,2019-09-08,3,2
32532755,Cirsium vulgare,2019-08-29,3,2
32570703,Cirsium arvense,2019-09-12,3,2
325752301,Cirsium palustre,2025-08-19,3,2
32579072,Cirsium alsophilum,2018-06-27,3,2
32589546,Cirsium esculentum,2019-09-08,3,2
326141618,Cirsium vulgare,2025-11-11,3,2
32616499,Cirsium vulgare,2019-09-12,3,2
326246090,Cirsium arvense,2025-06-03,3,2
326359796,Cirsium candelabrum,2025-11-09,3,2
326508622,Cirsium vulgare,2025-08-15,3,2
326651186,Cirsium oleraceum,2025-08-11,3,2
326728420,Cirsium altissimum,2025-09-04,3,2
326888163,Cirsium brevistylum,2025-11-16,3,2
327028883,Cirsium arvense,2025-11-17,3,2
327039772,Cirsium vulgare,2025-11-17,3,2
327050936,Cirsium vulgare,2025-07-25,3,2
327155023,Cirsium arvense,2025-11-18,3,2
327446875,Cirsium arvense,2025-11-20,3,2
32770279,Cirsium vulgare,2019-09-14,3,2
327981222,Cirsium arvense,2025-11-19,3,2
328074343,Cirsium arvense,2025-07-15,3,2
32818117,Cirsium arvense,2019-09-15,3,2
328333202,Cirsium vulgare,2025-07-20,3,2
32846013,Cirsium discolor,2019-09-16,3,2
32848791,Cirsium discolor,2019-09-16,3,2
328572316,Cirsium vulgare,2008-07-17,3,2
32874955,Cirsium vulgare,2019-09-14,3,2
328912750,Cirsium horridulum,2025-10-30,3,2
329360403,Cirsium arvense,2019-06-21,3,2
3295735,Cirsium brevistylum,2016-05-24,3,2
329596216,Cirsium filipendulum,2025-07-02,3,2
329808949,Cirsium arvense,2025-09-03,3,2
329923098,Cirsium scariosum,2012-07-13,3,2
32994629,Cirsium vulgare,2019-09-18,3,2
330024799,Cirsium arvense,2017-08-30,3,2
330067139,Cirsium vulgare,2025-12-07,3,2
330337924,Cirsium arvense,2025-12-11,3,2
330367087,Cirsium scariosum,2025-07-29,3,2
330379924,Cirsium arvense,2023-07-06,3,2
330436840,Cirsium tukuhnikivatzicum,2025-08-06,3,2
330487976,Cirsium vulgare,2025-08-22,3,2
330499337,Cirsium scariosum,2025-07-19,3,2
33052216,Cirsium discolor,2019-09-19,3,2
330834956,Cirsium vulgare,2025-12-15,3,2
331373736,Cirsium sychnosanthum,2025-08-24,3,2
331438240,Cirsium palustre,2025-12-20,3,2
331579191,Cirsium vulgare,2025-12-16,3,2
331642943,Cirsium andersonii,2025-08-15,3,2
33172958,Cirsium flodmanii,2019-09-21,3,2
332151947,Cirsium acaulon,2025-08-23,3,2
332159252,Cirsium vulgare,2025-12-26,3,2
332208526,Cirsium botryodes,2021-07-11,3,2
332281139,Cirsium vulgare,2025-12-24,3,2
332358618,Cirsium horridulum,2025-12-26,3,2
332432231,Cirsium arvense,2025-09-20,3,2
332506004,Cirsium discolor,2024-09-19,3,2
332546877,Cirsium arizonicum,2025-04-28,3,2
332850091,Cirsium setidens,2008-09-21,3,2
332857185,Cirsium vulgare,2025-12-30,3,2
33287294,Cirsium vulgare,2019-09-23,3,2
332888278,Cirsium vulgare,2025-10-05,3,2
333013574,Cirsium vulgare,2025-06-06,3,2
333058220,Cirsium vulgare,2026-01-01,3,2
333101802,Cirsium altissimum,2024-08-16,3,2
333656541,Cirsium arvense,2026-01-06,3,2
333694628,Cirsium vulgare,2026-01-06,3,2
333784765,Cirsium parryi,2025-07-17,3,2
333784768,Cirsium arvense,2025-07-17,3,2
33387403,Cirsium grahamii,2019-08-23,3,2
334009880,Cirsium arvense,2016-06-10,3,2
334082478,Cirsium pannonicum,2015-07-10,3,2
334137140,Cirsium arvense,2026-01-10,3,2
33418619,Cirsium vulgare,2019-09-05,3,2
33424701,Cirsium vulgare,2019-09-26,3,2
334291814,Cirsium discolor,2025-09-07,3,2
334474709,Cirsium dyris,2025-05-21,3,2
334636514,Cirsium brachycephalum,2014-07-23,3,2
334929369,Cirsium vulgare,2026-01-16,3,2
335026295,Cirsium vulgare,2026-01-17,3,2
335043041,Cirsium vulgare,2026-01-17,3,2
335072787,Cirsium vulgare,2025-08-13,3,2
335318111,Cirsium occidentale,2022-05-28,3,2
33554835,Cirsium vulgare,2019-09-28,3,2
335668470,Cirsium arvense,2026-01-22,3,2
335726340,Cirsium vulgare,2026-01-22,3,2
335741279,Cirsium brachycephalum,2013-10-03,3,2
335837105,Cirsium vulgare,2026-01-23,3,2
336050535,Cirsium vulgare,2026-01-25,3,2
336129011,Cirsium vulgare,2026-01-23,3,2
33613124,Cirsium vulgare,2019-09-28,3,2
336337407,Cirsium vulgare,2026-01-27,3,2
336491592,Cirsium echinus,2025-07-21,3,2
336502466,Cirsium arvense,2026-01-26,3,2
336642764,Cirsium arvense,2010-07-16,3,2
336684631,Cirsium palustre,2025-07-06,3,2
336772099,Cirsium arvense,2026-01-31,3,2
3368382,Cirsium horridulum,2016-05-07,3,2
33688724,Cirsium palustre,2019-07-18,3,2
336924773,Cirsium brachycephalum,2015-07-14,3,2
336929575,Cirsium palustre,2026-01-31,3,2
33699979,Cirsium acaulon,2019-08-09,3,2
337125262,Cirsium palustre,2022-07-08,3,2
337439019,Cirsium vulgare,2025-08-02,3,2
33765827,Cirsium vulgare,2019-10-02,3,2
337815870,Cirsium arvense,2026-02-06,3,2
337829832,Cirsium neomexicanum,2026-02-08,3,2
337956773,Cirsium palustre,2025-06-19,3,2
338110981,Cirsium palustre,2025-06-26,3,2
338384668,Cirsium altissimum,2025-09-28,3,2
33851474,Cirsium texanum,2015-11-08,3,2
33882390,Cirsium oleraceum,2019-10-03,3,2
33901305,Cirsium vulgare,2019-10-05,3,2
339187034,Cirsium horridulum,2026-02-18,3,2
339372159,Cirsium arvense,2026-02-06,3,2
33940577,Cirsium arvense,2019-10-05,3,2
33966880,Cirsium kamtschaticum,2019-10-05,3,2
339806351,Cirsium arvense,2026-02-22,3,2
340076999,Cirsium vulgare,2025-08-07,3,2
34011338,Cirsium arvense,2019-10-07,3,2
340137897,Cirsium rivulare,2025-06-20,3,2
34045538,Cirsium arvense,2019-09-16,3,2
340901117,Cirsium vulgare,2026-03-01,3,2
341156731,Cirsium arvense,2025-09-20,3,2
341562807,Cirsium vulgare,2026-03-06,3,2
341800053,Cirsium horridulum,2026-03-06,3,2
341914745,Cirsium brachycephalum,2007-09-10,3,2
341921049,Cirsium horridulum,2026-03-08,3,2
342053545,Cirsium ukranicum,2013-07-25,3,2
34205679,Cirsium nuttallii,2016-07-05,3,2
34207493,Cirsium nuttallii,2016-07-20,3,2
342308186,Cirsium ukranicum,2025-10-03,3,2
342374778,Cirsium horridulum,2026-03-10,3,2
342380384,Cirsium vulgare,2026-03-11,3,2
342447532,Cirsium vulgare,2026-03-11,3,2
343180262,Cirsium vulgare,2025-08-08,3,2
343399916,Cirsium vulgare,2026-03-16,3,2
34343031,Cirsium arvense,2009-08-05,3,2
34350108,Cirsium arvense,2019-10-14,3,2
343771809,Cirsium vulgare,2026-03-19,3,2
344433678,Cirsium vulgare,2026-03-22,3,2
344613265,Cirsium altissimum,2025-09-16,3,2
344653167,Cirsium vulgare,2026-03-10,3,2
344668100,Cirsium vulgare,2026-03-23,3,2
34470808,Cirsium mexicanum,2009-12-09,3,2
34478863,Cirsium discolor,2009-09-12,3,2
345134460,Cirsium vulgare,2026-03-25,3,2
345516583,Cirsium vulgare,2025-08-02,3,2
345919217,Cirsium horridulum,2026-03-28,3,2
34598629,Cirsium ehrenbergii,2019-10-19,3,2
346246255,Cirsium horridulum,2026-03-08,3,2
346261170,Cirsium vulgare,2026-03-30,3,2
346508698,Cirsium vulgare,2026-03-29,3,2
346532816,Cirsium horridulum,2026-03-31,3,2
346570917,Cirsium horridulum,2026-04-01,3,2
346686584,Cirsium neomexicanum,2026-04-01,3,2
346784712,Cirsium vulgare,2024-09-17,3,2
346947122,Cirsium horridulum,2026-03-29,3,2
347309270,Cirsium horridulum,2026-03-30,3,2
347326,Cirsium muticum,2013-07-24,3,2
347495677,Cirsium arvense,2026-04-05,3,2
347524342,Cirsium horridulum,2026-04-05,3,2
347529261,Cirsium palustre,2026-04-05,3,2
347599187,Cirsium ciliatum,2025-08-10,3,2
347625759,Cirsium vulgare,2026-04-05,3,2
347665572,Cirsium vulgare,2024-06-17,3,2
347690185,Cirsium horridulum,2026-04-05,3,2
347695985,Cirsium vulgare,2025-07-21,3,2
348149024,Cirsium horridulum,2026-04-07,3,2
348168514,Cirsium neomexicanum,2026-04-07,3,2
348186987,Cirsium vulgare,2026-04-07,3,2
348379468,Cirsium horridulum,2026-03-08,3,2
348627602,Cirsium pacificum,2026-04-04,3,2
34869151,Cirsium nuttallii,2019-06-26,3,2
348764372,Cirsium horridulum,2026-04-10,3,2
348775267,Cirsium nuttallii,2026-04-10,3,2
348797307,Cirsium vulgare,2026-04-10,3,2
348923769,Cirsium vulgare,2026-04-11,3,2
34926370,Cirsium vulgare,2019-10-22,3,2
349410957,Cirsium discolor,2010-08-12,3,2
349680158,Cirsium occidentale,2026-04-13,3,2
349910906,Cirsium brevicaule,2026-04-12,3,2
35019147,Cirsium vulgare,2019-10-28,3,2
35027552,Cirsium discolor,2019-10-28,3,2
3503291,Cirsium arvense,2016-06-22,3,2
350386413,Cirsium neomexicanum,2026-04-16,3,2
350403335,Cirsium japonicum,2026-04-16,3,2
350649151,Cirsium cymosum,2026-04-16,3,2
350653491,Cirsium texanum,2026-04-17,3,2
350836002,Cirsium oleraceum,2026-04-18,3,2
350880409,Cirsium vulgare,2026-04-18,3,2
350947472,Cirsium quercetorum,2026-04-18,3,2
351019115,Cirsium occidentale,2026-04-18,3,2
351243079,Cirsium palustre,2026-04-19,3,2
351366182,Cirsium vulgare,2026-04-18,3,2
351815436,Cirsium neomexicanum,2026-04-11,3,2
351843838,Cirsium horridulum,2026-04-21,3,2
351885390,Cirsium vulgare,2024-07-18,3,2
352063477,Cirsium vulgare,2026-04-22,3,2
352114867,Cirsium nuttallii,2026-04-22,3,2
353172458,Cirsium texanum,2026-04-24,3,2
353899609,Cirsium horridulum,2026-04-25,3,2
353935056,Cirsium horridulum,2026-04-25,3,2
354844219,Cirsium neomexicanum,2026-04-25,3,2
354899658,Cirsium occidentale,2026-04-26,3,2
354923376,Cirsium japonicum,2026-04-26,3,2
355640810,Cirsium carolinianum,2026-04-27,3,2
355824225,Cirsium vulgare,2026-04-27,3,2
355994837,Cirsium vulgare,2026-04-28,3,2
356002846,Cirsium carolinianum,2026-04-27,3,2
356147421,Cirsium oleraceum,2026-04-26,3,2
356660509,Cirsium horridulum,2026-04-29,3,2
35719499,Cirsium verutum,2019-10-29,3,2
357236442,Cirsium vulgare,2026-05-01,3,2
357315297,Cirsium carolinianum,2026-05-01,3,2
357331775,Cirsium vulgare,2026-04-28,3,2
357508253,Cirsium carolinianum,2026-05-01,3,2
358149452,Cirsium neomexicanum,2026-05-03,3,2
358265976,Cirsium horridulum,2026-04-27,3,2
358401790,Cirsium neomexicanum,2026-04-24,3,2
358429886,Cirsium carolinianum,2026-05-04,3,2
358434153,Cirsium neomexicanum,2026-04-25,3,2
358459410,Cirsium horridulum,2026-05-04,3,2
358534651,Cirsium vulgare,2026-05-03,3,2
35884321,Cirsium arvense,2015-08-01,3,2
358883575,Cirsium vulgare,2026-05-06,3,2
358932820,Cirsium undulatum,2026-05-05,3,2
359099385,Cirsium horridulum,2026-05-06,3,2
35964279,Cirsium altissimum,2019-11-22,3,2
359804765,Cirsium erisithales,2026-05-09,3,2
359872359,Cirsium undulatum,2026-05-09,3,2
35988863,Cirsium purpuratum,2012-08-20,3,2
359922595,Cirsium esculentum,2026-05-09,3,2
36012263,Cirsium vulgare,2019-11-24,3,2
36014486,Cirsium vulgare,2019-11-24,3,2
360628135,Cirsium vulgare,2026-05-10,3,2
360792990,Cirsium horridulum,2026-05-05,3,2
360824258,Cirsium palustre,2026-05-12,3,2
361124018,Cirsium vulgare,2024-03-23,3,2
361277556,Cirsium occidentale,2026-05-02,3,2
361288490,Cirsium nuttallii,2026-05-13,3,2
361437414,Cirsium palustre,2026-05-14,3,2
361759878,Cirsium neomexicanum,2026-05-13,3,2
361800470,Cirsium palustre,2026-05-11,3,2
361867005,Cirsium arvense,2025-08-29,3,2
362263327,Cirsium vulgare,2026-05-17,3,2
362508483,Cirsium mexicanum,2026-05-16,3,2
362509888,Cirsium oleraceum,2026-05-17,3,2
362580674,Cirsium vulgare,2026-05-16,3,2
36260649,Cirsium vulgare,2019-12-01,3,2
36264674,Cirsium edule,2019-07-16,3,2
362666172,Cirsium occidentale,2026-05-17,3,2
362712431,Cirsium palustre,2026-05-18,3,2
362733439,Cirsium texanum,2026-05-13,3,2
362815145,Cirsium scariosum,2026-05-15,3,2
363231933,Cirsium acrolepis,2026-05-19,3,2
363340425,Cirsium palustre,2026-05-20,3,2
363408379,Cirsium cymosum,2026-05-19,3,2
363512746,Cirsium vulgare,2026-05-11,3,2
363513895,Cirsium neomexicanum,2026-05-19,3,2
363526592,Cirsium occidentale,2026-05-20,3,2
36374622,Cirsium vulgare,2018-01-05,3,2
364016014,Cirsium tuberosum,2026-05-22,3,2
364197442,Cirsium arizonicum,2026-05-22,3,2
364452311,Cirsium arvense,2026-05-23,3,2
364471169,Cirsium canescens,2026-05-22,3,2
364651687,Cirsium arvense,2026-05-24,3,2
364808,Cirsium discolor,2013-08-13,3,2
36492868,Cirsium occidentale,2019-07-10,3,2
364945425,Cirsium oleraceum,2026-05-24,3,2
365153236,Cirsium monspessulanum,2026-05-24,3,2
365208275,Cirsium palustre,2026-05-25,3,2
365273460,Cirsium carolinianum,2026-05-25,3,2
365388352,Cirsium palustre,2026-05-15,3,2
365575938,Cirsium occidentale,2026-05-24,3,2
365639087,Cirsium ochrocentrum,2026-04-23,3,2
365925372,Cirsium vulgare,2026-05-27,3,2
366026792,Cirsium occidentale,2026-05-26,3,2
366185749,Cirsium neomexicanum,2026-05-28,3,2
366243265,Cirsium ochrocentrum,2026-05-27,3,2
366289949,Cirsium palustre,2026-05-28,3,2
366311989,Cirsium repandum,2026-05-29,3,2
366496601,Cirsium altissimum,2026-05-28,3,2
366781738,Cirsium texanum,2026-05-30,3,2
366837574,Cirsium carolinianum,2026-05-30,3,2
366904175,Cirsium scariosum,2026-05-27,3,2
366906429,Cirsium vulgare,2026-05-30,3,2
367295349,Cirsium undulatum,2026-05-31,3,2
367599648,Cirsium carolinianum,2026-05-27,3,2
367645298,Cirsium arvense,2026-06-02,3,2
367681317,Cirsium palustre,2026-05-30,3,2
367802672,Cirsium cymosum,2026-05-31,3,2
367973382,Cirsium palustre,2026-05-10,3,2
368065371,Cirsium palustre,2026-06-03,3,2
368068680,Cirsium vulgare,2015-08-03,3,2
368106209,Cirsium arvense,2025-07-21,3,2
368167755,Cirsium undulatum,2026-06-03,3,2
368210440,Cirsium vulgare,2026-06-03,3,2
368394182,Cirsium acaulon,2026-06-04,3,2
368539671,Cirsium occidentale,2026-06-04,3,2
368569138,Cirsium rivulare,2026-06-04,3,2
368597503,Cirsium vulgare,2026-06-05,3,2
368664840,Cirsium vulgare,2026-06-05,3,2
368728520,Cirsium muticum,2026-06-05,3,2
368789739,Cirsium scariosum,2026-06-04,3,2
368798348,Cirsium townsendii,2026-06-04,3,2
368859419,Cirsium vulgare,2026-05-26,3,2
368945026,Cirsium vulgare,2026-05-24,3,2
369062552,Cirsium rivulare,2026-06-06,3,2
369110387,Cirsium vulgare,2026-06-06,3,2
369127372,Cirsium rivulare,2026-06-06,3,2
369137982,Cirsium cymosum,2026-06-04,3,2
369228022,Cirsium japonicum,2026-06-07,3,2
369254480,Cirsium rivulare,2026-06-07,3,2
369332257,Cirsium palustre,2026-06-07,3,2
369385872,Cirsium arvense,2026-06-07,3,2
369396813,Cirsium arvense,2026-06-07,3,2
369500032,Cirsium parryi,2026-05-28,3,2
369627428,Cirsium brachycephalum,2026-06-05,3,2
369669015,Cirsium arvense,2026-06-07,3,2
369690131,Cirsium vulgare,2026-06-03,3,2
369824309,Cirsium vulgare,2026-06-08,3,2
370086168,Cirsium arvense,2026-06-09,3,2
370108149,Cirsium vulgare,2026-06-09,3,2
370190783,Cirsium vulgare,2026-06-09,3,2
370234897,Cirsium undulatum,2026-06-06,3,2
370266981,Cirsium rivulare,2026-06-04,3,2
370269694,Cirsium rivulare,2026-06-05,3,2
370338909,Cirsium oleraceum,2026-06-04,3,2
370421751,Cirsium vulgare,2026-06-10,3,2
370452206,Cirsium brevistylum,2026-06-06,3,2
370474645,Cirsium vulgare,2026-06-10,3,2
370577936,Cirsium japonicum,2026-06-11,3,2
370585718,Cirsium palustre,2026-06-11,3,2
370702885,Cirsium oleraceum,2026-06-10,3,2
370777468,Cirsium canescens,2026-06-11,3,2
370871901,Cirsium dissectum,2026-06-12,3,2
370961014,Cirsium greimleri,2026-06-12,3,2
370975847,Cirsium palustre,2026-06-12,3,2
371073454,Cirsium palustre,2026-06-12,3,2
37130307,Cirsium vulgare,2019-12-31,3,2
371509112,Cirsium arvense,2026-06-13,3,2
371523727,Cirsium pannonicum,2026-06-13,3,2
371554479,Cirsium nuttallii,2026-06-13,3,2
371559798,Cirsium nuttallii,2026-06-13,3,2
371828668,Cirsium nuttallii,2026-06-07,3,2
371875956,Cirsium erisithales,2026-06-14,3,2
371912836,Cirsium pannonicum,2026-06-15,3,2
371947795,Cirsium palustre,2026-06-15,3,2
371966233,Cirsium palustre,2026-06-04,3,2
372000512,Cirsium vulgare,2026-06-15,3,2
372040909,Cirsium vulgare,2026-06-15,3,2
372285489,Cirsium arvense,2026-06-15,3,2
372300399,Cirsium cymosum,2026-06-14,3,2
372414342,Cirsium andersonii,2026-06-16,3,2
372436565,Cirsium arvense,2026-06-16,3,2
372445956,Cirsium vulgare,2026-05-01,3,2
372562117,Cirsium brevicaule,2026-04-17,3,2
372582000,Cirsium rivulare,2026-06-17,3,2
372594771,Cirsium horridulum,2026-06-16,3,2
372659712,Cirsium ochrocentrum,2026-06-16,3,2
372669245,Cirsium canescens,2026-06-16,3,2
372729933,Cirsium helenioides,2026-06-17,3,2
372805539,Cirsium occidentale,2026-06-17,3,2
372894796,Cirsium palustre,2026-06-16,3,2
372915789,Cirsium arvense,2026-06-13,3,2
372946203,Cirsium palustre,2026-06-18,3,2
372973974,Cirsium arvense,2026-06-13,3,2
372987941,Cirsium horridulum,2026-04-28,3,2
372992451,Cirsium palustre,2026-06-09,3,2
373000466,Cirsium arvense,2026-06-18,3,2
373024543,Cirsium palustre,2026-06-18,3,2
373124192,Cirsium townsendii,2026-06-18,3,2
373136547,Cirsium brevistylum,2026-06-18,3,2
373173140,Cirsium heterophyllum,2026-06-19,3,2
37325350,Cirsium mexicanum,2019-04-15,3,2
3733630,Cirsium vulgare,2016-07-10,3,2
373374728,Cirsium arvense,2026-06-19,3,2
373533353,Cirsium palustre,2026-06-09,3,2
373565093,Cirsium heterophyllum,2026-06-18,3,2
373617248,Cirsium palustre,2026-06-20,3,2
373619573,Cirsium heterophyllum,2026-06-20,3,2
373676830,Cirsium arvense,2026-06-20,3,2
3737740,Cirsium wheeleri,2016-07-24,3,2
373892304,Cirsium rivulare,2026-06-18,3,2
373996467,Cirsium vulgare,2026-06-19,3,2
374012823,Cirsium palustre,2026-06-20,3,2
374052714,Cirsium undulatum,2026-06-21,3,2
374061916,Cirsium arvense,2026-06-21,3,2
374081627,Cirsium heterophyllum,2026-06-21,3,2
374093312,Cirsium vulgare,2026-06-21,3,2
374147,Cirsium vulgare,2013-08-11,3,2
374193774,Cirsium vulgare,2026-06-19,3,2
374201832,Cirsium palustre,2026-06-16,3,2
374380308,Cirsium pumilum,2026-06-22,3,2
374430763,Cirsium palustre,2026-06-22,3,2
37451603,Cirsium palustre,2018-08-12,3,2
374563925,Cirsium palustre,2026-06-23,3,2
374611190,Cirsium arvense,2026-06-23,3,2
37465176,Cirsium suzukaense,2019-12-12,3,2
374762246,Cirsium brevistylum,2026-06-15,3,2
374877568,Cirsium muticum,2026-06-23,3,2
37494484,Cirsium oleraceum,2019-07-20,3,2
3749824,Cirsium acaulon,2016-07-26,3,2
375067348,Cirsium vulgare,2026-06-24,3,2
375119850,Cirsium arvense,2026-06-24,3,2
375237009,Cirsium palustre,2026-06-24,3,2
375292795,Cirsium arvense,2026-06-25,3,2
375453036,Cirsium palustre,2026-06-26,3,2
375502335,Cirsium vulgare,2026-06-26,3,2
375556058,Cirsium heterophyllum,2026-06-26,3,2
375586213,Cirsium nuttallii,2026-06-26,3,2
375598797,Cirsium oleraceum,2026-06-26,3,2
375628735,Cirsium scariosum,2026-06-26,3,2
375769779,Cirsium heterophyllum,2026-06-27,3,2
37582724,Cirsium vulgare,2020-01-13,3,2
37587601,Cirsium ehrenbergii,2020-01-12,3,2
375899325,Cirsium palustre,2026-06-25,3,2
375960503,Cirsium remotifolium,2026-06-24,3,2
375983301,Cirsium griseum,2026-06-27,3,2
3760035,Cirsium arvense,2016-07-27,3,2
37601287,Cirsium vulgare,2020-01-13,3,2
376048026,Cirsium arvense,2026-06-26,3,2
376057773,Cirsium hookerianum,2026-06-25,3,2
376090643,Cirsium erisithales,2026-06-27,3,2
376137622,Cirsium arvense,2026-06-28,3,2
376169027,Cirsium heterophyllum,2026-06-27,3,2
376288456,Cirsium erisithales,2026-06-28,3,2
376491471,Cirsium vulgare,2026-06-29,3,2
376550114,Cirsium palustre,2026-06-29,3,2
376652468,Cirsium arvense,2026-06-29,3,2
37671994,Cirsium vulgare,2019-09-24,3,2
376904604,Cirsium arvense,2026-06-30,3,2
376934007,Cirsium heterophyllum,2026-06-13,3,2
376971340,Cirsium altissimum,2026-06-20,3,2
377021082,Cirsium hydrophilum,2026-06-30,3,2
37708868,Cirsium vulgare,2020-01-18,3,2
377128066,Cirsium pumilum,2026-06-30,3,2
37713213,Cirsium scariosum,2019-08-15,3,2
377160841,Cirsium vulgare,2026-07-01,3,2
37727158,Cirsium horridulum,2020-01-18,3,2
377374037,Cirsium palustre,2026-07-02,3,2
377401574,Cirsium oleraceum,2026-07-02,3,2
377418531,Cirsium palustre,2026-07-02,3,2
377468074,Cirsium nuttallii,2026-07-02,3,2
37770348,Cirsium vulgare,2019-12-29,3,2
37829478,Cirsium vulgare,2020-01-06,3,2
38148737,Cirsium helenioides,2018-07-29,3,2
38179598,Cirsium vulgare,2020-01-23,3,2
38261281,Cirsium vulgare,2019-11-22,3,2
38326875,Cirsium pendulum,2017-08-17,3,2
38350356,Cirsium vulgare,2020-02-06,3,2
38473586,Cirsium undulatum,2006-07-03,3,2
38477272,Cirsium vulgare,2020-02-09,3,2
38486502,Cirsium horridulum,2020-02-09,3,2
38501665,Cirsium vulgare,2020-02-09,3,2
3852397,Cirsium arvense,2016-08-01,3,2
3855276,Cirsium palustre,2016-08-02,3,2
38570733,Cirsium vulgare,2020-02-04,3,2
38576349,Cirsium vulgare,2020-02-12,3,2
38604171,Cirsium vulgare,2020-02-05,3,2
38606260,Cirsium esculentum,2013-08-20,3,2
38658776,Cirsium vulgare,2020-02-13,3,2
38747226,Cirsium neomexicanum,2015-05-01,3,2
38785881,Cirsium oleraceum,2016-08-09,3,2
3887287,Cirsium altissimum,2016-08-14,3,2
39122184,Cirsium vulgare,2020-02-23,3,2
39220788,Cirsium arvense,2015-08-09,3,2
39230610,Cirsium vulgare,2016-07-26,3,2
39271668,Cirsium vulgare,2020-02-22,3,2
39341450,Cirsium subcoriaceum,2020-02-28,3,2
39454007,Cirsium horridulum,2020-02-28,3,2
39503311,Cirsium vulgare,2020-03-03,3,2
39834129,Cirsium oleraceum,2016-08-10,3,2
39881870,Cirsium arvense,2016-06-12,3,2
39926955,Cirsium vulgare,2020-03-11,3,2
40111881,Cirsium vulgare,2019-11-25,3,2
40233906,Cirsium vulgare,2020-03-18,3,2
40282395,Cirsium arvense,2018-06-17,3,2
40350316,Cirsium palustre,2013-08-11,3,2
4039318,Cirsium vulgare,2016-08-10,3,2
40491622,Cirsium vulgare,2020-03-21,3,2
4057623,Cirsium vulgare,2016-09-07,3,2
40654193,Cirsium japonicum,2020-03-23,3,2
40783669,Cirsium horridulum,2020-03-25,3,2
40840541,Cirsium heterophyllum,2019-06-12,3,2
40858645,Cirsium carolinianum,2020-03-27,3,2
41306726,Cirsium horridulum,2020-04-03,3,2
41323455,Cirsium vulgare,2014-07-03,3,2
41355338,Cirsium vulgare,2020-04-04,3,2
41358905,Cirsium horridulum,2020-04-02,3,2
41405590,Cirsium remotifolium,2008-07-09,3,2
41570638,Cirsium horridulum,2020-04-05,3,2
41791741,Cirsium horridulum,2020-04-09,3,2
4195518,Cirsium undulatum,2016-09-24,3,2
4201534,Cirsium arvense,2016-09-25,3,2
42219700,Cirsium horridulum,2020-04-09,3,2
42225486,Cirsium vulgare,2019-08-04,3,2
4228992,Cirsium pinetorum,2016-09-24,3,2
4229483,Cirsium monspessulanum,2016-09-27,3,2
42349204,Cirsium horridulum,2020-04-16,3,2
42453676,Cirsium serrulatum,2016-08-10,3,2
42462391,Cirsium horridulum,2020-04-02,3,2
42519570,Cirsium vulgare,2014-08-16,3,2
42807171,Cirsium muticum,2005-08-10,3,2
42821759,Cirsium texanum,2020-04-17,3,2
43012971,Cirsium vulgare,2020-04-23,3,2
43031872,Cirsium horridulum,2020-04-14,3,2
43104355,Cirsium vulgare,2020-04-24,3,2
43182484,Cirsium texanum,2020-04-24,3,2
43213599,Cirsium vulgare,2020-04-24,3,2
43539399,Cirsium carolinianum,2020-04-25,3,2
43652982,Cirsium vulgare,2020-04-26,3,2
44060659,Cirsium undulatum,2020-04-27,3,2
44092883,Cirsium vulgare,2020-04-27,3,2
44381211,Cirsium neomexicanum,2020-04-29,3,2
44633388,Cirsium ochrocentrum,2020-05-01,3,2
44971986,Cirsium palustre,2020-05-05,3,2
44975392,Cirsium vulgare,2013-01-10,3,2
44979387,Cirsium palustre,2020-05-05,3,2
45025192,Cirsium vulgare,2020-05-05,3,2
45139454,Cirsium carolinianum,2020-05-06,3,2
45267391,Cirsium vulgare,2020-05-08,3,2
45595939,Cirsium horridulum,2020-05-11,3,2
45680418,Cirsium arvense,2020-05-12,3,2
45890536,Cirsium texanum,2020-05-11,3,2
45923115,Cirsium flodmanii,2011-07-27,3,2
45932590,Cirsium carolinianum,2020-05-14,3,2
46326078,Cirsium carolinianum,2020-05-17,3,2
46406625,Cirsium undulatum,2020-05-18,3,2
46430847,Cirsium vulgare,2020-05-18,3,2
46589228,Cirsium serrulatum,2020-05-18,3,2
46605786,Cirsium vulgare,2020-05-20,3,2
46627519,Cirsium vulgare,2020-05-20,3,2
46629081,Cirsium vulgare,2013-01-20,3,2
46756265,Cirsium carolinianum,2020-05-21,3,2
46929722,Cirsium ochrocentrum,2020-05-17,3,2
46975963,Cirsium occidentale,2020-05-22,3,2
47005820,Cirsium vulgare,2020-05-23,3,2
47155613,Cirsium palustre,2020-05-24,3,2
47362369,Cirsium vlassovianum,2016-07-09,3,2
47390459,Cirsium vulgare,2020-05-26,3,2
47492805,Cirsium palustre,2016-07-10,3,2
47557352,Cirsium muticum,2020-05-27,3,2
47623658,Cirsium vulgare,2020-05-28,3,2
4778626,Cirsium arvense,2016-07-15,3,2
47992281,Cirsium arvense,2020-05-31,3,2
48216941,Cirsium arvense,2020-06-02,3,2
48272764,Cirsium oleraceum,2019-08-30,3,2
48451719,Cirsium texanum,2020-06-04,3,2
48545035,Cirsium palustre,2020-06-05,3,2
4856696,Cirsium vulgare,2016-12-27,3,2
48607038,Cirsium occidentale,2020-06-05,3,2
4863935,Cirsium arvense,2016-12-26,3,2
48669367,Cirsium arvense,2020-06-06,3,2
48671919,Cirsium vulgare,2020-06-06,3,2
48703506,Cirsium ochrocentrum,2020-05-29,3,2
48770565,Cirsium vulgare,2020-06-07,3,2
48807603,Cirsium palustre,2020-06-07,3,2
48835705,Cirsium vulgare,2020-06-04,3,2
48864278,Cirsium horridulum,2020-06-07,3,2
48869820,Cirsium suzukii,2020-06-07,3,2
48899338,Cirsium laniflorum,2020-06-07,3,2
48910167,Cirsium vulgare,2020-06-08,3,2
48977573,Cirsium altissimum,2020-06-08,3,2
49000780,Cirsium vulgare,2020-06-09,3,2
49010758,Cirsium palustre,2020-06-09,3,2
49076946,Cirsium inamoenum,2020-06-09,3,2
49103491,Cirsium cymosum,2020-06-03,3,2
49104859,Cirsium vulgare,2020-06-10,3,2
49183919,Cirsium undulatum,2020-06-10,3,2
49219813,Cirsium arvense,2020-06-11,3,2
49288372,Cirsium japonicum,2020-06-09,3,2
49332180,Cirsium vulgare,2020-06-12,3,2
49417290,Cirsium vulgare,2020-06-13,3,2
49429410,Cirsium horridulum,2020-06-12,3,2
49450623,Cirsium pannonicum,2020-06-13,3,2
49473497,Cirsium palustre,2020-06-13,3,2
49497947,Cirsium nuttallii,2020-06-13,3,2
49519327,Cirsium drummondii,2020-06-13,3,2
495438,Cirsium rhaphilepis,2012-09-05,3,2
49547866,Cirsium quercetorum,2020-06-13,3,2
49564324,Cirsium oleraceum,2020-06-14,3,2
49574530,Cirsium palustre,2020-06-14,3,2
49652087,Cirsium vulgare,2020-06-14,3,2
49668654,Cirsium vulgare,2020-06-14,3,2
49680117,Cirsium undulatum,2020-06-14,3,2
49690414,Cirsium heterophyllum,2020-06-14,3,2
49699513,Cirsium palustre,2020-06-14,3,2
49729370,Cirsium heterophyllum,2020-06-15,3,2
49835129,Cirsium dissectum,2020-06-16,3,2
49865710,Cirsium palustre,2020-06-15,3,2
49880769,Cirsium arvense,2020-06-16,3,2
49896934,Cirsium wheeleri,2020-06-15,3,2
49904504,Cirsium neomexicanum,2020-06-12,3,2
49934732,Cirsium palustre,2020-06-17,3,2
50053918,Cirsium ochrocentrum,2020-06-16,3,2
50175765,Cirsium douglasii,2020-06-18,3,2
50239881,Cirsium arvense,2020-06-17,3,2
50299947,Cirsium vulgare,2020-06-15,3,2
50330828,Cirsium arvense,2020-06-20,3,2
50355304,Cirsium arvense,2020-06-20,3,2
50374029,Cirsium arvense,2020-06-20,3,2
50414607,Cirsium arvense,2020-06-21,3,2
50437024,Cirsium palustre,2020-06-21,3,2
50461488,Cirsium palustre,2020-06-16,3,2
50474804,Cirsium oleraceum,2020-06-21,3,2
50488704,Cirsium muticum,2020-06-21,3,2
50532785,Cirsium palustre,2020-06-22,3,2
50538606,Cirsium rivulare,2020-06-22,3,2
50552954,Cirsium palustre,2020-06-22,3,2
50595392,Cirsium arvense,2020-06-22,3,2
50636331,Cirsium heterophyllum,2020-06-23,3,2
50685098,Cirsium palustre,2020-06-23,3,2
50736718,Cirsium arvense,2020-06-24,3,2
50780712,Cirsium canescens,2020-06-23,3,2
50850208,Cirsium arvense,2020-06-24,3,2
50864323,Cirsium palustre,2020-06-24,3,2
50873635,Cirsium suzukii,2020-06-22,3,2
50945541,Cirsium vulgare,2020-06-25,3,2
50967299,Cirsium palustre,2020-06-25,3,2
50976826,Cirsium arvense,2020-06-13,3,2
51081119,Cirsium arvense,2020-06-27,3,2
51120465,Cirsium heterophyllum,2020-06-27,3,2
51200325,Cirsium palustre,2020-06-16,3,2
51200906,Cirsium arvense,2020-06-28,3,2
51215060,Cirsium arvense,2020-06-28,3,2
51248968,Cirsium arvense,2020-06-28,3,2
51415708,Cirsium arvense,2020-06-29,3,2
51448784,Cirsium carniolicum,2020-06-29,3,2
51500812,Cirsium vulgare,2020-06-30,3,2
51501328,Cirsium undulatum,2020-06-25,3,2
51555274,Cirsium vulgare,2020-06-30,3,2
51555344,Cirsium arvense,2020-06-30,3,2
51568603,Cirsium heterophyllum,2020-07-01,3,2
51593869,Cirsium palustre,2020-07-01,3,2
51638258,Cirsium hookerianum,2020-06-29,3,2
51669601,Cirsium heterophyllum,2020-07-02,3,2
51710151,Cirsium esculentum,2015-08-01,3,2
51752623,Cirsium vulgare,2020-07-02,3,2
51778236,Cirsium vulgare,2020-07-01,3,2
51779032,Cirsium arvense,2020-07-03,3,2
51813267,Cirsium arvense,2020-07-03,3,2
51815683,Cirsium heterophyllum,2020-07-02,3,2
51822417,Cirsium arvense,2020-07-03,3,2
51896079,Cirsium undulatum,2020-07-03,3,2
51901198,Cirsium vulgare,2020-07-04,3,2
51940710,Cirsium palustre,2020-07-04,3,2
51955378,Cirsium undulatum,2020-06-27,3,2
51992492,Cirsium arvense,2020-07-04,3,2
52057637,Cirsium vulgare,2020-07-05,3,2
52077778,Cirsium parryi,2020-07-04,3,2
52110592,Cirsium arvense,2020-07-06,3,2
52125378,Cirsium arvense,2020-07-05,3,2
52139107,Cirsium vulgare,2020-07-06,3,2
52152020,Cirsium vulgare,2020-07-06,3,2
52186426,Cirsium vulgare,2020-07-06,3,2
52239837,Cirsium arvense,2020-07-07,3,2
52299894,Cirsium heterophyllum,2020-06-30,3,2
52329319,Cirsium arvense,2020-07-07,3,2
52348121,Cirsium serratuloides,2020-07-08,3,2
52358835,Cirsium vulgare,2020-07-08,3,2
52364993,Cirsium vulgare,2020-07-07,3,2
52377297,Cirsium heterophyllum,2020-07-07,3,2
52387287,Cirsium heterophyllum,2020-07-08,3,2
52392707,Cirsium arvense,2020-07-06,3,2
52400217,Cirsium vulgare,2020-07-08,3,2
52403819,Cirsium centaureae,2020-07-08,3,2
52435210,Cirsium arvense,2020-07-08,3,2
52468255,Cirsium serratuloides,2020-07-09,3,2
52475322,Cirsium arvense,2020-07-08,3,2
52545167,Cirsium arvense,2020-07-07,3,2
52614817,Cirsium arvense,2020-07-05,3,2
52654989,Cirsium palustre,2020-07-11,3,2
52655179,Cirsium oleraceum,2020-07-11,3,2
52656624,Cirsium heterophyllum,2020-07-11,3,2
52657234,Cirsium arvense,2020-07-11,3,2
52670731,Cirsium arvense,2020-07-11,3,2
52671355,Cirsium palustre,2020-07-11,3,2
52772744,Cirsium arvense,2020-07-12,3,2
52823747,Cirsium arvense,2020-07-12,3,2
52834924,Cirsium palustre,2020-07-10,3,2
52879915,Cirsium vulgare,2020-06-27,3,2
52881334,Cirsium flodmanii,2020-07-12,3,2
52886305,Cirsium wheeleri,2020-07-12,3,2
52901526,Cirsium arvense,2020-07-12,3,2
52907125,Cirsium vulgare,2020-07-13,3,2
52918493,Cirsium arvense,2020-07-11,3,2
52992246,Cirsium arvense,2020-07-08,3,2
53016292,Cirsium occidentale,2020-07-11,3,2
53024995,Cirsium arvense,2020-07-14,3,2
53025340,Cirsium heterophyllum,2020-07-14,3,2
53040541,Cirsium palustre,2020-07-14,3,2
53053212,Cirsium arvense,2020-07-14,3,2
53068630,Cirsium canum,2020-07-14,3,2
53148657,Cirsium acaulon,2020-07-15,3,2
53149836,Cirsium vulgare,2020-07-15,3,2
53168657,Cirsium arvense,2020-07-15,3,2
53238961,Cirsium vulgare,2020-07-16,3,2
53265348,Cirsium brachycephalum,2017-08-31,3,2
53273152,Cirsium palustre,2020-07-16,3,2
53279793,Cirsium laniflorum,2020-07-16,3,2
53280065,Cirsium flodmanii,2020-07-16,3,2
53280226,Cirsium palustre,2020-06-27,3,2
53281949,Cirsium arvense,2020-07-16,3,2
53306884,Cirsium flodmanii,2020-07-16,3,2
53362074,Cirsium vulgare,2020-07-17,3,2
53394069,Cirsium arvense,2020-07-17,3,2
53415865,Cirsium arvense,2020-07-17,3,2
53428542,Cirsium glabrum,2020-07-17,3,2
53472108,Cirsium arvense,2020-07-18,3,2
53525215,Cirsium palustre,2020-07-18,3,2
53527839,Cirsium vulgare,2020-07-18,3,2
53565828,Cirsium oleraceum,2020-07-08,3,2
53610495,Cirsium palustre,2020-07-19,3,2
53728951,Cirsium arvense,2020-07-20,3,2
53736474,Cirsium arvense,2020-07-20,3,2
53741544,Cirsium arvense,2020-07-19,3,2
53763600,Cirsium arvense,2020-07-20,3,2
53763924,Cirsium vulgare,2020-07-20,3,2
53780691,Cirsium vulgare,2020-07-19,3,2
53814536,Cirsium oleraceum,2020-07-21,3,2
53816758,Cirsium arvense,2020-07-20,3,2
53818245,Cirsium arvense,2020-07-21,3,2
53838085,Cirsium vulgare,2020-07-21,3,2
53851395,Cirsium canum,2020-07-18,3,2
53867895,Cirsium undulatum,2020-07-20,3,2
53871962,Cirsium remotifolium,2020-07-20,3,2
53887293,Cirsium pumilum,2020-07-21,3,2
53888153,Cirsium flodmanii,2020-07-21,3,2
53906026,Cirsium vulgare,2020-07-21,3,2
53928608,Cirsium vulgare,2020-07-22,3,2
53940849,Cirsium vulgare,2020-07-21,3,2
53944236,Cirsium palustre,2020-07-22,3,2
54036247,Cirsium vulgare,2020-07-23,3,2
54036737,Cirsium vulgare,2020-07-20,3,2
54048236,Cirsium drummondii,2020-07-22,3,2
54061627,Cirsium vulgare,2020-07-23,3,2
54064702,Cirsium vulgare,2020-07-23,3,2
54083280,Cirsium muticum,2020-07-13,3,2
54086276,Cirsium vulgare,2020-07-22,3,2
54138789,Cirsium arvense,2020-07-17,3,2
54161808,Cirsium vulgare,2020-07-24,3,2
54250564,Cirsium vulgare,2020-07-25,3,2
54253352,Cirsium arvense,2020-07-17,3,2
54260276,Cirsium oleraceum,2020-07-25,3,2
54260927,Cirsium vulgare,2020-07-25,3,2
54270037,Cirsium arvense,2020-07-25,3,2
54270443,Cirsium heterophyllum,2020-07-25,3,2
54290354,Cirsium arvense,2020-07-24,3,2
54334021,Cirsium altissimum,2020-07-25,3,2
54368850,Cirsium arvense,2020-07-25,3,2
54433768,Cirsium arvense,2020-07-26,3,2
54449297,Cirsium vulgare,2020-07-25,3,2
54473555,Cirsium pumilum,2020-07-26,3,2
54495129,Cirsium vulgare,2020-07-27,3,2
54551167,Cirsium arvense,2020-07-27,3,2
54589809,Cirsium edule,2020-07-21,3,2
54593023,Cirsium altissimum,2020-07-27,3,2
54599217,Cirsium arvense,2020-07-23,3,2
5460409,Cirsium ehrenbergii,2017-03-24,3,2
54618002,Cirsium arvense,2020-07-28,3,2
54687957,Cirsium vulgare,2020-07-28,3,2
54690116,Cirsium ochrocentrum,2020-07-28,3,2
54723051,Cirsium arvense,2020-07-29,3,2
54772368,Cirsium arvense,2020-07-29,3,2
54790949,Cirsium pumilum,2020-07-29,3,2
54800284,Cirsium cymosum,2020-07-25,3,2
54809946,Cirsium arvense,2020-07-29,3,2
54830240,Cirsium muticum,2020-07-29,3,2
54830247,Cirsium arvense,2020-07-30,3,2
54831355,Cirsium vulgare,2020-07-30,3,2
54850261,Cirsium palustre,2020-07-29,3,2
54890924,Cirsium vulgare,2020-07-29,3,2
54899819,Cirsium scariosum,2020-07-23,3,2
54902644,Cirsium vulgare,2020-07-28,3,2
54903593,Cirsium palustre,2020-07-21,3,2
54972142,Cirsium muticum,2020-07-31,3,2
55023718,Cirsium oleraceum,2020-08-01,3,2
55071335,Cirsium vulgare,2020-08-01,3,2
55104527,Cirsium vulgare,2020-08-01,3,2
55127291,Cirsium vulgare,2020-08-02,3,2
55131165,Cirsium vulgare,2020-08-02,3,2
55131398,Cirsium serrulatum,2020-08-02,3,2
55154107,Cirsium vulgare,2020-08-01,3,2
55162817,Cirsium flodmanii,2020-08-01,3,2
55216973,Cirsium vulgare,2020-08-02,3,2
55257768,Cirsium arvense,2020-07-28,3,2
55283904,Cirsium vulgare,2020-08-03,3,2
55353491,Cirsium andersonii,2020-08-01,3,2
55356130,Cirsium arvense,2020-08-03,3,2
55361007,Cirsium scariosum,2020-07-31,3,2
55399592,Cirsium arvense,2020-08-04,3,2
55410660,Cirsium palustre,2020-08-04,3,2
55478888,Cirsium heterophyllum,2020-08-05,3,2
55490488,Cirsium edule,2020-08-02,3,2
55494110,Cirsium vulgare,2020-08-05,3,2
55522097,Cirsium oleraceum,2020-08-05,3,2
55535980,Cirsium altissimum,2020-08-05,3,2
55590086,Cirsium oleraceum,2020-07-23,3,2
55594686,Cirsium vulgare,2020-08-06,3,2
55598465,Cirsium arvense,2020-06-27,3,2
55600363,Cirsium oleraceum,2020-07-17,3,2
55604609,Cirsium vulgare,2020-08-04,3,2
55606447,Cirsium arvense,2020-08-04,3,2
55623470,Cirsium vulgare,2020-08-06,3,2
55664174,Cirsium edule,2020-08-02,3,2
55666721,Cirsium arvense,2020-08-03,3,2
55689189,Cirsium esculentum,2020-08-03,3,2
55696400,Cirsium arvense,2020-08-04,3,2
55719628,Cirsium arvense,2020-08-07,3,2
55722341,Cirsium heterophyllum,2020-08-07,3,2
55736936,Cirsium parryi,2020-08-04,3,2
55747003,Cirsium arvense,2020-08-07,3,2
55751045,Cirsium esculentum,2020-08-07,3,2
55772595,Cirsium arvense,2020-08-07,3,2
55785541,Cirsium palustre,2020-07-07,3,2
55800495,Cirsium arvense,2020-08-08,3,2
55804172,Cirsium palustre,2020-08-01,3,2
55806122,Cirsium discolor,2019-07-29,3,2
55927680,Cirsium ukranicum,2020-07-22,3,2
55950773,Cirsium vulgare,2020-08-07,3,2
5597413,Cirsium ehrenbergii,2017-03-31,3,2
56010035,Cirsium vulgare,2020-08-02,3,2
56016165,Cirsium vulgare,2020-08-08,3,2
56020182,Cirsium arvense,2020-07-23,3,2
56026849,Cirsium ferum,2020-08-10,3,2
56065027,Cirsium hookerianum,2020-08-10,3,2
56096424,Cirsium arvense,2020-08-09,3,2
56123105,Cirsium vulgare,2014-07-14,3,2
56205529,Cirsium oleraceum,2020-07-20,3,2
56210906,Cirsium arvense,2020-08-12,3,2
56220304,Cirsium oleraceum,2020-07-22,3,2
56348058,Cirsium vulgare,2020-08-13,3,2
56394667,Cirsium oleraceum,2020-08-13,3,2
56400653,Cirsium horridulum,2020-08-13,3,2
5641960,Cirsium mexicanum,2017-04-10,3,2
56446844,Cirsium arvense,2020-08-14,3,2
56446922,Cirsium vulgare,2020-08-13,3,2
56481835,Cirsium vulgare,2020-08-13,3,2
56484231,Cirsium vulgare,2020-08-14,3,2
56501755,Cirsium vulgare,2020-08-15,3,2
56539445,Cirsium edule,2020-07-24,3,2
56540456,Cirsium vulgare,2020-08-15,3,2
56548307,Cirsium altissimum,2020-08-15,3,2
56559182,Cirsium ukranicum,2020-08-15,3,2
56570735,Cirsium arvense,2020-08-12,3,2
56579028,Cirsium undulatum,2020-08-11,3,2
56597876,Cirsium vulgare,2020-08-15,3,2
56610682,Cirsium vulgare,2020-07-29,3,2
56646440,Cirsium murdockii,2020-08-15,3,2
56647225,Cirsium occidentale,2020-08-15,3,2
56696416,Cirsium vulgare,2020-08-15,3,2
56697865,Cirsium vulgare,2020-08-13,3,2
56779335,Cirsium altissimum,2020-08-17,3,2
56798633,Cirsium vulgare,2020-08-14,3,2
56799326,Cirsium vulgare,2020-08-17,3,2
56843195,Cirsium vulgare,2020-08-18,3,2
56857513,Cirsium laniflorum,2020-08-10,3,2
56887495,Cirsium arvense,2020-08-15,3,2
56894627,Cirsium vulgare,2020-08-18,3,2
56913941,Cirsium vulgare,2020-08-19,3,2
56940989,Cirsium arvense,2020-08-19,3,2
56962044,Cirsium oleraceum,2020-08-19,3,2
56977580,Cirsium texanum,2019-05-25,3,2
56994598,Cirsium altissimum,2020-08-19,3,2
57046357,Cirsium arvense,2020-08-20,3,2
57102976,Cirsium ukranicum,2020-08-05,3,2
57192253,Cirsium oleraceum,2020-08-13,3,2
57235267,Cirsium arvense,2020-08-22,3,2
57278829,Cirsium canum,2006-08-03,3,2
57305970,Cirsium arvense,2020-08-23,3,2
57312319,Cirsium oleraceum,2020-08-20,3,2
57330442,Cirsium nuttallii,2020-08-22,3,2
57342373,Cirsium oleraceum,2020-08-23,3,2
57361108,Cirsium acaulon,2020-08-23,3,2
57375615,Cirsium serrulatum,2020-08-22,3,2
57413041,Cirsium arvense,2020-08-23,3,2
57417472,Cirsium arvense,2020-08-23,3,2
57423729,Cirsium altissimum,2020-08-22,3,2
57451199,Cirsium sieboldii,2020-08-18,3,2
57452967,Cirsium vulgare,2020-08-24,3,2
57461090,Cirsium hygropodum,2020-08-15,3,2
57477402,Cirsium arvense,2020-08-24,3,2
57576001,Cirsium acaulon,2020-08-25,3,2
57585090,Cirsium arvense,2020-08-06,3,2
57605183,Cirsium arvense,2020-08-25,3,2
57620206,Cirsium arvense,2020-08-26,3,2
57652120,Cirsium oleraceum,2020-07-18,3,2
57697559,Cirsium vulgare,2020-06-08,3,2
57703497,Cirsium drummondii,2020-08-26,3,2
57719892,Cirsium arvense,2020-08-23,3,2
57742188,Cirsium vulgare,2020-08-27,3,2
57787833,Cirsium arvense,2020-08-27,3,2
57788676,Cirsium altissimum,2020-08-27,3,2
57819544,Cirsium arvense,2020-08-28,3,2
57821287,Cirsium vulgare,2020-08-28,3,2
57833526,Cirsium arvense,2020-08-28,3,2
57838048,Cirsium arvense,2020-08-27,3,2
57842429,Cirsium vulgare,2020-08-28,3,2
5785061,Cirsium luzoniense,2017-03-27,3,2
57875203,Cirsium discolor,2020-08-27,3,2
57894504,Cirsium vulgare,2020-04-25,3,2
57907041,Cirsium vulgare,2020-08-29,3,2
57969381,Cirsium vulgare,2020-08-25,3,2
57991700,Cirsium undulatum,2020-08-29,3,2
58007712,Cirsium vulgare,2020-08-05,3,2
58011779,Cirsium oleraceum,2020-08-30,3,2
58012857,Cirsium arvense,2020-08-04,3,2
58037122,Cirsium arvense,2020-08-23,3,2
58045585,Cirsium vulgare,2020-07-23,3,2
58054062,Cirsium arvense,2020-08-29,3,2
58058239,Cirsium arvense,2020-08-26,3,2
58061089,Cirsium discolor,2020-08-30,3,2
58066944,Cirsium arvense,2020-08-30,3,2
58079027,Cirsium undulatum,2020-08-30,3,2
58090917,Cirsium canum,2020-08-29,3,2
58130941,Cirsium oleraceum,2020-08-04,3,2
58153615,Cirsium heterophyllum,2020-08-31,3,2
58163545,Cirsium vulgare,2020-08-30,3,2
58198300,Cirsium altissimum,2020-08-31,3,2
58231227,Cirsium rhizocephalum,2020-07-26,3,2
58231272,Cirsium muticum,2020-08-30,3,2
58336345,Cirsium helenioides,2020-09-01,3,2
58391194,Cirsium pendulum,2020-09-01,3,2
58445943,Cirsium vulgare,2020-09-03,3,2
58523645,Cirsium vulgare,2020-09-04,3,2
58533428,Cirsium vulgare,2020-09-04,3,2
58570006,Cirsium hookerianum,2020-09-03,3,2
58589420,Cirsium heterophyllum,2020-07-02,3,2
58590096,Cirsium palustre,2020-08-27,3,2
58593427,Cirsium heterophyllum,2020-08-23,3,2
58646492,Cirsium oleraceum,2020-09-01,3,2
58650911,Cirsium acaulon,2020-09-05,3,2
58721496,Cirsium discolor,2020-09-06,3,2
58780666,Cirsium vulgare,2020-09-06,3,2
58784058,Cirsium vulgare,2020-09-06,3,2
58818371,Cirsium alatum,2020-08-23,3,2
58848479,Cirsium altissimum,2020-09-07,3,2
58905824,Cirsium vulgare,2020-09-07,3,2
58966026,Cirsium oleraceum,2020-09-08,3,2
58970556,Cirsium vulgare,2020-09-08,3,2
58985955,Cirsium arvense,2020-09-08,3,2
58994171,Cirsium muticum,2020-07-24,3,2
59005285,Cirsium arvense,2020-09-05,3,2
59007909,Cirsium arvense,2020-09-04,3,2
59023956,Cirsium velatum,2019-07-12,3,2
59036405,Cirsium oleraceum,2020-09-07,3,2
59053936,Cirsium discolor,2020-09-09,3,2
59073468,Cirsium discolor,2020-09-09,3,2
59099468,Cirsium muticum,2020-09-05,3,2
59123783,Cirsium acaulon,2020-09-10,3,2
59148467,Cirsium muticum,2020-09-04,3,2
59164603,Cirsium arvense,2020-09-10,3,2
59183384,Cirsium vulgare,2019-07-30,3,2
59195303,Cirsium arvense,2020-07-18,3,2
59200956,Cirsium arizonicum,2020-09-10,3,2
59278417,Cirsium occidentale,2020-08-11,3,2
59287033,Cirsium scariosum,2020-09-11,3,2
59290558,Cirsium vulgare,2020-09-07,3,2
59322160,Cirsium arvense,2020-09-12,3,2
59359114,Cirsium vulgare,2020-09-07,3,2
59359439,Cirsium arvense,2020-09-12,3,2
59365445,Cirsium arvense,2020-09-12,3,2
59371946,Cirsium arvense,2020-09-12,3,2
59378976,Cirsium vulgare,2020-09-12,3,2
59406573,Cirsium altissimum,2020-09-12,3,2
59409242,Cirsium altissimum,2020-09-12,3,2
59489907,Cirsium arvense,2020-09-13,3,2
59514623,Cirsium arvense,2020-09-13,3,2
59591577,Cirsium arvense,2020-09-13,3,2
59688524,Cirsium discolor,2020-09-15,3,2
59734692,Cirsium arvense,2020-09-15,3,2
59738017,Cirsium arvense,2020-09-10,3,2
59745638,Cirsium arvense,2020-09-15,3,2
59746780,Cirsium arvense,2020-09-15,3,2
59748013,Cirsium arvense,2020-09-15,3,2
59807194,Cirsium arvense,2020-09-16,3,2
59813374,Cirsium arvense,2020-09-05,3,2
59834644,Cirsium altissimum,2020-08-02,3,2
59868939,Cirsium arvense,2020-09-14,3,2
59965691,Cirsium arvense,2020-09-17,3,2
59984129,Cirsium arvense,2020-09-10,3,2
60046009,Cirsium arvense,2020-07-31,3,2
60071260,Cirsium discolor,2020-09-19,3,2
60084412,Cirsium discolor,2020-09-19,3,2
60092430,Cirsium acaulon,2020-09-19,3,2
60115947,Cirsium muticum,2020-09-19,3,2
60180966,Cirsium arvense,2020-09-17,3,2
60194500,Cirsium discolor,2020-09-19,3,2
60206456,Cirsium discolor,2020-09-20,3,2
60257009,Cirsium arvense,2020-09-20,3,2
60307497,Cirsium oleraceum,2020-08-19,3,2
60384159,Cirsium arvense,2020-09-16,3,2
60387274,Cirsium hookerianum,2020-07-19,3,2
60432377,Cirsium ukranicum,2020-09-20,3,2
60440501,Cirsium helenioides,2020-07-10,3,2
60473223,Cirsium arvense,2020-09-21,3,2
60505038,Cirsium oleraceum,2020-09-08,3,2
60605294,Cirsium arvense,2020-09-24,3,2
60694351,Cirsium vulgare,2020-09-25,3,2
60761344,Cirsium arvense,2020-09-25,3,2
61069034,Cirsium vulgare,2020-09-27,3,2
61097839,Cirsium arvense,2020-09-26,3,2
61249713,Cirsium arvense,2020-09-29,3,2
61297412,Cirsium oleraceum,2020-09-15,3,2
61368821,Cirsium vulgare,2020-09-27,3,2
61369791,Cirsium arvense,2020-09-13,3,2
61379110,Cirsium arvense,2020-10-01,3,2
61739425,Cirsium vulgare,2020-10-04,3,2
61823485,Cirsium vulgare,2020-10-05,3,2
61924996,Cirsium discolor,2020-09-04,3,2
61930453,Cirsium vulgare,2020-09-30,3,2
62009610,Cirsium arvense,2020-09-24,3,2
62016885,Cirsium arvense,2020-10-08,3,2
62140644,Cirsium discolor,2020-10-09,3,2
62165545,Cirsium occidentale,2020-08-08,3,2
62267753,Cirsium arvense,2020-10-11,3,2
62290526,Cirsium arvense,2020-09-27,3,2
62296749,Cirsium arvense,2020-10-11,3,2
62357134,Cirsium japonicum,2020-10-10,3,2
6246381,Cirsium rhaphilepis,2017-05-17,3,2
62526722,Cirsium discolor,2020-10-04,3,2
62646997,Cirsium suzukaense,2020-10-15,3,2
62716660,Cirsium oleraceum,2020-10-15,3,2
62979037,Cirsium horridulum,2020-10-18,3,2
62986358,Cirsium arvense,2020-09-27,3,2
62993821,Cirsium acaulon,2020-09-24,3,2
63169704,Cirsium suzukaense,2020-10-20,3,2
63179218,Cirsium palustre,2020-10-15,3,2
63272546,Cirsium vulgare,2020-08-11,3,2
63487756,Cirsium altissimum,2020-10-25,3,2
63496451,Cirsium palustre,2020-10-24,3,2
63752561,Cirsium oleraceum,2020-10-29,3,2
63772078,Cirsium oleraceum,2020-08-23,3,2
63854010,Cirsium ownbeyi,2020-06-20,3,2
63930935,Cirsium altissimum,2020-10-31,3,2
64038068,Cirsium anartiolepis,2020-10-29,3,2
64065021,Cirsium arvense,2020-11-02,3,2
64146253,Cirsium texanum,2016-04-28,3,2
64396792,Cirsium rhizocephalum,2009-08-07,3,2
64682123,Cirsium vulgare,2020-11-11,3,2
64697836,Cirsium vulgare,2020-11-11,3,2
64708263,Cirsium arvense,2020-09-18,3,2
6471080,Cirsium arctorhaphis,2016-11-06,3,2
64729997,Cirsium arvense,2020-10-23,3,2
64978301,Cirsium ehrenbergii,2017-12-30,3,2
65105698,Cirsium ochrocentrum,2020-11-17,3,2
65264323,Cirsium serrulatum,2020-07-29,3,2
65272122,Cirsium vulgare,2015-08-05,3,2
6541973,Cirsium arvense,2017-06-07,3,2
65446890,Cirsium vulgare,2020-11-22,3,2
65872763,Cirsium occidentale,2020-04-24,3,2
66095681,Cirsium oleraceum,2019-08-06,3,2
66150675,Cirsium oleraceum,2020-12-05,3,2
66429004,Cirsium palustre,2020-12-10,3,2
66510113,Cirsium vulgare,2020-12-08,3,2
66515474,Cirsium canum,2020-07-27,3,2
66765985,Cirsium pannonicum,2013-06-17,3,2
66772152,Cirsium vulgare,2020-07-24,3,2
66792263,Cirsium palustre,2020-05-31,3,2
6681931,Cirsium rivulare,2017-06-16,3,2
66919089,Cirsium obvallatum,2020-07-26,3,2
66976693,Cirsium vulgare,2020-12-20,3,2
67276478,Cirsium occidentale,2020-05-29,3,2
67358050,Cirsium vulgare,2020-12-31,3,2
67361180,Cirsium vulgare,2020-08-05,3,2
67473892,Cirsium vulgare,2021-01-02,3,2
67589938,Cirsium arvense,2017-07-23,3,2
67660640,Cirsium palustre,2020-07-09,3,2
67674568,Cirsium heterophyllum,2020-10-04,3,2
67676991,Cirsium arvense,2020-08-24,3,2
67678284,Cirsium vulgare,2020-08-24,3,2
67702467,Cirsium esculentum,2020-08-24,3,2
67848131,Cirsium vulgare,2021-01-10,3,2
67857373,Cirsium serrulatum,2020-08-13,3,2
6790922,Cirsium palustre,2017-06-21,3,2
67963559,Cirsium tuberosum,2016-07-09,3,2
6809831,Cirsium flodmanii,2017-06-24,3,2
68175244,Cirsium altissimum,2021-01-16,3,2
68600029,Cirsium vulgare,2021-01-24,3,2
68643976,Cirsium horridulum,2021-01-24,3,2
68720089,Cirsium arvense,2017-06-23,3,2
68922752,Cirsium vulgare,2020-09-28,3,2
69056523,Cirsium oleraceum,2007-07-07,3,2
69096268,Cirsium subcoriaceum,2021-02-04,3,2
69206484,Cirsium vulgare,2012-09-25,3,2
69244474,Cirsium arvense,2021-02-08,3,2
69244971,Cirsium arvense,2021-02-06,3,2
69252965,Cirsium vulgare,2020-10-04,3,2
6927222,Cirsium vulgare,2017-07-04,3,2
69301539,Cirsium heterophyllum,2020-10-19,3,2
69301903,Cirsium heterophyllum,2020-10-17,3,2
69368167,Cirsium serrulatum,2021-02-10,3,2
69514844,Cirsium vulgare,2021-02-13,3,2
69624867,Cirsium horridulum,2021-02-15,3,2
69652506,Cirsium scariosum,2020-08-18,3,2
69945559,Cirsium kamtschaticum,2017-07-18,3,2
70011282,Cirsium subcoriaceum,2021-02-19,3,2
70085729,Cirsium parryi,2020-08-13,3,2
70107158,Cirsium vulgare,2021-02-07,3,2
70123971,Cirsium vulgare,2021-02-25,3,2
70129145,Cirsium arvense,2021-02-25,3,2
70631653,Cirsium horridulum,2021-03-05,3,2
70651621,Cirsium vulgare,2020-08-26,3,2
70910486,Cirsium ehrenbergii,2020-04-26,3,2
70925524,Cirsium vulgare,2021-03-09,3,2
70954123,Cirsium palustre,2020-07-29,3,2
70975694,Cirsium jaliscoense,2021-02-27,3,2
70985857,Cirsium esculentum,2018-08-29,3,2
7098864,Cirsium muticum,2017-07-17,3,2
71285275,Cirsium horridulum,2021-03-11,3,2
7139070,Cirsium muticum,2017-07-20,3,2
7160656,Cirsium arvense,2017-07-21,3,2
7163226,Cirsium vulgare,2017-07-22,3,2
71632318,Cirsium horridulum,2021-03-19,3,2
71689416,Cirsium oleraceum,2008-09-14,3,2
71722644,Cirsium argillosum,2020-07-10,3,2
71825449,Cirsium vulgare,2021-03-21,3,2
7184892,Cirsium palustre,2017-07-21,3,2
71933808,Cirsium vulgare,2021-03-24,3,2
7222062,Cirsium muticum,2017-07-26,3,2
72399119,Cirsium horridulum,2021-03-29,3,2
72568000,Cirsium palustre,2021-02-04,3,2
7260731,Cirsium flodmanii,2017-07-18,3,2
7269358,Cirsium vulgare,2017-07-28,3,2
72741497,Cirsium vulgare,2021-04-03,3,2
7278054,Cirsium vulgare,2017-07-30,3,2
72925216,Cirsium horridulum,2021-04-04,3,2
73251910,Cirsium horridulum,2021-04-07,3,2
73251936,Cirsium mexicanum,2021-04-02,3,2
73607803,Cirsium vulgare,2021-04-11,3,2
73755321,Cirsium neomexicanum,2021-04-10,3,2
7402719,Cirsium discolor,2017-08-07,3,2
74080043,Cirsium vulgare,2021-04-15,3,2
74119328,Cirsium arvense,2018-08-01,3,2
7413587,Cirsium discolor,2017-08-08,3,2
74316220,Cirsium muticum,2021-04-17,3,2
74454354,Cirsium vulgare,2021-04-18,3,2
7464105,Cirsium arvense,2017-08-12,3,2
746801,Cirsium andrewsii,2014-06-19,3,2
74759873,Cirsium nuttallii,2021-04-21,3,2
74829045,Cirsium palustre,2021-04-22,3,2
74849375,Cirsium subcoriaceum,2021-04-11,3,2
75007720,Cirsium horridulum,2021-04-22,3,2
7507865,Cirsium arvense,2017-08-15,3,2
75140311,Cirsium japonicum,2021-04-16,3,2
75184905,Cirsium vulgare,2021-04-25,3,2
75310590,Cirsium horridulum,2021-04-26,3,2
75356731,Cirsium horridulum,2021-04-25,3,2
75374485,Cirsium mexicanum,2021-04-26,3,2
7542535,Cirsium spinosissimum,2017-07-30,3,2
75431377,Cirsium vulgare,2021-04-27,3,2
75451004,Cirsium nuttallii,2021-04-27,3,2
75530328,Cirsium vulgare,2006-08-09,3,2
75745382,Cirsium scariosum,2021-04-28,3,2
76141359,Cirsium palustre,2021-05-01,3,2
76217159,Cirsium anartiolepis,2021-05-01,3,2
76260678,Cirsium texanum,2021-04-30,3,2
7630876,Cirsium discolor,2017-08-24,3,2
76401501,Cirsium texanum,2021-05-01,3,2
7646234,Cirsium vulgare,2017-08-24,3,2
7666653,Cirsium arvense,2017-08-26,3,2
76801482,Cirsium discolor,2021-05-02,3,2
7701078,Cirsium vulgare,2017-08-29,3,2
77157864,Cirsium occidentale,2021-05-03,3,2
77162901,Cirsium vulgare,2021-05-02,3,2
7717316,Cirsium muticum,2017-08-30,3,2
7725646,Cirsium discolor,2017-08-31,3,2
77320700,Cirsium vulgare,2019-02-14,3,2
77335611,Cirsium neomexicanum,2021-04-26,3,2
77377834,Cirsium texanum,2021-05-04,3,2
77456843,Cirsium rhaphilepis,2021-05-05,3,2
77555033,Cirsium vulgare,2021-05-01,3,2
7762502,Cirsium arvense,2017-08-31,3,2
77716119,Cirsium arvense,2021-05-07,3,2
77744026,Cirsium arvense,2021-05-07,3,2
77932897,Cirsium mexicanum,2021-05-01,3,2
77939799,Cirsium palustre,2021-05-08,3,2
78008855,Cirsium arvense,2021-05-09,3,2
7805182,Cirsium arvense,2017-09-05,3,2
7816324,Cirsium altissimum,2017-09-06,3,2
7816356,Cirsium vulgare,2017-08-31,3,2
78236259,Cirsium palustre,2021-05-10,3,2
78470956,Cirsium muticum,2021-05-11,3,2
78521968,Cirsium horridulum,2021-05-12,3,2
78609127,Cirsium nuttallii,2021-05-11,3,2
78690176,Cirsium palustre,2021-05-14,3,2
78747064,Cirsium vulgare,2021-05-14,3,2
78748064,Cirsium vulgare,2021-05-11,3,2
78858691,Cirsium arvense,2021-05-15,3,2
7899278,Cirsium altissimum,2017-08-12,3,2
79078723,Cirsium nuttallii,2021-05-16,3,2
79121760,Cirsium palustre,2021-05-03,3,2
79138695,Cirsium oleraceum,2021-05-17,3,2
79155860,Cirsium vulgare,2021-05-17,3,2
79168003,Cirsium occidentale,2021-05-15,3,2
79264148,Cirsium japonicum,2021-05-12,3,2
79436317,Cirsium texanum,2021-05-19,3,2
79457035,Cirsium vulgare,2021-05-19,3,2
79485267,Cirsium tracyi,2021-05-19,3,2
79544100,Cirsium oleraceum,2021-05-20,3,2
79919491,Cirsium arvense,2021-05-23,3,2
80094904,Cirsium texanum,2021-05-24,3,2
8017668,Cirsium arvense,2017-09-10,3,2
80191119,Cirsium undulatum,2021-05-24,3,2
80196540,Cirsium undulatum,2021-05-24,3,2
80258120,Cirsium vulgare,2021-05-25,3,2
80326683,Cirsium brevistylum,2021-05-21,3,2
80363947,Cirsium erisithales,2021-05-26,3,2
80375665,Cirsium arvense,2021-05-25,3,2
80477477,Cirsium palustre,2021-05-26,3,2
80561307,Cirsium vulgare,2021-05-28,3,2
80653668,Cirsium engelmannii,2021-05-28,3,2
80729543,Cirsium arvense,2021-05-29,3,2
80761254,Cirsium arvense,2021-05-29,3,2
80827502,Cirsium discolor,2021-05-28,3,2
80833677,Cirsium townsendii,2021-05-25,3,2
80896315,Cirsium occidentale,2021-05-28,3,2
80996832,Cirsium undulatum,2021-05-13,3,2
81257786,Cirsium vulgare,2021-06-01,3,2
81317172,Cirsium undulatum,2021-06-02,3,2
81454601,Cirsium vulgare,2021-06-03,3,2
81468992,Cirsium undulatum,2021-05-27,3,2
81746754,Cirsium oleraceum,2021-06-05,3,2
81876816,Cirsium arvense,2021-06-06,3,2
81881285,Cirsium arvense,2021-06-06,3,2
81904446,Cirsium undulatum,2021-06-05,3,2
82030486,Cirsium discolor,2021-06-07,3,2
82038202,Cirsium palustre,2021-06-05,3,2
82038549,Cirsium arvense,2021-06-07,3,2
82042353,Cirsium palustre,2021-06-04,3,2
82148593,Cirsium vulgare,2021-06-08,3,2
82161785,Cirsium horridulum,2021-06-08,3,2
82347537,Cirsium vulgare,2021-06-09,3,2
82358003,Cirsium arvense,2021-06-05,3,2
82403598,Cirsium acaulon,2021-06-10,3,2
82454692,Cirsium ochrocentrum,2021-06-10,3,2
82462617,Cirsium palustre,2021-06-10,3,2
82494170,Cirsium ochrocentrum,2021-06-10,3,2
82524541,Cirsium vulgare,2021-06-11,3,2
82544790,Cirsium pannonicum,2021-06-10,3,2
82554321,Cirsium carolinianum,2021-06-08,3,2
82564254,Cirsium palustre,2021-06-11,3,2
82649436,Cirsium arvense,2021-06-12,3,2
82757207,Cirsium arvense,2021-06-12,3,2
82772113,Cirsium vulgare,2021-06-12,3,2
82902913,Cirsium brevistylum,2021-06-11,3,2
82978809,Cirsium palustre,2021-06-13,3,2
82997547,Cirsium arvense,2021-06-14,3,2
83097450,Cirsium undulatum,2021-06-11,3,2
83184151,Cirsium palustre,2021-06-11,3,2
8318954,Cirsium nivale,2017-10-07,3,2
83231988,Cirsium vulgare,2021-06-15,3,2
83233983,Cirsium pannonicum,2021-06-15,3,2
83248027,Cirsium vulgare,2021-06-16,3,2
83331260,Cirsium vulgare,2021-06-16,3,2
83369766,Cirsium arvense,2021-06-17,3,2
83389944,Cirsium vulgare,2021-06-05,3,2
83439709,Cirsium vulgare,2021-06-17,3,2
83459450,Cirsium ochrocentrum,2021-06-17,3,2
83474204,Cirsium undulatum,2021-06-13,3,2
83516147,Cirsium canescens,2021-06-18,3,2
83604209,Cirsium arvense,2021-06-19,3,2
83609133,Cirsium palustre,2021-06-19,3,2
83633806,Cirsium palustre,2021-06-18,3,2
83655084,Cirsium heterophyllum,2021-06-19,3,2
83744567,Cirsium arvense,2021-06-20,3,2
83749076,Cirsium arvense,2021-06-19,3,2
83761480,Cirsium vulgare,2021-06-20,3,2
83796651,Cirsium serrulatum,2021-06-20,3,2
83822404,Cirsium heterophyllum,2021-06-20,3,2
83845019,Cirsium arvense,2021-06-20,3,2
83982740,Cirsium brevistylum,2021-06-21,3,2
840437,Cirsium vulgare,2014-08-20,3,2
84079870,Cirsium vulgare,2021-06-20,3,2
84105179,Cirsium ochrocentrum,2021-06-22,3,2
84117908,Cirsium nuttallii,2021-06-21,3,2
84181646,Cirsium arvense,2021-06-23,3,2
84314005,Cirsium heterophyllum,2021-06-24,3,2
84349278,Cirsium vulgare,2021-06-24,3,2
84366688,Cirsium ochrocentrum,2021-06-24,3,2
84381486,Cirsium arvense,2021-06-23,3,2
84401595,Cirsium palustre,2021-06-23,3,2
84404001,Cirsium arvense,2021-06-24,3,2
84405049,Cirsium schantarense,2021-06-22,3,2
84408985,Cirsium arvense,2021-06-25,3,2
84460473,Cirsium arvense,2021-06-25,3,2
84483801,Cirsium palustre,2021-06-25,3,2
84521555,Cirsium vulgare,2021-06-26,3,2
84587233,Cirsium palustre,2021-06-26,3,2
84599434,Cirsium vulgare,2021-06-26,3,2
84691368,Cirsium echinus,2021-06-19,3,2
84703819,Cirsium palustre,2021-06-27,3,2
84727257,Cirsium heterophyllum,2021-06-27,3,2
84840471,Cirsium vulgare,2021-06-28,3,2
84849171,Cirsium oleraceum,2020-06-27,3,2
84855681,Cirsium heterophyllum,2021-06-26,3,2
84898659,Cirsium edule,2021-06-26,3,2
84908026,Cirsium palustre,2021-06-28,3,2
84933180,Cirsium arvense,2021-06-26,3,2
84938981,Cirsium scariosum,2021-06-27,3,2
84944625,Cirsium brevistylum,2021-06-14,3,2
84949926,Cirsium monspessulanum,2021-06-10,3,2
85016801,Cirsium palustre,2021-06-29,3,2
85072176,Cirsium oleraceum,2021-06-30,3,2
85074146,Cirsium arvense,2021-06-27,3,2
85078043,Cirsium palustre,2021-06-30,3,2
85088348,Cirsium heterophyllum,2021-06-30,3,2
85095063,Cirsium arvense,2021-06-30,3,2
85115360,Cirsium palustre,2021-06-30,3,2
85126693,Cirsium arvense,2021-06-30,3,2
85131071,Cirsium vulgare,2021-06-29,3,2
85146968,Cirsium canescens,2021-06-30,3,2
85184631,Cirsium oleraceum,2021-06-17,3,2
85193262,Cirsium vulgare,2021-07-01,3,2
85222227,Cirsium palustre,2021-07-01,3,2
85222798,Cirsium arvense,2021-06-14,3,2
85235135,Cirsium palustre,2021-07-01,3,2
85267367,Cirsium arvense,2021-07-01,3,2
85309906,Cirsium arvense,2021-05-01,3,2
85426622,Cirsium vulgare,2021-06-25,3,2
85436712,Cirsium arvense,2021-07-02,3,2
85452645,Cirsium arvense,2021-07-02,3,2
85483393,Cirsium oleraceum,2021-07-03,3,2
85515566,Cirsium arvense,2021-07-03,3,2
85591509,Cirsium heterophyllum,2021-07-04,3,2
85600863,Cirsium palustre,2021-07-03,3,2
85615431,Cirsium heterophyllum,2021-07-04,3,2
85629461,Cirsium palustre,2021-07-04,3,2
85632549,Cirsium arvense,2021-07-04,3,2
85650530,Cirsium arvense,2021-07-04,3,2
85657350,Cirsium scariosum,2021-07-03,3,2
85667759,Cirsium heterophyllum,2021-06-28,3,2
85683909,Cirsium arvense,2021-07-04,3,2
85733727,Cirsium brevistylum,2021-04-22,3,2
85782320,Cirsium arvense,2021-07-05,3,2
85782789,Cirsium arvense,2021-07-04,3,2
85822948,Cirsium filipendulum,2021-07-04,3,2
85861142,Cirsium arvense,2021-07-05,3,2
85873078,Cirsium arvense,2021-07-05,3,2
85873999,Cirsium heterophyllum,2021-07-06,3,2
85880467,Cirsium vulgare,2021-07-05,3,2
85893541,Cirsium oleraceum,2021-07-06,3,2
85910458,Cirsium vulgare,2021-07-06,3,2
85911343,Cirsium arvense,2021-07-06,3,2
85913146,Cirsium obvallatum,2021-07-06,3,2
85940099,Cirsium palustre,2021-07-06,3,2
85941685,Cirsium arvense,2021-07-06,3,2
85965268,Cirsium arvense,2021-07-03,3,2
86006698,Cirsium heterophyllum,2021-06-25,3,2
86020145,Cirsium heterophyllum,2021-07-04,3,2
86033751,Cirsium arvense,2021-07-07,3,2
86055457,Cirsium oleraceum,2021-07-07,3,2
86075103,Cirsium arvense,2021-07-07,3,2
86136151,Cirsium arvense,2021-07-07,3,2
86217101,Cirsium arvense,2021-07-08,3,2
86238353,Cirsium arvense,2021-07-08,3,2
86242340,Cirsium vulgare,2021-07-08,3,2
86264881,Cirsium arvense,2021-06-30,3,2
86282955,Cirsium arvense,2021-07-09,3,2
86283241,Cirsium palustre,2021-07-09,3,2
86292470,Cirsium palustre,2021-06-19,3,2
86319214,Cirsium edule,2021-07-05,3,2
86335403,Cirsium vulgare,2021-07-09,3,2
86374137,Cirsium arvense,2021-07-10,3,2
86379770,Cirsium vulgare,2021-07-10,3,2
86383777,Cirsium arvense,2021-07-10,3,2
86440026,Cirsium oleraceum,2021-07-03,3,2
86442661,Cirsium acaulon,2010-08-31,3,2
86461042,Cirsium palustre,2021-07-10,3,2
86501090,Cirsium vulgare,2021-07-10,3,2
86518323,Cirsium arvense,2021-07-10,3,2
86525966,Cirsium heterophyllum,2021-06-20,3,2
86525967,Cirsium palustre,2021-06-20,3,2
86534270,Cirsium arvense,2021-07-11,3,2
86567342,Cirsium arvense,2021-07-11,3,2
86571049,Cirsium oleraceum,2021-07-11,3,2
86603370,Cirsium arvense,2021-07-11,3,2
86604057,Cirsium edule,2021-07-11,3,2
86625739,Cirsium anartiolepis,2021-07-06,3,2
86639315,Cirsium vulgare,2021-07-11,3,2
86643246,Cirsium undulatum,2021-07-11,3,2
86670381,Cirsium arvense,2021-07-04,3,2
86689407,Cirsium vulgare,2021-07-12,3,2
86706574,Cirsium canum,2021-07-12,3,2
86737797,Cirsium arvense,2021-07-03,3,2
86777574,Cirsium arvense,2021-07-12,3,2
86792294,Cirsium vulgare,2021-07-11,3,2
8680271,Cirsium vulgare,2017-11-04,3,2
86826480,Cirsium arvense,2021-07-10,3,2
86840111,Cirsium heterophyllum,2021-07-05,3,2
86851097,Cirsium heterophyllum,2021-07-13,3,2
86884677,Cirsium obvallatum,2021-07-13,3,2
86895404,Cirsium palustre,2021-07-12,3,2
86897713,Cirsium vulgare,2021-07-11,3,2
86898076,Cirsium vulgare,2021-07-12,3,2
86945162,Cirsium hookerianum,2021-07-03,3,2
86953151,Cirsium arvense,2021-07-13,3,2
86960243,Cirsium vulgare,2021-07-14,3,2
86964965,Cirsium heterophyllum,2021-07-14,3,2
86975901,Cirsium heterophyllum,2021-07-10,3,2
86981786,Cirsium vulgare,2021-07-14,3,2
87004683,Cirsium heterophyllum,2021-07-13,3,2
87087340,Cirsium simplex,2021-07-12,3,2
87160309,Cirsium muticum,2021-07-14,3,2
87235812,Cirsium arvense,2021-07-14,3,2
87269364,Cirsium esculentum,2021-07-13,3,2
87274677,Cirsium palustre,2021-07-16,3,2
87298649,Cirsium arvense,2021-07-16,3,2
87321703,Cirsium arvense,2021-07-15,3,2
87323525,Cirsium arvense,2021-06-30,3,2
87411656,Cirsium arvense,2021-07-16,3,2
87447023,Cirsium vulgare,2021-07-14,3,2
87452400,Cirsium arvense,2021-07-16,3,2
87454194,Cirsium arvense,2021-07-17,3,2
87521691,Cirsium vulgare,2021-07-17,3,2
87521956,Cirsium oleraceum,2021-07-18,3,2
87526026,Cirsium arvense,2021-07-18,3,2
87543052,Cirsium oleraceum,2021-07-18,3,2
87544070,Cirsium flodmanii,2021-07-17,3,2
87567836,Cirsium brevistylum,2021-07-18,3,2
87604500,Cirsium heterophyllum,2021-07-18,3,2
87637394,Cirsium palustre,2021-07-13,3,2
87664737,Cirsium vulgare,2021-07-18,3,2
87666721,Cirsium arvense,2021-07-18,3,2
87674503,Cirsium vulgare,2021-07-18,3,2
87676274,Cirsium arvense,2021-07-18,3,2
87688981,Cirsium arvense,2021-07-18,3,2
87723742,Cirsium tuberosum,2021-07-19,3,2
87728296,Cirsium hosokawae,2021-07-12,3,2
87741178,Cirsium arvense,2021-07-17,3,2
87786523,Cirsium muticum,2021-07-19,3,2
87830546,Cirsium heterophyllum,2021-07-20,3,2
87836212,Cirsium arvense,2021-07-19,3,2
87857615,Cirsium vulgare,2021-07-17,3,2
87859271,Cirsium serratuloides,2021-07-19,3,2
87874252,Cirsium vulgare,2021-07-20,3,2
87874573,Cirsium vulgare,2021-07-07,3,2
87880707,Cirsium arvense,2021-07-20,3,2
87913214,Cirsium obvallatum,2021-07-19,3,2
87930804,Cirsium vulgare,2021-07-20,3,2
87969615,Cirsium vulgare,2021-07-20,3,2
87977381,Cirsium vulgare,2021-07-21,3,2
88034970,Cirsium heterophyllum,2021-07-21,3,2
88055710,Cirsium culebraense,2021-07-15,3,2
88079937,Cirsium arvense,2021-07-22,3,2
88089267,Cirsium arvense,2021-07-20,3,2
88101925,Cirsium arvense,2021-07-19,3,2
88125497,Cirsium palustre,2021-07-22,3,2
88136295,Cirsium vulgare,2021-07-22,3,2
88152263,Cirsium acaulon,2021-07-22,3,2
88162437,Cirsium centaureae,2021-07-22,3,2
88165889,Cirsium arvense,2021-07-21,3,2
88167527,Cirsium palustre,2021-07-22,3,2
88218758,Cirsium scariosum,2021-07-22,3,2
88235966,Cirsium vulgare,2021-07-23,3,2
88315846,Cirsium scariosum,2021-06-15,3,2
88319935,Cirsium vulgare,2021-07-16,3,2
88368338,Cirsium vulgare,2021-07-23,3,2
88394453,Cirsium oleraceum,2021-07-24,3,2
88437459,Cirsium arvense,2021-07-24,3,2
88461543,Cirsium arvense,2021-07-23,3,2
88469686,Cirsium arvense,2021-06-25,3,2
88473568,Cirsium vulgare,2021-07-24,3,2
88474483,Cirsium vulgare,2021-07-24,3,2
88480329,Cirsium vulgare,2021-07-24,3,2
88498049,Cirsium vulgare,2021-07-24,3,2
88519773,Cirsium muticum,2021-07-24,3,2
88557408,Cirsium pumilum,2021-07-25,3,2
88595428,Cirsium undulatum,2021-07-25,3,2
88640987,Cirsium pumilum,2021-07-23,3,2
88663865,Cirsium vulgare,2021-07-24,3,2
88665711,Cirsium arvense,2021-07-23,3,2
88672173,Cirsium serratuloides,2021-07-25,3,2
88673568,Cirsium muticum,2021-07-24,3,2
88674420,Cirsium vulgare,2021-07-26,3,2
88687576,Cirsium centaureae,2021-07-25,3,2
88703875,Cirsium vulgare,2021-07-24,3,2
88769366,Cirsium flodmanii,2021-07-26,3,2
88794369,Cirsium arvense,2021-07-25,3,2
88799883,Cirsium oleraceum,2021-07-26,3,2
88816450,Cirsium vulgare,2021-07-24,3,2
88868684,Cirsium vulgare,2021-07-27,3,2
88876574,Cirsium pumilum,2021-07-27,3,2
88882643,Cirsium vulgare,2021-07-27,3,2
88899690,Cirsium flodmanii,2021-07-25,3,2
88921868,Cirsium arvense,2021-07-28,3,2
88971864,Cirsium arvense,2021-07-14,3,2
89013662,Cirsium muticum,2021-07-28,3,2
89015917,Cirsium parryi,2021-07-28,3,2
89023130,Cirsium flodmanii,2021-07-28,3,2
89029464,Cirsium helenioides,2021-07-22,3,2
89095642,Cirsium serratuloides,2021-07-28,3,2
89110666,Cirsium altissimum,2021-07-29,3,2
89118088,Cirsium pumilum,2021-07-29,3,2
89119315,Cirsium vulgare,2021-07-29,3,2
89126192,Cirsium discolor,2021-07-29,3,2
89134518,Cirsium muticum,2021-07-23,3,2
89154853,Cirsium arvense,2021-07-20,3,2
89167627,Cirsium arvense,2021-07-03,3,2
89174357,Cirsium pendulum,2021-07-30,3,2
89198933,Cirsium undulatum,2021-07-30,3,2
89210661,Cirsium hesperium,2021-07-26,3,2
89306721,Cirsium arvense,2021-07-31,3,2
89311890,Cirsium esculentum,2021-07-30,3,2
89339009,Cirsium muticum,2021-07-31,3,2
89360068,Cirsium arvense,2021-06-23,3,2
89410326,Cirsium drummondii,2021-07-29,3,2
89496345,Cirsium palustre,2021-07-30,3,2
89507824,Cirsium vulgare,2021-07-31,3,2
89526101,Cirsium vulgare,2021-08-01,3,2
89560251,Cirsium arvense,2021-08-01,3,2
89564878,Cirsium nuttallii,2021-07-18,3,2
89571094,Cirsium vulgare,2021-08-01,3,2
89574449,Cirsium vulgare,2021-08-01,3,2
89580214,Cirsium vulgare,2021-07-29,3,2
89587725,Cirsium arvense,2021-07-25,3,2
89588170,Cirsium muticum,2021-07-31,3,2
89631296,Cirsium heterophyllum,2021-07-28,3,2
89633215,Cirsium vulgare,2021-08-01,3,2
89669352,Cirsium vulgare,2021-08-02,3,2
89678980,Cirsium vulgare,2021-08-02,3,2
89759076,Cirsium arvense,2021-08-02,3,2
89795608,Cirsium japonicum,2021-07-30,3,2
89823887,Cirsium vulgare,2021-08-02,3,2
89904421,Cirsium arvense,2021-07-26,3,2
89940689,Cirsium pumilum,2021-08-04,3,2
89948516,Cirsium vulgare,2021-08-02,3,2
89970206,Cirsium vulgare,2021-08-03,3,2
89998200,Cirsium arvense,2021-08-05,3,2
90016400,Cirsium discolor,2021-08-04,3,2
90056215,Cirsium arvense,2021-08-05,3,2
90090752,Cirsium arvense,2021-08-04,3,2
90105142,Cirsium arvense,2021-08-05,3,2
90131306,Cirsium acaulon,2021-08-06,3,2
90143019,Cirsium heterophyllum,2021-08-06,3,2
90173894,Cirsium arvense,2021-07-16,3,2
90190161,Cirsium arvense,2021-08-06,3,2
90216222,Cirsium vulgare,2021-08-06,3,2
90235538,Cirsium arvense,2021-08-07,3,2
90243310,Cirsium vulgare,2021-08-07,3,2
90279805,Cirsium vulgare,2021-08-07,3,2
90308913,Cirsium muticum,2021-07-28,3,2
90344142,Cirsium arvense,2021-08-05,3,2
90370627,Cirsium vulgare,2021-08-08,3,2
90423338,Cirsium arvense,2021-08-08,3,2
90460961,Cirsium arvense,2021-08-06,3,2
90499281,Cirsium scariosum,2021-08-07,3,2
90507877,Cirsium serrulatum,2021-08-07,3,2
90517613,Cirsium esculentum,2021-08-09,3,2
90542635,Cirsium undulatum,2021-08-09,3,2
90558359,Cirsium acaulon,2021-07-25,3,2
90579026,Cirsium muticum,2021-08-09,3,2
90629425,Cirsium spinosissimum,2021-08-09,3,2
90634534,Cirsium vulgare,2021-08-07,3,2
90674382,Cirsium arvense,2021-08-07,3,2
90723706,Cirsium andersonii,2021-08-04,3,2
90739488,Cirsium vulgare,2021-08-09,3,2
90758600,Cirsium vulgare,2021-08-11,3,2
90802981,Cirsium arvense,2021-08-11,3,2
90836551,Cirsium brevistylum,2021-08-10,3,2
90858809,Cirsium arvense,2021-08-12,3,2
90873198,Cirsium vulgare,2021-08-11,3,2
90894438,Cirsium vulgare,2021-08-12,3,2
90901917,Cirsium oleraceum,2021-08-12,3,2
90902355,Cirsium arvense,2021-08-11,3,2
90917842,Cirsium arvense,2021-08-02,3,2
90977633,Cirsium oleraceum,2021-08-10,3,2
90996829,Cirsium arvense,2021-08-13,3,2
90999369,Cirsium discolor,2021-08-13,3,2
91001234,Cirsium flodmanii,2021-08-11,3,2
91016518,Cirsium heterophyllum,2021-08-12,3,2
91019378,Cirsium monspessulanum,2021-06-27,3,2
91047489,Cirsium vulgare,2021-08-13,3,2
91068047,Cirsium discolor,2021-08-13,3,2
91102541,Cirsium vulgare,2021-08-14,3,2
91176191,Cirsium vulgare,2021-08-02,3,2
91215106,Cirsium vulgare,2021-08-14,3,2
91260211,Cirsium esculentum,2021-08-15,3,2
91284686,Cirsium vulgare,2021-08-04,3,2
91288288,Cirsium vulgare,2021-08-14,3,2
91291023,Cirsium arvense,2021-08-14,3,2
91292034,Cirsium altissimum,2021-08-11,3,2
91294274,Cirsium vulgare,2021-08-14,3,2
91304190,Cirsium vulgare,2021-08-15,3,2
91309275,Cirsium oleraceum,2021-08-15,3,2
91366180,Cirsium vulgare,2021-08-15,3,2
91374755,Cirsium vulgare,2021-08-14,3,2
91391200,Cirsium arvense,2021-08-16,3,2
91391513,Cirsium vulgare,2021-08-16,3,2
91428682,Cirsium arvense,2021-08-16,3,2
91436100,Cirsium acaulon,2021-08-16,3,2
91463601,Cirsium arizonicum,2021-08-13,3,2
91498898,Cirsium arvense,2021-08-14,3,2
91506079,Cirsium vulgare,2021-08-08,3,2
91506700,Cirsium arvense,2021-08-16,3,2
91524178,Cirsium vulgare,2021-08-17,3,2
91531620,Cirsium vulgare,2021-08-11,3,2
91613901,Cirsium oleraceum,2021-08-17,3,2
91630912,Cirsium vulgare,2021-08-17,3,2
9166483,Cirsium muticum,2008-08-11,3,2
91719744,Cirsium arizonicum,2021-08-04,3,2
91752000,Cirsium acaulon,2021-08-19,3,2
91774661,Cirsium palustre,2021-07-23,3,2
91781751,Cirsium palustre,2021-08-18,3,2
91781761,Cirsium arvense,2021-08-18,3,2
91790751,Cirsium arvense,2021-08-19,3,2
91819380,Cirsium arvense,2021-08-19,3,2
91836676,Cirsium ciliatum,2021-07-11,3,2
91892707,Cirsium arvense,2021-08-20,3,2
91945215,Cirsium vulgare,2021-08-21,3,2
91975265,Cirsium vulgare,2021-08-21,3,2
91983940,Cirsium arvense,2021-08-21,3,2
92040003,Cirsium arvense,2021-08-21,3,2
9205343,Cirsium italicum,2016-08-09,3,2
92069908,Cirsium esculentum,2021-08-22,3,2
92114240,Cirsium discolor,2021-08-22,3,2
9212645,Cirsium arvense,2017-08-21,3,2
92165518,Cirsium palustre,2021-08-21,3,2
92210229,Cirsium esculentum,2021-08-21,3,2
92219166,Cirsium helenioides,2021-08-08,3,2
92282256,Cirsium vulgare,2021-08-23,3,2
92303870,Cirsium arvense,2021-08-21,3,2
9232608,Cirsium vulgare,2016-08-13,3,2
92370545,Cirsium arvense,2021-08-15,3,2
92413294,Cirsium heterophyllum,2021-08-16,3,2
92413401,Cirsium arvense,2021-08-16,3,2
92417576,Cirsium mohavense,2021-08-24,3,2
92478728,Cirsium vulgare,2021-08-25,3,2
92575871,Cirsium discolor,2021-08-05,3,2
92606377,Cirsium vulgare,2021-08-25,3,2
92642820,Cirsium altissimum,2021-08-26,3,2
92714963,Cirsium vulgare,2021-08-27,3,2
92762350,Cirsium arvense,2021-08-28,3,2
92783811,Cirsium oleraceum,2021-08-28,3,2
92890579,Cirsium discolor,2021-08-28,3,2
92964634,Cirsium heterophyllum,2021-08-28,3,2
93001832,Cirsium brevistylum,2021-08-26,3,2
93035785,Cirsium acaulon,2021-08-30,3,2
93037237,Cirsium rivulare,2004-07-07,3,2
93055508,Cirsium vulgare,2021-07-28,3,2
93073101,Cirsium vulgare,2021-08-29,3,2
93073930,Cirsium kamtschaticum,2021-08-28,3,2
93139395,Cirsium arvense,2021-08-30,3,2
93188180,Cirsium arvense,2021-08-31,3,2
9327609,Cirsium vulgare,2017-12-30,3,2
93375142,Cirsium erisithales,2021-08-08,3,2
93375428,Cirsium discolor,2021-09-02,3,2
93460812,Cirsium horridulum,2021-05-05,3,2
93547774,Cirsium vulgare,2021-08-03,3,2
93569607,Cirsium heterophyllum,2021-08-11,3,2
93625860,Cirsium arvense,2021-09-04,3,2
93679812,Cirsium serrulatum,2021-09-04,3,2
93681706,Cirsium vulgare,2021-09-04,3,2
93733249,Cirsium vulgare,2021-08-25,3,2
93746623,Cirsium arvense,2021-09-04,3,2
9375084,Cirsium arvense,2008-07-31,3,2
9375087,Cirsium heterophyllum,2004-07-25,3,2
9375088,Cirsium monspessulanum,2005-08-24,3,2
93820764,Cirsium arvense,2021-09-05,3,2
93836852,Cirsium arvense,2021-09-06,3,2
93836893,Cirsium sieboldii,2021-09-06,3,2
93893204,Cirsium arvense,2021-09-03,3,2
93919005,Cirsium altissimum,2021-09-06,3,2
93985907,Cirsium altissimum,2021-08-22,3,2
93995211,Cirsium arvense,2021-08-07,3,2
94008748,Cirsium vulgare,2021-09-07,3,2
94077557,Cirsium discolor,2021-09-01,3,2
94164401,Cirsium altissimum,2021-09-08,3,2
94229524,Cirsium undulatum,2020-07-08,3,2
94474207,Cirsium arvense,2021-09-11,3,2
94568045,Cirsium arvense,2017-07-18,3,2
94573068,Cirsium esculentum,2021-08-13,3,2
94627790,Cirsium hookerianum,2021-09-04,3,2
94628225,Cirsium altissimum,2021-09-12,3,2
9466857,Cirsium arvense,2018-01-10,3,2
94699795,Cirsium oleraceum,2021-08-28,3,2
94717504,Cirsium arvense,2021-09-13,3,2
94927987,Cirsium arvense,2021-09-15,3,2
94928629,Cirsium oleraceum,2021-09-10,3,2
94951029,Cirsium muticum,2021-09-15,3,2
94985097,Cirsium arvense,2021-09-15,3,2
95016706,Cirsium oleraceum,2021-09-16,3,2
95059669,Cirsium discolor,2021-08-29,3,2
95078532,Cirsium discolor,2021-09-15,3,2
95085923,Cirsium altissimum,2021-09-15,3,2
95088741,Cirsium vulgare,2021-09-16,3,2
95114872,Cirsium arvense,2021-09-11,3,2
95160158,Cirsium oleraceum,2021-09-17,3,2
95260725,Cirsium discolor,2021-09-16,3,2
95266772,Cirsium arvense,2021-09-18,3,2
95276036,Cirsium esculentum,2021-09-18,3,2
95289746,Cirsium vulgare,2021-09-15,3,2
95380506,Cirsium arvense,2021-09-19,3,2
95384824,Cirsium oleraceum,2021-09-19,3,2
95397049,Cirsium arvense,2021-09-18,3,2
95406017,Cirsium discolor,2021-09-19,3,2
95406471,Cirsium vulgare,2021-08-18,3,2
95433582,Cirsium vulgare,2021-09-19,3,2
95436185,Cirsium palustre,2017-06-21,3,2
95532195,Cirsium vulgare,2021-09-19,3,2
95559723,Cirsium vulgare,2021-09-18,3,2
95596411,Cirsium arvense,2021-09-20,3,2
95631070,Cirsium arvense,2021-09-19,3,2
95795046,Cirsium vulgare,2021-09-19,3,2
95863071,Cirsium oleraceum,2021-09-11,3,2
95875211,Cirsium vulgare,2021-09-21,3,2
95877850,Cirsium vulgare,2021-09-20,3,2
96084279,Cirsium vulgare,2021-09-25,3,2
96109931,Cirsium ochrocentrum,2021-09-18,3,2
96118383,Cirsium discolor,2021-09-25,3,2
96286409,Cirsium discolor,2021-09-25,3,2
96305744,Cirsium discolor,2021-09-26,3,2
96351499,Cirsium altissimum,2021-09-26,3,2
96473236,Cirsium altissimum,2021-09-25,3,2
96480084,Cirsium vulgare,2021-09-08,3,2
96643764,Cirsium discolor,2021-09-19,3,2
96685562,Cirsium arvense,2021-09-30,3,2
96710830,Cirsium hookerianum,2021-09-14,3,2
96724386,Cirsium vulgare,2021-07-24,3,2
96851017,Cirsium muticum,2021-10-01,3,2
96890484,Cirsium palustre,2021-10-02,3,2
96908887,Cirsium heterophyllum,2021-06-20,3,2
96974388,Cirsium altissimum,2021-10-02,3,2
97046261,Cirsium arvense,2021-10-03,3,2
97110040,Cirsium arvense,2021-06-16,3,2
97385336,Cirsium vulgare,2021-10-06,3,2
97425871,Cirsium vulgare,2021-10-07,3,2
97458428,Cirsium oleraceum,2021-08-22,3,2
97584496,Cirsium vulgare,2021-10-08,3,2
97687889,Cirsium vulgare,2021-08-23,3,2
97742742,Cirsium vulgare,2021-10-10,3,2
97909941,Cirsium vulgare,2021-10-11,3,2
98060834,Cirsium discolor,2021-10-12,3,2
98099175,Cirsium arvense,2021-10-13,3,2
98195285,Cirsium rivulare,2019-09-24,3,2
98246998,Cirsium vulgare,2021-10-04,3,2
98310614,Cirsium serrulatum,2021-09-12,3,2
98370439,Cirsium oleraceum,2021-10-16,3,2
98468185,Cirsium arvense,2021-08-14,3,2
98612786,Cirsium arvense,2021-08-19,3,2
98680620,Cirsium arvense,2021-10-18,3,2
98686862,Cirsium palustre,2021-10-18,3,2
98791924,Cirsium esculentum,2016-08-07,3,2
98799750,Cirsium arvense,2021-10-16,3,2
98915351,Cirsium hookerianum,2021-07-25,3,2
98916490,Cirsium vulgare,2021-07-25,3,2
98917030,Cirsium vulgare,2021-08-17,3,2
99668149,Cirsium vulgare,2021-10-24,3,2
99737744,Cirsium vulgare,2021-09-11,3,2
99749397,Cirsium vulgare,2021-10-29,3,2
99826398,Cirsium arvense,2021-10-30,3,2
99885990,Cirsium vulgare,2021-10-31,3,2
100015827,Cirsium vulgare,2021-10-31,2,1
100060035,Cirsium vulgare,2021-10-30,2,1
100071463,Cirsium pannonicum,2021-10-09,2,1
100207460,Cirsium arvense,2021-11-04,2,1
100323448,Cirsium ochrocentrum,2021-10-05,2,1
100331626,Cirsium oleraceum,2021-11-05,2,1
100357212,Cirsium vulgare,2021-11-05,2,1
100393467,Cirsium arvense,2021-11-06,2,1
100406008,Cirsium vulgare,2021-11-06,2,1
100437984,Cirsium arvense,2021-07-03,2,1
100524216,Cirsium oleraceum,2021-11-07,2,1
100535807,Cirsium arvense,2021-11-07,2,1
100646662,Cirsium vulgare,2021-11-09,2,1
100660524,Cirsium vulgare,2021-03-18,2,1
100706088,Cirsium nivale,2020-03-31,2,1
100716425,Cirsium vulgare,2021-11-07,2,1
100795988,Cirsium altissimum,2021-11-10,2,1
100992900,Cirsium vulgare,2021-11-11,2,1
100993879,Cirsium alatum,2021-09-03,2,1
101003764,Cirsium arvense,2021-11-08,2,1
101040015,Cirsium vulgare,2021-11-13,2,1
101093430,Cirsium arvense,2021-11-05,2,1
101093699,Cirsium vulgare,2021-11-05,2,1
101261564,Cirsium arvense,2021-10-23,2,1
101318570,Cirsium vulgare,2021-11-10,2,1
101394452,Cirsium arvense,2021-08-07,2,1
101424175,Cirsium arvense,2021-11-18,2,1
101493785,Cirsium acaulon,2021-07-10,2,1
101523211,Cirsium vulgare,2021-11-18,2,1
101558978,Cirsium discolor,2021-11-20,2,1
101762748,Cirsium discolor,2018-09-14,2,1
10185708,Cirsium vulgare,2018-03-10,2,1
101931731,Cirsium esculentum,2021-08-10,2,1
101935969,Cirsium oleraceum,2021-09-18,2,1
101950312,Cirsium obvallatum,2021-06-30,2,1
102030101,Cirsium horridulum,2021-11-26,2,1
102302740,Cirsium helenioides,2021-08-12,2,1
102371755,Cirsium palustre,2021-12-01,2,1
102383518,Cirsium radians,2012-11-17,2,1
102538821,Cirsium macrobotrys,2017-08-06,2,1
102598994,Cirsium heterophyllum,2021-08-14,2,1
102644769,Cirsium vulgare,2021-11-28,2,1
102658509,Cirsium echinus,2021-07-01,2,1
102675812,Cirsium vulgare,2021-10-03,2,1
102715452,Cirsium vulgare,2017-08-09,2,1
102732802,Cirsium vulgare,2021-07-09,2,1
102781470,Cirsium vulgare,2021-12-09,2,1
102871803,Cirsium vulgare,2021-12-11,2,1
10290349,Cirsium rhaphilepis,2018-03-15,2,1
102997840,Cirsium arvense,2015-01-02,2,1
103074524,Cirsium discolor,2021-09-05,2,1
103107876,Cirsium vulgare,2021-10-06,2,1
103226690,Cirsium vulgare,2021-12-17,2,1
103491003,Cirsium oleraceum,2021-09-19,2,1
103497283,Cirsium oleraceum,2012-08-29,2,1
103529317,Cirsium hookerianum,2021-07-11,2,1
103530462,Cirsium vulgare,2021-11-02,2,1
103565479,Cirsium arvense,2021-12-22,2,1
103565730,Cirsium vulgare,2021-12-23,2,1
103569020,Cirsium mexicanum,2021-04-21,2,1
103581650,Cirsium arvense,2020-06-11,2,1
103627863,Cirsium vulgare,2010-08-23,2,1
103731690,Cirsium vulgare,2021-09-12,2,1
103784133,Cirsium vulgare,2012-03-25,2,1
10383897,Cirsium horridulum,2018-03-17,2,1
103889739,Cirsium oleraceum,2021-08-23,2,1
104087862,Cirsium vulgare,2022-01-01,2,1
104090005,Cirsium vulgare,2022-01-01,2,1
104164335,Cirsium vulgare,2022-01-01,2,1
104252258,Cirsium arvense,2022-01-03,2,1
104274469,Cirsium palustre,2018-07-12,2,1
104429328,Cirsium vulgare,2022-01-02,2,1
104482523,Cirsium flodmanii,2021-06-13,2,1
104487745,Cirsium vulgare,2022-01-07,2,1
104507885,Cirsium arvense,2022-01-06,2,1
104545718,Cirsium muticum,2021-07-15,2,1
104591024,Cirsium palustre,2017-07-01,2,1
104773145,Cirsium oleraceum,2021-08-31,2,1
104785760,Cirsium vulgare,2021-12-14,2,1
104807014,Cirsium pugnax,2021-08-07,2,1
104810627,Cirsium muticum,2017-05-23,2,1
104862706,Cirsium vulgare,2022-01-07,2,1
10492512,Cirsium horridulum,2018-03-29,2,1
104975448,Cirsium ehrenbergii,2021-12-31,2,1
104983773,Cirsium scariosum,2018-05-28,2,1
105207556,Cirsium horridulum,2022-01-16,2,1
105250918,Cirsium vulgare,2018-08-31,2,1
105274149,Cirsium vulgare,2019-08-23,2,1
105364736,Cirsium vulgare,2022-01-20,2,1
105411331,Cirsium vulgare,2022-01-22,2,1
105443363,Cirsium vulgare,2022-01-23,2,1
105485734,Cirsium helenioides,2021-08-19,2,1
105501216,Cirsium vulgare,2022-01-22,2,1
105526875,Cirsium horridulum,2021-04-16,2,1
105594870,Cirsium vulgare,2022-01-26,2,1
105602325,Cirsium arvense,2019-07-12,2,1
105624826,Cirsium arvense,2007-07-03,2,1
105680792,Cirsium macrocephalum,2009-08-05,2,1
105681108,Cirsium macrocephalum,2009-08-07,2,1
105709959,Cirsium vulgare,2022-01-27,2,1
105743216,Cirsium arvense,2019-09-17,2,1
105753533,Cirsium ciliatum,2021-09-17,2,1
105792741,Cirsium greimleri,2019-07-15,2,1
105980158,Cirsium vulgare,2022-01-26,2,1
106052400,Cirsium arvense,2021-08-06,2,1
106194,Cirsium vulgare,2012-07-25,2,1
106204985,Cirsium subcoriaceum,2022-02-05,2,1
106295796,Cirsium vulgare,2022-02-06,2,1
106411381,Cirsium vulgare,2021-07-26,2,1
106594114,Cirsium arvense,2015-08-16,2,1
106641129,Cirsium vulgare,2021-07-03,2,1
106641453,Cirsium arvense,2021-07-02,2,1
106680823,Cirsium ehrenbergii,2022-02-11,2,1
106684657,Cirsium vulgare,2020-03-15,2,1
10669372,Cirsium arvense,2007-08-13,2,1
106788424,Cirsium vulgare,2008-07-30,2,1
106978207,Cirsium horridulum,2022-02-18,2,1
106997768,Cirsium brevistylum,2022-02-18,2,1
107060585,Cirsium arvense,2021-05-28,2,1
10709421,Cirsium texanum,2018-04-07,2,1
107122205,Cirsium heterophyllum,2017-08-01,2,1
107125985,Cirsium arvense,2022-02-19,2,1
107140852,Cirsium subcoriaceum,2022-02-20,2,1
107173189,Cirsium vulgare,2022-02-11,2,1
107188473,Cirsium arvense,2021-05-25,2,1
10721487,Cirsium horridulum,2018-04-08,2,1
107265868,Cirsium esculentum,2009-08-10,2,1
107323060,Cirsium arvense,2006-07-21,2,1
107331674,Cirsium arvense,2021-09-18,2,1
107552815,Cirsium arvense,2021-06-04,2,1
107727805,Cirsium vulgare,2022-02-24,2,1
10773309,Cirsium vulgare,2018-04-11,2,1
107768339,Cirsium mexicanum,2022-03-01,2,1
107883047,Cirsium vulgare,2018-09-01,2,1
107918896,Cirsium horridulum,2022-03-04,2,1
108205625,Cirsium vulgare,2022-03-08,2,1
108226020,Cirsium vulgare,2022-03-09,2,1
108260612,Cirsium discolor,2022-03-09,2,1
108283665,Cirsium mohavense,2011-06-30,2,1
108303116,Cirsium brevistylum,2022-03-09,2,1
108352561,Cirsium arvense,2014-10-08,2,1
108352562,Cirsium vulgare,2016-09-02,2,1
108405473,Cirsium horridulum,2022-03-10,2,1
108423797,Cirsium vulgare,2021-08-04,2,1
108473697,Cirsium horridulum,2022-03-12,2,1
108563411,Cirsium rhaphilepis,2022-03-13,2,1
108588405,Cirsium heterophyllum,2021-08-19,2,1
10861515,Cirsium vulgare,2013-01-29,2,1
108846145,Cirsium horridulum,2022-03-17,2,1
108951042,Cirsium vulgare,2022-02-27,2,1
108992039,Cirsium arvense,2022-03-19,2,1
10903047,Cirsium texanum,2018-04-07,2,1
109256662,Cirsium arvense,2015-08-21,2,1
109322207,Cirsium vulgare,2022-03-23,2,1
109371221,Cirsium vulgare,2022-03-24,2,1
109493248,Cirsium vulgare,2022-03-11,2,1
109674135,Cirsium horridulum,2022-03-27,2,1
109685693,Cirsium vulgare,2022-03-27,2,1
109759287,Cirsium vulgare,2022-03-28,2,1
109792548,Cirsium heterophyllum,2020-07-19,2,1
110004884,Cirsium vulgare,2014-03-03,2,1
110011597,Cirsium vulgare,2021-08-23,2,1
110033611,Cirsium vulgare,2022-03-31,2,1
110116880,Cirsium arvense,2021-08-23,2,1
110228618,Cirsium mexicanum,2022-04-02,2,1
110280605,Cirsium japonicum,2022-04-03,2,1
110334687,Cirsium horridulum,2022-04-03,2,1
110406507,Cirsium vulgare,2022-04-04,2,1
110418001,Cirsium helenioides,2016-07-21,2,1
110445902,Cirsium horridulum,2022-04-04,2,1
110541352,Cirsium discolor,2022-04-05,2,1
110588339,Cirsium horridulum,2022-03-26,2,1
110666774,Cirsium ehrenbergii,2022-04-03,2,1
110679467,Cirsium horridulum,2022-04-07,2,1
110739546,Cirsium canum,2021-07-23,2,1
110786476,Cirsium discolor,2022-04-08,2,1
110866046,Cirsium arvense,2021-07-23,2,1
110878910,Cirsium neomexicanum,2022-04-09,2,1
110894744,Cirsium horridulum,2022-04-09,2,1
110900609,Cirsium horridulum,2022-04-09,2,1
111031346,Cirsium horridulum,2022-04-10,2,1
111115649,Cirsium horridulum,2022-04-08,2,1
111178695,Cirsium vulgare,2022-04-12,2,1
111190973,Cirsium vulgare,2022-04-10,2,1
111199979,Cirsium horridulum,2022-04-12,2,1
111200038,Cirsium palustre,2022-04-12,2,1
111200622,Cirsium discolor,2021-08-27,2,1
111261666,Cirsium vulgare,2022-04-12,2,1
111346634,Cirsium horridulum,2022-04-13,2,1
111362716,Cirsium horridulum,2022-04-13,2,1
111421424,Cirsium palustre,2022-04-14,2,1
111422941,Cirsium horridulum,2022-04-14,2,1
111491059,Cirsium arvense,2021-12-28,2,1
111585343,Cirsium texanum,2022-04-15,2,1
11160194,Cirsium vulgare,2015-12-25,2,1
111618269,Cirsium vulgare,2022-04-16,2,1
111623820,Cirsium vulgare,2022-04-16,2,1
111648685,Cirsium texanum,2022-04-16,2,1
111723335,Cirsium neomexicanum,2022-04-03,2,1
111748090,Cirsium arvense,2022-04-17,2,1
111748856,Cirsium drummondii,2016-06-29,2,1
111754291,Cirsium dissectum,2022-04-15,2,1
111787752,Cirsium vulgare,2022-04-17,2,1
11190232,Cirsium vulgare,2016-02-07,2,1
11195445,Cirsium vulgare,2016-03-09,2,1
11198464,Cirsium vulgare,2016-03-12,2,1
112026869,Cirsium arvense,2022-04-17,2,1
112043194,Cirsium horridulum,2022-04-19,2,1
112153018,Cirsium vulgare,2022-04-20,2,1
112217591,Cirsium brevistylum,2022-04-20,2,1
112249952,Cirsium chionanthum,2017-06-02,2,1
112559825,Cirsium horridulum,2022-04-23,2,1
112791351,Cirsium mohavense,2022-04-24,2,1
112797576,Cirsium neomexicanum,2022-04-24,2,1
112849180,Cirsium neomexicanum,2022-04-23,2,1
113006982,Cirsium vulgare,2022-04-17,2,1
113017404,Cirsium occidentale,2022-04-26,2,1
113086096,Cirsium verutum,2022-04-26,2,1
113109148,Cirsium vulgare,2022-04-27,2,1
113114092,Cirsium brevistylum,2022-04-27,2,1
113153327,Cirsium vulgare,2022-04-27,2,1
113203044,Cirsium horridulum,2022-04-27,2,1
113243738,Cirsium vulgare,2022-04-28,2,1
113507279,Cirsium vulgare,2022-04-29,2,1
113640733,Cirsium texanum,2022-04-29,2,1
11365513,Cirsium neomexicanum,2018-04-22,2,1
113712375,Cirsium arvense,2022-04-30,2,1
113762111,Cirsium vulgare,2022-04-28,2,1
113805055,Cirsium texanum,2022-04-29,2,1
113805917,Cirsium vulgare,2022-04-29,2,1
113961575,Cirsium arvense,2022-04-30,2,1
114009635,Cirsium occidentale,2022-04-29,2,1
114134075,Cirsium vulgare,2022-04-30,2,1
114285261,Cirsium horridulum,2022-05-01,2,1
114292654,Cirsium arvense,2022-04-30,2,1
114302229,Cirsium vulgare,2022-04-30,2,1
114385405,Cirsium vulgare,2022-05-01,2,1
114827277,Cirsium palustre,2022-05-01,2,1
115078340,Cirsium vulgare,2022-04-18,2,1
115153845,Cirsium undulatum,2022-04-30,2,1
115295848,Cirsium palustre,2022-05-03,2,1
1153404,Cirsium palustre,2014-12-26,2,1
115382241,Cirsium vulgare,2022-05-03,2,1
115429562,Cirsium vulgare,2022-05-02,2,1
115529656,Cirsium arvense,2022-05-04,2,1
11556558,Cirsium palustre,2012-07-22,2,1
115579017,Cirsium vulgare,2022-05-05,2,1
115616849,Cirsium texanum,2022-05-05,2,1
115739691,Cirsium undulatum,2022-05-06,2,1
115765765,Cirsium neomexicanum,2022-04-28,2,1
115784948,Cirsium horridulum,2022-05-05,2,1
115818977,Cirsium brevistylum,2022-05-04,2,1
115957020,Cirsium horridulum,2022-05-07,2,1
115958803,Cirsium arvense,2022-05-07,2,1
115980307,Cirsium nuttallii,2022-05-07,2,1
116019291,Cirsium arvense,2022-05-07,2,1
11604073,Cirsium anartiolepis,2018-04-25,2,1
116052070,Cirsium oleraceum,2022-05-07,2,1
116063777,Cirsium undulatum,2022-05-07,2,1
116130616,Cirsium rhaphilepis,2022-05-07,2,1
116190263,Cirsium texanum,2022-05-08,2,1
116239390,Cirsium vulgare,2022-05-08,2,1
116289435,Cirsium vulgare,2022-05-09,2,1
116309881,Cirsium texanum,2022-05-09,2,1
116322196,Cirsium undulatum,2022-05-09,2,1
116346566,Cirsium carolinianum,2022-05-09,2,1
116360179,Cirsium nuttallii,2022-05-09,2,1
116374522,Cirsium arizonicum,2022-05-09,2,1
116411057,Cirsium vulgare,2022-05-07,2,1
116484022,Cirsium vulgare,2022-05-09,2,1
116612173,Cirsium vulgare,2022-05-11,2,1
116651072,Cirsium vulgare,2016-08-06,2,1
116667526,Cirsium horridulum,2022-05-11,2,1
116810953,Cirsium vulgare,2022-05-12,2,1
116828772,Cirsium vulgare,2022-05-13,2,1
116847930,Cirsium horridulum,2022-05-13,2,1
117119469,Cirsium oleraceum,2022-05-15,2,1
117151541,Cirsium vulgare,2022-05-15,2,1
117270853,Cirsium vulgare,2021-04-27,2,1
117343020,Cirsium vulgare,2022-05-16,2,1
11742047,Cirsium horridulum,2018-04-29,2,1
117633504,Cirsium arvense,2022-05-18,2,1
117677031,Cirsium neomexicanum,2022-05-18,2,1
117699823,Cirsium vulgare,2022-05-10,2,1
117860436,Cirsium vulgare,2022-05-20,2,1
117971698,Cirsium palustre,2022-05-21,2,1
117991686,Cirsium filipendulum,2022-05-21,2,1
118014851,Cirsium palustre,2022-05-21,2,1
118049078,Cirsium arvense,2022-05-21,2,1
118063600,Cirsium pumilum,2022-05-21,2,1
118126985,Cirsium undulatum,2022-05-21,2,1
118185977,Cirsium arvense,2022-05-22,2,1
118229031,Cirsium oleraceum,2022-05-22,2,1
118232731,Cirsium texanum,2022-05-22,2,1
118320765,Cirsium vulgare,2022-05-21,2,1
118333933,Cirsium helenioides,2022-05-21,2,1
118345997,Cirsium palustre,2022-05-12,2,1
118420823,Cirsium palustre,2022-05-23,2,1
118446445,Cirsium texanum,2022-05-23,2,1
118495682,Cirsium arvense,2022-05-24,2,1
118518800,Cirsium heterophyllum,2022-05-24,2,1
118532023,Cirsium neomexicanum,2022-05-23,2,1
118566772,Cirsium altissimum,2022-05-24,2,1
11863974,Cirsium vulgare,2018-04-30,2,1
118643256,Cirsium vulgare,2022-05-23,2,1
118653444,Cirsium arvense,2022-05-25,2,1
118664671,Cirsium vulgare,2022-05-22,2,1
118665700,Cirsium ochrocentrum,2022-05-25,2,1
118708144,Cirsium carolinianum,2022-05-25,2,1
118758826,Cirsium vulgare,2020-08-28,2,1
118768620,Cirsium palustre,2022-05-26,2,1
118826999,Cirsium vulgare,2022-05-26,2,1
118909859,Cirsium heterophyllum,2022-05-26,2,1
118911340,Cirsium vulgare,2022-05-26,2,1
118914455,Cirsium vulgare,2022-05-27,2,1
118920676,Cirsium palustre,2022-05-26,2,1
118947123,Cirsium dissectum,2022-05-26,2,1
118957907,Cirsium discolor,2022-05-27,2,1
118980998,Cirsium arvense,2022-05-27,2,1
119006978,Cirsium arvense,2022-05-27,2,1
119044872,Cirsium palustre,2022-05-28,2,1
119061745,Cirsium palustre,2022-05-24,2,1
119320645,Cirsium arvense,2022-05-29,2,1
119333077,Cirsium texanum,2022-05-29,2,1
119383091,Cirsium esculentum,2022-05-28,2,1
119403,Cirsium discolor,2012-09-03,2,1
119430005,Cirsium rivulare,2022-05-30,2,1
119465238,Cirsium carolinianum,2022-05-30,2,1
119517772,Cirsium arvense,2022-05-30,2,1
119554711,Cirsium serrulatum,2022-05-08,2,1
119589960,Cirsium palustre,2022-05-31,2,1
119643880,Cirsium arvense,2022-05-31,2,1
119656558,Cirsium serratuloides,2022-05-25,2,1
119778026,Cirsium carolinianum,2022-05-30,2,1
119805778,Cirsium vulgare,2022-06-01,2,1
119910038,Cirsium arvense,2022-06-02,2,1
119965218,Cirsium drummondii,2021-07-05,2,1
119994097,Cirsium vulgare,2022-05-31,2,1
120000760,Cirsium ukranicum,2021-07-27,2,1
120006641,Cirsium vulgare,2022-05-05,2,1
120051763,Cirsium palustre,2022-06-03,2,1
120117343,Cirsium serratuloides,2022-06-04,2,1
120146102,Cirsium arvense,2022-06-04,2,1
120207655,Cirsium arvense,2022-06-04,2,1
120231559,Cirsium horridulum,2022-06-04,2,1
120258082,Cirsium occidentale,2022-06-04,2,1
120294555,Cirsium canum,2022-06-05,2,1
120356972,Cirsium arvense,2022-05-27,2,1
120360022,Cirsium arvense,2022-06-05,2,1
120402365,Cirsium dissectum,2022-06-05,2,1
120416000,Cirsium palustre,2022-06-05,2,1
120429011,Cirsium vulgare,2022-06-05,2,1
120540461,Cirsium erisithales,2022-06-01,2,1
120559705,Cirsium undulatum,2022-06-06,2,1
120571308,Cirsium palustre,2022-06-06,2,1
120642542,Cirsium arvense,2022-06-06,2,1
120643524,Cirsium filipendulum,2022-06-07,2,1
120685976,Cirsium palustre,2022-06-07,2,1
120700211,Cirsium undulatum,2022-06-06,2,1
120768877,Cirsium occidentale,2022-06-04,2,1
120817334,Cirsium oleraceum,2022-06-08,2,1
120848318,Cirsium vulgare,2022-06-08,2,1
120855015,Cirsium dissectum,2022-06-08,2,1
120887619,Cirsium serratuloides,2022-06-08,2,1
120934897,Cirsium rivulare,2022-06-09,2,1
120950335,Cirsium palustre,2022-06-09,2,1
120952135,Cirsium rivulare,2022-06-09,2,1
120956301,Cirsium arvense,2022-06-09,2,1
120960890,Cirsium nuttallii,2022-06-09,2,1
120990624,Cirsium oleraceum,2022-06-09,2,1
121012973,Cirsium arvense,2022-06-09,2,1
121016374,Cirsium vulgare,2022-06-09,2,1
121020769,Cirsium palustre,2022-06-09,2,1
121043302,Cirsium arvense,2022-05-29,2,1
121045218,Cirsium muticum,2020-07-22,2,1
121113241,Cirsium heterophyllum,2022-06-10,2,1
121151235,Cirsium occidentale,2022-06-06,2,1
121153910,Cirsium discolor,2022-06-10,2,1
121201366,Cirsium palustre,2022-06-11,2,1
121226968,Cirsium vulgare,2022-06-11,2,1
121273029,Cirsium arvense,2022-06-11,2,1
121362499,Cirsium helenioides,2022-06-10,2,1
121372363,Cirsium heterophyllum,2022-06-11,2,1
121377071,Cirsium helenioides,2022-06-12,2,1
121380319,Cirsium palustre,2022-06-12,2,1
121402372,Cirsium altissimum,2022-06-12,2,1
121489049,Cirsium palustre,2022-06-09,2,1
121536935,Cirsium vulgare,2022-06-12,2,1
121544925,Cirsium occidentale,2022-06-10,2,1
121555723,Cirsium dissectum,2022-06-12,2,1
121590118,Cirsium arvense,2022-06-13,2,1
121801770,Cirsium nuttallii,2022-06-14,2,1
121823786,Cirsium arizonicum,2022-06-01,2,1
121848301,Cirsium heterophyllum,2022-06-15,2,1
121876146,Cirsium vulgare,2022-06-12,2,1
122047034,Cirsium palustre,2022-06-16,2,1
122096285,Cirsium vulgare,2022-06-16,2,1
122130064,Cirsium palustre,2022-06-17,2,1
122186930,Cirsium undulatum,2022-06-16,2,1
122264891,Cirsium kamtschaticum,2022-06-16,2,1
122286838,Cirsium palustre,2022-06-18,2,1
122323017,Cirsium horridulum,2022-06-13,2,1
122343509,Cirsium engelmannii,2022-06-17,2,1
122423300,Cirsium scariosum,2022-06-18,2,1
122462241,Cirsium heterophyllum,2022-06-19,2,1
122490616,Cirsium heterophyllum,2022-06-19,2,1
122508198,Cirsium palustre,2022-06-17,2,1
122509733,Cirsium vulgare,2022-06-19,2,1
122544577,Cirsium arvense,2022-06-16,2,1
122571272,Cirsium arvense,2022-06-19,2,1
122572762,Cirsium oleraceum,2022-06-17,2,1
122577987,Cirsium consociatum,2019-10-05,2,1
122616399,Cirsium tatakaense,2022-06-20,2,1
122627526,Cirsium palustre,2022-06-18,2,1
122643397,Cirsium pannonicum,2022-06-20,2,1
122650332,Cirsium arvense,2022-06-20,2,1
122662791,Cirsium canum,2022-06-20,2,1
122702968,Cirsium repandum,2022-06-19,2,1
122717997,Cirsium undulatum,2022-06-20,2,1
122732556,Cirsium arvense,2022-06-20,2,1
122782804,Cirsium heterophyllum,2022-06-21,2,1
122786751,Cirsium japonicum,2022-06-21,2,1
122887721,Cirsium scariosum,2022-06-21,2,1
12290976,Cirsium vulgare,2018-05-02,2,1
122913019,Cirsium palustre,2022-06-21,2,1
122928003,Cirsium palustre,2022-06-22,2,1
122980001,Cirsium nivale,2022-06-20,2,1
123088285,Cirsium vulgare,2022-06-14,2,1
123094049,Cirsium arvense,2022-06-23,2,1
123108540,Cirsium vulgare,2022-06-23,2,1
123116170,Cirsium vulgare,2022-06-23,2,1
123129288,Cirsium palustre,2022-06-22,2,1
123160255,Cirsium palustre,2022-06-23,2,1
123181400,Cirsium pulcherrimum,2022-06-23,2,1
123206773,Cirsium rivulare,2022-06-24,2,1
123215689,Cirsium arvense,2022-06-24,2,1
123220282,Cirsium horridulum,2022-06-22,2,1
123240420,Cirsium palustre,2022-06-24,2,1
123260602,Cirsium arvense,2022-06-24,2,1
123268131,Cirsium vulgare,2022-06-24,2,1
123277224,Cirsium spinosissimum,2022-06-19,2,1
123334686,Cirsium heterophyllum,2022-06-25,2,1
12333812,Cirsium canescens,2018-05-10,2,1
123342105,Cirsium vulgare,2022-06-25,2,1
123354546,Cirsium suzukii,2022-06-18,2,1
123360650,Cirsium alsophilum,2022-06-22,2,1
123366152,Cirsium arvense,2022-06-24,2,1
123394754,Cirsium vulgare,2022-06-25,2,1
123413973,Cirsium palustre,2022-06-11,2,1
123435058,Cirsium arvense,2022-06-25,2,1
123446678,Cirsium undulatum,2022-06-21,2,1
123488341,Cirsium serrulatum,2022-06-26,2,1
123494683,Cirsium arvense,2022-06-25,2,1
123507993,Cirsium vulgare,2022-06-25,2,1
123535038,Cirsium vulgare,2022-06-26,2,1
123601541,Cirsium arvense,2022-06-26,2,1
123638559,Cirsium arvense,2022-06-25,2,1
123653241,Cirsium vulgare,2022-06-19,2,1
123681486,Cirsium repandum,2022-06-26,2,1
123689799,Cirsium vulgare,2022-06-27,2,1
123699463,Cirsium arvense,2022-06-27,2,1
123729615,Cirsium vulgare,2022-06-27,2,1
123737522,Cirsium palustre,2022-06-25,2,1
123785194,Cirsium palustre,2022-06-26,2,1
123797579,Cirsium vulgare,2022-06-28,2,1
123799550,Cirsium vulgare,2022-06-27,2,1
123820366,Cirsium vulgare,2022-06-28,2,1
123830649,Cirsium palustre,2022-06-28,2,1
123833309,Cirsium scariosum,2022-06-26,2,1
123835351,Cirsium vulgare,2022-06-27,2,1
123839911,Cirsium vulgare,2022-06-28,2,1
123848971,Cirsium vulgare,2022-06-27,2,1
123865643,Cirsium arvense,2022-06-28,2,1
123874643,Cirsium acaulon,2022-06-28,2,1
123902171,Cirsium arvense,2022-06-25,2,1
123927170,Cirsium arvense,2022-06-19,2,1
123927709,Cirsium edule,2022-06-28,2,1
123958576,Cirsium arvense,2022-06-29,2,1
123968862,Cirsium arvense,2022-06-29,2,1
124005725,Cirsium palustre,2022-06-25,2,1
124025291,Cirsium vulgare,2022-06-29,2,1
124029565,Cirsium arvense,2022-06-28,2,1
124058238,Cirsium occidentale,2022-06-29,2,1
124085057,Cirsium arvense,2022-06-30,2,1
124118890,Cirsium arvense,2022-06-30,2,1
12415518,Cirsium texanum,2018-05-13,2,1
124168637,Cirsium vulgare,2022-06-30,2,1
124216413,Cirsium arvense,2022-06-25,2,1
124222017,Cirsium vulgare,2022-07-01,2,1
124224177,Cirsium arvense,2022-06-30,2,1
124226995,Cirsium heterophyllum,2022-07-01,2,1
124229127,Cirsium palustre,2022-07-01,2,1
124237647,Cirsium arvense,2022-07-01,2,1
124239195,Cirsium vulgare,2022-06-18,2,1
124246240,Cirsium palustre,2022-07-01,2,1
124246795,Cirsium vulgare,2022-07-01,2,1
124251736,Cirsium nuttallii,2022-07-01,2,1
124258414,Cirsium vulgare,2022-06-29,2,1
124270864,Cirsium hookerianum,2022-06-30,2,1
124279689,Cirsium heterophyllum,2022-06-24,2,1
124292905,Cirsium heterophyllum,2022-06-30,2,1
124314521,Cirsium arvense,2022-07-01,2,1
124320238,Cirsium vulgare,2022-07-01,2,1
124335693,Cirsium arvense,2022-06-25,2,1
124355222,Cirsium palustre,2022-07-02,2,1
124389446,Cirsium canescens,2022-06-30,2,1
124431745,Cirsium palustre,2022-06-26,2,1
124437219,Cirsium vulgare,2022-07-02,2,1
124504344,Cirsium serrulatum,2022-06-30,2,1
124505320,Cirsium arizonicum,2022-06-29,2,1
124514687,Cirsium spinosissimum,2022-07-02,2,1
124522281,Cirsium arvense,2022-07-02,2,1
124525518,Cirsium vulgare,2022-07-03,2,1
124573507,Cirsium muticum,2022-07-03,2,1
124583344,Cirsium palustre,2022-07-03,2,1
124593606,Cirsium palustre,2022-07-03,2,1
124595816,Cirsium palustre,2022-07-03,2,1
124649824,Cirsium foliosum,2022-07-03,2,1
124654619,Cirsium scariosum,2022-07-03,2,1
124675088,Cirsium scopulorum,2022-07-03,2,1
124688861,Cirsium vulgare,2022-07-03,2,1
124697041,Cirsium canum,2022-07-03,2,1
124714068,Cirsium vulgare,2022-06-29,2,1
124725028,Cirsium heterophyllum,2022-07-04,2,1
124739337,Cirsium scariosum,2022-07-02,2,1
124760211,Cirsium palustre,2022-07-02,2,1
124774778,Cirsium arvense,2022-07-04,2,1
124787325,Cirsium engelmannii,2022-06-06,2,1
124827078,Cirsium arvense,2022-07-04,2,1
124847449,Cirsium arisanense,2022-07-05,2,1
124860800,Cirsium kamtschaticum,2022-07-05,2,1
124873593,Cirsium canum,2022-07-05,2,1
124910682,Cirsium spinosissimum,2022-07-05,2,1
124956379,Cirsium arvense,2022-07-05,2,1
124987121,Cirsium mexicanum,2019-03-30,2,1
124992427,Cirsium palustre,2022-07-05,2,1
124994110,Cirsium kamtschaticum,2022-07-03,2,1
125019989,Cirsium vulgare,2022-07-06,2,1
125024400,Cirsium heterophyllum,2022-07-06,2,1
125071268,Cirsium heterophyllum,2022-07-03,2,1
125077742,Cirsium vulgare,2022-07-05,2,1
125090736,Cirsium japonicum,2018-04-21,2,1
125118032,Cirsium arvense,2022-07-06,2,1
125149681,Cirsium heterophyllum,2022-07-07,2,1
125171024,Cirsium occidentale,2022-07-05,2,1
125182322,Cirsium oleraceum,2022-07-06,2,1
125184816,Cirsium scariosum,2022-07-07,2,1
125191966,Cirsium vulgare,2022-07-07,2,1
125215242,Cirsium hookerianum,2022-06-29,2,1
125249933,Cirsium undulatum,2022-07-07,2,1
125260230,Cirsium drummondii,2022-07-07,2,1
125262652,Cirsium mohavense,2022-07-02,2,1
125276966,Cirsium oleraceum,2022-07-06,2,1
125278692,Cirsium arvense,2022-07-08,2,1
125301575,Cirsium helenioides,2022-06-11,2,1
125302177,Cirsium arizonicum,2022-07-08,2,1
125365431,Cirsium arvense,2022-07-05,2,1
125371715,Cirsium arvense,2022-07-08,2,1
125378021,Cirsium vulgare,2022-07-06,2,1
125392930,Cirsium altissimum,2022-07-07,2,1
125406931,Cirsium arvense,2022-07-08,2,1
125420666,Cirsium palustre,2022-07-09,2,1
125447469,Cirsium vulgare,2022-07-09,2,1
125454768,Cirsium vulgare,2006-07-23,2,1
125459298,Cirsium palustre,2022-07-09,2,1
125479511,Cirsium arvense,2022-07-09,2,1
125487581,Cirsium discolor,2022-07-09,2,1
125509775,Cirsium vulgare,2022-07-09,2,1
125571390,Cirsium carniolicum,2022-07-10,2,1
125580930,Cirsium vulgare,2022-07-10,2,1
125583236,Cirsium spinosissimum,2022-07-06,2,1
125597206,Cirsium helenioides,2022-07-10,2,1
125614595,Cirsium heterophyllum,2022-07-10,2,1
125615117,Cirsium arvense,2022-07-10,2,1
125615243,Cirsium arvense,2022-07-10,2,1
125634457,Cirsium arvense,2022-07-10,2,1
125638243,Cirsium vulgare,2022-07-10,2,1
125641242,Cirsium arvense,2022-07-10,2,1
125661650,Cirsium vulgare,2022-07-01,2,1
125687390,Cirsium arvense,2022-07-10,2,1
125692010,Cirsium arvense,2022-07-10,2,1
125694190,Cirsium palustre,2022-07-06,2,1
125715510,Cirsium arvense,2022-07-09,2,1
125729755,Cirsium helenioides,2022-07-10,2,1
125760794,Cirsium vulgare,2022-07-11,2,1
125761975,Cirsium palustre,2022-07-11,2,1
125789861,Cirsium vulgare,2022-07-11,2,1
125797691,Cirsium brevistylum,2022-07-11,2,1
12580521,Cirsium palustre,2018-05-17,2,1
125822282,Cirsium vulgare,2022-07-11,2,1
125828177,Cirsium palustre,2022-07-11,2,1
125843077,Cirsium vulgare,2022-07-11,2,1
125851642,Cirsium arvense,2022-07-11,2,1
125864136,Cirsium hookerianum,2022-07-08,2,1
125903360,Cirsium vulgare,2022-07-12,2,1
125925890,Cirsium palustre,2022-07-12,2,1
125962340,Cirsium oleraceum,2022-07-02,2,1
125975631,Cirsium neomexicanum,2022-07-05,2,1
126005786,Cirsium flodmanii,2022-07-12,2,1
126025924,Cirsium heterophyllum,2017-06-26,2,1
126058294,Cirsium oleraceum,2022-07-13,2,1
126069573,Cirsium arvense,2022-07-13,2,1
126082279,Cirsium vulgare,2022-07-13,2,1
126088265,Cirsium ochrocentrum,2022-07-13,2,1
126105880,Cirsium serrulatum,2022-06-11,2,1
126138968,Cirsium arvense,2022-07-13,2,1
126139959,Cirsium undulatum,2022-07-13,2,1
126158343,Cirsium arvense,2022-07-09,2,1
126159535,Cirsium hesperium,2022-07-03,2,1
12618378,Cirsium vulgare,2018-05-19,2,1
126195992,Cirsium heterophyllum,2022-07-14,2,1
126201056,Cirsium vulgare,2022-06-24,2,1
126204491,Cirsium arvense,2022-07-14,2,1
126220768,Cirsium vulgare,2022-07-14,2,1
126228080,Cirsium arvense,2022-07-14,2,1
126243463,Cirsium arvense,2022-07-14,2,1
126252346,Cirsium oleraceum,2022-07-14,2,1
126255982,Cirsium arvense,2022-06-27,2,1
126259013,Cirsium oleraceum,2022-07-14,2,1
126314393,Cirsium arvense,2022-07-10,2,1
126315480,Cirsium heterophyllum,2022-07-15,2,1
126316446,Cirsium vulgare,2022-07-06,2,1
126319392,Cirsium heterophyllum,2022-07-15,2,1
126320777,Cirsium arvense,2022-07-15,2,1
126321228,Cirsium vulgare,2022-07-15,2,1
126339197,Cirsium serratuloides,2022-07-10,2,1
126339932,Cirsium arvense,2022-07-14,2,1
126366661,Cirsium palustre,2022-07-13,2,1
126386440,Cirsium vulgare,2022-07-15,2,1
126399719,Cirsium palustre,2022-07-14,2,1
126420214,Cirsium flodmanii,2022-07-15,2,1
126435448,Cirsium heterophyllum,2022-07-16,2,1
126436218,Cirsium discolor,2022-07-15,2,1
126473899,Cirsium undulatum,2022-07-16,2,1
126475165,Cirsium palustre,2022-07-16,2,1
126512736,Cirsium heterophyllum,2022-07-02,2,1
126522059,Cirsium canum,2022-07-16,2,1
126522336,Cirsium scariosum,2022-07-16,2,1
126565242,Cirsium arvense,2022-07-16,2,1
126570160,Cirsium arvense,2022-07-16,2,1
126593284,Cirsium vulgare,2022-07-16,2,1
126612564,Cirsium heterophyllum,2022-07-17,2,1
126630139,Cirsium spinosissimum,2022-07-13,2,1
126655573,Cirsium hookerianum,2022-07-14,2,1
126714867,Cirsium arvense,2022-07-15,2,1
126752980,Cirsium vulgare,2022-06-07,2,1
126762614,Cirsium arvense,2022-07-17,2,1
126780820,Cirsium heterophyllum,2022-07-17,2,1
126809667,Cirsium undulatum,2022-07-18,2,1
126810987,Cirsium cymosum,2022-07-13,2,1
126823521,Cirsium flodmanii,2022-07-18,2,1
126823899,Cirsium arvense,2022-07-18,2,1
126827709,Cirsium hookerianum,2022-07-16,2,1
126896345,Cirsium vulgare,2022-07-18,2,1
126902078,Cirsium scariosum,2022-07-14,2,1
126930183,Cirsium oleraceum,2022-07-17,2,1
126976989,Cirsium altissimum,2022-07-16,2,1
126999907,Cirsium vulgare,2022-07-19,2,1
127002137,Cirsium oleraceum,2022-07-16,2,1
127060762,Cirsium vulgare,2022-07-19,2,1
127062853,Cirsium palustre,2022-07-18,2,1
127068759,Cirsium vulgare,2022-07-19,2,1
127071446,Cirsium vulgare,2022-07-20,2,1
127072671,Cirsium arvense,2022-07-20,2,1
127079689,Cirsium vulgare,2022-07-20,2,1
127084960,Cirsium acaulon,2022-07-17,2,1
127092471,Cirsium oleraceum,2022-07-20,2,1
127115136,Cirsium vulgare,2022-07-18,2,1
127120985,Cirsium esculentum,2008-07-31,2,1
127125963,Cirsium acaulon,2022-07-20,2,1
127126427,Cirsium hookerianum,2022-07-18,2,1
127128507,Cirsium arvense,2022-07-07,2,1
127133259,Cirsium vulgare,2022-07-20,2,1
127140021,Cirsium altissimum,2022-07-20,2,1
127161122,Cirsium arvense,2022-07-15,2,1
127221958,Cirsium vulgare,2022-07-21,2,1
127228802,Cirsium palustre,2022-07-21,2,1
127235266,Cirsium arvense,2022-07-21,2,1
127255511,Cirsium palustre,2022-07-20,2,1
127257367,Cirsium arvense,2022-07-21,2,1
127270417,Cirsium palustre,2022-06-28,2,1
127293339,Cirsium andersonii,2022-07-13,2,1
127309788,Cirsium muticum,2022-07-21,2,1
127313594,Cirsium arvense,2022-07-20,2,1
127331870,Cirsium vulgare,2022-07-22,2,1
127377397,Cirsium palustre,2022-07-22,2,1
127388493,Cirsium muticum,2022-07-21,2,1
127397076,Cirsium arvense,2022-07-22,2,1
127476361,Cirsium palustre,2022-07-22,2,1
127489836,Cirsium esculentum,2022-07-23,2,1
127490924,Cirsium acaulon,2022-07-23,2,1
127499617,Cirsium vulgare,2022-07-23,2,1
127528122,Cirsium vulgare,2022-07-23,2,1
127556171,Cirsium vulgare,2022-07-23,2,1
127564931,Cirsium discolor,2022-07-15,2,1
127584966,Cirsium arvense,2022-07-22,2,1
127591105,Cirsium muticum,2022-07-23,2,1
127594112,Cirsium palustre,2022-07-23,2,1
12762529,Cirsium arvense,2018-05-15,2,1
127650431,Cirsium arvense,2022-07-19,2,1
127653636,Cirsium palustre,2022-07-18,2,1
127655316,Cirsium vulgare,2022-07-24,2,1
127703374,Cirsium vulgare,2022-07-24,2,1
127722199,Cirsium palustre,2022-07-20,2,1
127730466,Cirsium undulatum,2022-07-20,2,1
127730627,Cirsium edule,2022-07-22,2,1
127734529,Cirsium arvense,2022-07-24,2,1
127748422,Cirsium arvense,2022-07-24,2,1
127748927,Cirsium arvense,2022-07-22,2,1
127762082,Cirsium arizonicum,2022-07-24,2,1
127779480,Cirsium arvense,2022-07-22,2,1
127806879,Cirsium oleraceum,2022-07-24,2,1
127828393,Cirsium oleraceum,2022-07-25,2,1
127884523,Cirsium arvense,2022-07-25,2,1
127896501,Cirsium flodmanii,2022-07-25,2,1
127916245,Cirsium arvense,2022-07-11,2,1
127947423,Cirsium canum,2022-07-23,2,1
127960255,Cirsium arvense,2022-07-26,2,1
127969295,Cirsium palustre,2022-07-16,2,1
127971035,Cirsium arvense,2022-07-26,2,1
127979840,Cirsium arvense,2022-07-25,2,1
128021993,Cirsium muticum,2022-07-25,2,1
128036900,Cirsium heterophyllum,2022-07-26,2,1
128078395,Cirsium vulgare,2022-07-26,2,1
128084855,Cirsium altissimum,2022-07-26,2,1
12808622,Cirsium horridulum,2018-05-24,2,1
128089329,Cirsium arvense,2022-07-26,2,1
128102738,Cirsium arvense,2022-07-22,2,1
128109754,Cirsium vulgare,2022-07-26,2,1
128139275,Cirsium vulgare,2022-07-24,2,1
128183823,Cirsium palustre,2022-07-27,2,1
128199189,Cirsium vulgare,2022-07-03,2,1
128217175,Cirsium parryi,2022-07-27,2,1
128237487,Cirsium vulgare,2022-06-28,2,1
128290999,Cirsium arvense,2022-07-28,2,1
128291210,Cirsium vulgare,2022-07-27,2,1
128310594,Cirsium arvense,2022-07-28,2,1
128362863,Cirsium flodmanii,2022-07-28,2,1
128372520,Cirsium vulgare,2022-07-28,2,1
128380116,Cirsium flodmanii,2022-07-24,2,1
12838955,Cirsium flodmanii,2018-05-26,2,1
128397606,Cirsium arvense,2022-07-28,2,1
128398331,Cirsium arvense,2022-07-28,2,1
128411940,Cirsium arvense,2022-07-28,2,1
128414333,Cirsium vulgare,2022-07-28,2,1
128416464,Cirsium palustre,2022-07-28,2,1
12841972,Cirsium vulgare,2018-05-26,2,1
128424130,Cirsium arvense,2022-07-27,2,1
128427159,Cirsium arvense,2022-07-14,2,1
1284312,Cirsium horridulum,2015-03-07,2,1
128437362,Cirsium arvense,2022-07-29,2,1
128443122,Cirsium oleraceum,2022-07-23,2,1
128443172,Cirsium vulgare,2022-07-23,2,1
128471738,Cirsium arvense,2022-07-11,2,1
128493413,Cirsium heterophyllum,2022-07-28,2,1
128526558,Cirsium coloradense,2022-07-29,2,1
128531290,Cirsium vulgare,2022-07-28,2,1
128555165,Cirsium scariosum,2022-07-25,2,1
128600987,Cirsium vulgare,2022-07-30,2,1
128604569,Cirsium vulgare,2022-07-30,2,1
128606466,Cirsium vulgare,2022-07-30,2,1
128625973,Cirsium arvense,2022-07-29,2,1
128630869,Cirsium arvense,2022-07-30,2,1
128631390,Cirsium heterophyllum,2022-07-30,2,1
128658945,Cirsium arvense,2022-06-05,2,1
128697699,Cirsium arvense,2022-07-30,2,1
128708607,Cirsium arvense,2022-07-30,2,1
128735513,Cirsium arvense,2022-07-30,2,1
128748045,Cirsium brevistylum,2022-07-29,2,1
128786712,Cirsium heterophyllum,2022-07-30,2,1
128810029,Cirsium arvense,2022-07-31,2,1
128818589,Cirsium oleraceum,2022-07-31,2,1
128838890,Cirsium vulgare,2022-07-31,2,1
128841073,Cirsium esculentum,2022-07-31,2,1
128865506,Cirsium arvense,2022-07-30,2,1
128890843,Cirsium muticum,2022-07-29,2,1
128892933,Cirsium arvense,2022-07-30,2,1
12893309,Cirsium occidentale,2018-05-27,2,1
128942823,Cirsium serrulatum,2022-07-31,2,1
128957273,Cirsium vulgare,2022-08-01,2,1
128961343,Cirsium palustre,2022-08-01,2,1
128963117,Cirsium vulgare,2022-08-01,2,1
128977305,Cirsium vulgare,2022-08-01,2,1
128988430,Cirsium erisithales,2022-07-31,2,1
128990286,Cirsium arvense,2022-07-22,2,1
128997898,Cirsium arvense,2022-08-01,2,1
129004821,Cirsium ciliatum,2022-08-01,2,1
129018719,Cirsium palustre,2022-08-01,2,1
129023001,Cirsium palustre,2022-07-09,2,1
129023646,Cirsium arvense,2022-07-10,2,1
129040183,Cirsium palustre,2022-07-29,2,1
129056514,Cirsium vulgare,2022-08-01,2,1
129057355,Cirsium vulgare,2022-08-01,2,1
129059953,Cirsium vulgare,2022-08-01,2,1
129070817,Cirsium arvense,2022-07-30,2,1
129075855,Cirsium arvense,2022-08-01,2,1
129115353,Cirsium oleraceum,2022-08-01,2,1
129121997,Cirsium arvense,2022-07-30,2,1
129129181,Cirsium spinosissimum,2022-08-01,2,1
129129207,Cirsium arvense,2022-08-02,2,1
129136017,Cirsium arvense,2022-08-02,2,1
129149272,Cirsium vulgare,2022-08-02,2,1
129150901,Cirsium vulgare,2022-07-27,2,1
129152317,Cirsium discolor,2022-08-02,2,1
129155152,Cirsium arvense,2022-07-17,2,1
129156701,Cirsium arvense,2022-08-02,2,1
129158730,Cirsium vulgare,2022-08-02,2,1
129160941,Cirsium vulgare,2022-08-02,2,1
129167165,Cirsium arvense,2022-08-02,2,1
129168818,Cirsium palustre,2022-08-02,2,1
129170751,Cirsium edule,2022-07-28,2,1
129174965,Cirsium arvense,2022-08-02,2,1
129199727,Cirsium vulgare,2022-07-26,2,1
129203277,Cirsium vulgare,2022-08-02,2,1
129222334,Cirsium flodmanii,2022-08-02,2,1
129228452,Cirsium discolor,2022-08-02,2,1
129243378,Cirsium arvense,2022-07-25,2,1
129246820,Cirsium vulgare,2022-08-03,2,1
129251312,Cirsium vulgare,2022-08-02,2,1
129255749,Cirsium vulgare,2022-07-30,2,1
129267049,Cirsium arvense,2022-07-29,2,1
129272900,Cirsium vulgare,2022-08-01,2,1
129295841,Cirsium arvense,2022-08-03,2,1
129308925,Cirsium palustre,2022-08-02,2,1
129315357,Cirsium oleraceum,2022-07-30,2,1
129316742,Cirsium vulgare,2022-08-03,2,1
129332196,Cirsium vulgare,2022-07-31,2,1
129351708,Cirsium arvense,2022-08-03,2,1
129366202,Cirsium parryi,2022-08-03,2,1
129376903,Cirsium arvense,2022-07-24,2,1
129385560,Cirsium vulgare,2022-07-29,2,1
129386663,Cirsium arvense,2022-08-04,2,1
129389432,Cirsium erisithales,2022-07-29,2,1
129397510,Cirsium vulgare,2022-08-04,2,1
129399065,Cirsium arvense,2022-07-19,2,1
129402953,Cirsium vulgare,2022-08-03,2,1
129412469,Cirsium vulgare,2022-07-31,2,1
129418127,Cirsium arvense,2022-08-04,2,1
129440068,Cirsium vulgare,2022-08-04,2,1
129457999,Cirsium flodmanii,2022-08-04,2,1
129517998,Cirsium serrulatum,2022-08-05,2,1
129544988,Cirsium arvense,2006-07-26,2,1
129546360,Cirsium heterophyllum,2022-08-04,2,1
129560791,Cirsium oleraceum,2022-08-05,2,1
129569726,Cirsium vulgare,2022-08-05,2,1
129574870,Cirsium heterophyllum,2022-08-05,2,1
129599045,Cirsium vulgare,2022-08-05,2,1
129612568,Cirsium hookerianum,2022-08-03,2,1
129623525,Cirsium ochrocentrum,2022-07-28,2,1
129631387,Cirsium arvense,2022-07-07,2,1
129637735,Cirsium vulgare,2022-08-05,2,1
129639420,Cirsium vulgare,2022-08-05,2,1
129642032,Cirsium arvense,2022-08-06,2,1
12964925,Cirsium texanum,2018-05-30,2,1
129651756,Cirsium vulgare,2022-08-06,2,1
129655875,Cirsium vulgare,2022-08-05,2,1
129662377,Cirsium serrulatum,2022-08-06,2,1
129694486,Cirsium acaulon,2022-08-06,2,1
129697515,Cirsium vulgare,2022-08-04,2,1
129709706,Cirsium arvense,2022-07-18,2,1
129716131,Cirsium muticum,2022-08-05,2,1
129744148,Cirsium acaulon,2022-08-01,2,1
129793559,Cirsium vulgare,2022-08-06,2,1
129793720,Cirsium vulgare,2022-08-07,2,1
129797428,Cirsium ciliatum,2022-08-07,2,1
129807637,Cirsium esculentum,2022-08-07,2,1
129834020,Cirsium arvense,2022-08-06,2,1
129837964,Cirsium arvense,2022-08-05,2,1
129848885,Cirsium edule,2022-08-04,2,1
129853342,Cirsium discolor,2022-08-07,2,1
129861432,Cirsium vulgare,2022-08-07,2,1
129954956,Cirsium vulgare,2022-08-07,2,1
129962736,Cirsium vulgare,2022-08-06,2,1
129968766,Cirsium vulgare,2022-08-08,2,1
129973617,Cirsium arvense,2022-08-06,2,1
129980042,Cirsium muticum,2022-08-07,2,1
129991684,Cirsium arvense,2022-08-08,2,1
130043284,Cirsium vulgare,2022-08-08,2,1
130072272,Cirsium edule,2022-08-08,2,1
130075181,Cirsium spinosissimum,2022-08-02,2,1
130078960,Cirsium acaulon,2022-08-08,2,1
130083649,Cirsium oleraceum,2022-07-21,2,1
130093472,Cirsium vulgare,2022-07-31,2,1
130100424,Cirsium arvense,2022-08-06,2,1
130113302,Cirsium vulgare,2022-08-01,2,1
130114403,Cirsium discolor,2022-08-09,2,1
130115049,Cirsium arvense,2022-08-09,2,1
130125644,Cirsium vulgare,2022-08-09,2,1
130128017,Cirsium palustre,2022-08-09,2,1
130153938,Cirsium vulgare,2022-08-09,2,1
130156934,Cirsium oleraceum,2022-08-09,2,1
130166630,Cirsium vulgare,2022-08-09,2,1
130178964,Cirsium scariosum,2022-08-07,2,1
130180158,Cirsium muticum,2022-08-09,2,1
130207575,Cirsium vulgare,2022-08-09,2,1
130255427,Cirsium palustre,2022-08-10,2,1
130262779,Cirsium oleraceum,2022-08-04,2,1
130267755,Cirsium canum,2022-08-10,2,1
130271149,Cirsium oleraceum,2022-08-07,2,1
130272413,Cirsium discolor,2022-08-10,2,1
130275550,Cirsium arvense,2022-08-10,2,1
130277122,Cirsium vulgare,2022-08-07,2,1
130302826,Cirsium palustre,2022-08-10,2,1
130307219,Cirsium altissimum,2022-08-10,2,1
130400215,Cirsium arvense,2022-08-11,2,1
130402332,Cirsium oleraceum,2022-07-29,2,1
130405928,Cirsium arvense,2022-08-11,2,1
130421805,Cirsium erisithales,2022-07-02,2,1
130454597,Cirsium horridulum,2022-05-19,2,1
130470049,Cirsium palustre,2022-08-07,2,1
130475374,Cirsium vulgare,2022-08-11,2,1
130478053,Cirsium vulgare,2022-08-12,2,1
130479549,Cirsium vulgare,2022-07-24,2,1
130484313,Cirsium arvense,2022-08-12,2,1
130494203,Cirsium arvense,2022-08-12,2,1
130502409,Cirsium vulgare,2022-08-11,2,1
130534856,Cirsium arvense,2022-08-12,2,1
130535025,Cirsium oleraceum,2022-05-09,2,1
130535982,Cirsium heterophyllum,2022-08-08,2,1
130538490,Cirsium vulgare,2022-08-12,2,1
130598586,Cirsium vulgare,2022-08-13,2,1
130606408,Cirsium vulgare,2022-08-02,2,1
130610711,Cirsium arvense,2022-08-13,2,1
130621702,Cirsium arvense,2022-08-05,2,1
130624477,Cirsium arvense,2022-08-13,2,1
130643950,Cirsium vulgare,2022-08-13,2,1
130660442,Cirsium spinosissimum,2022-08-12,2,1
130682373,Cirsium discolor,2022-08-13,2,1
130689376,Cirsium occidentale,2022-08-08,2,1
130695948,Cirsium muticum,2022-08-03,2,1
130699392,Cirsium vulgare,2022-08-13,2,1
130741834,Cirsium arvense,2022-08-05,2,1
130786459,Cirsium arvense,2022-08-14,2,1
130807876,Cirsium arvense,2022-08-14,2,1
130823952,Cirsium vulgare,2022-08-13,2,1
130834094,Cirsium acaulon,2022-08-14,2,1
130887724,Cirsium serrulatum,2022-08-13,2,1
130902313,Cirsium vulgare,2022-08-14,2,1
13090272,Cirsium arvense,2018-06-02,2,1
130924198,Cirsium vulgare,2022-08-15,2,1
130930937,Cirsium muticum,2022-08-14,2,1
130953605,Cirsium altissimum,2022-08-15,2,1
130982352,Cirsium palustre,2022-08-05,2,1
130991644,Cirsium palustre,2022-07-10,2,1
130993826,Cirsium vulgare,2022-08-08,2,1
130994023,Cirsium arvense,2022-08-15,2,1
131008074,Cirsium vulgare,2022-08-11,2,1
131027948,Cirsium palustre,2015-07-10,2,1
131028982,Cirsium spinosissimum,2022-07-22,2,1
131036378,Cirsium creticum,2022-08-15,2,1
131055398,Cirsium vulgare,2022-08-03,2,1
131066812,Cirsium discolor,2022-08-16,2,1
131104175,Cirsium vulgare,2022-08-16,2,1
131110247,Cirsium heterophyllum,2022-07-24,2,1
131119358,Cirsium altissimum,2022-08-12,2,1
131144529,Cirsium edule,2022-08-10,2,1
131174598,Cirsium arvense,2022-08-06,2,1
131187652,Cirsium arvense,2022-07-22,2,1
131229459,Cirsium vulgare,2022-08-17,2,1
131296765,Cirsium vulgare,2022-08-14,2,1
131308627,Cirsium oleraceum,2022-08-17,2,1
131313837,Cirsium vulgare,2022-08-14,2,1
131400506,Cirsium tracyi,2022-08-18,2,1
131404372,Cirsium arvense,2022-08-18,2,1
131414375,Cirsium vulgare,2022-08-18,2,1
131429138,Cirsium oleraceum,2022-08-17,2,1
131429996,Cirsium heterophyllum,2022-08-17,2,1
131462992,Cirsium canum,2022-08-02,2,1
13146919,Cirsium palustre,2018-06-05,2,1
131470781,Cirsium palustre,2022-08-19,2,1
131495009,Cirsium alsophilum,2022-08-16,2,1
131506786,Cirsium arvense,2022-08-13,2,1
131543878,Cirsium serrulatum,2022-08-20,2,1
131546351,Cirsium serrulatum,2022-08-20,2,1
131550520,Cirsium vulgare,2022-08-14,2,1
131626724,Cirsium altissimum,2022-07-26,2,1
131633336,Cirsium esculentum,2022-08-13,2,1
131679499,Cirsium muticum,2022-08-20,2,1
131686819,Cirsium muticum,2022-08-20,2,1
131694159,Cirsium palustre,2022-08-20,2,1
131756345,Cirsium altissimum,2022-08-17,2,1
131798380,Cirsium vulgare,2022-08-21,2,1
131823638,Cirsium discolor,2022-08-20,2,1
131833110,Cirsium vulgare,2022-08-20,2,1
131833921,Cirsium serratuloides,2022-08-20,2,1
131845571,Cirsium arvense,2022-08-21,2,1
131869934,Cirsium arvense,2022-08-22,2,1
131888227,Cirsium vulgare,2022-07-24,2,1
131904855,Cirsium vulgare,2022-08-14,2,1
131907117,Cirsium arvense,2022-08-22,2,1
131916963,Cirsium andersonii,2022-08-20,2,1
131926699,Cirsium arvense,2022-08-19,2,1
131934912,Cirsium carniolicum,2022-07-13,2,1
131941212,Cirsium oleraceum,2022-08-22,2,1
13194564,Cirsium arvense,2018-05-30,2,1
13196719,Cirsium discolor,2018-06-06,2,1
131995022,Cirsium oleraceum,2022-08-23,2,1
132009925,Cirsium vulgare,2022-08-07,2,1
132013907,Cirsium nuttallii,2022-08-23,2,1
132038994,Cirsium vulgare,2022-07-30,2,1
132075785,Cirsium altissimum,2022-08-23,2,1
132081049,Cirsium arvense,2022-08-23,2,1
132110020,Cirsium vulgare,2022-08-12,2,1
132113828,Cirsium vulgare,2022-08-23,2,1
132129503,Cirsium heterophyllum,2022-08-14,2,1
132142818,Cirsium altissimum,2022-08-24,2,1
132162273,Cirsium acaulon,2022-08-21,2,1
132184490,Cirsium discolor,2022-08-24,2,1
132197420,Cirsium vulgare,2022-08-24,2,1
132205801,Cirsium altissimum,2022-08-24,2,1
132238965,Cirsium vulgare,2022-08-22,2,1
132248183,Cirsium vulgare,2022-08-25,2,1
132255363,Cirsium palustre,2022-08-18,2,1
132271847,Cirsium vulgare,2022-08-21,2,1
132295055,Cirsium vulgare,2022-08-24,2,1
132307326,Cirsium oleraceum,2022-08-25,2,1
132395820,Cirsium arvense,2022-08-25,2,1
132398562,Cirsium oleraceum,2022-08-10,2,1
132400609,Cirsium oleraceum,2022-08-26,2,1
132409982,Cirsium arvense,2022-07-28,2,1
132439430,Cirsium discolor,2022-08-26,2,1
132441712,Cirsium wheeleri,2022-08-26,2,1
132519062,Cirsium arvense,2022-08-27,2,1
132522288,Cirsium creticum,2022-08-27,2,1
132556248,Cirsium pendulum,2022-08-25,2,1
132598890,Cirsium acaulon,2022-08-22,2,1
13260317,Cirsium canescens,2018-06-09,2,1
13261275,Cirsium texanum,2018-06-03,2,1
13264949,Cirsium vulgare,2018-06-09,2,1
132653690,Cirsium altissimum,2022-08-24,2,1
13266470,Cirsium texanum,2018-06-08,2,1
132670836,Cirsium canescens,2022-08-28,2,1
132675835,Cirsium wheeleri,2022-08-15,2,1
132676680,Cirsium vulgare,2022-08-24,2,1
132697943,Cirsium subuliforme,2022-08-28,2,1
132733006,Cirsium arvense,2022-07-25,2,1
132815762,Cirsium vulgare,2022-08-27,2,1
132828893,Cirsium discolor,2022-08-28,2,1
13284004,Cirsium muticum,2018-06-09,2,1
132840079,Cirsium vulgare,2022-08-01,2,1
132844421,Cirsium spinosissimum,2022-08-29,2,1
132920351,Cirsium arvense,2022-08-30,2,1
132979289,Cirsium arvense,2022-08-30,2,1
13300124,Cirsium arvense,2018-06-10,2,1
133010106,Cirsium vulgare,2022-08-05,2,1
133026647,Cirsium arvense,2022-08-31,2,1
133048862,Cirsium oleraceum,2022-08-25,2,1
13307847,Cirsium engelmannii,2018-06-10,2,1
133098395,Cirsium vulgare,2022-08-31,2,1
133108047,Cirsium vulgare,2022-08-21,2,1
133121417,Cirsium edule,2022-08-16,2,1
133145143,Cirsium grahamii,2022-08-27,2,1
133193917,Cirsium vulgare,2022-08-27,2,1
133209366,Cirsium acaulon,2022-08-10,2,1
133248102,Cirsium discolor,2022-09-01,2,1
133252106,Cirsium vulgare,2022-07-29,2,1
13325730,Cirsium occidentale,2018-06-10,2,1
133292759,Cirsium vulgare,2017-07-30,2,1
133327848,Cirsium oleraceum,2022-09-02,2,1
133329074,Cirsium vulgare,2022-08-09,2,1
133337154,Cirsium vulgare,2022-09-02,2,1
133344691,Cirsium vulgare,2022-09-01,2,1
133348492,Cirsium vulgare,2022-09-01,2,1
133407207,Cirsium esculentum,2022-09-03,2,1
133414506,Cirsium hookerianum,2022-07-29,2,1
133457215,Cirsium vulgare,2022-07-31,2,1
133472858,Cirsium arvense,2022-08-01,2,1
133486732,Cirsium parryi,2022-09-02,2,1
133502034,Cirsium arvense,2022-08-27,2,1
133566851,Cirsium leo,2022-09-03,2,1
133578762,Cirsium altissimum,2022-09-03,2,1
133622657,Cirsium arvense,2022-09-03,2,1
133628123,Cirsium discolor,2022-09-03,2,1
133704057,Cirsium arvense,2022-09-04,2,1
133710428,Cirsium occidentale,2022-05-18,2,1
133722974,Cirsium flodmanii,2022-09-03,2,1
133767167,Cirsium arvense,2022-08-29,2,1
133775445,Cirsium acaulon,2022-09-05,2,1
133778355,Cirsium oleraceum,2022-09-03,2,1
13383460,Cirsium arvense,2018-06-12,2,1
133872100,Cirsium vulgare,2022-09-05,2,1
13387552,Cirsium vulgare,2018-06-13,2,1
133876842,Cirsium vulgare,2022-08-18,2,1
134009358,Cirsium kamtschaticum,2022-08-04,2,1
134044174,Cirsium arvense,2022-09-07,2,1
134127396,Cirsium discolor,2022-09-07,2,1
134136223,Cirsium vulgare,2022-08-30,2,1
134136726,Cirsium vulgare,2022-09-02,2,1
134156186,Cirsium ligulare,2022-08-10,2,1
134156532,Cirsium arvense,2022-09-08,2,1
134166141,Cirsium heterophyllum,2022-08-13,2,1
134185258,Cirsium serrulatum,2022-09-08,2,1
134212444,Cirsium discolor,2022-09-08,2,1
134219229,Cirsium altissimum,2017-08-20,2,1
134284469,Cirsium discolor,2022-09-05,2,1
134327601,Cirsium arvense,2022-08-28,2,1
134338299,Cirsium arvense,2022-08-02,2,1
134347430,Cirsium muticum,2022-09-09,2,1
134393496,Cirsium heterophyllum,2022-09-07,2,1
134439886,Cirsium canum,2022-09-10,2,1
134486704,Cirsium vulgare,2022-08-02,2,1
13448793,Cirsium neomexicanum,2018-06-13,2,1
134499580,Cirsium vulgare,2022-09-10,2,1
134504425,Cirsium vulgare,2022-09-10,2,1
134547938,Cirsium acaulon,2022-09-06,2,1
134560511,Cirsium vlassovianum,2022-09-11,2,1
134588040,Cirsium ciliatum,2022-09-11,2,1
134643738,Cirsium discolor,2022-09-10,2,1
134649324,Cirsium vulgare,2022-09-10,2,1
134687946,Cirsium occidentale,2022-09-11,2,1
134749659,Cirsium arvense,2022-09-12,2,1
134782021,Cirsium vulgare,2022-09-09,2,1
134795878,Cirsium discolor,2022-09-05,2,1
134826678,Cirsium arvense,2022-08-06,2,1
134829322,Cirsium arvense,2022-07-13,2,1
134845321,Cirsium arvense,2022-09-13,2,1
134950061,Cirsium arvense,2022-09-13,2,1
134972474,Cirsium arvense,2022-09-13,2,1
135025786,Cirsium discolor,2022-09-14,2,1
135101036,Cirsium rivulare,2022-09-15,2,1
135146560,Cirsium serrulatum,2022-08-30,2,1
135172408,Cirsium vulgare,2022-09-15,2,1
135181343,Cirsium discolor,2022-09-15,2,1
135205821,Cirsium andersonii,2022-09-15,2,1
135211797,Cirsium vulgare,2022-09-15,2,1
135224377,Cirsium arvense,2022-09-16,2,1
135242457,Cirsium vulgare,2022-07-23,2,1
135250058,Cirsium oleraceum,2022-09-16,2,1
135250584,Cirsium arvense,2022-09-16,2,1
135256669,Cirsium hesperium,2022-09-02,2,1
135269810,Cirsium heterophyllum,2022-09-16,2,1
135315398,Cirsium discolor,2022-09-16,2,1
135316181,Cirsium edule,2022-09-08,2,1
13539266,Cirsium texanum,2018-06-14,2,1
135426064,Cirsium oleraceum,2022-09-14,2,1
135478959,Cirsium vulgare,2022-09-18,2,1
135548762,Cirsium kamtschaticum,2022-07-08,2,1
135570757,Cirsium vulgare,2022-09-18,2,1
135580042,Cirsium edule,2022-09-17,2,1
135652771,Cirsium vulgare,2022-07-16,2,1
135661109,Cirsium discolor,2022-09-18,2,1
13572960,Cirsium rivulare,2018-06-02,2,1
135732186,Cirsium vulgare,2022-09-19,2,1
135747140,Cirsium vulgare,2022-09-14,2,1
13576350,Cirsium rivulare,2018-06-19,2,1
135763875,Cirsium vulgare,2022-09-15,2,1
135809476,Cirsium arvense,2022-09-20,2,1
13582343,Cirsium arvense,2018-06-18,2,1
135843739,Cirsium vulgare,2022-09-18,2,1
135942654,Cirsium palustre,2014-02-27,2,1
135967848,Cirsium altissimum,2022-09-20,2,1
136006383,Cirsium canum,2022-09-21,2,1
13600996,Cirsium japonicum,2018-06-16,2,1
136025249,Cirsium oleraceum,2022-08-18,2,1
136089206,Cirsium drummondii,2022-07-11,2,1
13610140,Cirsium texanum,2018-06-20,2,1
136126569,Cirsium arvense,2022-08-06,2,1
136136440,Cirsium heterophyllum,2022-06-19,2,1
136142685,Cirsium vulgare,2022-09-23,2,1
136327996,Cirsium discolor,2022-09-22,2,1
136359622,Cirsium vulgare,2022-09-23,2,1
136393287,Cirsium arvense,2022-09-19,2,1
136409654,Cirsium arvense,2022-09-25,2,1
136436510,Cirsium edule,2022-08-08,2,1
136463204,Cirsium arvense,2022-09-25,2,1
136475500,Cirsium discolor,2022-09-25,2,1
136491767,Cirsium helenioides,2022-07-13,2,1
136569863,Cirsium filipendulum,2022-08-12,2,1
136608775,Cirsium oleraceum,2022-09-25,2,1
136615561,Cirsium arvense,2022-09-26,2,1
136645739,Cirsium vulgare,2022-09-27,2,1
136718489,Cirsium vulgare,2022-09-27,2,1
136731229,Cirsium erisithales,2022-07-24,2,1
136792123,Cirsium serrulatum,2022-09-28,2,1
13683889,Cirsium vulgare,2018-06-22,2,1
136899002,Cirsium arvense,2022-09-29,2,1
137140334,Cirsium serrulatum,2022-10-01,2,1
137147495,Cirsium hygropodum,2022-09-29,2,1
137153111,Cirsium arvense,2022-10-01,2,1
137182257,Cirsium vulgare,2022-10-01,2,1
13720379,Cirsium arvense,2018-06-23,2,1
137205564,Cirsium arvense,2022-10-01,2,1
137220663,Cirsium edule,2022-07-16,2,1
137238275,Cirsium sieboldii,2022-09-29,2,1
137267731,Cirsium altissimum,2022-10-01,2,1
137276505,Cirsium arvense,2022-10-02,2,1
137280317,Cirsium arvense,2022-10-02,2,1
137330460,Cirsium undulatum,2022-09-21,2,1
137385651,Cirsium vulgare,2022-10-01,2,1
137418179,Cirsium vulgare,2022-05-09,2,1
13742154,Cirsium arvense,2017-07-21,2,1
137482356,Cirsium vulgare,2022-08-05,2,1
137493456,Cirsium altissimum,2022-10-03,2,1
137583242,Cirsium arvense,2022-10-03,2,1
137602536,Cirsium undulatum,2022-10-04,2,1
137664235,Cirsium arvense,2022-08-21,2,1
137677721,Cirsium arvense,2022-05-16,2,1
13778802,Cirsium heterophyllum,2018-06-24,2,1
137793307,Cirsium mohavense,2022-07-01,2,1
137808422,Cirsium vulgare,2022-08-20,2,1
137857085,Cirsium acaulon,2022-10-07,2,1
137865758,Cirsium altissimum,2022-10-05,2,1
137890674,Cirsium neomexicanum,2022-10-07,2,1
13795452,Cirsium palustre,2018-06-26,2,1
137994940,Cirsium arvense,2022-10-08,2,1
138046698,Cirsium vulgare,2022-06-27,2,1
138077949,Cirsium vulgare,2022-10-08,2,1
13808300,Cirsium arvense,2018-06-26,2,1
138097564,Cirsium arvense,2022-10-09,2,1
138120015,Cirsium arvense,2022-09-20,2,1
138190866,Cirsium arvense,2022-10-09,2,1
138199329,Cirsium altissimum,2022-09-05,2,1
13822909,Cirsium scariosum,2018-06-25,2,1
138308997,Cirsium vulgare,2022-10-10,2,1
13833209,Cirsium arvense,2018-06-27,2,1
138372068,Cirsium canum,2022-10-07,2,1
138410925,Cirsium discolor,2022-10-11,2,1
138474127,Cirsium vulgare,2022-10-11,2,1
13851217,Cirsium vulgare,2018-06-13,2,1
138560508,Cirsium vulgare,2022-08-21,2,1
138563186,Cirsium esculentum,2022-09-09,2,1
138645017,Cirsium vulgare,2022-10-12,2,1
13865951,Cirsium vulgare,2018-06-28,2,1
138686173,Cirsium vulgare,2022-10-13,2,1
138753282,Cirsium arvense,2022-09-18,2,1
138832126,Cirsium oleraceum,2022-10-15,2,1
13887595,Cirsium vulgare,2018-06-29,2,1
13889745,Cirsium arvense,2018-06-12,2,1
138905705,Cirsium arvense,2022-10-15,2,1
138908973,Cirsium vulgare,2022-10-14,2,1
138949106,Cirsium arvense,2022-08-28,2,1
139022302,Cirsium oleraceum,2022-10-16,2,1
13914107,Cirsium discolor,2018-06-28,2,1
139150900,Cirsium vulgare,2022-06-08,2,1
139160649,Cirsium arvense,2022-08-22,2,1
139212071,Cirsium arvense,2022-08-28,2,1
139267504,Cirsium neomexicanum,2022-10-16,2,1
139280069,Cirsium vulgare,2022-10-15,2,1
13942013,Cirsium palustre,2018-06-29,2,1
139455428,Cirsium arvense,2022-10-20,2,1
139540926,Cirsium arvense,2022-10-21,2,1
139547688,Cirsium arvense,2022-10-21,2,1
139596503,Cirsium vulgare,2022-10-22,2,1
139759339,Cirsium arvense,2022-07-08,2,1
139788466,Cirsium vulgare,2022-10-23,2,1
140103028,Cirsium discolor,2022-10-26,2,1
140186148,Cirsium vulgare,2022-10-27,2,1
140246812,Cirsium vulgare,2022-10-28,2,1
14026193,Cirsium arvense,2018-07-03,2,1
14028582,Cirsium undulatum,2018-06-28,2,1
140433073,Cirsium vulgare,1987-07-09,2,1
14047369,Cirsium palustre,2018-06-25,2,1
14052746,Cirsium cymosum,2018-06-25,2,1
140687940,Cirsium discolor,2022-10-31,2,1
140724118,Cirsium drummondii,2009-07-25,2,1
14085091,Cirsium nuttallii,2018-06-15,2,1
140865559,Cirsium vulgare,2022-11-02,2,1
14092335,Cirsium arvense,2018-07-05,2,1
140954823,Cirsium vulgare,2022-10-29,2,1
140958768,Cirsium arvense,2022-10-06,2,1
140981809,Cirsium mohavense,2022-11-02,2,1
141064272,Cirsium undulatum,2022-07-06,2,1
14111459,Cirsium palustre,2018-07-06,2,1
141121538,Cirsium vulgare,2022-11-01,2,1
141209865,Cirsium horridulum,2022-11-05,2,1
141236075,Cirsium kamtschaticum,2006-08-01,2,1
141298242,Cirsium arvense,2022-11-06,2,1
141308962,Cirsium heterophyllum,2022-07-02,2,1
141399371,Cirsium vulgare,2022-10-31,2,1
141429360,Cirsium undulatum,2022-11-07,2,1
141438701,Cirsium rivulare,2022-07-30,2,1
141442216,Cirsium vulgare,2022-11-08,2,1
141459320,Cirsium hidakamontanum,2022-08-05,2,1
14146750,Cirsium rivulare,2018-05-27,2,1
141490237,Cirsium arvense,2020-07-18,2,1
141684680,Cirsium vulgare,2022-10-26,2,1
141714798,Cirsium vulgare,2022-11-10,2,1
141816948,Cirsium oleraceum,2022-10-31,2,1
141955588,Cirsium arvense,2022-09-17,2,1
142034757,Cirsium vulgare,2022-11-12,2,1
142040419,Cirsium undulatum,2022-11-11,2,1
142087365,Cirsium vulgare,2022-09-22,2,1
142180127,Cirsium andersonii,2009-07-21,2,1
142213276,Cirsium vulgare,2022-09-16,2,1
14222013,Cirsium scariosum,2018-07-07,2,1
142232743,Cirsium arvense,2022-11-17,2,1
14227389,Cirsium vulgare,2018-07-10,2,1
142291077,Cirsium horridulum,2022-11-17,2,1
14236511,Cirsium vulgare,2018-07-10,2,1
142390960,Cirsium vulgare,2021-08-27,2,1
142503266,Cirsium subuliforme,2022-11-17,2,1
142513905,Cirsium arvense,2022-11-20,2,1
142560721,Cirsium pannonicum,2020-07-03,2,1
14259980,Cirsium palustre,2018-07-11,2,1
14260024,Cirsium vulgare,2018-07-11,2,1
142614562,Cirsium vulgare,2022-11-22,2,1
142643863,Cirsium vulgare,2022-11-21,2,1
142660133,Cirsium arvense,2022-11-17,2,1
142672756,Cirsium vulgare,2022-11-23,2,1
142746816,Cirsium vulgare,2022-08-31,2,1
142801892,Cirsium vulgare,2022-11-22,2,1
14288128,Cirsium vulgare,2018-07-12,2,1
142988633,Cirsium palustre,2022-11-27,2,1
142994520,Cirsium palustre,2022-08-10,2,1
143027692,Cirsium arvense,2020-07-28,2,1
14325544,Cirsium arvense,2018-07-12,2,1
143350509,Cirsium oleraceum,2022-07-31,2,1
143357566,Cirsium scariosum,2022-08-12,2,1
143372807,Cirsium conspicuum,2022-11-27,2,1
14346736,Cirsium altissimum,2018-07-14,2,1
143594979,Cirsium vulgare,2022-12-03,2,1
143627175,Cirsium arvense,2022-12-04,2,1
143662876,Cirsium pendulum,2022-09-17,2,1
143701454,Cirsium arvense,2022-12-04,2,1
143718428,Cirsium vlassovianum,2022-09-18,2,1
143721167,Cirsium discolor,2022-09-15,2,1
143747252,Cirsium vulgare,2022-09-15,2,1
143815715,Cirsium oleraceum,2022-07-29,2,1
143838428,Cirsium arvense,2022-07-15,2,1
14391106,Cirsium vulgare,2018-07-15,2,1
143969702,Cirsium monspessulanum,2022-07-23,2,1
14399319,Cirsium arvense,2018-07-15,2,1
144026704,Cirsium ochrocentrum,2022-10-27,2,1
14407866,Cirsium flodmanii,2018-07-15,2,1
14408701,Cirsium palustre,2018-07-15,2,1
144124350,Cirsium repandum,2022-12-10,2,1
144281027,Cirsium scariosum,2022-05-14,2,1
144316413,Cirsium heterophyllum,2022-06-17,2,1
14442876,Cirsium palustre,2018-07-17,2,1
144484901,Cirsium vulgare,2022-12-13,2,1
14456292,Cirsium arvense,2018-07-17,2,1
14456667,Cirsium altissimum,2018-07-17,2,1
144606889,Cirsium palustre,2022-07-16,2,1
144646278,Cirsium arvense,2022-12-19,2,1
144646655,Cirsium arvense,2021-07-01,2,1
144666363,Cirsium serratuloides,2022-08-07,2,1
14468298,Cirsium scariosum,2018-07-11,2,1
14472971,Cirsium heterophyllum,2018-07-17,2,1
144836588,Cirsium neomexicanum,2005-05-07,2,1
144845378,Cirsium arvense,2022-12-05,2,1
144845380,Cirsium vulgare,2022-12-05,2,1
14492839,Cirsium vulgare,2018-07-18,2,1
14495830,Cirsium arvense,2018-07-18,2,1
14496416,Cirsium parryi,2018-07-18,2,1
145005201,Cirsium arvense,2022-09-07,2,1
14501466,Cirsium arvense,2018-07-18,2,1
145028452,Cirsium vulgare,2022-12-25,2,1
145081576,Cirsium vulgare,2022-12-26,2,1
145087662,Cirsium discolor,2022-10-23,2,1
145107648,Cirsium vulgare,2022-12-26,2,1
145251595,Cirsium vulgare,2022-12-28,2,1
145281122,Cirsium vulgare,2022-12-27,2,1
145290839,Cirsium vulgare,2022-12-28,2,1
145291967,Cirsium altissimum,2022-10-01,2,1
145294287,Cirsium ehrenbergii,2022-12-28,2,1
145357864,Cirsium muticum,2022-08-16,2,1
145409410,Cirsium vulgare,2022-12-29,2,1
145502840,Cirsium heterophyllum,2022-09-30,2,1
145510784,Cirsium heterophyllum,2009-07-02,2,1
145515401,Cirsium arvense,2022-12-31,2,1
145601700,Cirsium vulgare,2022-12-21,2,1
145630026,Cirsium vulgare,2022-12-22,2,1
145644927,Cirsium vulgare,2023-01-02,2,1
145656563,Cirsium arvense,2022-12-31,2,1
145657157,Cirsium vulgare,2022-12-31,2,1
14573229,Cirsium altissimum,2018-07-20,2,1
14574173,Cirsium arvense,2018-07-20,2,1
145787706,Cirsium palustre,2007-07-22,2,1
14580932,Cirsium vulgare,2018-07-21,2,1
145825235,Cirsium vulgare,2023-01-04,2,1
14604349,Cirsium vulgare,2018-07-22,2,1
146141280,Cirsium vulgare,2023-01-09,2,1
146216836,Cirsium palustre,2022-07-26,2,1
146266425,Cirsium helenioides,2021-07-09,2,1
146344727,Cirsium discolor,2023-01-11,2,1
146465930,Cirsium heterophyllum,2022-07-15,2,1
146596245,Cirsium vulgare,2022-08-23,2,1
146616168,Cirsium vulgare,2023-01-13,2,1
146628830,Cirsium vulgare,2022-12-02,2,1
14684717,Cirsium vulgare,2018-07-12,2,1
14690896,Cirsium arvense,2018-07-23,2,1
14700844,Cirsium arvense,2018-07-24,2,1
147099622,Cirsium vulgare,2022-10-27,2,1
147118634,Cirsium esculentum,2008-08-12,2,1
147186066,Cirsium vulgare,2023-01-10,2,1
147255312,Cirsium arvense,2020-07-13,2,1
147256217,Cirsium vulgare,2020-07-15,2,1
147263729,Cirsium vulgare,2022-12-14,2,1
147274870,Cirsium vulgare,2022-09-07,2,1
147319958,Cirsium heterophyllum,2016-07-30,2,1
147363525,Cirsium vulgare,2023-01-13,2,1
147376528,Cirsium vulgare,2023-01-26,2,1
147426379,Cirsium vulgare,2023-01-26,2,1
147514774,Cirsium arvense,2023-01-28,2,1
147534848,Cirsium subcoriaceum,2023-01-28,2,1
147554137,Cirsium vulgare,2023-01-29,2,1
147578092,Cirsium vulgare,2023-01-22,2,1
14758070,Cirsium vulgare,2018-07-26,2,1
147616886,Cirsium palustre,2019-07-09,2,1
147658308,Cirsium vulgare,2023-01-29,2,1
147687409,Cirsium vulgare,2023-01-27,2,1
147720780,Cirsium vulgare,2023-01-29,2,1
147810264,Cirsium andersonii,2022-07-09,2,1
147866531,Cirsium vulgare,2023-02-02,2,1
147924129,Cirsium vulgare,2022-06-20,2,1
147927114,Cirsium arvense,2023-02-02,2,1
147939318,Cirsium acaulon,2018-08-19,2,1
147946995,Cirsium ehrenbergii,2023-02-02,2,1
148024475,Cirsium vulgare,2023-02-03,2,1
148226330,Cirsium arvense,2023-02-07,2,1
148226366,Cirsium vulgare,2023-02-07,2,1
14828160,Cirsium vulgare,2012-03-13,2,1
14829344,Cirsium vulgare,2018-07-28,2,1
148348204,Cirsium vulgare,2023-01-09,2,1
14855039,Cirsium vulgare,2012-06-29,2,1
148575935,Cirsium arvense,2023-02-12,2,1
148606766,Cirsium vulgare,2023-01-29,2,1
148618236,Cirsium vulgare,2023-02-12,2,1
148856318,Cirsium vulgare,2023-01-24,2,1
148856624,Cirsium undulatum,2023-02-15,2,1
14893675,Cirsium palustre,2018-07-29,2,1
14895369,Cirsium vulgare,2016-06-21,2,1
148964457,Cirsium vulgare,2023-02-11,2,1
149030723,Cirsium vulgare,2022-06-19,2,1
14903546,Cirsium vulgare,2018-07-24,2,1
149040356,Cirsium vulgare,2023-02-18,2,1
14906539,Cirsium scariosum,2018-07-28,2,1
14919651,Cirsium vulgare,2018-07-29,2,1
149408666,Cirsium vulgare,2023-02-22,2,1
14945091,Cirsium scariosum,2018-07-27,2,1
149465990,Cirsium vulgare,2023-02-23,2,1
149536770,Cirsium centaureae,2022-07-05,2,1
149557681,Cirsium undulatum,2017-07-01,2,1
14959355,Cirsium vulgare,2018-07-30,2,1
149608543,Cirsium vulgare,2023-02-24,2,1
149627091,Cirsium vulgare,2023-02-07,2,1
149633798,Cirsium vulgare,2008-07-23,2,1
149652280,Cirsium vulgare,2023-02-20,2,1
14966563,Cirsium arvense,2018-07-28,2,1
149739457,Cirsium alatum,2007-07-28,2,1
149761033,Cirsium vulgare,2023-02-26,2,1
149785293,Cirsium japonicum,2023-02-27,2,1
14979127,Cirsium arvense,2018-07-25,2,1
149834912,Cirsium arvense,2021-09-11,2,1
149917639,Cirsium rhaphilepis,2023-02-04,2,1
149930551,Cirsium mexicanum,2010-12-27,2,1
149985986,Cirsium horridulum,2023-02-18,2,1
150021668,Cirsium occidentale,2023-02-19,2,1
150044212,Cirsium vulgare,2022-10-30,2,1
150103049,Cirsium horridulum,2023-03-02,2,1
150108220,Cirsium arvense,2019-08-02,2,1
150250601,Cirsium vulgare,2016-11-02,2,1
150255289,Cirsium horridulum,2023-03-04,2,1
15031096,Cirsium arvense,2018-08-01,2,1
150330442,Cirsium horridulum,2023-03-05,2,1
150411416,Cirsium horridulum,2023-03-05,2,1
150414961,Cirsium horridulum,2023-03-06,2,1
15044739,Cirsium muticum,2018-07-31,2,1
15045559,Cirsium arvense,2018-08-01,2,1
150501701,Cirsium ehrenbergii,2023-03-03,2,1
15053079,Cirsium muticum,2018-08-01,2,1
150554069,Cirsium subcoriaceum,2023-02-26,2,1
150579097,Cirsium texanum,2023-03-08,2,1
15059495,Cirsium arvense,2018-08-02,2,1
150600061,Cirsium horridulum,2023-03-08,2,1
150757206,Cirsium arvense,2000-08-11,2,1
150770060,Cirsium horridulum,2023-03-08,2,1
150813515,Cirsium vulgare,2023-03-06,2,1
150895460,Cirsium vulgare,2023-03-03,2,1
150913000,Cirsium horridulum,2023-03-11,2,1
150917312,Cirsium vulgare,2022-12-29,2,1
150962982,Cirsium horridulum,2023-03-07,2,1
151001395,Cirsium horridulum,2023-03-11,2,1
151054548,Cirsium esculentum,2022-08-06,2,1
15116060,Cirsium flodmanii,2018-08-04,2,1
151174492,Cirsium horridulum,2023-03-14,2,1
151228482,Cirsium horridulum,2023-03-13,2,1
151315214,Cirsium canum,2022-08-28,2,1
151391608,Cirsium vulgare,2023-03-17,2,1
151543074,Cirsium vulgare,2023-03-18,2,1
15161400,Cirsium oleraceum,2018-08-05,2,1
151614472,Cirsium horridulum,2023-03-19,2,1
151691899,Cirsium horridulum,2023-03-14,2,1
151704334,Cirsium drummondii,2020-07-14,2,1
151719138,Cirsium obvallatum,2018-07-29,2,1
151776191,Cirsium vulgare,2022-09-06,2,1
151778488,Cirsium horridulum,2023-03-20,2,1
151785394,Cirsium subcoriaceum,2023-03-20,2,1
15192771,Cirsium arvense,2018-07-31,2,1
15202158,Cirsium vulgare,2018-08-06,2,1
15206242,Cirsium vulgare,2018-07-18,2,1
15206606,Cirsium vulgare,2018-08-04,2,1
15206899,Cirsium arvense,2018-08-05,2,1
152290434,Cirsium texanum,2023-03-25,2,1
152340146,Cirsium arvense,2023-03-26,2,1
15235268,Cirsium vulgare,2018-08-08,2,1
15244849,Cirsium palustre,2018-05-11,2,1
152486846,Cirsium vulgare,2023-03-26,2,1
152511957,Cirsium horridulum,2023-03-27,2,1
15265433,Cirsium vulgare,2018-08-09,2,1
152669387,Cirsium vulgare,2023-03-27,2,1
152674447,Cirsium funkiae,2020-07-24,2,1
152730073,Cirsium heterophyllum,2016-06-21,2,1
152731388,Cirsium vulgare,2023-03-29,2,1
152852208,Cirsium turneri,2023-03-14,2,1
152903775,Cirsium vulgare,2023-03-02,2,1
152939136,Cirsium oleraceum,2023-03-31,2,1
152981672,Cirsium horridulum,2023-03-31,2,1
1530134,Cirsium vulgare,2015-05-23,2,1
153050273,Cirsium vulgare,2023-04-01,2,1
15307203,Cirsium canescens,2018-08-10,2,1
153104857,Cirsium brevistylum,2023-04-01,2,1
153150111,Cirsium esculentum,2016-07-24,2,1
153277159,Cirsium horridulum,2023-03-31,2,1
15331266,Cirsium arvense,2018-08-11,2,1
15340120,Cirsium funkiae,2018-08-02,2,1
15343452,Cirsium vulgare,2018-04-09,2,1
153462321,Cirsium vulgare,2023-04-04,2,1
153496981,Cirsium vulgare,2023-04-03,2,1
15352411,Cirsium arvense,2018-07-29,2,1
153567462,Cirsium horridulum,2023-04-05,2,1
153576314,Cirsium horridulum,2023-04-05,2,1
153677439,Cirsium vulgare,2023-04-06,2,1
153754956,Cirsium texanum,2023-04-04,2,1
153762623,Cirsium lipskyi,2023-04-06,2,1
153843789,Cirsium foliosum,2021-06-16,2,1
153855556,Cirsium ehrenbergii,2023-04-05,2,1
153890984,Cirsium horridulum,2023-03-25,2,1
153900947,Cirsium vulgare,2020-07-06,2,1
153944821,Cirsium horridulum,2022-05-02,2,1
153957256,Cirsium horridulum,2023-04-08,2,1
15399420,Cirsium vulgare,2018-08-13,2,1
153994840,Cirsium horridulum,2023-04-08,2,1
154024154,Cirsium horridulum,2023-04-08,2,1
154107108,Cirsium palustre,2023-04-09,2,1
154230181,Cirsium horridulum,2023-04-01,2,1
154298402,Cirsium serrulatum,2023-04-10,2,1
154332173,Cirsium vulgare,2010-08-14,2,1
154429757,Cirsium texanum,2023-04-03,2,1
154579239,Cirsium vulgare,2023-04-12,2,1
154582099,Cirsium vulgare,2023-04-12,2,1
154612024,Cirsium vulgare,2023-04-12,2,1
15461684,Cirsium altissimum,2018-08-14,2,1
154717568,Cirsium palustre,2023-04-13,2,1
154745205,Cirsium neomexicanum,2023-04-13,2,1
154769607,Cirsium horridulum,2023-04-13,2,1
154784935,Cirsium vulgare,2013-11-01,2,1
154833472,Cirsium dissectum,2022-06-17,2,1
154844182,Cirsium texanum,2023-04-09,2,1
154849161,Cirsium horridulum,2023-04-14,2,1
15489389,Cirsium arvense,2018-07-21,2,1
15493554,Cirsium vulgare,2018-08-16,2,1
155012206,Cirsium hookerianum,2020-07-23,2,1
155017382,Cirsium horridulum,2023-04-15,2,1
155252340,Cirsium texanum,2023-04-16,2,1
155278186,Cirsium horridulum,2023-04-16,2,1
155406131,Cirsium vulgare,2023-04-17,2,1
155524856,Cirsium palustre,2023-04-18,2,1
155540724,Cirsium carolinianum,2023-04-18,2,1
155698178,Cirsium arvense,2023-03-23,2,1
15590539,Cirsium vulgare,2018-08-17,2,1
155943842,Cirsium horridulum,2023-04-21,2,1
155998091,Cirsium ehrenbergii,2023-04-13,2,1
156041145,Cirsium vulgare,2023-04-22,2,1
156045077,Cirsium ehrenbergii,2023-04-21,2,1
156203114,Cirsium vulgare,2023-04-23,2,1
156220021,Cirsium serrulatum,2023-04-23,2,1
15626900,Cirsium muticum,2018-08-16,2,1
156432255,Cirsium vulgare,2023-04-24,2,1
156510048,Cirsium hookerianum,2007-07-11,2,1
156590344,Cirsium texanum,2023-04-25,2,1
15662176,Cirsium vulgare,2018-08-16,2,1
156762242,Cirsium vulgare,2023-04-10,2,1
156988486,Cirsium horridulum,2023-04-26,2,1
157013046,Cirsium arvense,2023-04-28,2,1
15706167,Cirsium discolor,2018-08-19,2,1
157226788,Cirsium vulgare,2023-04-28,2,1
157269698,Cirsium horridulum,2023-04-28,2,1
15727054,Cirsium vulgare,2018-08-20,2,1
15730859,Cirsium vulgare,2018-08-10,2,1
15733957,Cirsium vulgare,2018-06-30,2,1
15741661,Cirsium discolor,2018-08-18,2,1
15746345,Cirsium vulgare,2018-08-20,2,1
15749731,Cirsium vulgare,2018-08-19,2,1
157641717,Cirsium vulgare,2023-04-29,2,1
157806158,Cirsium occidentale,2023-04-28,2,1
157830093,Cirsium vulgare,2023-04-28,2,1
157965527,Cirsium arvense,2023-04-30,2,1
158125117,Cirsium esculentum,2023-04-30,2,1
158189731,Cirsium vulgare,2023-04-30,2,1
158306467,Cirsium vulgare,2023-04-30,2,1
158373054,Cirsium vulgare,2023-04-30,2,1
15865751,Cirsium arizonicum,2018-08-24,2,1
158715163,Cirsium vulgare,2023-04-25,2,1
158794522,Cirsium texanum,2023-05-01,2,1
158806619,Cirsium palustre,2023-05-01,2,1
158823937,Cirsium rhaphilepis,2023-05-01,2,1
158885889,Cirsium vulgare,2023-05-01,2,1
159065906,Cirsium vulgare,2023-05-01,2,1
159106145,Cirsium palustre,2023-05-02,2,1
159196418,Cirsium palustre,2023-04-22,2,1
159255404,Cirsium palustre,2018-05-14,2,1
159517403,Cirsium neomexicanum,2023-04-30,2,1
159629138,Cirsium texanum,2023-05-03,2,1
159663499,Cirsium texanum,2023-05-04,2,1
15981080,Cirsium drummondii,2012-07-08,2,1
160029929,Cirsium japonicum,2023-05-06,2,1
160048489,Cirsium vulgare,2023-05-06,2,1
160058184,Cirsium arvense,2023-05-05,2,1
160125283,Cirsium mexicanum,2023-04-22,2,1
160184053,Cirsium undulatum,2023-05-05,2,1
160387573,Cirsium pumilum,2023-05-07,2,1
160479268,Cirsium neomexicanum,2023-05-07,2,1
160527801,Cirsium palustre,2023-05-08,2,1
160557459,Cirsium ehrenbergii,2023-05-07,2,1
16058051,Cirsium altissimum,2018-08-30,2,1
1606129,Cirsium rivulare,2015-06-07,2,1
160625505,Cirsium vulgare,2023-05-03,2,1
160635880,Cirsium cymosum,2023-04-28,2,1
16064272,Cirsium arvense,2018-08-16,2,1
160644221,Cirsium neomexicanum,2023-05-08,2,1
160771161,Cirsium horridulum,2023-05-09,2,1
160837747,Cirsium vulgare,2023-05-09,2,1
160839906,Cirsium vulgare,2023-05-09,2,1
160877727,Cirsium canum,2023-05-10,2,1
160925984,Cirsium carolinianum,2023-05-10,2,1
160945408,Cirsium carolinianum,2023-05-10,2,1
161031385,Cirsium vulgare,2023-05-06,2,1
161044848,Cirsium vulgare,2023-05-08,2,1
161123189,Cirsium arvense,2022-10-17,2,1
161141894,Cirsium palustre,2023-05-10,2,1
161171875,Cirsium mexicanum,2023-04-28,2,1
161186784,Cirsium brevifolium,2022-07-10,2,1
161201521,Cirsium filipendulum,2023-05-12,2,1
161264972,Cirsium oleraceum,2023-05-11,2,1
161289963,Cirsium vulgare,2023-05-12,2,1
161402355,Cirsium nuttallii,2023-05-12,2,1
161426162,Cirsium palustre,2023-05-13,2,1
161516446,Cirsium carolinianum,2023-05-13,2,1
161559787,Cirsium japonicum,2023-05-09,2,1
161622715,Cirsium vulgare,2023-05-14,2,1
161671322,Cirsium undulatum,2023-05-07,2,1
161671883,Cirsium coahuilense,2023-04-30,2,1
16167869,Cirsium discolor,2018-09-03,2,1
161688780,Cirsium undulatum,2023-05-14,2,1
161807761,Cirsium arvense,2023-05-12,2,1
161839421,Cirsium heterophyllum,2023-05-13,2,1
162009094,Cirsium palustre,2023-05-14,2,1
162075782,Cirsium nuttallii,2023-05-16,2,1
162144661,Cirsium rhaphilepis,2023-05-11,2,1
16216593,Cirsium vulgare,2018-09-01,2,1
162246904,Cirsium vulgare,2023-05-13,2,1
162321265,Cirsium arvense,2023-05-18,2,1
162336774,Cirsium oleraceum,2023-05-18,2,1
16239114,Cirsium vulgare,2018-09-02,2,1
162483340,Cirsium arvense,2023-05-13,2,1
162530770,Cirsium vulgare,2023-05-19,2,1
162558207,Cirsium palustre,2023-05-19,2,1
162655704,Cirsium arvense,2023-05-20,2,1
162679681,Cirsium texanum,2023-05-20,2,1
162704292,Cirsium palustre,2023-05-20,2,1
162774161,Cirsium vulgare,2023-05-20,2,1
162775152,Cirsium palustre,2023-05-20,2,1
162795550,Cirsium neomexicanum,2023-05-04,2,1
16285209,Cirsium discolor,2018-09-07,2,1
162854045,Cirsium vulgare,2023-05-15,2,1
163089572,Cirsium vulgare,2023-05-22,2,1
163159544,Cirsium occidentale,2023-05-21,2,1
163172364,Cirsium vulgare,2022-09-15,2,1
163178427,Cirsium neomexicanum,2023-05-21,2,1
163295273,Cirsium erisithales,2023-05-22,2,1
163380953,Cirsium undulatum,2023-05-23,2,1
163388717,Cirsium arvense,2023-05-23,2,1
16368759,Cirsium palustre,2018-09-08,2,1
163735595,Cirsium vulgare,2023-05-25,2,1
163749476,Cirsium undulatum,2023-05-23,2,1
163774487,Cirsium arvense,2023-05-26,2,1
163820104,Cirsium heterophyllum,2023-05-26,2,1
163867266,Cirsium serrulatum,2023-05-25,2,1
16391158,Cirsium arvense,2018-09-09,2,1
163932282,Cirsium occidentale,2023-05-26,2,1
163937562,Cirsium taiwanense,2023-05-27,2,1
163995304,Cirsium undulatum,2023-05-27,2,1
164058528,Cirsium vulgare,2023-05-26,2,1
164175565,Cirsium vulgare,2023-05-28,2,1
16435245,Cirsium vulgare,2018-09-09,2,1
164382448,Cirsium heterophyllum,2023-05-28,2,1
16443742,Cirsium discolor,2018-09-08,2,1
164474571,Cirsium palustre,2023-05-29,2,1
164495816,Cirsium vulgare,2023-05-29,2,1
164510360,Cirsium neomexicanum,2023-05-29,2,1
164537865,Cirsium nuttallii,2023-05-29,2,1
164539238,Cirsium undulatum,2023-05-26,2,1
164575629,Cirsium brevistylum,2023-05-29,2,1
164649843,Cirsium palustre,2023-05-30,2,1
164728811,Cirsium occidentale,2023-05-28,2,1
16479521,Cirsium tioganum,2018-09-09,2,1
164798515,Cirsium vulgare,2023-01-11,2,1
164830431,Cirsium vulgare,2023-05-25,2,1
164841128,Cirsium horridulum,2023-05-31,2,1
164940023,Cirsium arvense,2020-11-17,2,1
164941051,Cirsium occidentale,2023-05-27,2,1
164967211,Cirsium vulgare,2023-05-31,2,1
164974889,Cirsium undulatum,2023-06-01,2,1
164975197,Cirsium simplex,2018-07-31,2,1
164995368,Cirsium heterophyllum,2023-06-01,2,1
165016898,Cirsium arvense,2023-05-31,2,1
165016941,Cirsium palustre,2023-05-31,2,1
165087562,Cirsium arvense,2023-06-01,2,1
165116199,Cirsium palustre,2023-06-02,2,1
16519930,Cirsium arvense,2017-06-29,2,1
165222018,Cirsium neomexicanum,2023-05-31,2,1
165270054,Cirsium palustre,2023-06-03,2,1
165294236,Cirsium palustre,2023-06-03,2,1
165345665,Cirsium oleraceum,2023-06-03,2,1
165347781,Cirsium arvense,2023-06-03,2,1
165420090,Cirsium brevifolium,2023-06-03,2,1
165486852,Cirsium vulgare,2023-06-04,2,1
165527961,Cirsium undulatum,2023-06-03,2,1
165610327,Cirsium neomexicanum,2023-06-02,2,1
165612603,Cirsium palustre,2023-06-04,2,1
16562660,Cirsium arvense,2018-09-15,2,1
165702192,Cirsium arvense,2023-06-05,2,1
165720647,Cirsium alsophilum,2023-06-05,2,1
165725095,Cirsium palustre,2023-06-05,2,1
165758667,Cirsium neomexicanum,2023-05-10,2,1
165762562,Cirsium vulgare,2023-06-05,2,1
165782266,Cirsium vulgare,2023-06-04,2,1
165856656,Cirsium arisanense,2023-05-21,2,1
165862386,Cirsium vulgare,2023-06-06,2,1
166011310,Cirsium nuttallii,2023-06-06,2,1
166093863,Cirsium palustre,2023-06-07,2,1
166107958,Cirsium carolinianum,2023-06-07,2,1
166109708,Cirsium rivulare,2023-06-04,2,1
166142472,Cirsium arvense,2023-06-06,2,1
1661704,Cirsium neomexicanum,2011-05-13,2,1
166222886,Cirsium muticum,2004-07-22,2,1
166254355,Cirsium arvense,2023-06-08,2,1
166336594,Cirsium occidentale,2023-06-07,2,1
166361044,Cirsium undulatum,2023-06-04,2,1
166378322,Cirsium palustre,2023-06-08,2,1
166436273,Cirsium vulgare,2022-07-29,2,1
166566229,Cirsium palustre,2023-06-10,2,1
166575519,Cirsium palustre,2023-06-07,2,1
166644549,Cirsium palustre,2023-06-10,2,1
166666940,Cirsium palustre,2023-06-10,2,1
16669111,Cirsium vulgare,2018-09-17,2,1
16674212,Cirsium arvense,2018-09-18,2,1
166800443,Cirsium horridulum,2023-06-11,2,1
166820925,Cirsium undulatum,2023-06-11,2,1
166831414,Cirsium palustre,2023-06-11,2,1
166886879,Cirsium rivulare,2023-06-10,2,1
16693498,Cirsium arvense,2018-09-08,2,1
167018183,Cirsium rivulare,2023-06-12,2,1
167020775,Cirsium cymosum,2023-05-21,2,1
167043344,Cirsium dissectum,2023-06-12,2,1
167058712,Cirsium erisithales,2023-06-09,2,1
167058995,Cirsium arvense,2023-06-12,2,1
167095220,Cirsium vulgare,2023-06-12,2,1
167176226,Cirsium arvense,2023-06-02,2,1
16718870,Cirsium grahamii,2018-09-14,2,1
167203469,Cirsium arvense,2023-06-13,2,1
167238099,Cirsium arvense,2023-06-13,2,1
167244289,Cirsium rivulare,2023-06-13,2,1
167268852,Cirsium cymosum,2023-06-12,2,1
167291379,Cirsium cymosum,2023-06-11,2,1
167304899,Cirsium ochrocentrum,2023-06-13,2,1
167323961,Cirsium oleraceum,2023-06-09,2,1
167329808,Cirsium serrulatum,2023-06-14,2,1
167401550,Cirsium vulgare,2023-06-12,2,1
167444175,Cirsium arvense,2023-06-14,2,1
167462305,Cirsium undulatum,2023-06-14,2,1
167480143,Cirsium vulgare,2023-06-14,2,1
167480647,Cirsium vulgare,2023-06-15,2,1
167485883,Cirsium esculentum,2023-06-14,2,1
167498209,Cirsium arvense,2023-06-15,2,1
167514868,Cirsium erisithales,2023-06-15,2,1
167519867,Cirsium heterophyllum,2023-06-15,2,1
167523277,Cirsium palustre,2023-06-14,2,1
167561999,Cirsium erisithales,2023-06-15,2,1
167576836,Cirsium palustre,2023-06-06,2,1
167586908,Cirsium arvense,2023-06-15,2,1
167694793,Cirsium arvense,2023-06-16,2,1
167694797,Cirsium vulgare,2023-06-16,2,1
167722916,Cirsium helenioides,2023-06-16,2,1
167722918,Cirsium heterophyllum,2023-06-16,2,1
167750797,Cirsium vulgare,2023-06-16,2,1
167751600,Cirsium palustre,2023-06-16,2,1
167752648,Cirsium vulgare,2022-07-03,2,1
167836187,Cirsium palustre,2023-06-17,2,1
167846713,Cirsium vulgare,2023-06-16,2,1
167880954,Cirsium vulgare,2023-06-17,2,1
167898223,Cirsium palustre,2023-06-16,2,1
167915954,Cirsium monspessulanum,2023-06-17,2,1
167931331,Cirsium vulgare,2023-06-17,2,1
16795445,Cirsium horridulum,2018-04-07,2,1
167954945,Cirsium oleraceum,2022-10-22,2,1
168022658,Cirsium horridulum,2023-04-13,2,1
168025428,Cirsium carolinianum,2008-05-24,2,1
168029073,Cirsium palustre,2023-06-17,2,1
168039751,Cirsium palustre,2023-06-18,2,1
16804404,Cirsium arvense,2018-09-22,2,1
168087420,Cirsium heterophyllum,2023-06-18,2,1
168091899,Cirsium arvense,2023-06-17,2,1
168111704,Cirsium arvense,2023-06-18,2,1
168124797,Cirsium palustre,2023-06-18,2,1
168126745,Cirsium canum,2023-06-18,2,1
168143435,Cirsium palustre,2023-06-18,2,1
168145515,Cirsium palustre,2023-06-17,2,1
168149918,Cirsium heterophyllum,2023-06-18,2,1
168159510,Cirsium palustre,2023-06-18,2,1
168181250,Cirsium cymosum,2023-06-18,2,1
168191139,Cirsium arvense,2023-06-18,2,1
168251125,Cirsium japonicum,2023-06-17,2,1
16825836,Cirsium palustre,2018-09-18,2,1
168292051,Cirsium helenioides,2023-06-19,2,1
168298777,Cirsium palustre,2023-06-17,2,1
168307571,Cirsium arvense,2023-06-15,2,1
168314049,Cirsium oleraceum,2023-06-18,2,1
168348950,Cirsium arvense,2023-06-19,2,1
168457433,Cirsium palustre,2023-06-19,2,1
168457728,Cirsium palustre,2023-06-20,2,1
168465711,Cirsium palustre,2023-06-17,2,1
168477064,Cirsium arvense,2023-06-20,2,1
168479295,Cirsium erisithales,2018-06-06,2,1
168501574,Cirsium wallichii,2019-09-05,2,1
168524938,Cirsium arvense,2023-06-19,2,1
168530308,Cirsium rivulare,2021-06-10,2,1
168536644,Cirsium arvense,2023-06-20,2,1
168545867,Cirsium horridulum,2023-04-18,2,1
168559986,Cirsium vulgare,2023-06-20,2,1
168625553,Cirsium palustre,2023-06-21,2,1
168653028,Cirsium heterophyllum,2023-06-18,2,1
168684826,Cirsium palustre,2023-06-21,2,1
168705352,Cirsium vulgare,2023-06-21,2,1
168752500,Cirsium scariosum,2023-06-21,2,1
168759270,Cirsium vulgare,2023-04-22,2,1
168786812,Cirsium palustre,2023-06-21,2,1
168789319,Cirsium arvense,2023-06-22,2,1
168792937,Cirsium oleraceum,2023-06-22,2,1
168828687,Cirsium flodmanii,2023-06-21,2,1
168857300,Cirsium vulgare,2023-06-22,2,1
168923020,Cirsium vulgare,2023-06-22,2,1
168925712,Cirsium occidentale,2023-06-21,2,1
168970129,Cirsium arvense,2023-06-23,2,1
169003706,Cirsium heterophyllum,2023-06-23,2,1
169007890,Cirsium arvense,2023-06-23,2,1
169038787,Cirsium texanum,2023-06-23,2,1
169043629,Cirsium rivulare,2023-06-23,2,1
169063870,Cirsium oleraceum,2023-06-22,2,1
169118685,Cirsium vulgare,2023-06-20,2,1
169142562,Cirsium heterophyllum,2023-06-24,2,1
169143346,Cirsium vulgare,2023-06-24,2,1
169155958,Cirsium helenioides,2023-06-20,2,1
169181102,Cirsium palustre,2023-06-17,2,1
169203257,Cirsium arvense,2023-06-24,2,1
169220676,Cirsium vulgare,2023-06-24,2,1
169226315,Cirsium arvense,2023-06-24,2,1
169229414,Cirsium spinosissimum,2023-06-24,2,1
169236614,Cirsium arvense,2023-06-24,2,1
169241299,Cirsium oleraceum,2023-06-24,2,1
169292304,Cirsium arvense,2023-06-24,2,1
169299029,Cirsium ochrocentrum,2023-06-24,2,1
169340466,Cirsium arvense,2023-06-25,2,1
169342331,Cirsium vulgare,2023-06-25,2,1
169375150,Cirsium palustre,2023-06-25,2,1
169400090,Cirsium arvense,2023-06-18,2,1
169415454,Cirsium scariosum,2023-06-25,2,1
169427832,Cirsium undulatum,2023-06-20,2,1
169431100,Cirsium canescens,2023-06-22,2,1
169454360,Cirsium palustre,2023-06-21,2,1
169481955,Cirsium arvense,2023-06-24,2,1
169556998,Cirsium kawakamii,2023-06-10,2,1
169561857,Cirsium palustre,2023-06-25,2,1
169577158,Cirsium undulatum,2023-06-26,2,1
169589788,Cirsium vulgare,2023-06-26,2,1
169594334,Cirsium andersonii,2023-06-24,2,1
169619376,Cirsium arvense,2023-06-25,2,1
169648999,Cirsium arvense,2023-06-26,2,1
169654311,Cirsium erisithales,2023-06-26,2,1
169662320,Cirsium undulatum,2023-06-19,2,1
169682904,Cirsium horridulum,2023-05-02,2,1
169724181,Cirsium scariosum,2023-06-24,2,1
169743113,Cirsium arvense,2023-06-27,2,1
169744707,Cirsium heterophyllum,2023-06-27,2,1
169787133,Cirsium palustre,2023-06-27,2,1
169790010,Cirsium monspessulanum,2023-06-20,2,1
1697921,Cirsium vulgare,2015-06-25,2,1
16980110,Cirsium vulgare,2018-09-27,2,1
169840538,Cirsium vulgare,2023-06-25,2,1
169871482,Cirsium discolor,2022-07-08,2,1
169896083,Cirsium serrulatum,2023-06-28,2,1
169904916,Cirsium heterophyllum,2023-06-27,2,1
169912368,Cirsium arvense,2023-06-27,2,1
169919682,Cirsium serrulatum,2023-06-28,2,1
169929739,Cirsium heterophyllum,2023-06-26,2,1
169943225,Cirsium arvense,2023-06-24,2,1
169958543,Cirsium canum,2023-06-27,2,1
169962331,Cirsium canescens,2023-06-17,2,1
17008170,Cirsium vulgare,2008-07-26,2,1
170132587,Cirsium esculentum,2023-06-29,2,1
170160573,Cirsium pumilum,2023-06-29,2,1
170164244,Cirsium muticum,2023-06-29,2,1
170171949,Cirsium vulgare,2023-06-29,2,1
170174046,Cirsium heterophyllum,2023-06-29,2,1
170204834,Cirsium brevistylum,2023-06-25,2,1
170242937,Cirsium palustre,2023-06-29,2,1
170264686,Cirsium rivulare,2023-06-30,2,1
170336357,Cirsium pannonicum,2023-06-30,2,1
170352062,Cirsium vulgare,2023-06-30,2,1
170369759,Cirsium arvense,2023-06-30,2,1
170381181,Cirsium arvense,2023-06-30,2,1
170444100,Cirsium arvense,2023-07-01,2,1
170449770,Cirsium foliosum,2023-06-26,2,1
170459486,Cirsium palustre,2023-07-01,2,1
170463289,Cirsium palustre,2023-07-01,2,1
170485744,Cirsium palustre,2023-07-01,2,1
170487687,Cirsium occidentale,2023-06-30,2,1
170536343,Cirsium vulgare,2023-07-01,2,1
170538600,Cirsium repandum,2023-06-30,2,1
170540434,Cirsium arvense,2023-07-01,2,1
170548382,Cirsium arvense,2023-07-01,2,1
170594788,Cirsium vulgare,2023-06-24,2,1
170596397,Cirsium vulgare,2023-06-27,2,1
170598235,Cirsium oleraceum,2023-06-29,2,1
170608088,Cirsium erisithales,2023-07-02,2,1
170612052,Cirsium vulgare,2023-07-02,2,1
170693087,Cirsium palustre,2023-07-02,2,1
170706110,Cirsium oleraceum,2023-07-02,2,1
170708909,Cirsium palustre,2023-07-02,2,1
170712346,Cirsium palustre,2023-07-01,2,1
170723039,Cirsium arvense,2023-07-02,2,1
170756574,Cirsium occidentale,2023-07-02,2,1
170799543,Cirsium drummondii,2023-07-01,2,1
170833530,Cirsium heterophyllum,2023-07-02,2,1
170867517,Cirsium erisithales,2023-07-02,2,1
170872752,Cirsium arvense,2023-07-02,2,1
170873835,Cirsium arvense,2023-07-02,2,1
170899254,Cirsium arvense,2023-07-03,2,1
170920941,Cirsium obvallatum,2023-06-25,2,1
170983982,Cirsium arvense,2023-06-08,2,1
170994835,Cirsium heterophyllum,2023-07-04,2,1
171009006,Cirsium heterophyllum,2023-07-04,2,1
171012953,Cirsium arvense,2023-07-04,2,1
171024197,Cirsium arvense,2023-07-04,2,1
171039476,Cirsium arvense,2023-06-28,2,1
171054820,Cirsium muticum,2023-07-03,2,1
17107691,Cirsium muticum,2018-10-01,2,1
171090771,Cirsium flodmanii,2023-07-04,2,1
171101634,Cirsium nuttallii,2023-07-04,2,1
171101966,Cirsium palustre,2023-07-04,2,1
171132747,Cirsium occidentale,2023-07-04,2,1
171153601,Cirsium canescens,2023-07-04,2,1
171154061,Cirsium arvense,2023-07-04,2,1
171189300,Cirsium vulgare,2023-07-05,2,1
171204408,Cirsium palustre,2023-07-02,2,1
171237162,Cirsium heterophyllum,2023-07-05,2,1
171248359,Cirsium oleraceum,2023-07-05,2,1
171280771,Cirsium arvense,2023-07-05,2,1
171288526,Cirsium arvense,2023-07-05,2,1
171323314,Cirsium arvense,2023-07-01,2,1
171327507,Cirsium scariosum,2023-07-05,2,1
171347741,Cirsium heterophyllum,2023-07-01,2,1
171355024,Cirsium arvense,2023-07-06,2,1
171361448,Cirsium arvense,2023-07-03,2,1
171364176,Cirsium pyrenaicum,2023-07-06,2,1
171375805,Cirsium palustre,2023-07-06,2,1
171400320,Cirsium arvense,2023-07-05,2,1
171427546,Cirsium palustre,2023-07-01,2,1
171431702,Cirsium arvense,2023-07-03,2,1
171434471,Cirsium heterophyllum,2023-06-28,2,1
171434625,Cirsium palustre,2023-07-06,2,1
171442736,Cirsium quercetorum,2023-06-12,2,1
171522967,Cirsium oleraceum,2023-07-07,2,1
171540787,Cirsium heterophyllum,2023-07-01,2,1
171561932,Cirsium palustre,2023-07-07,2,1
171561947,Cirsium arvense,2023-07-07,2,1
171568127,Cirsium spinosissimum,2023-07-07,2,1
171579068,Cirsium vulgare,2023-07-07,2,1
171589788,Cirsium heterophyllum,2023-07-07,2,1
171670769,Cirsium nuttallii,2023-07-03,2,1
171682932,Cirsium arvense,2023-06-22,2,1
171690361,Cirsium andersonii,2023-07-07,2,1
171704814,Cirsium rivulare,2023-06-25,2,1
171706515,Cirsium vulgare,2023-07-05,2,1
171709519,Cirsium arvense,2023-07-08,2,1
171744729,Cirsium vulgare,2023-07-08,2,1
171747293,Cirsium vulgare,2023-06-27,2,1
171752285,Cirsium arvense,2023-07-08,2,1
171768744,Cirsium acaulon,2023-07-08,2,1
171777374,Cirsium arvense,2023-07-08,2,1
171782403,Cirsium arvense,2023-07-08,2,1
171792375,Cirsium vulgare,2023-07-08,2,1
171808026,Cirsium vulgare,2023-07-08,2,1
171817579,Cirsium erisithales,2023-07-08,2,1
171826253,Cirsium palustre,2023-07-08,2,1
171855145,Cirsium arvense,2023-07-08,2,1
171892653,Cirsium arvense,2023-07-07,2,1
171898536,Cirsium andersonii,2023-07-07,2,1
171904292,Cirsium oleraceum,2023-07-07,2,1
171929215,Cirsium palustre,2023-07-09,2,1
171931741,Cirsium oleraceum,2023-07-09,2,1
171955757,Cirsium serrulatum,2023-07-07,2,1
171956103,Cirsium heterophyllum,2023-07-09,2,1
171959308,Cirsium arvense,2023-07-09,2,1
171976191,Cirsium altissimum,2023-07-09,2,1
172000506,Cirsium vulgare,2023-07-09,2,1
172002628,Cirsium palustre,2023-07-09,2,1
172003276,Cirsium vulgare,2023-07-09,2,1
172010250,Cirsium palustre,2023-07-09,2,1
172023031,Cirsium arvense,2023-07-08,2,1
172023116,Cirsium vulgare,2023-07-08,2,1
172033249,Cirsium arvense,2023-07-09,2,1
172048631,Cirsium vulgare,2023-07-09,2,1
172054516,Cirsium pumilum,2023-07-08,2,1
172054673,Cirsium suzukii,2023-07-07,2,1
172058394,Cirsium scariosum,2023-07-09,2,1
172069813,Cirsium arvense,2023-07-09,2,1
172105548,Cirsium arvense,2023-07-09,2,1
172107314,Cirsium arvense,2023-07-09,2,1
172108501,Cirsium arvense,2023-07-09,2,1
172134066,Cirsium arvense,2023-07-10,2,1
172143301,Cirsium tuberosum,2023-07-10,2,1
172159567,Cirsium arvense,2023-07-02,2,1
172160118,Cirsium discolor,2023-07-10,2,1
172173345,Cirsium hookerianum,2023-06-14,2,1
172177798,Cirsium arvense,2023-07-10,2,1
172178359,Cirsium heterophyllum,2017-07-19,2,1
17218065,Cirsium vulgare,2017-07-20,2,1
172202465,Cirsium arvense,2023-07-10,2,1
172202703,Cirsium arvense,2023-07-06,2,1
172216839,Cirsium palustre,2023-07-09,2,1
172223812,Cirsium townsendii,2023-07-02,2,1
172331992,Cirsium arvense,2023-07-10,2,1
172342988,Cirsium palustre,2023-07-11,2,1
172364671,Cirsium muticum,2023-07-11,2,1
172366330,Cirsium arvense,2023-07-11,2,1
172381065,Cirsium palustre,2023-07-06,2,1
172388419,Cirsium vulgare,2023-07-11,2,1
172404565,Cirsium undulatum,2023-07-11,2,1
172439113,Cirsium vulgare,2023-07-12,2,1
172466975,Cirsium heterophyllum,2023-07-09,2,1
172471341,Cirsium vulgare,2023-07-12,2,1
172479042,Cirsium helenioides,2023-06-24,2,1
172485214,Cirsium arvense,2023-07-12,2,1
172508151,Cirsium palustre,2023-07-09,2,1
172509540,Cirsium arvense,2023-07-12,2,1
172539226,Cirsium vulgare,2023-07-12,2,1
172581839,Cirsium arvense,2023-07-08,2,1
172604827,Cirsium arvense,2023-07-12,2,1
172612533,Cirsium altissimum,2023-06-30,2,1
172641558,Cirsium spinosissimum,2023-07-07,2,1
172653608,Cirsium arvense,2023-07-13,2,1
172657265,Cirsium erisithales,2023-07-13,2,1
172692456,Cirsium muticum,2023-07-13,2,1
172706064,Cirsium vulgare,2023-07-13,2,1
172709871,Cirsium arvense,2023-07-13,2,1
172724954,Cirsium vulgare,2023-07-12,2,1
172739934,Cirsium vulgare,2023-07-13,2,1
172743013,Cirsium oleraceum,2023-07-02,2,1
172808592,Cirsium vulgare,2023-07-12,2,1
172817840,Cirsium arvense,2023-07-14,2,1
172850518,Cirsium heterophyllum,2023-07-14,2,1
172858747,Cirsium arvense,2023-07-02,2,1
172859625,Cirsium canum,2023-07-14,2,1
172869383,Cirsium arvense,2023-07-14,2,1
172907338,Cirsium heterophyllum,2023-07-14,2,1
172940293,Cirsium palustre,2023-07-14,2,1
173010865,Cirsium arvense,2023-07-15,2,1
173036066,Cirsium waldsteinii,2023-07-15,2,1
173055480,Cirsium serrulatum,2023-07-15,2,1
173072926,Cirsium arvense,2023-07-15,2,1
173118496,Cirsium brevicaule,2023-07-15,2,1
173144142,Cirsium canum,2023-07-15,2,1
173178514,Cirsium heterophyllum,2023-07-13,2,1
173230675,Cirsium vulgare,2023-07-16,2,1
173230689,Cirsium arvense,2023-07-16,2,1
173239728,Cirsium heterophyllum,2023-06-05,2,1
173242305,Cirsium vulgare,2023-07-16,2,1
173249453,Cirsium arvense,2023-07-15,2,1
173263434,Cirsium spinosissimum,2023-07-15,2,1
173277439,Cirsium arvense,2023-07-16,2,1
173277641,Cirsium palustre,2023-07-12,2,1
173281762,Cirsium arvense,2023-07-03,2,1
173283073,Cirsium scariosum,2023-07-16,2,1
173284001,Cirsium vulgare,2023-07-16,2,1
173285597,Cirsium heterophyllum,2023-07-16,2,1
173290950,Cirsium arvense,2023-07-11,2,1
173293855,Cirsium arvense,2023-07-16,2,1
173296005,Cirsium heterophyllum,2023-07-16,2,1
173303539,Cirsium arvense,2023-07-16,2,1
173365334,Cirsium vulgare,2023-07-11,2,1
173446429,Cirsium arvense,2023-07-17,2,1
173519293,Cirsium arvense,2023-07-17,2,1
173548763,Cirsium neomexicanum,2023-05-21,2,1
173549488,Cirsium arvense,2023-07-16,2,1
173549531,Cirsium arvense,2023-07-15,2,1
173558402,Cirsium vulgare,2023-07-18,2,1
173561174,Cirsium vulgare,2023-07-18,2,1
173599801,Cirsium arvense,2023-07-18,2,1
173639894,Cirsium vulgare,2023-07-15,2,1
173657042,Cirsium spinosissimum,2023-07-11,2,1
173680989,Cirsium palustre,2023-07-18,2,1
173688151,Cirsium muticum,2023-07-18,2,1
173700185,Cirsium arvense,2023-07-18,2,1
173706903,Cirsium pendulum,2023-07-19,2,1
173713359,Cirsium vulgare,2023-07-18,2,1
173714677,Cirsium heterophyllum,2023-06-27,2,1
173723077,Cirsium vulgare,2023-07-18,2,1
17372887,Cirsium vulgare,2018-10-01,2,1
173794038,Cirsium arvense,2023-07-19,2,1
173822076,Cirsium vulgare,2023-07-19,2,1
173837777,Cirsium vulgare,2023-07-08,2,1
173849099,Cirsium discolor,2023-07-19,2,1
173850403,Cirsium flodmanii,2023-07-19,2,1
173855748,Cirsium brevistylum,2023-07-16,2,1
173895610,Cirsium palustre,2023-07-19,2,1
173909762,Cirsium arvense,2023-07-13,2,1
173941497,Cirsium vulgare,2023-07-20,2,1
173950122,Cirsium flodmanii,2023-07-19,2,1
173960073,Cirsium oleraceum,2023-07-20,2,1
173967582,Cirsium arvense,2023-07-18,2,1
173969982,Cirsium arvense,2023-07-20,2,1
173979377,Cirsium vulgare,2023-07-20,2,1
174015504,Cirsium canescens,2023-07-20,2,1
174032995,Cirsium discolor,2023-07-20,2,1
174037831,Cirsium palustre,2023-07-20,2,1
174040296,Cirsium oleraceum,2023-07-21,2,1
174063619,Cirsium vulgare,2023-07-21,2,1
174066245,Cirsium vulgare,2023-07-21,2,1
174068440,Cirsium vulgare,2023-07-21,2,1
174085469,Cirsium vulgare,2023-07-21,2,1
174091231,Cirsium vulgare,2023-07-21,2,1
174097295,Cirsium vulgare,2023-07-20,2,1
174115467,Cirsium heterophyllum,2023-07-21,2,1
174131242,Cirsium arvense,2023-07-21,2,1
174139159,Cirsium vulgare,2023-07-21,2,1
174156416,Cirsium arvense,2023-07-21,2,1
174158633,Cirsium vulgare,2023-07-21,2,1
174159599,Cirsium vulgare,2023-07-21,2,1
174236725,Cirsium arvense,2023-06-22,2,1
174262575,Cirsium heterophyllum,2023-07-22,2,1
174266076,Cirsium altissimum,2023-07-22,2,1
174270149,Cirsium arvense,2023-07-15,2,1
174277170,Cirsium arvense,2023-07-20,2,1
174279020,Cirsium arvense,2023-07-22,2,1
174279755,Cirsium arvense,2023-07-22,2,1
174284265,Cirsium arvense,2023-07-22,2,1
174316074,Cirsium serratuloides,2023-07-22,2,1
174327776,Cirsium echinus,2023-07-22,2,1
174364429,Cirsium nuttallii,2023-07-22,2,1
17439893,Cirsium heterophyllum,2018-08-12,2,1
174430593,Cirsium vulgare,2023-07-23,2,1
174439621,Cirsium vulgare,2023-07-23,2,1
174441137,Cirsium heterophyllum,2023-07-23,2,1
174483546,Cirsium muticum,2023-07-23,2,1
174486969,Cirsium oleraceum,2023-07-23,2,1
174490615,Cirsium vulgare,2023-07-23,2,1
174494777,Cirsium vulgare,2023-07-23,2,1
174510542,Cirsium andersonii,2023-07-22,2,1
174535038,Cirsium vulgare,2023-07-23,2,1
174540867,Cirsium vulgare,2023-07-23,2,1
174543185,Cirsium vulgare,2023-07-23,2,1
174586397,Cirsium vulgare,2023-07-15,2,1
174589424,Cirsium vulgare,2023-07-23,2,1
174625765,Cirsium edule,2023-07-18,2,1
174633492,Cirsium vulgare,2023-07-21,2,1
174640664,Cirsium arvense,2023-07-23,2,1
174645742,Cirsium arvense,2023-07-23,2,1
174649680,Cirsium oleraceum,2023-07-24,2,1
174657427,Cirsium oleraceum,2023-07-24,2,1
174661690,Cirsium palustre,2023-05-13,2,1
174703667,Cirsium arvense,2023-07-24,2,1
174709220,Cirsium nuttallii,2023-07-24,2,1
174729077,Cirsium vulgare,2023-07-21,2,1
174749575,Cirsium vulgare,2023-07-23,2,1
174761519,Cirsium arvense,2023-07-24,2,1
174763619,Cirsium arvense,2023-07-24,2,1
174789262,Cirsium parryi,2022-08-13,2,1
174813587,Cirsium arvense,2023-07-25,2,1
174814405,Cirsium vulgare,2023-07-19,2,1
174838586,Cirsium vulgare,2023-07-22,2,1
174852775,Cirsium arvense,2023-07-05,2,1
174854989,Cirsium palustre,2023-07-25,2,1
174862471,Cirsium kamtschaticum,2023-07-15,2,1
174864571,Cirsium arvense,2023-07-24,2,1
174876711,Cirsium arvense,2023-07-25,2,1
174890919,Cirsium vulgare,2023-07-24,2,1
174892308,Cirsium vulgare,2023-07-25,2,1
174933189,Cirsium arvense,2023-07-22,2,1
174969930,Cirsium vulgare,2023-07-25,2,1
174986942,Cirsium arvense,2023-07-22,2,1
174989577,Cirsium scopulorum,2023-07-22,2,1
174992107,Cirsium arvense,2023-07-26,2,1
174992777,Cirsium vulgare,2023-07-25,2,1
175000804,Cirsium eriophoroides,2023-07-10,2,1
175002448,Cirsium arvense,2023-07-26,2,1
175011371,Cirsium arvense,2023-07-26,2,1
175013497,Cirsium vulgare,2023-07-25,2,1
175018167,Cirsium arvense,2023-07-25,2,1
175054542,Cirsium vulgare,2023-07-26,2,1
175065945,Cirsium vulgare,2023-07-26,2,1
175081015,Cirsium heterophyllum,2023-07-26,2,1
175091059,Cirsium oleraceum,2023-07-26,2,1
175095001,Cirsium vulgare,2023-07-26,2,1
175095720,Cirsium purpuratum,2023-07-20,2,1
175096267,Cirsium muticum,2023-07-23,2,1
175114366,Cirsium arvense,2023-07-04,2,1
175114839,Cirsium arvense,2023-07-26,2,1
175139284,Cirsium vulgare,2023-07-26,2,1
175158267,Cirsium esculentum,2023-07-27,2,1
175198481,Cirsium vulgare,2023-07-27,2,1
175207301,Cirsium oleraceum,2023-07-25,2,1
17523097,Cirsium ochrocentrum,2018-10-14,2,1
175269989,Cirsium undulatum,2023-07-27,2,1
175273089,Cirsium oleraceum,2023-07-24,2,1
175273895,Cirsium vulgare,2023-07-27,2,1
175302734,Cirsium vulgare,2023-07-27,2,1
175309707,Cirsium arvense,2023-07-27,2,1
175309866,Cirsium esculentum,2023-07-28,2,1
175312764,Cirsium edule,2023-07-27,2,1
175345786,Cirsium vulgare,2023-07-26,2,1
175376778,Cirsium vulgare,2023-07-25,2,1
175478824,Cirsium arizonicum,2023-07-27,2,1
175489593,Cirsium palustre,2023-07-25,2,1
175498144,Cirsium vulgare,2023-07-28,2,1
175501008,Cirsium esculentum,2023-07-29,2,1
175518446,Cirsium vulgare,2023-07-29,2,1
175527554,Cirsium brachycephalum,2023-07-24,2,1
175560844,Cirsium brevistylum,2023-07-28,2,1
175570948,Cirsium arvense,2023-07-29,2,1
175584727,Cirsium arvense,2023-07-29,2,1
175609802,Cirsium arvense,2023-07-28,2,1
175611996,Cirsium vulgare,2023-07-29,2,1
175665331,Cirsium vulgare,2023-07-29,2,1
175666372,Cirsium arvense,2023-07-28,2,1
175693921,Cirsium vulgare,2023-07-30,2,1
175702932,Cirsium vulgare,2023-07-30,2,1
175730011,Cirsium oleraceum,2023-07-30,2,1
175734970,Cirsium oleraceum,2023-07-30,2,1
175735373,Cirsium canum,2023-06-04,2,1
175738866,Cirsium vulgare,2023-07-30,2,1
175769293,Cirsium oleraceum,2023-06-25,2,1
175794035,Cirsium acaulon,2023-07-30,2,1
175820227,Cirsium arvense,2023-07-30,2,1
175824805,Cirsium vulgare,2023-07-04,2,1
175855227,Cirsium altissimum,2023-07-30,2,1
17585619,Cirsium serratuloides,2015-06-22,2,1
175867656,Cirsium vulgare,2023-07-30,2,1
175884156,Cirsium arvense,2023-07-31,2,1
175884301,Cirsium vulgare,2023-07-30,2,1
175884372,Cirsium vulgare,2023-07-30,2,1
175888610,Cirsium arvense,2023-07-30,2,1
175895057,Cirsium arvense,2023-07-31,2,1
175895523,Cirsium vulgare,2023-07-31,2,1
175897584,Cirsium arvense,2023-07-31,2,1
175898359,Cirsium acaulon,2023-07-26,2,1
175898458,Cirsium vulgare,2023-07-30,2,1
175898485,Cirsium palustre,2023-07-30,2,1
175906217,Cirsium vulgare,2023-07-30,2,1
175909729,Cirsium arvense,2023-07-29,2,1
175921140,Cirsium vulgare,2023-07-30,2,1
175929266,Cirsium vulgare,2023-07-29,2,1
175947194,Cirsium vulgare,2023-07-31,2,1
176002097,Cirsium arvense,2023-07-31,2,1
176040552,Cirsium arvense,2023-07-30,2,1
176064390,Cirsium serrulatum,2023-07-31,2,1
176070564,Cirsium arvense,2023-07-20,2,1
176089579,Cirsium vulgare,2023-07-31,2,1
176142912,Cirsium vulgare,2023-07-30,2,1
176143953,Cirsium heterophyllum,2023-07-30,2,1
176143955,Cirsium palustre,2023-07-30,2,1
176160280,Cirsium vulgare,2023-08-01,2,1
176212828,Cirsium arvense,2023-08-01,2,1
176233002,Cirsium vulgare,2023-07-30,2,1
176235769,Cirsium vulgare,2023-07-24,2,1
176259540,Cirsium erisithales,2023-07-29,2,1
176266489,Cirsium arvense,2023-07-30,2,1
176272944,Cirsium parryi,2023-08-01,2,1
176296483,Cirsium vulgare,2023-08-02,2,1
176296706,Cirsium wheeleri,2023-08-02,2,1
176330775,Cirsium arvense,2023-07-27,2,1
176349655,Cirsium arvense,2023-08-01,2,1
176381782,Cirsium parryi,2023-07-31,2,1
176392860,Cirsium arvense,2023-07-22,2,1
176450513,Cirsium arvense,2023-08-03,2,1
176457599,Cirsium pumilum,2023-08-03,2,1
176499464,Cirsium latifolium,2023-08-03,2,1
176510057,Cirsium vulgare,2023-08-02,2,1
176521770,Cirsium arvense,2023-08-03,2,1
176530722,Cirsium arvense,2023-08-03,2,1
176534930,Cirsium vulgare,2023-08-03,2,1
176582378,Cirsium arvense,2023-08-04,2,1
176608214,Cirsium arvense,2023-08-04,2,1
176655473,Cirsium heterophyllum,2023-08-04,2,1
176681650,Cirsium muticum,2023-08-04,2,1
176715330,Cirsium arvense,2023-08-05,2,1
176742625,Cirsium arvense,2023-08-05,2,1
176747813,Cirsium canum,2023-08-05,2,1
176751371,Cirsium arvense,2023-08-05,2,1
176775259,Cirsium acaulon,2023-08-05,2,1
176783386,Cirsium vulgare,2023-08-05,2,1
176802659,Cirsium vulgare,2023-08-05,2,1
176815670,Cirsium arvense,2023-08-05,2,1
176815846,Cirsium scariosum,2023-07-29,2,1
176869420,Cirsium andersonii,2023-08-05,2,1
176885100,Cirsium scariosum,2023-07-30,2,1
176909502,Cirsium arvense,2023-08-02,2,1
176916892,Cirsium kamtschaticum,2023-08-06,2,1
176927798,Cirsium oleraceum,2023-08-05,2,1
176979730,Cirsium muticum,2023-08-06,2,1
176996278,Cirsium oleraceum,2023-08-05,2,1
177003202,Cirsium arvense,2023-08-05,2,1
177017853,Cirsium palustre,2023-06-30,2,1
177035896,Cirsium vulgare,2023-08-06,2,1
177055394,Cirsium vulgare,2023-08-06,2,1
177061905,Cirsium ochrocentrum,2023-06-28,2,1
177094848,Cirsium muticum,2023-08-04,2,1
177118417,Cirsium scariosum,2023-08-01,2,1
177127638,Cirsium vulgare,2023-08-06,2,1
177130999,Cirsium esculentum,2023-08-03,2,1
177144680,Cirsium discolor,2023-08-06,2,1
177144936,Cirsium oleraceum,2023-08-06,2,1
177148868,Cirsium serrulatum,2023-08-07,2,1
177150663,Cirsium heterophyllum,2023-08-05,2,1
177207514,Cirsium oleraceum,2023-08-07,2,1
177207842,Cirsium vulgare,2023-08-06,2,1
177209106,Cirsium vulgare,2023-08-05,2,1
177228233,Cirsium oleraceum,2023-08-05,2,1
177274159,Cirsium scariosum,2023-08-07,2,1
177309856,Cirsium yatsu-alpicola,2023-08-06,2,1
177338810,Cirsium heterophyllum,2023-08-06,2,1
177343807,Cirsium italicum,2023-08-08,2,1
177344567,Cirsium vulgare,2023-08-03,2,1
177368698,Cirsium palustre,2023-08-08,2,1
177372364,Cirsium vulgare,2023-08-08,2,1
177391719,Cirsium canum,2023-08-08,2,1
177392763,Cirsium vulgare,2023-08-07,2,1
177404804,Cirsium arvense,2023-08-08,2,1
177418292,Cirsium palustre,2023-08-08,2,1
177422089,Cirsium vulgare,2023-08-08,2,1
177465754,Cirsium oleraceum,2023-08-08,2,1
177465873,Cirsium vulgare,2023-08-06,2,1
177473084,Cirsium vulgare,2023-07-20,2,1
177474514,Cirsium vulgare,2023-08-09,2,1
177506048,Cirsium parryi,2023-08-07,2,1
177519259,Cirsium muticum,2023-08-09,2,1
177523306,Cirsium serrulatum,2023-08-09,2,1
177524860,Cirsium arvense,2023-08-09,2,1
177547341,Cirsium discolor,2023-08-09,2,1
177551731,Cirsium palustre,2023-08-09,2,1
177586525,Cirsium vulgare,2023-08-09,2,1
177635045,Cirsium arvense,2023-08-03,2,1
177664163,Cirsium arvense,2023-08-10,2,1
177664273,Cirsium oleraceum,2023-08-10,2,1
177666466,Cirsium acaulon,2023-08-10,2,1
177682769,Cirsium pugnax,2023-08-06,2,1
177709381,Cirsium arvense,2023-08-09,2,1
177709431,Cirsium vulgare,2023-08-09,2,1
177722832,Cirsium vulgare,2023-08-10,2,1
177731431,Cirsium muticum,2023-08-10,2,1
177742161,Cirsium vulgare,2023-08-10,2,1
177753893,Cirsium vulgare,2023-08-09,2,1
177778900,Cirsium canum,2023-08-10,2,1
177779169,Cirsium arvense,2023-08-10,2,1
177792326,Cirsium arvense,2023-08-10,2,1
177802165,Cirsium palustre,2023-08-10,2,1
177813408,Cirsium discolor,2023-08-10,2,1
177843390,Cirsium acaulon,2023-08-11,2,1
177855406,Cirsium vulgare,2023-08-11,2,1
177862477,Cirsium vulgare,2023-08-11,2,1
177869305,Cirsium esculentum,2023-08-05,2,1
177869309,Cirsium vulgare,2023-08-05,2,1
177870765,Cirsium muticum,2023-08-11,2,1
177886939,Cirsium occidentale,2023-06-05,2,1
177888434,Cirsium arvense,2023-08-11,2,1
177926695,Cirsium kamtschaticum,2023-07-21,2,1
177965051,Cirsium semenowii,2023-07-24,2,1
177979403,Cirsium vulgare,2023-08-12,2,1
177994253,Cirsium arvense,2023-07-22,2,1
178002069,Cirsium coloradense,2023-08-09,2,1
178048086,Cirsium discolor,2023-08-12,2,1
178068588,Cirsium arvense,2023-08-12,2,1
178080474,Cirsium arvense,2023-08-12,2,1
178107945,Cirsium discolor,2023-08-12,2,1
178161238,Cirsium oleraceum,2023-08-13,2,1
17817021,Cirsium arvense,2018-10-21,2,1
178200514,Cirsium arvense,2023-08-06,2,1
178203739,Cirsium kamtschaticum,2023-08-02,2,1
178211928,Cirsium altissimum,2023-08-13,2,1
178240115,Cirsium vulgare,2023-08-10,2,1
178259437,Cirsium vulgare,2023-08-13,2,1
178260688,Cirsium vulgare,2023-08-13,2,1
178290685,Cirsium altissimum,2023-08-13,2,1
178317341,Cirsium ochrocentrum,2023-07-27,2,1
178336146,Cirsium arvense,2023-08-13,2,1
178352712,Cirsium palustre,2019-05-12,2,1
178354730,Cirsium vulgare,2021-08-08,2,1
178357431,Cirsium vulgare,2023-08-14,2,1
178378801,Cirsium vulgare,2023-07-30,2,1
178390511,Cirsium vulgare,2023-08-14,2,1
178394015,Cirsium arvense,2023-08-12,2,1
178397644,Cirsium heterophyllum,2023-08-14,2,1
178406405,Cirsium undulatum,2023-07-07,2,1
178406895,Cirsium oleraceum,2023-08-08,2,1
178407536,Cirsium palustre,2023-07-01,2,1
178425193,Cirsium arvense,2023-08-10,2,1
178479783,Cirsium arvense,2023-08-14,2,1
178499993,Cirsium vulgare,2023-08-15,2,1
178522582,Cirsium vulgare,2023-08-15,2,1
178531153,Cirsium oleraceum,2023-08-14,2,1
1785618,Cirsium undulatum,2014-07-10,2,1
178581614,Cirsium palustre,2023-08-15,2,1
178601791,Cirsium vulgare,2023-08-15,2,1
178630677,Cirsium vulgare,2023-08-11,2,1
178631436,Cirsium muticum,2023-08-15,2,1
178655858,Cirsium oleraceum,2023-08-15,2,1
178676598,Cirsium vulgare,2023-08-16,2,1
178696145,Cirsium vulgare,2023-08-13,2,1
178722723,Cirsium erythrolepis,2023-08-16,2,1
178745985,Cirsium arvense,2023-08-16,2,1
178789508,Cirsium arvense,2023-08-14,2,1
178799875,Cirsium vulgare,2023-08-17,2,1
178800598,Cirsium canum,2023-08-17,2,1
178801208,Cirsium arvense,2023-08-17,2,1
178804197,Cirsium heterophyllum,2023-08-17,2,1
178832457,Cirsium arvense,2023-08-17,2,1
178850530,Cirsium oleraceum,2023-08-17,2,1
178861965,Cirsium palustre,2023-07-13,2,1
178933550,Cirsium arvense,2023-08-17,2,1
178977546,Cirsium oleraceum,2023-08-16,2,1
179011157,Cirsium arvense,2023-07-21,2,1
179020963,Cirsium altissimum,2023-08-18,2,1
179020982,Cirsium arvense,2023-08-18,2,1
179021426,Cirsium arvense,2023-08-18,2,1
179023969,Cirsium vulgare,2023-08-18,2,1
179115627,Cirsium vulgare,2023-08-05,2,1
179142416,Cirsium vulgare,2023-08-19,2,1
179148834,Cirsium creticum,2023-08-19,2,1
179173870,Cirsium heterophyllum,2023-08-19,2,1
179188731,Cirsium vulgare,2023-08-19,2,1
179197305,Cirsium spinosissimum,2023-08-19,2,1
179201148,Cirsium acaulon,2023-08-19,2,1
179240587,Cirsium discolor,2023-08-18,2,1
179274925,Cirsium vulgare,2023-08-19,2,1
179317830,Cirsium palustre,2023-08-18,2,1
179318744,Cirsium oleraceum,2023-08-10,2,1
179332526,Cirsium acaulon,2023-08-20,2,1
179334858,Cirsium discolor,2023-08-19,2,1
179382950,Cirsium altissimum,2023-08-20,2,1
179391872,Cirsium discolor,2023-08-19,2,1
179410445,Cirsium arvense,2023-08-20,2,1
179442409,Cirsium vulgare,2023-08-19,2,1
179461977,Cirsium arvense,2023-07-26,2,1
179474002,Cirsium muticum,2023-08-20,2,1
179493412,Cirsium vulgare,2023-08-18,2,1
179503517,Cirsium muticum,2023-08-20,2,1
179524717,Cirsium heterophyllum,2023-08-21,2,1
179635990,Cirsium arvense,2023-08-21,2,1
179649621,Cirsium vulgare,2023-08-12,2,1
179696953,Cirsium arvense,2023-08-07,2,1
179723303,Cirsium acaulon,2023-08-22,2,1
179725231,Cirsium arvense,2023-08-11,2,1
179749353,Cirsium arvense,2023-08-22,2,1
179750651,Cirsium tweedyi,2019-07-28,2,1
179760630,Cirsium parryi,2023-08-07,2,1
179800384,Cirsium arvense,2023-08-23,2,1
179826335,Cirsium vulgare,2023-08-22,2,1
179828977,Cirsium erisithales,2023-08-18,2,1
17983005,Cirsium vulgare,2018-10-31,2,1
179839762,Cirsium vulgare,2023-08-14,2,1
179847737,Cirsium acaulon,2023-08-19,2,1
179851970,Cirsium vulgare,2023-08-21,2,1
179855365,Cirsium heterophyllum,2023-08-23,2,1
1798962,Cirsium arvense,2015-07-25,2,1
179898203,Cirsium arvense,2023-08-22,2,1
179917945,Cirsium vulgare,2023-08-23,2,1
179959271,Cirsium vulgare,2023-07-28,2,1
179969591,Cirsium heterophyllum,2023-08-24,2,1
179972096,Cirsium arvense,2023-08-23,2,1
179995930,Cirsium vulgare,2023-08-18,2,1
179996183,Cirsium muticum,2023-08-24,2,1
180026329,Cirsium oleraceum,2023-08-24,2,1
180029439,Cirsium vulgare,2023-08-24,2,1
180034299,Cirsium vulgare,2023-08-05,2,1
180040997,Cirsium muticum,2023-08-24,2,1
180056514,Cirsium pumilum,2023-08-24,2,1
180064122,Cirsium esculentum,2023-07-27,2,1
180088697,Cirsium arvense,2023-07-01,2,1
180092650,Cirsium vulgare,2023-08-02,2,1
180108543,Cirsium heterophyllum,2023-08-25,2,1
180111454,Cirsium tuberosum,2023-08-25,2,1
180137292,Cirsium heterophyllum,2023-08-20,2,1
180140489,Cirsium vulgare,2023-08-25,2,1
180142650,Cirsium altissimum,2023-08-25,2,1
180150748,Cirsium altissimum,2023-08-25,2,1
180152618,Cirsium arvense,2023-08-25,2,1
180176090,Cirsium vulgare,2023-08-23,2,1
180198044,Cirsium discolor,2023-08-25,2,1
180253724,Cirsium heterophyllum,2023-08-26,2,1
180282904,Cirsium vulgare,2023-08-26,2,1
180298341,Cirsium heterophyllum,2023-08-26,2,1
180317720,Cirsium arvense,2023-08-26,2,1
180318433,Cirsium heterophyllum,2023-08-26,2,1
180319297,Cirsium arvense,2023-08-26,2,1
180425951,Cirsium vulgare,2023-08-26,2,1
1804344,Cirsium andersonii,2015-07-17,2,1
180439497,Cirsium vulgare,2023-08-22,2,1
180449220,Cirsium discolor,2023-08-26,2,1
180453396,Cirsium mexicanum,2023-08-26,2,1
180462569,Cirsium discolor,2023-08-27,2,1
180485691,Cirsium andersonii,2023-08-24,2,1
180513692,Cirsium vulgare,2023-08-20,2,1
180517263,Cirsium arvense,2023-08-27,2,1
180546219,Cirsium altissimum,2023-08-27,2,1
180587414,Cirsium pendulum,2023-08-26,2,1
180597437,Cirsium vulgare,2023-08-26,2,1
180617426,Cirsium esculentum,2023-08-11,2,1
180750565,Cirsium arvense,2023-08-29,2,1
180757541,Cirsium vulgare,2023-08-28,2,1
180783039,Cirsium arvense,2023-08-29,2,1
180809760,Cirsium vulgare,2023-08-29,2,1
180814662,Cirsium arvense,2023-08-27,2,1
180841843,Cirsium vulgare,2023-08-29,2,1
180843612,Cirsium vulgare,2023-08-11,2,1
180898970,Cirsium altissimum,2023-08-28,2,1
180899428,Cirsium vulgare,2023-08-30,2,1
180948571,Cirsium ciliatum,2023-08-29,2,1
180958893,Cirsium arvense,2023-08-30,2,1
180984653,Cirsium altissimum,2023-08-28,2,1
181030307,Cirsium esculentum,2023-07-19,2,1
181033625,Cirsium oleraceum,2023-08-31,2,1
181040273,Cirsium vulgare,2023-08-31,2,1
181063336,Cirsium vulgare,2017-08-05,2,1
181078926,Cirsium arvense,2023-08-25,2,1
181122797,Cirsium pumilum,2023-08-31,2,1
181175217,Cirsium serratuloides,2023-07-19,2,1
181249492,Cirsium palustre,2023-07-11,2,1
181260804,Cirsium vulgare,2023-09-01,2,1
181261287,Cirsium vulgare,2023-09-01,2,1
181302338,Cirsium foliosum,2023-08-19,2,1
181312782,Cirsium heterophyllum,2023-09-01,2,1
181328825,Cirsium oleraceum,2023-09-02,2,1
181329301,Cirsium vulgare,2023-09-02,2,1
181340522,Cirsium arvense,2023-09-02,2,1
181343155,Cirsium esculentum,2023-08-25,2,1
181344918,Cirsium discolor,2023-09-02,2,1
181374415,Cirsium vulgare,2023-09-01,2,1
181448943,Cirsium arizonicum,2023-08-03,2,1
181473691,Cirsium altissimum,2023-09-02,2,1
181483863,Cirsium discolor,2023-09-02,2,1
181503906,Cirsium discolor,2023-09-02,2,1
181509591,Cirsium vulgare,2023-09-03,2,1
181520048,Cirsium canum,2023-09-03,2,1
181522820,Cirsium arvense,2023-09-02,2,1
181524479,Cirsium oleraceum,2023-09-03,2,1
181540145,Cirsium palustre,2023-09-03,2,1
181606043,Cirsium vulgare,2023-09-03,2,1
181637082,Cirsium vulgare,2023-09-04,2,1
181639498,Cirsium vulgare,2023-09-03,2,1
181664602,Cirsium arvense,2023-09-03,2,1
181698578,Cirsium vulgare,2023-09-03,2,1
181735569,Cirsium arvense,2023-09-04,2,1
181802700,Cirsium arvense,2023-09-02,2,1
181821311,Cirsium pumilum,2023-09-04,2,1
181827337,Cirsium discolor,2023-08-26,2,1
181874160,Cirsium obvallatum,2023-06-29,2,1
181876969,Cirsium arvense,2023-09-01,2,1
181965910,Cirsium palustre,2023-08-26,2,1
181968296,Cirsium undulatum,2023-05-28,2,1
181972975,Cirsium discolor,2023-09-05,2,1
181987619,Cirsium discolor,2023-09-05,2,1
182032102,Cirsium helenioides,2023-08-27,2,1
182038127,Cirsium candelabrum,2023-07-17,2,1
182043884,Cirsium greimleri,2023-09-04,2,1
182070196,Cirsium flodmanii,2023-09-06,2,1
182113371,Cirsium arvense,2023-09-06,2,1
182135102,Cirsium arvense,2023-08-28,2,1
182138339,Cirsium arvense,2023-07-15,2,1
18214187,Cirsium arvense,2018-11-07,2,1
182163084,Cirsium arvense,2023-08-03,2,1
182173899,Cirsium arvense,2023-09-07,2,1
182248982,Cirsium esculentum,2023-08-14,2,1
182254837,Cirsium palustre,2023-09-01,2,1
182287990,Cirsium arvense,2023-09-08,2,1
182317617,Cirsium arvense,2021-06-15,2,1
182335231,Cirsium arvense,2023-09-04,2,1
182342913,Cirsium arvense,2023-08-12,2,1
182371056,Cirsium arvense,2023-09-07,2,1
182383509,Cirsium arvense,2023-09-05,2,1
182444674,Cirsium discolor,2023-09-07,2,1
182478098,Cirsium vulgare,2023-09-09,2,1
182480884,Cirsium altissimum,2023-09-09,2,1
182513484,Cirsium arvense,2023-08-30,2,1
182530683,Cirsium arvense,2023-09-09,2,1
182595959,Cirsium occidentale,2023-06-24,2,1
182635441,Cirsium pendulum,2023-08-22,2,1
182665459,Cirsium vulgare,2023-01-21,2,1
182668014,Cirsium vulgare,2023-06-25,2,1
182670233,Cirsium arvense,2023-09-02,2,1
182671410,Cirsium discolor,2023-09-10,2,1
182673968,Cirsium oleraceum,2023-09-07,2,1
182686292,Cirsium palustre,2023-06-25,2,1
182716406,Cirsium arvense,2023-09-08,2,1
182730379,Cirsium arvense,2023-09-10,2,1
182763325,Cirsium eatonii,2023-09-10,2,1
182765680,Cirsium rhinoceros,2023-09-09,2,1
18276611,Cirsium vulgare,2017-08-12,2,1
182770209,Cirsium vulgare,2023-08-24,2,1
182784741,Cirsium acaulon,2023-07-22,2,1
182803387,Cirsium pendulum,2023-08-26,2,1
182822061,Cirsium arvense,2023-09-11,2,1
182841186,Cirsium arvense,2023-09-10,2,1
182847054,Cirsium oleraceum,2023-08-10,2,1
182865306,Cirsium arvense,2023-09-11,2,1
182875567,Cirsium arvense,2023-06-06,2,1
182892764,Cirsium arvense,2023-09-05,2,1
182909740,Cirsium arvense,2023-09-09,2,1
182938650,Cirsium palustre,2023-09-12,2,1
182949227,Cirsium arvense,2023-09-12,2,1
182968619,Cirsium vulgare,2023-07-30,2,1
183019306,Cirsium arvense,2023-09-12,2,1
183057670,Cirsium purpuratum,2023-09-13,2,1
183081127,Cirsium arvense,2023-09-13,2,1
183085780,Cirsium vulgare,2023-09-01,2,1
183090528,Cirsium vlassovianum,2023-09-01,2,1
183104028,Cirsium arvense,2023-09-13,2,1
183122443,Cirsium vulgare,2023-07-23,2,1
183122486,Cirsium vulgare,2023-08-04,2,1
183153574,Cirsium vulgare,2023-09-13,2,1
183191776,Cirsium arvense,2023-07-23,2,1
183193589,Cirsium vlassovianum,2023-09-02,2,1
183218305,Cirsium monspessulanum,2023-09-14,2,1
183248798,Cirsium vulgare,2023-09-14,2,1
183267266,Cirsium erisithales,2023-09-14,2,1
183296418,Cirsium discolor,2023-09-04,2,1
183298190,Cirsium arvense,2018-08-29,2,1
183303790,Cirsium arvense,2023-09-14,2,1
183369237,Cirsium vulgare,2023-09-07,2,1
183380137,Cirsium arvense,2023-09-15,2,1
183398007,Cirsium vulgare,2023-08-27,2,1
183415922,Cirsium arvense,2023-09-13,2,1
183424261,Cirsium arvense,2023-09-15,2,1
183528896,Cirsium ukranicum,2023-06-23,2,1
183577564,Cirsium funkiae,2023-09-16,2,1
183618772,Cirsium acrolepis,2023-08-17,2,1
183623961,Cirsium vulgare,2023-09-17,2,1
183650433,Cirsium monspessulanum,2023-09-17,2,1
183667617,Cirsium heterophyllum,2023-09-17,2,1
18370114,Cirsium oleraceum,2018-11-12,2,1
183702528,Cirsium arvense,2023-09-17,2,1
183719789,Cirsium arvense,2023-09-11,2,1
183789177,Cirsium vulgare,2023-06-22,2,1
183790808,Cirsium funkiae,2023-09-17,2,1
183848569,Cirsium palustre,2023-09-11,2,1
183892571,Cirsium vulgare,2023-09-18,2,1
183918115,Cirsium arvense,2023-09-17,2,1
183927534,Cirsium altissimum,2023-09-18,2,1
183998124,Cirsium vulgare,2023-09-17,2,1
184006535,Cirsium vulgare,2023-09-17,2,1
184072720,Cirsium arvense,2023-09-19,2,1
184106617,Cirsium arvense,2023-09-20,2,1
184142040,Cirsium vulgare,2023-09-06,2,1
184153504,Cirsium oleraceum,2023-09-20,2,1
184173408,Cirsium arvense,2023-09-15,2,1
184175589,Cirsium vulgare,2023-09-19,2,1
184219181,Cirsium vulgare,2023-08-19,2,1
184233749,Cirsium vulgare,2023-09-21,2,1
184243517,Cirsium palustre,2023-07-14,2,1
184245454,Cirsium arvense,2023-05-15,2,1
184250203,Cirsium arvense,2023-09-21,2,1
184250485,Cirsium oleraceum,2023-09-21,2,1
184267419,Cirsium vulgare,2023-09-02,2,1
184276741,Cirsium arizonicum,2023-09-11,2,1
184300460,Cirsium discolor,2023-09-21,2,1
184333442,Cirsium discolor,2023-09-21,2,1
184357400,Cirsium helenioides,2023-07-21,2,1
184531880,Cirsium heterophyllum,2023-09-21,2,1
184537914,Cirsium vulgare,2023-09-23,2,1
184552342,Cirsium oleraceum,2023-09-12,2,1
184555789,Cirsium pugnax,2022-08-27,2,1
184578408,Cirsium canum,2023-09-23,2,1
184587984,Cirsium vulgare,2023-09-23,2,1
184595988,Cirsium vulgare,2023-09-07,2,1
184601259,Cirsium arvense,2023-09-15,2,1
184602803,Cirsium vulgare,2023-09-23,2,1
184635215,Cirsium vulgare,2023-09-23,2,1
184655654,Cirsium vulgare,2023-09-23,2,1
184679049,Cirsium oleraceum,2023-09-23,2,1
184689082,Cirsium discolor,2023-09-24,2,1
184704947,Cirsium vulgare,2023-09-24,2,1
184751424,Cirsium arvense,2023-09-24,2,1
184762116,Cirsium vulgare,2023-09-23,2,1
184764835,Cirsium arvense,2023-09-24,2,1
184771573,Cirsium serrulatum,2023-09-24,2,1
184791467,Cirsium discolor,2023-09-16,2,1
184829180,Cirsium vulgare,2023-08-15,2,1
184882882,Cirsium altissimum,2023-09-16,2,1
184940320,Cirsium discolor,2023-09-25,2,1
18497050,Cirsium vulgare,2018-07-28,2,1
184970814,Cirsium arvense,2023-09-26,2,1
185017455,Cirsium vulgare,2023-09-26,2,1
185057708,Cirsium discolor,2023-09-26,2,1
18507015,Cirsium muticum,2018-07-17,2,1
185180347,Cirsium vulgare,2023-09-27,2,1
185210813,Cirsium douglasii,2023-08-29,2,1
185210822,Cirsium arvense,2023-08-29,2,1
185248708,Cirsium palustre,2023-09-28,2,1
185260166,Cirsium vulgare,2023-09-28,2,1
18527422,Cirsium mexicanum,2018-11-19,2,1
185296054,Cirsium vulgare,2023-09-28,2,1
185331422,Cirsium oleraceum,2023-09-28,2,1
18541070,Cirsium arvense,2018-08-02,2,1
185425489,Cirsium arvense,2023-09-21,2,1
185455381,Cirsium discolor,2023-09-29,2,1
185477912,Cirsium rivulare,2017-07-19,2,1
185477936,Cirsium oleraceum,2017-07-19,2,1
185496600,Cirsium vulgare,2023-09-29,2,1
185497873,Cirsium tenuipedunculatum,2023-09-29,2,1
185552835,Cirsium spinosum,2023-08-16,2,1
185574449,Cirsium ochrocentrum,2023-09-26,2,1
185585273,Cirsium palustre,2023-09-30,2,1
185602905,Cirsium arvense,2023-09-09,2,1
185647320,Cirsium altissimum,2023-09-30,2,1
185665983,Cirsium vulgare,2023-09-23,2,1
1856789,Cirsium muticum,2015-08-12,2,1
185744025,Cirsium vulgare,2023-10-01,2,1
18584545,Cirsium scariosum,2005-08-22,2,1
185864612,Cirsium vulgare,2023-09-29,2,1
185887392,Cirsium acaulon,2023-10-01,2,1
18590127,Cirsium horridulum,2013-03-16,2,1
185918690,Cirsium arvense,2023-10-02,2,1
185925042,Cirsium wheeleri,2023-10-02,2,1
185937726,Cirsium ukranicum,2023-07-17,2,1
186069904,Cirsium arvense,2023-10-03,2,1
186105908,Cirsium kamtschaticum,2022-07-15,2,1
186140390,Cirsium oleraceum,2023-09-16,2,1
186208402,Cirsium wheeleri,2023-10-03,2,1
186220250,Cirsium vulgare,2023-10-04,2,1
186257524,Cirsium spinosissimum,2009-08-16,2,1
186286962,Cirsium vulgare,2023-10-02,2,1
186287271,Cirsium arvense,2023-10-02,2,1
186299858,Cirsium arvense,2023-10-03,2,1
186311682,Cirsium arvense,2023-10-05,2,1
186370546,Cirsium arvense,2023-10-01,2,1
186375749,Cirsium vulgare,2023-10-06,2,1
186388540,Cirsium heterophyllum,2023-07-29,2,1
186401859,Cirsium andersonii,2023-10-05,2,1
186435791,Cirsium phyllocephalum,2023-08-16,2,1
186440322,Cirsium perplexans,2018-05-01,2,1
186450709,Cirsium vulgare,2023-10-03,2,1
186459200,Cirsium arvense,2023-10-06,2,1
186636540,Cirsium kamtschaticum,2022-07-05,2,1
186666775,Cirsium vulgare,2023-10-08,2,1
186703622,Cirsium canum,2023-10-08,2,1
186811212,Cirsium vulgare,2023-09-04,2,1
186840013,Cirsium arvense,2023-08-07,2,1
186854735,Cirsium opacum,2023-09-24,2,1
186910855,Cirsium arvense,2023-09-27,2,1
1869429,Cirsium vulgare,2015-08-17,2,1
187032800,Cirsium arvense,2023-10-10,2,1
187074666,Cirsium rhaphilepis,2023-10-09,2,1
187081395,Cirsium vulgare,2023-10-10,2,1
187185477,Cirsium undulatum,2023-10-11,2,1
187266657,Cirsium oleraceum,2023-10-12,2,1
187334393,Cirsium arvense,2023-10-12,2,1
187372355,Cirsium serrulatum,2023-10-13,2,1
187464100,Cirsium vlassovianum,2023-10-06,2,1
187583722,Cirsium vulgare,2023-10-14,2,1
187586532,Cirsium vulgare,2023-10-13,2,1
187675399,Cirsium arvense,2017-08-12,2,1
187743529,Cirsium ehrenbergii,2023-10-07,2,1
187868688,Cirsium canum,2023-10-13,2,1
187906212,Cirsium serrulatum,2023-10-15,2,1
187908145,Cirsium discolor,2023-10-17,2,1
187917512,Cirsium monspessulanum,2023-10-17,2,1
187918776,Cirsium vulgare,2023-10-17,2,1
188050195,Cirsium ciliatum,2023-09-30,2,1
188094914,Cirsium vulgare,2023-10-03,2,1
188138424,Cirsium myokoense,2021-09-10,2,1
188183406,Cirsium arvense,2023-10-15,2,1
188194218,Cirsium altissimum,2023-10-19,2,1
188241768,Cirsium arvense,2023-07-27,2,1
188250546,Cirsium vulgare,2023-08-19,2,1
188298755,Cirsium vulgare,2023-06-14,2,1
188300270,Cirsium vulgare,2023-10-20,2,1
188328643,Cirsium hookerianum,2023-10-20,2,1
188364992,Cirsium arvense,2023-07-27,2,1
188509811,Cirsium discolor,2023-10-21,2,1
188511692,Cirsium vulgare,2023-08-06,2,1
188560165,Cirsium palustre,2023-06-28,2,1
188580191,Cirsium vulgare,2023-10-19,2,1
188635900,Cirsium esculentum,2017-08-16,2,1
188636840,Cirsium vulgare,2023-10-21,2,1
188693561,Cirsium arvense,2023-09-16,2,1
188701421,Cirsium arvense,2023-10-23,2,1
188749725,Cirsium vulgare,2023-10-24,2,1
188814061,Cirsium vlassovianum,2023-09-25,2,1
188819321,Cirsium vulgare,2023-08-16,2,1
188861513,Cirsium arvense,2023-10-24,2,1
189015059,Cirsium vulgare,2023-10-26,2,1
189016978,Cirsium arvense,2023-10-26,2,1
189036168,Cirsium undulatum,2023-10-25,2,1
189044017,Cirsium ochrocentrum,2023-10-26,2,1
189100057,Cirsium vulgare,2023-10-21,2,1
189266309,Cirsium vulgare,2021-07-23,2,1
189268028,Cirsium spinosissimum,2023-08-08,2,1
189381380,Cirsium canescens,2023-08-05,2,1
189477585,Cirsium muticum,2009-08-03,2,1
189536328,Cirsium vulgare,2023-10-30,2,1
189639484,Cirsium sieboldii,2023-10-31,2,1
189696313,Cirsium vulgare,2023-10-28,2,1
189835266,Cirsium oleraceum,2023-06-26,2,1
189971378,Cirsium vulgare,2023-11-04,2,1
189972484,Cirsium altissimum,2023-10-25,2,1
189984895,Cirsium obvallatum,2023-08-06,2,1
190050903,Cirsium heterophyllum,2023-06-24,2,1
190071881,Cirsium oleraceum,2023-11-05,2,1
190248321,Cirsium arvense,2023-10-18,2,1
190319543,Cirsium arvense,2023-11-03,2,1
190360418,Cirsium vulgare,2023-11-05,2,1
190421720,Cirsium vulgare,2023-11-08,2,1
190441695,Cirsium vulgare,2023-11-05,2,1
190667583,Cirsium arvense,2023-11-11,2,1
190670334,Cirsium oleraceum,1999-08-11,2,1
190718014,Cirsium arvense,2023-11-11,2,1
19075045,Cirsium arvense,2018-12-17,2,1
191012076,Cirsium filipendulum,2023-11-14,2,1
191012627,Cirsium arvense,2023-11-14,2,1
191224570,Cirsium arvense,2023-06-01,2,1
19122515,Cirsium arvense,2017-05-25,2,1
191352041,Cirsium palustre,2003-06-28,2,1
191441993,Cirsium discolor,2023-11-18,2,1
191458662,Cirsium arvense,2023-11-19,2,1
191502253,Cirsium vulgare,2023-11-18,2,1
191539219,Cirsium vulgare,2023-09-03,2,1
191582840,Cirsium arvense,2023-11-19,2,1
191623570,Cirsium vulgare,2023-11-20,2,1
191628535,Cirsium vulgare,2023-05-19,2,1
191646403,Cirsium vulgare,2023-11-17,2,1
191726486,Cirsium arvense,2023-09-22,2,1
191780313,Cirsium vulgare,2023-11-22,2,1
191792334,Cirsium vulgare,2023-11-18,2,1
191836100,Cirsium brachycephalum,2019-07-11,2,1
191955740,Cirsium vulgare,2023-11-24,2,1
192153459,Cirsium arvense,2023-06-29,2,1
192199452,Cirsium acaulon,2023-11-19,2,1
192213482,Cirsium vulgare,2023-11-26,2,1
192222261,Cirsium arvense,2023-07-29,2,1
192226018,Cirsium arvense,2023-11-26,2,1
192282008,Cirsium ochrocentrum,2023-11-22,2,1
192292520,Cirsium vulgare,2023-08-04,2,1
192339834,Cirsium vulgare,2023-11-26,2,1
192369721,Cirsium vulgare,2023-11-27,2,1
192453688,Cirsium vulgare,2023-11-18,2,1
192523265,Cirsium vulgare,2023-09-23,2,1
19252362,Cirsium scariosum,2018-06-05,2,1
192635181,Cirsium vulgare,2023-11-26,2,1
192654567,Cirsium vulgare,2023-09-08,2,1
192702665,Cirsium arvense,2023-11-04,2,1
192710622,Cirsium vulgare,2023-11-25,2,1
192712457,Cirsium arvense,2020-07-02,2,1
192741035,Cirsium arizonicum,2014-08-27,2,1
192805905,Cirsium vulgare,2023-08-22,2,1
192858497,Cirsium pumilum,2011-07-10,2,1
19286370,Cirsium helenioides,2018-07-02,2,1
193178111,Cirsium vulgare,2018-11-10,2,1
193185948,Cirsium arvense,2023-08-17,2,1
19321610,Cirsium quercetorum,2018-05-15,2,1
19336192,Cirsium horridulum,2018-04-10,2,1
193550533,Cirsium vulgare,2023-12-09,2,1
193575372,Cirsium euxinum,2023-12-09,2,1
193736036,Cirsium vulgare,2021-08-25,2,1
193782282,Cirsium vulgare,2023-12-11,2,1
193785132,Cirsium palustre,2008-06-21,2,1
193831095,Cirsium vulgare,2023-12-13,2,1
19386897,Cirsium brevistylum,2017-06-24,2,1
193871998,Cirsium vulgare,2023-12-09,2,1
193965024,Cirsium vulgare,2023-07-13,2,1
193977894,Cirsium vulgare,2023-11-13,2,1
194040794,Cirsium arvense,2023-09-25,2,1
194183515,Cirsium palustre,2020-06-21,2,1
19432987,Cirsium palustre,2019-01-05,2,1
194382021,Cirsium vulgare,2023-12-19,2,1
194390144,Cirsium vulgare,2023-12-20,2,1
19440536,Cirsium vulgare,2019-01-04,2,1
194432276,Cirsium vulgare,2023-12-13,2,1
194441550,Cirsium vulgare,2023-12-20,2,1
194488003,Cirsium erisithales,2016-06-21,2,1
194561150,Cirsium heterophyllum,2020-08-01,2,1
194705053,Cirsium vulgare,2023-12-09,2,1
194960340,Cirsium vulgare,2023-12-27,2,1
195097230,Cirsium erisithales,2023-07-02,2,1
195130797,Cirsium vulgare,2022-06-30,2,1
195244043,Cirsium vulgare,2023-12-30,2,1
195281001,Cirsium arvense,2023-07-31,2,1
195354013,Cirsium vulgare,2023-12-31,2,1
195489494,Cirsium carolinianum,2023-10-09,2,1
19553257,Cirsium vulgare,2019-01-10,2,1
195549868,Cirsium esculentum,2023-08-01,2,1
195556179,Cirsium arvense,2024-01-02,2,1
195726064,Cirsium arvense,2023-07-31,2,1
195793298,Cirsium arvense,2024-01-05,2,1
195793342,Cirsium vulgare,2024-01-05,2,1
195803751,Cirsium vulgare,2023-12-24,2,1
195810704,Cirsium arvense,2024-01-01,2,1
195811562,Cirsium arvense,2023-12-29,2,1
19582522,Cirsium arvense,2019-01-12,2,1
195887174,Cirsium palustre,2024-01-02,2,1
195914464,Cirsium vulgare,2024-01-05,2,1
195970799,Cirsium vulgare,2024-01-03,2,1
1960195,Cirsium discolor,2015-09-13,2,1
196136856,Cirsium vulgare,2024-01-08,2,1
196260672,Cirsium vulgare,2024-01-09,2,1
196264207,Cirsium vulgare,2024-01-10,2,1
196307537,Cirsium arvense,2023-10-07,2,1
196365233,Cirsium arvense,2024-01-11,2,1
196414114,Cirsium vulgare,2024-01-12,2,1
196447111,Cirsium vulgare,2024-01-13,2,1
196455451,Cirsium vulgare,2024-01-05,2,1
196475897,Cirsium palustre,2024-01-13,2,1
196493650,Cirsium vulgare,2024-01-13,2,1
19654942,Cirsium pugnax,2012-07-25,2,1
196625962,Cirsium vulgare,2024-01-07,2,1
196688952,Cirsium scariosum,2020-10-10,2,1
196706918,Cirsium vulgare,2023-12-30,2,1
196757097,Cirsium vulgare,2024-01-13,2,1
196781225,Cirsium vulgare,2024-01-04,2,1
196815348,Cirsium palustre,2015-06-26,2,1
196815503,Cirsium rivulare,2017-06-13,2,1
196845491,Cirsium arvense,2022-08-04,2,1
196851630,Cirsium acaulon,2017-08-20,2,1
196863904,Cirsium vulgare,2024-01-17,2,1
196895005,Cirsium vulgare,2023-09-01,2,1
197049805,Cirsium vulgare,2024-01-19,2,1
197054425,Cirsium vulgare,2024-01-14,2,1
197056095,Cirsium vulgare,2024-01-19,2,1
197056982,Cirsium vulgare,2016-07-18,2,1
197132407,Cirsium vulgare,2024-01-13,2,1
197184712,Cirsium vulgare,2024-01-21,2,1
197337742,Cirsium heterophyllum,2022-06-24,2,1
197382420,Cirsium vulgare,2023-02-07,2,1
197457872,Cirsium horridulum,2010-06-02,2,1
197458463,Cirsium vulgare,2024-01-24,2,1
197467818,Cirsium vulgare,2024-01-22,2,1
197538623,Cirsium monspessulanum,2021-07-19,2,1
197603974,Cirsium arvense,2013-07-25,2,1
197882274,Cirsium vulgare,2023-12-24,2,1
197967897,Cirsium alatum,2015-09-25,2,1
19801628,Cirsium vulgare,2019-01-17,2,1
198039746,Cirsium esculentum,2008-07-16,2,1
198097022,Cirsium vulgare,2024-01-31,2,1
198224496,Cirsium vulgare,2024-01-14,2,1
198290993,Cirsium vulgare,2024-02-03,2,1
198332768,Cirsium arizonicum,2016-08-14,2,1
198358451,Cirsium vulgare,2024-02-03,2,1
198359959,Cirsium vulgare,2024-02-03,2,1
198577357,Cirsium discolor,2018-08-22,2,1
198916652,Cirsium horridulum,2024-02-10,2,1
198917326,Cirsium rivulare,2021-07-22,2,1
199026546,Cirsium edule,2012-06-22,2,1
199123289,Cirsium vulgare,2024-02-09,2,1
199172440,Cirsium vulgare,2024-02-08,2,1
199178478,Cirsium helenioides,2022-06-11,2,1
199188911,Cirsium brevicaule,2024-02-12,2,1
199350357,Cirsium vulgare,2024-02-01,2,1
199446272,Cirsium vulgare,2024-02-06,2,1
19945443,Cirsium vulgare,2019-01-27,2,1
199522822,Cirsium muticum,2002-08-28,2,1
199556160,Cirsium vulgare,2023-08-15,2,1
199598107,Cirsium subcoriaceum,2024-01-27,2,1
1997322,Cirsium texanum,2015-06-04,2,1
199759297,Cirsium palustre,2024-02-19,2,1
19978872,Cirsium arvense,2019-01-23,2,1
19984680,Cirsium vulgare,2007-07-24,2,1
199857764,Cirsium vulgare,2024-02-20,2,1
200012753,Cirsium vulgare,2024-02-21,2,1
200077041,Cirsium arvense,2024-02-18,2,1
200237664,Cirsium ochrocentrum,2024-02-23,2,1
200267606,Cirsium vulgare,2009-09-20,2,1
20031860,Cirsium esculentum,2009-06-08,2,1
200330102,Cirsium vulgare,2024-02-07,2,1
200364619,Cirsium vulgare,2024-02-24,2,1
200431636,Cirsium muticum,2024-02-25,2,1
200723023,Cirsium vulgare,2019-07-16,2,1
200851564,Cirsium vulgare,2024-02-29,2,1
200891666,Cirsium arvense,2015-10-25,2,1
200946481,Cirsium arvense,2020-08-02,2,1
200959227,Cirsium arvense,2022-06-28,2,1
201024513,Cirsium nuttallii,2024-03-02,2,1
201062362,Cirsium vulgare,2024-02-18,2,1
20128862,Cirsium altissimum,2010-09-11,2,1
201411517,Cirsium horridulum,2024-03-05,2,1
201419621,Cirsium vulgare,2023-12-17,2,1
20146746,Cirsium vulgare,2018-11-16,2,1
20158654,Cirsium filipendulum,2015-07-04,2,1
201674625,Cirsium vulgare,2024-03-08,2,1
201740620,Cirsium horridulum,2024-03-08,2,1
201792903,Cirsium palustre,2020-07-31,2,1
201991820,Cirsium vulgare,2024-03-10,2,1
202023239,Cirsium vulgare,2024-03-08,2,1
20202954,Cirsium vulgare,2018-08-14,2,1
202043222,Cirsium vulgare,2024-03-10,2,1
202151764,Cirsium arvense,2024-03-12,2,1
202291978,Cirsium simplex,2023-07-30,2,1
202295420,Cirsium horridulum,2024-03-12,2,1
202518320,Cirsium horridulum,2024-03-15,2,1
202691268,Cirsium palustre,2023-07-31,2,1
202808700,Cirsium arvense,2022-09-20,2,1
20284014,Cirsium arvense,2010-06-26,2,1
202842882,Cirsium undulatum,2024-03-16,2,1
202893645,Cirsium horridulum,2024-03-17,2,1
202964130,Cirsium horridulum,2024-03-16,2,1
20307732,Cirsium nuttallii,2018-06-24,2,1
203140281,Cirsium horridulum,2024-03-19,2,1
203197961,Cirsium vulgare,2024-03-20,2,1
20327001,Cirsium arvense,2018-06-19,2,1
203345778,Cirsium serrulatum,2013-05-28,2,1
203421291,Cirsium flodmanii,2023-09-18,2,1
203422015,Cirsium flodmanii,2023-08-30,2,1
203503857,Cirsium vulgare,2024-03-07,2,1
20350519,Cirsium subcoriaceum,2019-02-14,2,1
203588378,Cirsium vulgare,2024-03-23,2,1
203597242,Cirsium vulgare,2024-03-23,2,1
20362859,Cirsium vulgare,2017-08-14,2,1
20367663,Cirsium canum,2008-07-24,2,1
203685155,Cirsium mexicanum,2024-03-22,2,1
203749276,Cirsium palustre,2024-03-24,2,1
203864012,Cirsium dissectum,2020-06-17,2,1
20391735,Cirsium mexicanum,2019-02-16,2,1
20404800,Cirsium horridulum,2019-02-16,2,1
204170043,Cirsium arvense,2011-07-10,2,1
204171309,Cirsium vulgare,2024-03-27,2,1
20417139,Cirsium canum,2007-07-13,2,1
204195486,Cirsium horridulum,2024-03-27,2,1
20419656,Cirsium palustre,2007-07-24,2,1
204224996,Cirsium occidentale,2024-03-13,2,1
204226764,Cirsium horridulum,2024-03-27,2,1
204242653,Cirsium vulgare,2024-03-28,2,1
204459203,Cirsium canum,2024-03-29,2,1
204478402,Cirsium vulgare,2023-08-07,2,1
204494749,Cirsium scariosum,2016-07-03,2,1
204544248,Cirsium horridulum,2024-03-23,2,1
204632969,Cirsium vulgare,2024-03-30,2,1
204748160,Cirsium andersonii,2023-08-13,2,1
204752778,Cirsium vulgare,2024-03-31,2,1
204786241,Cirsium rhaphilepis,2024-03-29,2,1
204879507,Cirsium vulgare,2024-04-01,2,1
204957171,Cirsium horridulum,2024-03-30,2,1
204984778,Cirsium horridulum,2024-04-01,2,1
20503452,Cirsium helenioides,2012-08-02,2,1
20503547,Cirsium maackii,2013-08-11,2,1
20504351,Cirsium vlassovianum,2013-09-08,2,1
20506389,Cirsium maackii,2014-07-13,2,1
205082232,Cirsium vulgare,2023-11-20,2,1
205154068,Cirsium texanum,2024-03-21,2,1
205273945,Cirsium neomexicanum,2024-03-29,2,1
205321639,Cirsium ehrenbergii,2024-03-30,2,1
205372308,Cirsium arvense,2023-07-09,2,1
205428839,Cirsium arvense,2024-04-04,2,1
205439398,Cirsium vulgare,2024-03-11,2,1
20548874,Cirsium undulatum,2004-06-27,2,1
205580899,Cirsium nuttallii,2024-04-05,2,1
205666691,Cirsium arvense,2018-05-20,2,1
205675014,Cirsium undulatum,2024-04-06,2,1
205692158,Cirsium arvense,2023-07-02,2,1
205738676,Cirsium palustre,2024-04-06,2,1
205764891,Cirsium horridulum,2024-04-06,2,1
205882512,Cirsium texanum,2024-04-07,2,1
205917371,Cirsium horridulum,2024-04-07,2,1
206011045,Cirsium rhaphilepis,2024-04-04,2,1
206195287,Cirsium horridulum,2024-04-08,2,1
206234342,Cirsium palustre,2024-04-09,2,1
206503891,Cirsium undulatum,2024-04-08,2,1
206539199,Cirsium vulgare,2024-04-10,2,1
206586138,Cirsium vulgare,2024-04-10,2,1
20673898,Cirsium vulgare,2019-02-23,2,1
206790550,Cirsium horridulum,2024-04-12,2,1
206793658,Cirsium heterophyllum,2022-07-14,2,1
206828604,Cirsium texanum,2024-04-12,2,1
206864292,Cirsium horridulum,2024-04-12,2,1
206914653,Cirsium serrulatum,2024-04-13,2,1
206953383,Cirsium palustre,2024-04-13,2,1
207008345,Cirsium texanum,2024-04-13,2,1
207183796,Cirsium palustre,2024-04-13,2,1
207228414,Cirsium serrulatum,2024-04-14,2,1
207265386,Cirsium mexicanum,2024-04-13,2,1
207361616,Cirsium palustre,2024-04-15,2,1
207729328,Cirsium vulgare,2024-04-17,2,1
207814192,Cirsium ehrenbergii,2023-12-04,2,1
207869946,Cirsium jaliscoense,2024-04-14,2,1
20788306,Cirsium nuttallii,2017-05-03,2,1
20788499,Cirsium arvense,2010-07-26,2,1
207912320,Cirsium horridulum,2024-04-18,2,1
207994936,Cirsium vulgare,2024-04-18,2,1
208015248,Cirsium vulgare,2024-04-18,2,1
208024519,Cirsium texanum,2024-04-18,2,1
208173775,Cirsium undulatum,2024-04-19,2,1
208184372,Cirsium nuttallii,2023-05-06,2,1
208265494,Cirsium vulgare,2024-04-20,2,1
208289556,Cirsium vulgare,2024-04-18,2,1
208346099,Cirsium vulgare,2024-04-20,2,1
208384936,Cirsium arvense,2010-02-22,2,1
208401693,Cirsium texanum,2024-04-20,2,1
208449349,Cirsium vulgare,2024-04-21,2,1
208463667,Cirsium palustre,2024-04-21,2,1
208487527,Cirsium vulgare,2024-04-21,2,1
208513191,Cirsium horridulum,2024-04-20,2,1
208552173,Cirsium arvense,2024-04-21,2,1
208606410,Cirsium vulgare,2024-04-21,2,1
208965735,Cirsium nuttallii,2024-04-21,2,1
2090920,Cirsium arvense,2015-10-09,2,1
209140256,Cirsium horridulum,2024-04-24,2,1
209164030,Cirsium horridulum,2024-04-24,2,1
20944813,Cirsium oleraceum,2013-07-21,2,1
209482722,Cirsium vulgare,2024-04-25,2,1
209530715,Cirsium texanum,2024-04-26,2,1
209651986,Cirsium glabrum,2018-08-17,2,1
209694243,Cirsium nuttallii,2024-04-26,2,1
20981669,Cirsium dealbatum,2018-07-23,2,1
209874528,Cirsium vulgare,2024-04-26,2,1
209979307,Cirsium vulgare,2024-04-26,2,1
210015559,Cirsium vulgare,2024-04-26,2,1
210086863,Cirsium vulgare,2024-04-27,2,1
210187731,Cirsium palustre,2024-04-27,2,1
210208950,Cirsium engelmannii,2024-04-27,2,1
21038862,Cirsium vulgare,2019-03-07,2,1
210477719,Cirsium vulgare,2024-04-27,2,1
210561661,Cirsium horridulum,2024-04-27,2,1
210946152,Cirsium carolinianum,2024-04-27,2,1
210970093,Cirsium palustre,2024-04-28,2,1
210987747,Cirsium vulgare,2024-04-28,2,1
211036545,Cirsium palustre,2024-04-28,2,1
21107901,Cirsium palustre,2012-07-08,2,1
211123085,Cirsium arvense,2024-04-26,2,1
211201776,Cirsium vulgare,2024-04-28,2,1
211226318,Cirsium vulgare,2024-04-28,2,1
211538977,Cirsium texanum,2024-04-29,2,1
211790445,Cirsium andrewsii,2024-04-29,2,1
211898086,Cirsium bertolonii,2022-07-10,2,1
212038912,Cirsium arvense,2024-04-29,2,1
212083930,Cirsium horridulum,2024-04-29,2,1
212359212,Cirsium wheeleri,2022-08-11,2,1
212381897,Cirsium horridulum,2024-04-29,2,1
212433504,Cirsium horridulum,2024-04-30,2,1
212546359,Cirsium vulgare,2024-05-01,2,1
21259423,Cirsium horridulum,2019-03-15,2,1
212659743,Cirsium vulgare,2024-05-01,2,1
212680677,Cirsium occidentale,2024-04-07,2,1
212686585,Cirsium arvense,2004-07-31,2,1
212689491,Cirsium vulgare,2024-03-02,2,1
212890813,Cirsium palustre,2024-05-02,2,1
212896713,Cirsium texanum,2024-05-02,2,1
212900885,Cirsium arvense,2024-05-02,2,1
212971398,Cirsium vulgare,2024-05-02,2,1
21310582,Cirsium undulatum,2019-03-10,2,1
213252355,Cirsium neomexicanum,2024-03-31,2,1
21326271,Cirsium vulgare,2019-03-17,2,1
213291357,Cirsium arvense,2017-06-26,2,1
21332829,Cirsium horridulum,2019-03-17,2,1
213344489,Cirsium serrulatum,2024-04-28,2,1
213449864,Cirsium texanum,2024-05-04,2,1
213519314,Cirsium arvense,2024-04-27,2,1
213562304,Cirsium horridulum,2024-05-04,2,1
213627322,Cirsium palustre,2024-05-05,2,1
213636615,Cirsium arvense,2024-05-05,2,1
213917714,Cirsium texanum,2024-04-29,2,1
213942339,Cirsium vulgare,2024-05-04,2,1
213957061,Cirsium pannonicum,2024-05-06,2,1
21396527,Cirsium horridulum,2019-03-19,2,1
213996827,Cirsium palustre,2024-05-03,2,1
21405088,Cirsium vulgare,2019-03-12,2,1
214117804,Cirsium neomexicanum,2024-05-06,2,1
214222033,Cirsium palustre,2024-05-03,2,1
21443242,Cirsium arvense,2019-03-20,2,1
214481994,Cirsium horridulum,2024-05-08,2,1
214540666,Cirsium vulgare,2024-05-08,2,1
214579621,Cirsium vulgare,2024-05-09,2,1
214589192,Cirsium oleraceum,2024-05-09,2,1
214600067,Cirsium texanum,2024-05-02,2,1
214704669,Cirsium vulgare,2024-05-09,2,1
214729516,Cirsium arvense,2023-07-23,2,1
214886470,Cirsium arvense,2024-05-10,2,1
214979886,Cirsium arvense,2024-05-11,2,1
215044946,Cirsium palustre,2024-05-11,2,1
21505844,Cirsium brevicaule,2019-03-23,2,1
215062549,Cirsium palustre,2024-05-11,2,1
215102714,Cirsium vulgare,2024-05-11,2,1
215110723,Cirsium carolinianum,2024-05-11,2,1
215133150,Cirsium arvense,2024-05-11,2,1
215204679,Cirsium palustre,2024-05-12,2,1
215239524,Cirsium oleraceum,2023-08-19,2,1
215300699,Cirsium palustre,2024-05-12,2,1
215318501,Cirsium occidentale,2024-05-05,2,1
215348975,Cirsium palustre,2024-05-12,2,1
215450922,Cirsium brachycephalum,2024-05-12,2,1
215553662,Cirsium rivulare,2024-05-11,2,1
215566,Cirsium pumilum,2006-07-30,2,1
215669171,Cirsium palustre,2024-05-13,2,1
215756055,Cirsium oleraceum,2024-05-12,2,1
215766576,Cirsium texanum,2024-05-14,2,1
215839504,Cirsium carolinianum,2024-05-14,2,1
215915374,Cirsium vulgare,2024-05-14,2,1
215933068,Cirsium horridulum,2024-05-15,2,1
216025125,Cirsium arvense,2023-05-22,2,1
216067077,Cirsium carolinianum,2024-05-15,2,1
21611672,Cirsium vulgare,2019-03-25,2,1
216147201,Cirsium arvense,2024-05-16,2,1
216148694,Cirsium neomexicanum,2024-05-14,2,1
216222941,Cirsium douglasii,2024-05-16,2,1
216319182,Cirsium texanum,2024-05-17,2,1
216392458,Cirsium muticum,2024-05-08,2,1
216397530,Cirsium arvense,2024-05-16,2,1
216447163,Cirsium neomexicanum,2024-05-12,2,1
216472720,Cirsium vulgare,2024-05-18,2,1
216481133,Cirsium vulgare,2024-05-18,2,1
216578277,Cirsium arvense,2024-05-18,2,1
216578337,Cirsium occidentale,2024-05-18,2,1
21662088,Cirsium vulgare,2019-03-27,2,1
216628845,Cirsium horridulum,2024-05-17,2,1
21664783,Cirsium palustre,2015-07-06,2,1
216827456,Cirsium nuttallii,2024-05-18,2,1
21689775,Cirsium horridulum,2019-03-27,2,1
216918682,Cirsium vulgare,2024-05-19,2,1
216941372,Cirsium undulatum,2024-05-19,2,1
21696123,Cirsium heterophyllum,2008-07-02,2,1
217007269,Cirsium arvense,2023-09-09,2,1
217019724,Cirsium pannonicum,2024-05-18,2,1
217241524,Cirsium arvense,2014-07-16,2,1
21724172,Cirsium horridulum,2019-03-26,2,1
21730981,Cirsium arvense,2010-07-30,2,1
217315872,Cirsium arvense,2024-05-21,2,1
217426320,Cirsium vulgare,2024-05-17,2,1
217455961,Cirsium vulgare,2024-05-22,2,1
217457095,Cirsium arvense,2024-05-22,2,1
217486718,Cirsium palustre,2024-05-22,2,1
217488311,Cirsium erisithales,2024-05-22,2,1
217606110,Cirsium flodmanii,2024-05-22,2,1
217639213,Cirsium texanum,2024-05-22,2,1
217690744,Cirsium erisithales,2024-05-23,2,1
217758323,Cirsium neomexicanum,2024-05-04,2,1
217843317,Cirsium palustre,2024-05-24,2,1
217877916,Cirsium vulgare,2024-05-16,2,1
217931073,Cirsium palustre,2024-05-21,2,1
218003270,Cirsium horridulum,2024-05-08,2,1
218345182,Cirsium erisithales,2024-05-26,2,1
218371467,Cirsium tuberosum,2017-08-09,2,1
218383434,Cirsium palustre,2024-05-25,2,1
218466080,Cirsium dissectum,2024-05-22,2,1
218475143,Cirsium vulgare,2024-05-25,2,1
218518000,Cirsium vulgare,2024-05-26,2,1
218524904,Cirsium horridulum,2024-05-26,2,1
218588694,Cirsium palustre,2024-05-27,2,1
218591036,Cirsium vulgare,2024-05-26,2,1
218631410,Cirsium dissectum,2024-05-26,2,1
218708086,Cirsium muticum,2024-05-27,2,1
218754496,Cirsium discolor,2024-05-27,2,1
218772226,Cirsium arvense,2024-05-27,2,1
218774047,Cirsium arvense,2024-05-19,2,1
218914728,Cirsium vulgare,2024-05-28,2,1
218965677,Cirsium palustre,2024-05-28,2,1
219039454,Cirsium cymosum,2024-05-28,2,1
219199378,Cirsium vulgare,2024-05-29,2,1
21922475,Cirsium horridulum,2019-04-02,2,1
219267006,Cirsium canescens,2024-05-18,2,1
219281464,Cirsium rivulare,2024-05-29,2,1
219281801,Cirsium vulgare,2024-05-30,2,1
219294236,Cirsium palustre,2024-05-30,2,1
219312659,Cirsium arvense,2024-05-23,2,1
219439293,Cirsium texanum,2024-05-30,2,1
219459042,Cirsium repandum,2024-05-30,2,1
219471129,Cirsium quercetorum,2024-05-30,2,1
219484978,Cirsium arvense,2024-05-18,2,1
219515788,Cirsium rivulare,2024-05-31,2,1
21955047,Cirsium novoleonense,2019-03-15,2,1
219620722,Cirsium arvense,2024-05-31,2,1
219634582,Cirsium nuttallii,2024-05-31,2,1
219676121,Cirsium vulgare,2024-06-01,2,1
219705176,Cirsium pannonicum,2024-06-01,2,1
219813527,Cirsium arvense,2024-06-01,2,1
219841243,Cirsium arvense,2022-08-04,2,1
219924049,Cirsium occidentale,2024-05-26,2,1
219955766,Cirsium rivulare,2024-06-02,2,1
219977664,Cirsium palustre,2024-06-02,2,1
220047418,Cirsium arvense,2024-06-02,2,1
220053268,Cirsium rivulare,2024-06-02,2,1
220091348,Cirsium palustre,2024-06-02,2,1
220118439,Cirsium occidentale,2024-06-02,2,1
220241554,Cirsium pannonicum,2024-06-02,2,1
220253223,Cirsium palustre,2024-06-03,2,1
220323196,Cirsium palustre,2024-05-29,2,1
22036780,Cirsium vulgare,2016-09-05,2,1
220386261,Cirsium horridulum,2024-06-03,2,1
220391335,Cirsium arvense,2024-06-02,2,1
220468051,Cirsium arvense,2024-06-04,2,1
220471475,Cirsium rhaphilepis,2024-06-03,2,1
220487251,Cirsium palustre,2024-06-04,2,1
220487713,Cirsium undulatum,2024-06-04,2,1
220503863,Cirsium vulgare,2024-06-04,2,1
220536313,Cirsium arvense,2024-05-31,2,1
220555450,Cirsium heterophyllum,2017-06-10,2,1
220557835,Cirsium arvense,2024-06-04,2,1
220562986,Cirsium palustre,2024-06-04,2,1
220644328,Cirsium vulgare,2024-06-05,2,1
220646175,Cirsium arvense,2024-06-05,2,1
220675834,Cirsium arvense,2024-06-05,2,1
220687712,Cirsium nuttallii,2024-06-05,2,1
220702878,Cirsium palustre,2024-06-05,2,1
220726919,Cirsium arvense,2024-06-05,2,1
220843390,Cirsium palustre,2024-06-05,2,1
220901102,Cirsium vulgare,2024-06-06,2,1
220916144,Cirsium arvense,2024-06-06,2,1
220925648,Cirsium dissectum,2024-06-06,2,1
220926176,Cirsium palustre,2024-06-04,2,1
220932118,Cirsium undulatum,2024-06-05,2,1
220946345,Cirsium undulatum,2024-06-03,2,1
220948978,Cirsium vulgare,2024-06-04,2,1
221006239,Cirsium palustre,2024-06-07,2,1
221042141,Cirsium arvense,2024-06-06,2,1
221052434,Cirsium altissimum,2024-06-06,2,1
221055654,Cirsium palustre,2024-06-07,2,1
221161852,Cirsium vulgare,2024-06-07,2,1
221288600,Cirsium vulgare,2024-06-08,2,1
221297163,Cirsium arvense,2024-06-08,2,1
221354618,Cirsium heterophyllum,2024-06-08,2,1
221357107,Cirsium rivulare,2024-06-08,2,1
221381058,Cirsium texanum,2024-06-08,2,1
22143922,Cirsium texanum,2019-04-07,2,1
221538092,Cirsium palustre,2024-06-09,2,1
221569273,Cirsium erisithales,2024-06-09,2,1
221598790,Cirsium palustre,2024-06-09,2,1
221615566,Cirsium heterophyllum,2024-06-09,2,1
221622604,Cirsium palustre,2024-06-09,2,1
221625144,Cirsium vulgare,2024-06-09,2,1
221653488,Cirsium arvense,2024-06-09,2,1
221718401,Cirsium occidentale,2024-06-09,2,1
221821093,Cirsium rivulare,2024-06-10,2,1
221847838,Cirsium heterophyllum,2024-06-10,2,1
22193537,Cirsium vulgare,2019-04-08,2,1
221986076,Cirsium palustre,2024-06-11,2,1
221987182,Cirsium palustre,2024-06-11,2,1
222059783,Cirsium palustre,2024-06-11,2,1
222109451,Cirsium palustre,2024-06-11,2,1
222110398,Cirsium erisithales,2024-06-11,2,1
222148136,Cirsium serratuloides,2024-05-30,2,1
222219442,Cirsium palustre,2024-06-12,2,1
222220666,Cirsium occidentale,2024-06-04,2,1
222249794,Cirsium undulatum,2024-06-10,2,1
222256180,Cirsium arvense,2024-06-12,2,1
222287734,Cirsium palustre,2024-06-09,2,1
222319720,Cirsium vulgare,2024-06-12,2,1
222328390,Cirsium arvense,2024-06-12,2,1
22233812,Cirsium horridulum,2019-04-09,2,1
222368936,Cirsium occidentale,2024-06-12,2,1
222414310,Cirsium heterophyllum,2024-06-13,2,1
22242999,Cirsium heterophyllum,2012-06-27,2,1
222457685,Cirsium arvense,2024-06-13,2,1
222498656,Cirsium arvense,2024-06-13,2,1
222507850,Cirsium dissectum,2024-06-13,2,1
222546467,Cirsium arvense,2024-06-13,2,1
222553359,Cirsium scariosum,2024-06-12,2,1
222561937,Cirsium undulatum,2024-06-13,2,1
222587892,Cirsium helenioides,2024-06-13,2,1
222613364,Cirsium filipendulum,2024-06-12,2,1
222619740,Cirsium arvense,2024-06-14,2,1
22265870,Cirsium vulgare,2019-04-09,2,1
222703443,Cirsium palustre,2024-06-14,2,1
222715936,Cirsium horridulum,2024-03-17,2,1
222746636,Cirsium vulgare,2024-06-13,2,1
222802954,Cirsium heterophyllum,2024-06-15,2,1
222899502,Cirsium arvense,2024-06-15,2,1
222920923,Cirsium heterophyllum,2024-06-11,2,1
222941400,Cirsium arvense,2024-06-15,2,1
222943037,Cirsium nuttallii,2024-06-15,2,1
223039959,Cirsium vulgare,2024-06-16,2,1
223074061,Cirsium arvense,2024-06-16,2,1
223100627,Cirsium palustre,2024-06-16,2,1
223132901,Cirsium heterophyllum,2024-06-14,2,1
223140761,Cirsium heterophyllum,2024-06-16,2,1
223154739,Cirsium palustre,2024-06-15,2,1
223161409,Cirsium arvense,2024-06-16,2,1
223165265,Cirsium vulgare,2024-06-16,2,1
223176132,Cirsium arvense,2024-06-16,2,1
223195080,Cirsium muticum,2024-06-16,2,1
223231670,Cirsium japonicum,2024-06-13,2,1
223295046,Cirsium palustre,2024-06-17,2,1
223311889,Cirsium helenioides,2024-06-17,2,1
223330615,Cirsium arvense,2024-06-17,2,1
223340496,Cirsium arvense,2024-06-17,2,1
223343958,Cirsium arvense,2024-06-17,2,1
223416351,Cirsium arvense,2024-06-17,2,1
223418584,Cirsium vulgare,2024-06-17,2,1
223445373,Cirsium nuttallii,2024-06-17,2,1
223480103,Cirsium vulgare,2017-10-03,2,1
223488253,Cirsium occidentale,2024-06-13,2,1
223512242,Cirsium vulgare,2024-06-18,2,1
223559926,Cirsium arvense,2024-06-14,2,1
223568745,Cirsium undulatum,2024-06-18,2,1
223621050,Cirsium palustre,2024-06-17,2,1
223641745,Cirsium nuttallii,2024-06-18,2,1
223716523,Cirsium palustre,2024-06-19,2,1
223732087,Cirsium vulgare,2024-06-19,2,1
223738108,Cirsium palustre,2024-06-19,2,1
223740979,Cirsium oleraceum,2024-06-16,2,1
223753027,Cirsium brachycephalum,2024-06-19,2,1
223769820,Cirsium oleraceum,2024-06-19,2,1
223787956,Cirsium vulgare,2024-06-19,2,1
223788867,Cirsium palustre,2024-06-18,2,1
223791029,Cirsium helenioides,2024-06-18,2,1
223799863,Cirsium arvense,2024-06-19,2,1
223854425,Cirsium undulatum,2024-06-19,2,1
223862546,Cirsium undulatum,2024-06-19,2,1
223920479,Cirsium undulatum,2024-06-11,2,1
223952490,Cirsium vulgare,2024-06-20,2,1
223971814,Cirsium arvense,2024-06-20,2,1
22401917,Cirsium vlassovianum,2017-08-25,2,1
22404177,Cirsium arvense,2011-07-31,2,1
224144678,Cirsium arvense,2024-06-21,2,1
224148151,Cirsium serrulatum,2024-06-21,2,1
224148588,Cirsium heterophyllum,2024-06-21,2,1
224150436,Cirsium vulgare,2024-06-21,2,1
224177568,Cirsium palustre,2024-06-21,2,1
224206967,Cirsium arvense,2024-06-21,2,1
224226456,Cirsium occidentale,2024-06-12,2,1
22426090,Cirsium vulgare,2015-08-06,2,1
224272928,Cirsium vulgare,2024-06-21,2,1
224290815,Cirsium hookerianum,2024-06-21,2,1
224319269,Cirsium palustre,2024-06-21,2,1
224336595,Cirsium vulgare,2024-06-21,2,1
224352487,Cirsium palustre,2024-06-21,2,1
224363638,Cirsium palustre,2024-06-22,2,1
224364585,Cirsium heterophyllum,2024-06-16,2,1
224407594,Cirsium arvense,2024-06-22,2,1
22443078,Cirsium vulgare,2019-02-22,2,1
224458387,Cirsium palustre,2024-06-22,2,1
224507817,Cirsium occidentale,2024-06-21,2,1
224512042,Cirsium vulgare,2024-06-15,2,1
224512725,Cirsium pumilum,2024-06-14,2,1
224576569,Cirsium palustre,2024-06-23,2,1
224583072,Cirsium oleraceum,2024-06-22,2,1
224583382,Cirsium heterophyllum,2024-06-22,2,1
224596630,Cirsium vulgare,2024-06-23,2,1
224603362,Cirsium vulgare,2024-06-23,2,1
224633713,Cirsium palustre,2024-06-22,2,1
224646505,Cirsium palustre,2024-06-18,2,1
224652550,Cirsium palustre,2024-06-23,2,1
224653384,Cirsium ochrocentrum,2024-06-23,2,1
224654551,Cirsium tuberosum,2024-06-23,2,1
224668563,Cirsium palustre,2024-06-23,2,1
224727181,Cirsium arvense,2024-06-23,2,1
224820363,Cirsium arvense,2024-06-23,2,1
224837548,Cirsium nivale,2024-06-23,2,1
224853451,Cirsium pannonicum,2020-08-01,2,1
224895816,Cirsium vulgare,2024-06-24,2,1
224900819,Cirsium canum,2024-06-23,2,1
224908109,Cirsium oleraceum,2024-06-24,2,1
224909650,Cirsium arvense,2024-06-24,2,1
224927781,Cirsium palustre,2024-06-24,2,1
224939208,Cirsium brevistylum,2024-06-23,2,1
224970119,Cirsium palustre,2024-06-23,2,1
225048360,Cirsium brevistylum,2024-06-24,2,1
225064680,Cirsium acaulon,2020-08-05,2,1
225074455,Cirsium pannonicum,2024-06-25,2,1
225082936,Cirsium canum,2024-06-25,2,1
225093640,Cirsium palustre,2024-06-14,2,1
225119795,Cirsium altissimum,2024-06-25,2,1
225120244,Cirsium arvense,2024-06-25,2,1
225128106,Cirsium arvense,2024-06-22,2,1
225138540,Cirsium arvense,2024-06-24,2,1
225156867,Cirsium undulatum,2024-06-25,2,1
225170975,Cirsium arvense,2024-06-22,2,1
225180053,Cirsium vulgare,2024-06-25,2,1
225184123,Cirsium palustre,2024-06-25,2,1
225212709,Cirsium palustre,2024-06-25,2,1
225265769,Cirsium dissectum,2024-06-25,2,1
225321382,Cirsium vulgare,2024-06-26,2,1
225323862,Cirsium heterophyllum,2024-06-26,2,1
225333069,Cirsium brevistylum,2024-06-25,2,1
225334724,Cirsium palustre,2024-06-26,2,1
225343776,Cirsium vulgare,2024-06-26,2,1
225359050,Cirsium arvense,2024-06-26,2,1
22538058,Cirsium occidentale,2019-04-15,2,1
225392546,Cirsium palustre,2024-06-26,2,1
225404053,Cirsium japonicum,2024-06-26,2,1
225499641,Cirsium arvense,2024-06-27,2,1
225520991,Cirsium arvense,2024-06-27,2,1
225526804,Cirsium heterophyllum,2024-06-27,2,1
225569585,Cirsium vulgare,2024-06-27,2,1
225587962,Cirsium scariosum,2024-06-25,2,1
225626917,Cirsium arvense,2024-06-27,2,1
225641842,Cirsium discolor,2024-06-15,2,1
225670559,Cirsium heterophyllum,2024-06-28,2,1
225677162,Cirsium vulgare,2024-06-26,2,1
225693366,Cirsium palustre,2024-06-28,2,1
225710128,Cirsium canum,2024-06-27,2,1
225743546,Cirsium palustre,2024-06-28,2,1
225762485,Cirsium vulgare,2024-04-13,2,1
225829915,Cirsium vulgare,2024-06-28,2,1
225878041,Cirsium palustre,2024-06-29,2,1
225880181,Cirsium arvense,2024-06-29,2,1
225882366,Cirsium heterophyllum,2024-06-22,2,1
225883301,Cirsium vulgare,2024-06-29,2,1
225903416,Cirsium heterophyllum,2024-06-29,2,1
225951166,Cirsium spinosissimum,2024-06-25,2,1
225989064,Cirsium vulgare,2024-06-29,2,1
226014144,Cirsium arvense,2024-06-29,2,1
226073151,Cirsium scariosum,2024-06-29,2,1
226085754,Cirsium ochrocentrum,2024-06-29,2,1
226091827,Cirsium pumilum,2024-06-29,2,1
226126181,Cirsium vulgare,2024-06-29,2,1
226129638,Cirsium palustre,2024-06-30,2,1
226129838,Cirsium vulgare,2024-06-30,2,1
226150148,Cirsium heterophyllum,2024-06-30,2,1
226175581,Cirsium drummondii,2024-06-29,2,1
226176619,Cirsium heterophyllum,2024-06-30,2,1
226198149,Cirsium arvense,2024-06-30,2,1
226207951,Cirsium serrulatum,2024-06-29,2,1
226221799,Cirsium oleraceum,2024-06-30,2,1
226273830,Cirsium palustre,2024-06-23,2,1
226312565,Cirsium vulgare,2023-07-02,2,1
226362251,Cirsium arvense,2024-06-30,2,1
226380443,Cirsium arvense,2024-07-01,2,1
226401216,Cirsium heterophyllum,2024-07-01,2,1
226425055,Cirsium schantarense,2024-07-01,2,1
226429009,Cirsium arvense,2024-07-01,2,1
226434925,Cirsium schantarense,2024-07-01,2,1
226436296,Cirsium esculentum,2024-05-30,2,1
226441158,Cirsium vulgare,2024-06-29,2,1
226451419,Cirsium arvense,2024-07-01,2,1
226481475,Cirsium arvense,2024-07-01,2,1
226497249,Cirsium arvense,2024-06-29,2,1
226500648,Cirsium scariosum,2024-06-28,2,1
226503914,Cirsium palustre,2024-06-30,2,1
226545874,Cirsium nuttallii,2024-07-01,2,1
226549084,Cirsium arvense,2024-06-30,2,1
226567097,Cirsium arvense,2024-07-01,2,1
226572026,Cirsium vulgare,2024-07-01,2,1
226605470,Cirsium vulgare,2024-06-03,2,1
226614486,Cirsium undulatum,2024-06-25,2,1
22664548,Cirsium texanum,2019-04-17,2,1
226647728,Cirsium oleraceum,2024-07-02,2,1
226682005,Cirsium vulgare,2024-07-02,2,1
226686621,Cirsium ochrocentrum,2024-07-02,2,1
226697369,Cirsium palustre,2024-07-02,2,1
226707139,Cirsium arvense,2024-07-02,2,1
226748875,Cirsium arvense,2024-07-02,2,1
226754350,Cirsium undulatum,2024-07-01,2,1
226776240,Cirsium vulgare,2024-07-02,2,1
226776426,Cirsium arvense,2024-07-02,2,1
226794532,Cirsium repandum,2024-07-02,2,1
226852791,Cirsium arvense,2024-07-03,2,1
226856264,Cirsium palustre,2024-07-03,2,1
226860892,Cirsium arvense,2024-07-03,2,1
226862015,Cirsium arvense,2024-07-03,2,1
226874311,Cirsium kamtschaticum,2024-05-15,2,1
226918826,Cirsium arvense,2024-07-03,2,1
226923791,Cirsium arvense,2024-07-03,2,1
226924130,Cirsium scariosum,2024-07-03,2,1
226926518,Cirsium palustre,2024-07-03,2,1
226929705,Cirsium arvense,2024-07-03,2,1
226949447,Cirsium canum,2024-07-03,2,1
226957618,Cirsium arvense,2024-07-03,2,1
226992864,Cirsium arvense,2024-07-03,2,1
227010011,Cirsium arvense,2024-07-03,2,1
22705229,Cirsium vulgare,2019-04-19,2,1
227061499,Cirsium palustre,2024-07-04,2,1
227062757,Cirsium vulgare,2024-07-03,2,1
227073503,Cirsium canum,2024-07-04,2,1
227074989,Cirsium heterophyllum,2024-07-04,2,1
227083716,Cirsium palustre,2024-07-04,2,1
227089851,Cirsium nuttallii,2024-07-04,2,1
227104170,Cirsium heterophyllum,2024-07-04,2,1
227104533,Cirsium palustre,2024-07-04,2,1
227140024,Cirsium muticum,2024-07-04,2,1
227146636,Cirsium carolinianum,2023-05-14,2,1
227254141,Cirsium kamtschaticum,2024-06-27,2,1
227272950,Cirsium heterophyllum,2024-07-05,2,1
227275643,Cirsium brachycephalum,2024-07-05,2,1
227290889,Cirsium tatakaense,2024-06-22,2,1
227300386,Cirsium vulgare,2024-07-04,2,1
22730957,Cirsium ehrenbergii,2019-04-19,2,1
227365229,Cirsium vulgare,2024-07-03,2,1
227381910,Cirsium arvense,2024-07-05,2,1
227392392,Cirsium arvense,2024-06-12,2,1
227406851,Cirsium vulgare,2024-07-05,2,1
227416394,Cirsium palustre,2024-06-28,2,1
227438407,Cirsium arvense,2024-07-05,2,1
227440752,Cirsium drummondii,2024-07-04,2,1
227454660,Cirsium oleraceum,2024-07-06,2,1
227456345,Cirsium vulgare,2024-07-06,2,1
227459551,Cirsium vulgare,2024-07-06,2,1
227467628,Cirsium arvense,2024-07-06,2,1
227470259,Cirsium heterophyllum,2024-07-06,2,1
227476136,Cirsium oleraceum,2024-07-06,2,1
227477899,Cirsium helenioides,2024-07-06,2,1
227480294,Cirsium vulgare,2024-07-06,2,1
227525798,Cirsium oleraceum,2024-07-06,2,1
227547838,Cirsium acaulon,2024-07-05,2,1
227550090,Cirsium heterophyllum,2024-07-06,2,1
227552827,Cirsium candelabrum,2024-07-06,2,1
227566827,Cirsium acaulon,2024-07-06,2,1
227576695,Cirsium arvense,2024-07-06,2,1
227584214,Cirsium oleraceum,2024-07-06,2,1
227588969,Cirsium arvense,2024-07-06,2,1
227623278,Cirsium serrulatum,2024-07-06,2,1
227667919,Cirsium vulgare,2024-07-06,2,1
227717411,Cirsium oleraceum,2023-07-01,2,1
227730758,Cirsium canum,2024-07-07,2,1
227737504,Cirsium pendulum,2024-07-03,2,1
227737824,Cirsium canum,2024-07-07,2,1
227744345,Cirsium suzukii,2024-07-02,2,1
227744870,Cirsium palustre,2024-07-07,2,1
227746533,Cirsium arvense,2024-07-07,2,1
227747305,Cirsium vulgare,2024-07-06,2,1
227755667,Cirsium vulgare,2024-07-07,2,1
227764604,Cirsium palustre,2024-07-07,2,1
227789508,Cirsium palustre,2024-07-06,2,1
227815068,Cirsium vulgare,2024-07-07,2,1
227817269,Cirsium arvense,2024-07-01,2,1
227817298,Cirsium vulgare,2024-07-07,2,1
227829967,Cirsium arvense,2024-07-07,2,1
227830475,Cirsium heterophyllum,2024-07-07,2,1
227839569,Cirsium arvense,2024-07-02,2,1
227857338,Cirsium vulgare,2023-07-30,2,1
227870258,Cirsium clavatum,2024-07-07,2,1
227938929,Cirsium arvense,2024-06-30,2,1
227952113,Cirsium oleraceum,2024-07-06,2,1
227977258,Cirsium oleraceum,2024-07-08,2,1
227985374,Cirsium vulgare,2024-07-08,2,1
227997119,Cirsium heterophyllum,2024-07-08,2,1
228010474,Cirsium palustre,2024-06-20,2,1
228076397,Cirsium oleraceum,2024-07-08,2,1
228080810,Cirsium nuttallii,2024-07-07,2,1
228081075,Cirsium vulgare,2024-07-08,2,1
228099946,Cirsium vulgare,2024-07-07,2,1
228102499,Cirsium vulgare,2024-07-08,2,1
228105580,Cirsium arvense,2024-07-07,2,1
228118446,Cirsium heterophyllum,2024-07-07,2,1
228139792,Cirsium vulgare,2024-07-08,2,1
228140631,Cirsium canum,2024-07-07,2,1
228140653,Cirsium esculentum,2024-07-07,2,1
228141533,Cirsium arvense,2024-07-06,2,1
228141562,Cirsium arvense,2024-07-08,2,1
228160347,Cirsium helenioides,2024-07-07,2,1
228201772,Cirsium palustre,2024-07-09,2,1
228268084,Cirsium vulgare,2024-07-08,2,1
228303127,Cirsium palustre,2024-07-09,2,1
228306125,Cirsium arvense,2024-07-09,2,1
228364177,Cirsium vulgare,2024-07-09,2,1
228404189,Cirsium vulgare,2024-07-08,2,1
228408273,Cirsium acaulon,2024-07-09,2,1
228411453,Cirsium vulgare,2024-07-10,2,1
228453509,Cirsium vulgare,2024-07-10,2,1
228453827,Cirsium arvense,2024-07-10,2,1
228485474,Cirsium arvense,2024-07-10,2,1
228496524,Cirsium arvense,2024-07-10,2,1
228526276,Cirsium vulgare,2024-07-10,2,1
228537115,Cirsium pannonicum,2024-07-08,2,1
228537317,Cirsium arvense,2024-07-10,2,1
228576273,Cirsium acaulon,2024-07-06,2,1
228583985,Cirsium arvense,2024-07-11,2,1
228614455,Cirsium vulgare,2024-07-11,2,1
228644704,Cirsium arvense,2024-07-04,2,1
228668930,Cirsium vulgare,2024-07-11,2,1
228684821,Cirsium erisithales,2024-07-10,2,1
228812962,Cirsium arvense,2024-07-12,2,1
228831534,Cirsium arvense,2024-07-12,2,1
228851243,Cirsium arvense,2024-07-06,2,1
228858912,Cirsium vulgare,2024-07-12,2,1
228862128,Cirsium vulgare,2024-07-12,2,1
228946731,Cirsium palustre,2024-07-11,2,1
228968071,Cirsium kamtschaticum,2024-06-28,2,1
228972304,Cirsium palustre,2024-07-12,2,1
228977510,Cirsium arvense,2024-07-12,2,1
228979059,Cirsium heterophyllum,2024-07-13,2,1
228997975,Cirsium vulgare,2024-07-13,2,1
229059429,Cirsium undulatum,2024-07-11,2,1
229068168,Cirsium vulgare,2024-07-12,2,1
229084736,Cirsium erisithales,2024-07-12,2,1
229085452,Cirsium acaulon,2024-07-13,2,1
229104820,Cirsium arvense,2024-07-13,2,1
229106524,Cirsium oleraceum,2024-07-04,2,1
229124339,Cirsium arvense,2024-07-13,2,1
229124408,Cirsium oleraceum,2024-07-12,2,1
229126655,Cirsium arvense,2024-07-12,2,1
229138327,Cirsium arvense,2024-07-13,2,1
229169096,Cirsium czerkessicum,2024-07-04,2,1
229194738,Cirsium serratuloides,2024-07-09,2,1
229212593,Cirsium serrulatum,2024-07-14,2,1
229215588,Cirsium heterophyllum,2024-07-14,2,1
229218186,Cirsium erisithales,2024-07-13,2,1
229222987,Cirsium vulgare,2024-07-14,2,1
229224546,Cirsium vulgare,2024-07-14,2,1
22922801,Cirsium vulgare,2019-04-14,2,1
229229326,Cirsium maackii,2024-07-13,2,1
229237889,Cirsium vulgare,2024-07-14,2,1
229266951,Cirsium vulgare,2024-07-14,2,1
229274972,Cirsium heterophyllum,2024-07-14,2,1
229278241,Cirsium palustre,2024-07-14,2,1
229290450,Cirsium palustre,2024-07-14,2,1
229323102,Cirsium vulgare,2024-07-14,2,1
229326887,Cirsium vulgare,2024-07-11,2,1
229355216,Cirsium arvense,2024-07-14,2,1
229402321,Cirsium vulgare,2024-07-12,2,1
229440666,Cirsium heterophyllum,2024-07-14,2,1
229460973,Cirsium vulgare,2024-07-15,2,1
229465261,Cirsium rivulare,2024-07-15,2,1
229491649,Cirsium arvense,2024-07-15,2,1
229505770,Cirsium palustre,2024-07-15,2,1
229521400,Cirsium arvense,2024-07-13,2,1
229521751,Cirsium vulgare,2024-07-15,2,1
229671086,Cirsium arvense,2024-07-15,2,1
229681851,Cirsium undulatum,2024-06-08,2,1
229686668,Cirsium vulgare,2024-07-16,2,1
229693850,Cirsium vulgare,2024-07-16,2,1
229704316,Cirsium heterophyllum,2024-07-16,2,1
229737796,Cirsium vulgare,2024-07-16,2,1
229790557,Cirsium vulgare,2024-07-16,2,1
229809963,Cirsium arvense,2024-07-16,2,1
229822691,Cirsium helenioides,2024-06-27,2,1
229848852,Cirsium palustre,2024-06-24,2,1
229857033,Cirsium arvense,2024-07-17,2,1
229863884,Cirsium monspessulanum,2024-07-17,2,1
229871556,Cirsium alatum,2024-07-05,2,1
22989772,Cirsium horridulum,2019-04-23,2,1
229898161,Cirsium candelabrum,2024-07-09,2,1
229909495,Cirsium palustre,2024-07-16,2,1
229915635,Cirsium arvense,2024-07-16,2,1
229936394,Cirsium arvense,2024-07-17,2,1
229984014,Cirsium vulgare,2024-07-17,2,1
229986068,Cirsium vulgare,2024-07-15,2,1
229993245,Cirsium flodmanii,2024-07-17,2,1
230017683,Cirsium arvense,2024-07-17,2,1
230022871,Cirsium arvense,2024-07-17,2,1
230081455,Cirsium palustre,2024-07-18,2,1
230081489,Cirsium canum,2024-07-18,2,1
230094245,Cirsium arvense,2024-07-18,2,1
230110061,Cirsium arvense,2024-07-18,2,1
230142721,Cirsium vulgare,2024-07-18,2,1
230150559,Cirsium andersonii,2024-07-17,2,1
230187154,Cirsium remotifolium,2024-07-18,2,1
230207869,Cirsium lecontei,2024-07-15,2,1
230215369,Cirsium flodmanii,2024-07-17,2,1
230232850,Cirsium oleraceum,2024-07-16,2,1
230237924,Cirsium foliosum,2024-07-18,2,1
230245782,Cirsium vulgare,2024-07-19,2,1
230251142,Cirsium oleraceum,2024-07-19,2,1
230263518,Cirsium oleraceum,2024-07-18,2,1
230274111,Cirsium heterophyllum,2024-07-19,2,1
230282009,Cirsium arvense,2024-07-19,2,1
230284895,Cirsium arvense,2024-07-19,2,1
230284925,Cirsium parryi,2024-07-18,2,1
230287335,Cirsium vulgare,2024-07-19,2,1
230300002,Cirsium vulgare,2024-07-19,2,1
230326353,Cirsium canum,2024-07-19,2,1
230327485,Cirsium pumilum,2024-07-18,2,1
230343535,Cirsium arvense,2024-07-18,2,1
230349687,Cirsium vulgare,2024-07-19,2,1
230415814,Cirsium arvense,2024-07-19,2,1
230447804,Cirsium palustre,2024-07-17,2,1
230481675,Cirsium oleraceum,2024-07-20,2,1
230483757,Cirsium arvense,2024-07-20,2,1
230518303,Cirsium monspessulanum,2024-07-16,2,1
230525052,Cirsium arvense,2024-07-20,2,1
230537020,Cirsium arvense,2024-07-19,2,1
230600046,Cirsium arvense,2024-07-20,2,1
230600064,Cirsium vulgare,2024-07-20,2,1
230610824,Cirsium arvense,2024-07-20,2,1
230633395,Cirsium leo,2024-07-19,2,1
230635115,Cirsium arvense,2024-07-18,2,1
230671432,Cirsium vulgare,2024-07-21,2,1
230691754,Cirsium esculentum,2024-07-21,2,1
230697945,Cirsium canum,2024-07-20,2,1
23069857,Cirsium horridulum,2019-04-25,2,1
230700882,Cirsium heterophyllum,2024-07-21,2,1
230703048,Cirsium vulgare,2024-07-21,2,1
230719618,Cirsium vulgare,2024-06-25,2,1
230720890,Cirsium arvense,2024-07-21,2,1
230740233,Cirsium oleraceum,2024-07-16,2,1
230757697,Cirsium oleraceum,2024-07-21,2,1
230796888,Cirsium arvense,2024-07-16,2,1
230800305,Cirsium pumilum,2024-07-21,2,1
230804426,Cirsium vulgare,2024-07-20,2,1
23082981,Cirsium horridulum,2019-04-25,2,1
230831730,Cirsium acaulon,2022-07-27,2,1
230849007,Cirsium vulgare,2024-07-21,2,1
230927353,Cirsium arvense,2024-07-20,2,1
230941841,Cirsium heterophyllum,2024-07-19,2,1
230952776,Cirsium canum,2024-07-21,2,1
230956600,Cirsium oleraceum,2024-07-22,2,1
230959095,Cirsium vulgare,2024-07-22,2,1
230974750,Cirsium arvense,2024-07-22,2,1
230988299,Cirsium arvense,2024-07-22,2,1
231003833,Cirsium flodmanii,2024-07-22,2,1
231014619,Cirsium vulgare,2024-07-21,2,1
231024829,Cirsium vulgare,2024-07-22,2,1
231045234,Cirsium undulatum,2024-07-22,2,1
231068555,Cirsium scariosum,2024-07-22,2,1
231073987,Cirsium arvense,2024-07-22,2,1
231128483,Cirsium vulgare,2024-07-21,2,1
231147011,Cirsium vulgare,2024-07-23,2,1
231219136,Cirsium pannonicum,2024-06-30,2,1
231228416,Cirsium vulgare,2024-07-22,2,1
231234196,Cirsium palustre,2024-07-19,2,1
231240999,Cirsium arvense,2024-07-23,2,1
231245884,Cirsium arvense,2024-07-23,2,1
231253454,Cirsium vulgare,2024-07-23,2,1
231262988,Cirsium muticum,2024-07-23,2,1
231277651,Cirsium arvense,2024-07-23,2,1
231283363,Cirsium vulgare,2024-07-23,2,1
231291534,Cirsium arvense,2024-07-12,2,1
231292614,Cirsium scariosum,2024-07-04,2,1
231364194,Cirsium vulgare,2024-07-19,2,1
231365385,Cirsium oleraceum,2024-07-24,2,1
231371017,Cirsium vulgare,2024-07-20,2,1
231374800,Cirsium vulgare,2024-07-16,2,1
231384934,Cirsium vulgare,2024-07-21,2,1
231393457,Cirsium heterophyllum,2024-07-24,2,1
231398167,Cirsium arvense,2024-07-24,2,1
231409502,Cirsium vulgare,2024-07-22,2,1
231424788,Cirsium vulgare,2024-07-24,2,1
231428847,Cirsium palustre,2024-07-24,2,1
231437633,Cirsium oleraceum,2024-07-24,2,1
231441299,Cirsium hookerianum,2024-07-24,2,1
231449841,Cirsium oleraceum,2024-07-04,2,1
231481674,Cirsium arvense,2024-07-24,2,1
231504988,Cirsium oleraceum,2024-07-24,2,1
231576770,Cirsium heterophyllum,2024-07-25,2,1
231592150,Cirsium oleraceum,2024-07-24,2,1
231601439,Cirsium arvense,2024-07-25,2,1
231602259,Cirsium vulgare,2024-07-25,2,1
231616155,Cirsium palustre,2024-07-25,2,1
231628255,Cirsium vulgare,2024-07-24,2,1
231639639,Cirsium vulgare,2024-07-25,2,1
231641488,Cirsium vulgare,2024-07-24,2,1
231660391,Cirsium flodmanii,2024-07-22,2,1
231695188,Cirsium helenioides,2024-07-01,2,1
231712488,Cirsium palustre,2024-07-14,2,1
231715460,Cirsium altissimum,2024-07-22,2,1
23175216,Cirsium ochrocentrum,2019-04-26,2,1
231772646,Cirsium arvense,2024-07-25,2,1
231786394,Cirsium oleraceum,2024-07-18,2,1
231789792,Cirsium esculentum,2024-07-25,2,1
231813405,Cirsium vulgare,2024-07-25,2,1
231815220,Cirsium oleraceum,2024-07-26,2,1
231816621,Cirsium scariosum,2024-05-11,2,1
231819574,Cirsium oleraceum,2024-07-26,2,1
231836457,Cirsium arvense,2024-07-25,2,1
231859988,Cirsium vulgare,2024-07-26,2,1
231870044,Cirsium arvense,2024-07-26,2,1
231905709,Cirsium pumilum,2024-07-26,2,1
231908083,Cirsium vulgare,2024-07-26,2,1
231927195,Cirsium discolor,2024-07-26,2,1
231942039,Cirsium arvense,2024-07-26,2,1
231998312,Cirsium arvense,2024-07-25,2,1
232000086,Cirsium oleraceum,2024-07-24,2,1
232020171,Cirsium arvense,2024-07-27,2,1
232033159,Cirsium vulgare,2024-07-18,2,1
232038913,Cirsium arvense,2024-07-21,2,1
232066947,Cirsium esculentum,2024-07-18,2,1
232089086,Cirsium esculentum,2024-07-27,2,1
232119045,Cirsium arvense,2024-07-27,2,1
232122674,Cirsium arvense,2024-07-27,2,1
232149348,Cirsium vulgare,2024-07-27,2,1
232176016,Cirsium remotifolium,2024-07-17,2,1
232182613,Cirsium undulatum,2024-07-27,2,1
232194984,Cirsium esculentum,2024-07-27,2,1
232206962,Cirsium arvense,2024-07-28,2,1
232220400,Cirsium arvense,2024-07-28,2,1
232237399,Cirsium heterophyllum,2024-07-28,2,1
232245504,Cirsium vulgare,2024-07-20,2,1
232247771,Cirsium vulgare,2024-07-27,2,1
232258090,Cirsium oleraceum,2024-07-28,2,1
232263273,Cirsium arvense,2024-07-28,2,1
232298732,Cirsium oleraceum,2024-07-28,2,1
232310681,Cirsium vulgare,2024-07-26,2,1
232317127,Cirsium oleraceum,2024-07-28,2,1
232320105,Cirsium arvense,2024-07-28,2,1
232322293,Cirsium canum,2024-07-28,2,1
232342706,Cirsium vulgare,2024-07-28,2,1
232361441,Cirsium vulgare,2024-07-28,2,1
232399595,Cirsium arvense,2024-07-28,2,1
232439429,Cirsium heterophyllum,2024-07-29,2,1
232443849,Cirsium palustre,2024-07-25,2,1
232452494,Cirsium vulgare,2024-07-24,2,1
232482761,Cirsium vulgare,2024-07-29,2,1
232490272,Cirsium canum,2024-07-21,2,1
232521566,Cirsium vulgare,2024-07-29,2,1
232527894,Cirsium arvense,2024-07-28,2,1
232558428,Cirsium oleraceum,2024-07-29,2,1
232585680,Cirsium vulgare,2024-07-26,2,1
232644411,Cirsium esculentum,2024-07-30,2,1
232647572,Cirsium arvense,2024-07-30,2,1
232652141,Cirsium vulgare,2024-07-23,2,1
232655868,Cirsium arvense,2017-08-06,2,1
232658662,Cirsium vulgare,2024-07-30,2,1
232658810,Cirsium palustre,2024-07-30,2,1
232660644,Cirsium vulgare,2024-07-30,2,1
232676421,Cirsium canum,2024-07-30,2,1
232705701,Cirsium vulgare,2024-07-29,2,1
232726861,Cirsium oleraceum,2024-07-30,2,1
232732215,Cirsium vulgare,2024-07-30,2,1
232744187,Cirsium vulgare,2024-07-30,2,1
232759382,Cirsium arvense,2024-07-30,2,1
232761466,Cirsium undulatum,2024-07-30,2,1
232780393,Cirsium arvense,2024-07-30,2,1
232792212,Cirsium pumilum,2024-07-30,2,1
232802201,Cirsium arvense,2024-07-27,2,1
232835271,Cirsium andersonii,2024-07-28,2,1
232845131,Cirsium esculentum,2024-07-31,2,1
232872271,Cirsium heterophyllum,2016-07-18,2,1
232886456,Cirsium vulgare,2024-07-23,2,1
232890848,Cirsium oleraceum,2024-07-31,2,1
232909336,Cirsium vulgare,2024-07-29,2,1
232920034,Cirsium vulgare,2024-07-31,2,1
232941506,Cirsium vulgare,2024-07-31,2,1
232970183,Cirsium arvense,2024-07-26,2,1
232973728,Cirsium vulgare,2024-07-31,2,1
232976526,Cirsium arvense,2024-07-31,2,1
232992154,Cirsium arvense,2024-07-31,2,1
233013463,Cirsium arvense,2024-07-31,2,1
233045285,Cirsium vulgare,2024-07-30,2,1
233085838,Cirsium oleraceum,2024-08-01,2,1
233117942,Cirsium arvense,2024-08-01,2,1
233119610,Cirsium arvense,2024-08-01,2,1
233122138,Cirsium vulgare,2024-08-01,2,1
233122323,Cirsium vulgare,2024-08-01,2,1
233129016,Cirsium vulgare,2024-07-17,2,1
233135363,Cirsium canum,2024-07-31,2,1
233143810,Cirsium ukranicum,2024-08-01,2,1
233144961,Cirsium arvense,2024-08-01,2,1
233146862,Cirsium arvense,2024-08-01,2,1
233158077,Cirsium vulgare,2024-08-01,2,1
233179959,Cirsium vulgare,2024-08-01,2,1
233185096,Cirsium arvense,2024-08-01,2,1
233199072,Cirsium undulatum,2024-08-01,2,1
233208724,Cirsium vulgare,2024-07-20,2,1
233237151,Cirsium vulgare,2024-08-02,2,1
233257630,Cirsium helenioides,2024-08-02,2,1
233264134,Cirsium arvense,2024-07-31,2,1
233286478,Cirsium vulgare,2024-08-02,2,1
233324315,Cirsium arvense,2024-08-02,2,1
233325943,Cirsium oleraceum,2024-08-02,2,1
233332646,Cirsium arvense,2024-08-01,2,1
233353817,Cirsium vulgare,2024-08-02,2,1
233444417,Cirsium oleraceum,2022-08-16,2,1
233484320,Cirsium oleraceum,2024-08-03,2,1
233501479,Cirsium arvense,2024-08-03,2,1
233519934,Cirsium ukranicum,2024-08-03,2,1
233521576,Cirsium arvense,2024-08-03,2,1
233523154,Cirsium vulgare,2024-08-01,2,1
233547321,Cirsium oleraceum,2024-08-03,2,1
233552138,Cirsium vulgare,2024-08-03,2,1
233570748,Cirsium altissimum,2024-08-03,2,1
233571778,Cirsium oleraceum,2024-08-03,2,1
233571810,Cirsium arvense,2024-08-03,2,1
233585441,Cirsium vulgare,2024-08-03,2,1
233588419,Cirsium scariosum,2024-08-03,2,1
233676690,Cirsium heterophyllum,2024-07-10,2,1
233677021,Cirsium oleraceum,2024-07-15,2,1
233696143,Cirsium acaulon,2024-08-04,2,1
233697324,Cirsium erisithales,2024-06-27,2,1
233701448,Cirsium heterophyllum,2024-07-06,2,1
233719354,Cirsium discolor,2024-08-04,2,1
233729603,Cirsium spinosissimum,2024-08-03,2,1
233807763,Cirsium acaulon,2024-08-04,2,1
233810835,Cirsium pumilum,2024-08-04,2,1
233820768,Cirsium flodmanii,2024-08-04,2,1
233841238,Cirsium vulgare,2024-08-01,2,1
233848539,Cirsium vulgare,2024-08-01,2,1
233850835,Cirsium arvense,2024-08-04,2,1
233879619,Cirsium vulgare,2024-08-04,2,1
233895119,Cirsium acaulon,2013-09-14,2,1
233899508,Cirsium arvense,2024-08-05,2,1
233905473,Cirsium oleraceum,2024-08-04,2,1
233905641,Cirsium vulgare,2024-08-05,2,1
233916687,Cirsium palustre,2024-08-05,2,1
233917895,Cirsium palustre,2024-08-05,2,1
233927292,Cirsium arvense,2024-08-05,2,1
233931666,Cirsium vulgare,2024-08-03,2,1
233980276,Cirsium oleraceum,2024-08-05,2,1
233982835,Cirsium vulgare,2024-08-05,2,1
233989713,Cirsium serrulatum,2024-07-31,2,1
234002674,Cirsium vulgare,2024-08-05,2,1
234006410,Cirsium heterophyllum,2024-08-02,2,1
234007718,Cirsium palustre,2024-08-02,2,1
234013554,Cirsium palustre,2024-08-01,2,1
234017002,Cirsium vulgare,2024-08-05,2,1
234018316,Cirsium oleraceum,2024-08-04,2,1
234087929,Cirsium hookerianum,2024-08-05,2,1
234101806,Cirsium arvense,2024-06-26,2,1
234106301,Cirsium arvense,2024-07-24,2,1
234122488,Cirsium vulgare,2024-08-06,2,1
234147929,Cirsium arvense,2024-08-06,2,1
234163583,Cirsium arvense,2024-08-06,2,1
234174364,Cirsium arvense,2024-08-05,2,1
234181049,Cirsium palustre,2024-08-02,2,1
234186622,Cirsium vulgare,2024-08-04,2,1
234186934,Cirsium vulgare,2024-08-06,2,1
234227166,Cirsium eatonii,2024-07-23,2,1
234227357,Cirsium arvense,2024-07-07,2,1
234269961,Cirsium arvense,2024-08-05,2,1
234293534,Cirsium vulgare,2024-08-07,2,1
234295867,Cirsium arvense,2024-08-05,2,1
234320431,Cirsium heterophyllum,2024-08-07,2,1
234339816,Cirsium arvense,2024-08-07,2,1
234376106,Cirsium arvense,2024-08-07,2,1
234392989,Cirsium vulgare,2024-08-07,2,1
234429555,Cirsium vulgare,2024-08-07,2,1
234447824,Cirsium vulgare,2024-08-07,2,1
234452518,Cirsium arvense,2024-08-07,2,1
234463623,Cirsium spinosissimum,2024-07-20,2,1
234468033,Cirsium dissectum,2024-08-07,2,1
234479487,Cirsium vulgare,2024-08-04,2,1
234520711,Cirsium vulgare,2024-08-07,2,1
234546982,Cirsium arvense,2024-08-08,2,1
234561013,Cirsium arvense,2024-08-08,2,1
234624361,Cirsium discolor,2024-08-08,2,1
234629095,Cirsium arvense,2024-08-08,2,1
234660785,Cirsium oleraceum,2024-08-09,2,1
234668964,Cirsium palustre,2024-08-09,2,1
234674846,Cirsium muticum,2024-08-02,2,1
234679604,Cirsium oleraceum,2024-08-09,2,1
234689186,Cirsium oleraceum,2024-08-08,2,1
234697595,Cirsium arvense,2024-08-08,2,1
234699244,Cirsium rivulare,2024-07-30,2,1
234716341,Cirsium scariosum,2024-08-04,2,1
234718311,Cirsium arvense,2024-08-08,2,1
234723627,Cirsium arvense,2024-08-09,2,1
234738884,Cirsium heterophyllum,2024-08-08,2,1
234744418,Cirsium vulgare,2024-08-09,2,1
234779684,Cirsium palustre,2024-07-18,2,1
234807352,Cirsium arvense,2024-08-09,2,1
234809949,Cirsium arvense,2024-08-09,2,1
234838338,Cirsium palustre,2024-08-10,2,1
234839349,Cirsium helenioides,2024-08-10,2,1
234847281,Cirsium palustre,2024-08-10,2,1
234852771,Cirsium vulgare,2024-08-10,2,1
234863295,Cirsium palustre,2024-08-10,2,1
234869321,Cirsium canum,2024-08-09,2,1
234871301,Cirsium eriophoroides,2024-07-20,2,1
234871667,Cirsium oleraceum,2024-08-10,2,1
234874741,Cirsium vulgare,2024-08-10,2,1
23489038,Cirsium undulatum,2019-04-27,2,1
234910514,Cirsium palustre,2024-07-27,2,1
234915508,Cirsium serrulatum,2024-08-10,2,1
234924997,Cirsium arvense,2024-08-10,2,1
234933424,Cirsium serrulatum,2024-08-10,2,1
234964165,Cirsium vulgare,2024-08-10,2,1
235003064,Cirsium arvense,2024-08-10,2,1
235035476,Cirsium vulgare,2024-08-09,2,1
235046936,Cirsium esculentum,2024-08-11,2,1
235064991,Cirsium helenioides,2024-08-11,2,1
235068448,Cirsium vulgare,2024-08-11,2,1
235068940,Cirsium vulgare,2024-08-05,2,1
235072962,Cirsium palustre,2024-08-03,2,1
235075833,Cirsium arvense,2024-08-05,2,1
235125707,Cirsium oleraceum,2024-08-11,2,1
235130062,Cirsium arvense,2024-08-11,2,1
235135510,Cirsium ukranicum,2024-08-11,2,1
235149462,Cirsium vulgare,2024-08-11,2,1
235164852,Cirsium spinosissimum,2024-08-09,2,1
235174943,Cirsium canum,2024-08-10,2,1
235190834,Cirsium palustre,2024-08-10,2,1
235207176,Cirsium alatum,2024-08-09,2,1
235272058,Cirsium esculentum,2024-08-12,2,1
235284316,Cirsium canum,2024-08-11,2,1
235291558,Cirsium arvense,2024-08-10,2,1
235292191,Cirsium vulgare,2024-08-12,2,1
235295735,Cirsium esculentum,2024-08-04,2,1
235305670,Cirsium heterophyllum,2024-08-01,2,1
235307079,Cirsium acaulon,2024-08-11,2,1
235335325,Cirsium oleraceum,2024-08-12,2,1
235358270,Cirsium creticum,2024-08-09,2,1
235388206,Cirsium discolor,2024-08-11,2,1
235392082,Cirsium palustre,2024-08-01,2,1
235393709,Cirsium arvense,2024-08-09,2,1
235406212,Cirsium vulgare,2024-08-11,2,1
235435653,Cirsium vulgare,2024-08-12,2,1
235439857,Cirsium vulgare,2024-08-12,2,1
235440814,Cirsium arvense,2024-08-10,2,1
235455837,Cirsium arvense,2024-08-12,2,1
235473008,Cirsium vulgare,2024-08-12,2,1
235487824,Cirsium erisithales,2024-08-13,2,1
235487916,Cirsium oleraceum,2024-08-13,2,1
235502909,Cirsium arvense,2023-08-24,2,1
235509208,Cirsium acaulon,2024-08-13,2,1
235522434,Cirsium heterophyllum,2024-08-13,2,1
235544833,Cirsium oleraceum,2024-08-10,2,1
235574961,Cirsium arvense,2024-08-13,2,1
235584260,Cirsium vulgare,2024-08-13,2,1
235596234,Cirsium vulgare,2024-08-12,2,1
235609675,Cirsium vulgare,2024-08-12,2,1
235615682,Cirsium vulgare,2024-08-12,2,1
235704852,Cirsium oleraceum,2024-08-14,2,1
235733819,Cirsium palustre,2024-08-12,2,1
235751427,Cirsium arvense,2024-08-04,2,1
235775021,Cirsium palustre,2024-08-14,2,1
235780921,Cirsium macrobotrys,2024-08-10,2,1
235820755,Cirsium arvense,2024-08-14,2,1
235852518,Cirsium oleraceum,2024-08-03,2,1
235881424,Cirsium oleraceum,2024-08-15,2,1
235883487,Cirsium vulgare,2024-08-15,2,1
235890372,Cirsium oleraceum,2024-08-15,2,1
235916000,Cirsium vulgare,2024-08-14,2,1
235924517,Cirsium vulgare,2024-08-15,2,1
235933941,Cirsium scariosum,2024-08-14,2,1
235934644,Cirsium vulgare,2024-08-15,2,1
235947978,Cirsium oleraceum,2024-08-15,2,1
235968658,Cirsium arvense,2024-08-15,2,1
235997414,Cirsium vulgare,2024-08-11,2,1
236009460,Cirsium vulgare,2024-08-11,2,1
236013229,Cirsium scariosum,2024-08-15,2,1
236043336,Cirsium vulgare,2024-08-11,2,1
236123142,Cirsium obvallatum,2024-08-16,2,1
236124590,Cirsium vulgare,2024-08-01,2,1
236150693,Cirsium horridulum,2024-04-23,2,1
236164363,Cirsium palustre,2024-08-16,2,1
236168270,Cirsium vulgare,2024-08-06,2,1
236170144,Cirsium arvense,2024-07-31,2,1
236235395,Cirsium kamtschaticum,2024-08-17,2,1
236254644,Cirsium serratuloides,2024-08-17,2,1
236277306,Cirsium vulgare,2024-08-16,2,1
236302410,Cirsium palustre,2024-08-13,2,1
236326400,Cirsium vulgare,2024-08-17,2,1
236339936,Cirsium vulgare,2024-08-17,2,1
236349417,Cirsium palustre,2024-08-17,2,1
236415240,Cirsium altissimum,2024-08-17,2,1
236439714,Cirsium palustre,2024-08-17,2,1
236461722,Cirsium esculentum,2024-08-17,2,1
236463141,Cirsium purpuratum,2024-08-07,2,1
236470174,Cirsium heterophyllum,2024-08-18,2,1
236478363,Cirsium palustre,2024-08-18,2,1
236514892,Cirsium heterophyllum,2024-08-18,2,1
236518035,Cirsium muticum,2024-08-12,2,1
236599791,Cirsium arvense,2024-08-18,2,1
236600074,Cirsium pyrenaicum,2024-08-15,2,1
236605020,Cirsium arvense,2024-08-18,2,1
236605311,Cirsium muticum,2024-08-18,2,1
236633162,Cirsium arvense,2024-08-05,2,1
236678179,Cirsium palustre,2024-08-18,2,1
236679515,Cirsium arvense,2024-08-19,2,1
236681397,Cirsium vulgare,2024-08-19,2,1
236691942,Cirsium palustre,2024-08-16,2,1
236704124,Cirsium palustre,2009-07-22,2,1
236704974,Cirsium vulgare,2024-08-15,2,1
236739705,Cirsium vulgare,2024-08-19,2,1
236740054,Cirsium arvense,2024-08-19,2,1
236744146,Cirsium vulgare,2024-08-18,2,1
236804766,Cirsium muticum,2024-08-19,2,1
236828544,Cirsium arvense,2024-08-19,2,1
236841267,Cirsium vulgare,2024-08-19,2,1
236848549,Cirsium discolor,2024-08-19,2,1
236859770,Cirsium vulgare,2024-08-19,2,1
236879916,Cirsium arvense,2024-07-31,2,1
236897634,Cirsium vulgare,2024-08-17,2,1
236910583,Cirsium vulgare,2024-08-20,2,1
236910674,Cirsium arvense,2024-08-20,2,1
236910947,Cirsium discolor,2024-08-20,2,1
236921651,Cirsium heterophyllum,2024-08-19,2,1
236926716,Cirsium arvense,2024-08-20,2,1
236952346,Cirsium oleraceum,2024-08-12,2,1
23699685,Cirsium horridulum,2019-04-28,2,1
237024568,Cirsium muticum,2024-08-20,2,1
237058203,Cirsium palustre,2024-08-20,2,1
237074548,Cirsium palustre,2014-08-04,2,1
237075981,Cirsium arvense,2024-08-21,2,1
237084168,Cirsium arvense,2024-08-09,2,1
237110607,Cirsium acaulon,2024-08-21,2,1
237209891,Cirsium arvense,2024-08-21,2,1
237243387,Cirsium vulgare,2024-08-04,2,1
237243786,Cirsium palustre,2024-08-17,2,1
237248789,Cirsium arvense,2024-08-22,2,1
237256797,Cirsium vulgare,2024-08-20,2,1
237294190,Cirsium acaulon,2024-08-22,2,1
237315277,Cirsium muticum,2024-08-22,2,1
237318633,Cirsium acaulon,2024-08-01,2,1
237328302,Cirsium undulatum,2024-07-11,2,1
237333090,Cirsium discolor,2024-08-22,2,1
23736287,Cirsium mexicanum,2019-03-29,2,1
237376305,Cirsium muticum,2024-08-22,2,1
237397442,Cirsium altissimum,2024-08-22,2,1
237421709,Cirsium vulgare,2024-08-18,2,1
237426610,Cirsium serratuloides,2024-08-23,2,1
237428735,Cirsium arvense,2024-08-23,2,1
237433705,Cirsium arvense,2024-07-18,2,1
237455424,Cirsium heterophyllum,2024-08-23,2,1
237471539,Cirsium palustre,2024-08-23,2,1
237471608,Cirsium arvense,2024-08-23,2,1
237471828,Cirsium altissimum,2024-08-23,2,1
237475782,Cirsium arvense,2024-08-23,2,1
237487199,Cirsium discolor,2024-08-23,2,1
23749,Cirsium arvense,2011-06-26,2,1
237514835,Cirsium vulgare,2024-08-21,2,1
237538361,Cirsium hookerianum,2024-08-23,2,1
237600129,Cirsium oleraceum,2024-08-24,2,1
237631672,Cirsium arvense,2024-08-24,2,1
237638941,Cirsium discolor,2024-08-18,2,1
237651883,Cirsium gratiosum,2024-08-19,2,1
237664220,Cirsium arvense,2024-08-24,2,1
237670437,Cirsium discolor,2024-08-24,2,1
237679225,Cirsium serratuloides,2024-08-24,2,1
237679247,Cirsium vulgare,2024-08-24,2,1
237717931,Cirsium heterophyllum,2024-08-24,2,1
237733264,Cirsium pugnax,2024-08-24,2,1
237747367,Cirsium simplex,2024-08-14,2,1
237768601,Cirsium inamoenum,2024-08-16,2,1
237794114,Cirsium vulgare,2024-06-24,2,1
237854510,Cirsium vulgare,2024-08-25,2,1
237862502,Cirsium vulgare,2024-08-25,2,1
237864594,Cirsium vulgare,2024-08-24,2,1
237887064,Cirsium rivulare,2024-08-25,2,1
237907304,Cirsium altissimum,2024-08-25,2,1
237920089,Cirsium altissimum,2024-08-24,2,1
237982382,Cirsium vulgare,2024-08-25,2,1
238056833,Cirsium arvense,2024-08-26,2,1
238077911,Cirsium oleraceum,2024-08-25,2,1
238085102,Cirsium turkestanicum,2024-05-13,2,1
238092420,Cirsium vulgare,2024-08-26,2,1
238096596,Cirsium arvense,2024-08-26,2,1
238106352,Cirsium dissectum,2024-08-26,2,1
238108364,Cirsium vulgare,2024-08-26,2,1
238111968,Cirsium oleraceum,2024-08-26,2,1
238115157,Cirsium oleraceum,2024-08-26,2,1
238133736,Cirsium novoleonense,2024-08-04,2,1
238155853,Cirsium vulgare,2024-08-26,2,1
238198315,Cirsium canum,2024-08-17,2,1
238209059,Cirsium arvense,2024-08-07,2,1
238224514,Cirsium arvense,2024-08-24,2,1
238256634,Cirsium arvense,2024-08-26,2,1
238266544,Cirsium arvense,2024-08-27,2,1
238283936,Cirsium oleraceum,2024-08-27,2,1
238290534,Cirsium arvense,2024-08-27,2,1
238322035,Cirsium kamtschaticum,2024-08-28,2,1
238362618,Cirsium serratuloides,2024-08-28,2,1
238367925,Cirsium edule,2024-08-26,2,1
238371610,Cirsium arvense,2024-08-24,2,1
238394138,Cirsium setidens,2024-08-27,2,1
238420825,Cirsium arvense,2024-08-28,2,1
238431987,Cirsium discolor,2024-08-28,2,1
238445949,Cirsium vulgare,2024-08-28,2,1
238460664,Cirsium esculentum,2024-08-28,2,1
238473282,Cirsium vulgare,2024-07-27,2,1
238511197,Cirsium scariosum,2024-08-08,2,1
238514500,Cirsium vulgare,2024-08-29,2,1
238519367,Cirsium arvense,2024-08-28,2,1
238531467,Cirsium vulgare,2024-08-28,2,1
238559325,Cirsium canum,2024-08-29,2,1
238586122,Cirsium arvense,2024-08-15,2,1
238609128,Cirsium arvense,2024-08-06,2,1
238626527,Cirsium arvense,2024-08-29,2,1
238692882,Cirsium vulgare,2024-08-29,2,1
238720978,Cirsium edule,2024-08-28,2,1
238739457,Cirsium oleraceum,2024-07-11,2,1
238742063,Cirsium arvense,2024-08-21,2,1
238758035,Cirsium vulgare,2024-08-13,2,1
238758976,Cirsium filipendulum,2024-08-30,2,1
238762428,Cirsium vulgare,2024-08-30,2,1
238777784,Cirsium arvense,2024-07-15,2,1
238793230,Cirsium arvense,2024-08-05,2,1
238817552,Cirsium pumilum,2024-08-30,2,1
238835774,Cirsium vulgare,2024-08-30,2,1
238849074,Cirsium oleraceum,2024-08-05,2,1
238875119,Cirsium discolor,2024-08-25,2,1
238924373,Cirsium arvense,2024-08-31,2,1
238931237,Cirsium vulgare,2024-08-03,2,1
238948471,Cirsium muticum,2024-08-21,2,1
238965826,Cirsium oleraceum,2024-08-31,2,1
238969146,Cirsium arvense,2024-08-31,2,1
238969331,Cirsium vulgare,2024-08-31,2,1
238975354,Cirsium oleraceum,2024-08-31,2,1
239003185,Cirsium arvense,2024-08-31,2,1
239032189,Cirsium oleraceum,2024-08-29,2,1
239053292,Cirsium vulgare,2024-08-31,2,1
23907225,Cirsium horridulum,2019-04-29,2,1
239092725,Cirsium altissimum,2024-08-31,2,1
23910117,Cirsium texanum,2019-04-29,2,1
239122140,Cirsium vulgare,2023-07-23,2,1
239138289,Cirsium arvense,2024-09-01,2,1
239147278,Cirsium arvense,2024-07-14,2,1
239147688,Cirsium acaulon,2024-09-01,2,1
239177366,Cirsium palustre,2024-09-01,2,1
239190273,Cirsium vulgare,2024-09-01,2,1
239200431,Cirsium vulgare,2024-09-01,2,1
239216951,Cirsium vulgare,2024-09-01,2,1
239234595,Cirsium arvense,2024-08-30,2,1
239276235,Cirsium vulgare,2024-09-01,2,1
239291686,Cirsium vulgare,2024-07-27,2,1
239312449,Cirsium coloradense,2024-07-18,2,1
239378212,Cirsium vulgare,2024-09-02,2,1
239385387,Cirsium discolor,2024-08-31,2,1
239430996,Cirsium vulgare,2024-09-02,2,1
239432300,Cirsium vulgare,2024-09-02,2,1
239542311,Cirsium discolor,2024-09-02,2,1
239543735,Cirsium discolor,2024-09-02,2,1
239571315,Cirsium vulgare,2024-07-26,2,1
239603768,Cirsium edule,2024-09-02,2,1
239663009,Cirsium vulgare,2024-09-03,2,1
239683191,Cirsium arvense,2024-09-03,2,1
239743626,Cirsium acaulon,2024-09-03,2,1
239767303,Cirsium vulgare,2024-08-31,2,1
239782520,Cirsium arvense,2024-09-03,2,1
239874728,Cirsium arvense,2024-09-04,2,1
239940393,Cirsium arvense,2024-08-03,2,1
239947556,Cirsium canum,2024-09-05,2,1
239959905,Cirsium neomexicanum,2024-09-04,2,1
239997179,Cirsium arvense,2024-09-05,2,1
240024308,Cirsium altissimum,2024-09-05,2,1
240034128,Cirsium vulgare,2024-09-05,2,1
240088981,Cirsium discolor,2024-09-02,2,1
240093493,Cirsium arvense,2024-09-06,2,1
240109069,Cirsium rivulare,2024-09-06,2,1
240118131,Cirsium vulgare,2024-07-24,2,1
240135498,Cirsium acaulon,2009-07-26,2,1
240154901,Cirsium canum,2024-09-06,2,1
240158040,Cirsium arvense,2024-09-06,2,1
240164746,Cirsium arvense,2024-09-02,2,1
240173931,Cirsium discolor,2024-09-05,2,1
240195457,Cirsium vulgare,2024-09-04,2,1
240206423,Cirsium arvense,2024-07-16,2,1
240221748,Cirsium altissimum,2024-09-06,2,1
240270020,Cirsium undulatum,2024-05-27,2,1
240332888,Cirsium palustre,2024-09-03,2,1
240332905,Cirsium arvense,2024-09-03,2,1
240344141,Cirsium serrulatum,2024-09-07,2,1
240347519,Cirsium arvense,2024-09-07,2,1
240366868,Cirsium esculentum,2024-09-03,2,1
240374348,Cirsium oleraceum,2024-09-07,2,1
240376255,Cirsium vulgare,2024-09-07,2,1
240381018,Cirsium vulgare,2024-09-07,2,1
240390856,Cirsium oleraceum,2024-09-04,2,1
240493896,Cirsium oleraceum,2024-09-08,2,1
240539485,Cirsium euxinum,2024-09-08,2,1
240554239,Cirsium engelmannii,2024-09-07,2,1
240568401,Cirsium discolor,2024-09-08,2,1
240578824,Cirsium arvense,2024-09-08,2,1
240597966,Cirsium canum,2024-09-08,2,1
240616267,Cirsium discolor,2024-09-08,2,1
240683992,Cirsium altissimum,2024-09-08,2,1
240707971,Cirsium oleraceum,2024-09-08,2,1
240742971,Cirsium vulgare,2024-09-09,2,1
240764707,Cirsium arvense,2024-09-09,2,1
240792156,Cirsium discolor,2024-09-09,2,1
240798682,Cirsium vulgare,2024-08-06,2,1
24085771,Cirsium texanum,2019-04-29,2,1
240950020,Cirsium arvense,2024-09-10,2,1
241035666,Cirsium arvense,2024-09-10,2,1
241049751,Cirsium arvense,2024-09-10,2,1
241058617,Cirsium oleraceum,2017-07-30,2,1
241074338,Cirsium glabrum,2024-09-01,2,1
241095479,Cirsium vulgare,2024-07-27,2,1
241100296,Cirsium vulgare,2024-09-11,2,1
241187784,Cirsium palustre,2019-05-26,2,1
241188160,Cirsium arvense,2024-09-11,2,1
241188917,Cirsium vulgare,2024-09-11,2,1
241226769,Cirsium arvense,2024-09-11,2,1
241234745,Cirsium arvense,2024-08-10,2,1
241254443,Cirsium vulgare,2024-07-14,2,1
241263489,Cirsium acaulon,2024-09-01,2,1
241287598,Cirsium arvense,2024-09-10,2,1
241297155,Cirsium rivulare,2021-06-17,2,1
241350688,Cirsium andersonii,2024-09-11,2,1
241369677,Cirsium muticum,2024-09-12,2,1
241382482,Cirsium arvense,2024-09-12,2,1
241390698,Cirsium hookerianum,2024-07-28,2,1
241412777,Cirsium oleraceum,2024-09-12,2,1
241435690,Cirsium oleraceum,2024-09-13,2,1
241485763,Cirsium arvense,2024-09-12,2,1
241498814,Cirsium arvense,2024-09-13,2,1
241498828,Cirsium oleraceum,2024-09-13,2,1
241532206,Cirsium vulgare,2024-09-13,2,1
241535057,Cirsium vulgare,2024-09-13,2,1
241535846,Cirsium discolor,2024-09-13,2,1
241541848,Cirsium arvense,2024-09-13,2,1
241614251,Cirsium arvense,2024-09-14,2,1
241626851,Cirsium undulatum,2024-09-14,2,1
241655436,Cirsium oleraceum,2024-09-14,2,1
241679984,Cirsium arvense,2024-09-14,2,1
241718787,Cirsium vulgare,2024-06-13,2,1
241783202,Cirsium virginianum,2024-09-14,2,1
241806899,Cirsium arvense,2024-09-14,2,1
241842810,Cirsium oleraceum,2024-09-15,2,1
241849162,Cirsium muticum,2024-09-14,2,1
241902865,Cirsium oleraceum,2024-09-15,2,1
241918959,Cirsium oleraceum,2024-09-15,2,1
241935804,Cirsium vulgare,2024-09-15,2,1
241946661,Cirsium vulgare,2024-09-15,2,1
241950772,Cirsium vulgare,2024-09-13,2,1
241996805,Cirsium palustre,2024-08-26,2,1
242019014,Cirsium vulgare,2024-09-16,2,1
242046579,Cirsium texanum,2024-03-10,2,1
242047782,Cirsium vulgare,2024-08-24,2,1
242067307,Cirsium heterophyllum,2019-08-15,2,1
242174146,Cirsium altissimum,2024-09-02,2,1
242218927,Cirsium altissimum,2024-09-15,2,1
242257222,Cirsium acaulon,2024-09-06,2,1
242304125,Cirsium altissimum,2024-09-17,2,1
242305087,Cirsium vulgare,2024-09-16,2,1
242328059,Cirsium arvense,2024-09-17,2,1
242412733,Cirsium hookerianum,2024-09-17,2,1
242546005,Cirsium mohavense,2024-09-17,2,1
242573010,Cirsium palustre,2024-09-13,2,1
242663093,Cirsium arvense,2024-08-17,2,1
242685072,Cirsium oleraceum,2024-09-19,2,1
242699932,Cirsium heterophyllum,2024-09-19,2,1
242716083,Cirsium oleraceum,2024-09-15,2,1
242717520,Cirsium arvense,2024-09-15,2,1
242725051,Cirsium acaulon,2024-09-19,2,1
242749600,Cirsium oligophyllum,1985-08-12,2,1
242766802,Cirsium virginianum,2024-09-18,2,1
242803775,Cirsium vulgare,2024-09-19,2,1
242827107,Cirsium arvense,2024-09-20,2,1
242886436,Cirsium canum,2024-09-20,2,1
242892941,Cirsium oleraceum,2024-09-20,2,1
242925947,Cirsium arvense,2024-09-20,2,1
242930731,Cirsium arvense,2024-05-23,2,1
242971303,Cirsium arvense,2024-09-20,2,1
243012788,Cirsium vulgare,2024-09-21,2,1
243044829,Cirsium vulgare,2024-08-07,2,1
243088230,Cirsium arvense,2024-09-21,2,1
243107389,Cirsium oleraceum,2024-09-21,2,1
243161893,Cirsium vulgare,2024-07-16,2,1
243166281,Cirsium discolor,2024-09-21,2,1
243312914,Cirsium tuberosum,2024-09-22,2,1
243364790,Cirsium vulgare,2024-07-25,2,1
243403509,Cirsium arvense,2024-09-22,2,1
24352192,Cirsium japonicum,2019-05-02,2,1
243543000,Cirsium vulgare,2024-09-19,2,1
243560963,Cirsium ukranicum,2019-06-02,2,1
243791655,Cirsium wheeleri,2017-09-17,2,1
243886754,Cirsium vulgare,2024-09-23,2,1
243904584,Cirsium vulgare,2024-09-24,2,1
243932229,Cirsium maritimum,2024-09-25,2,1
243992068,Cirsium palustre,2024-09-25,2,1
244001641,Cirsium oleraceum,2024-08-15,2,1
244146032,Cirsium arvense,2024-09-17,2,1
244151967,Cirsium heterophyllum,2024-09-21,2,1
244181510,Cirsium arvense,2024-09-26,2,1
244197849,Cirsium arvense,2024-05-30,2,1
244336314,Cirsium esculentum,2024-08-01,2,1
244387106,Cirsium discolor,2019-08-22,2,1
244406398,Cirsium canum,2024-09-27,2,1
244461260,Cirsium vulgare,2024-09-28,2,1
244483173,Cirsium arvense,2024-09-28,2,1
244556538,Cirsium esculentum,2024-09-21,2,1
244580806,Cirsium vulgare,2024-09-28,2,1
244596196,Cirsium vulgare,2006-01-23,2,1
244750728,Cirsium arvense,2024-09-21,2,1
244881291,Cirsium vulgare,2024-09-30,2,1
244930450,Cirsium discolor,2024-09-29,2,1
24495711,Cirsium texanum,2019-04-27,2,1
244991992,Cirsium vulgare,2024-07-28,2,1
245058813,Cirsium canum,2024-10-01,2,1
245070520,Cirsium vulgare,2024-09-24,2,1
245109168,Cirsium vulgare,2024-10-01,2,1
245142672,Cirsium oleraceum,2024-10-01,2,1
245229324,Cirsium purpuratum,2024-09-29,2,1
245284140,Cirsium vulgare,2024-06-04,2,1
245325318,Cirsium mohavense,2024-10-02,2,1
245370762,Cirsium vulgare,2024-07-18,2,1
245378430,Cirsium arvense,2024-07-27,2,1
245380879,Cirsium oleraceum,2024-10-03,2,1
245513452,Cirsium arvense,2024-10-03,2,1
245541628,Cirsium serrulatum,2024-09-08,2,1
245594087,Cirsium arvense,2024-10-04,2,1
245714755,Cirsium acaulon,2024-10-05,2,1
245832127,Cirsium palustre,2024-10-05,2,1
245844700,Cirsium vulgare,2024-09-02,2,1
245902684,Cirsium pannonicum,2024-10-05,2,1
245926754,Cirsium pumilum,2024-10-03,2,1
245928264,Cirsium sorocephalum,2024-06-23,2,1
245964165,Cirsium wheeleri,2024-09-20,2,1
245970924,Cirsium vulgare,2024-07-03,2,1
246034926,Cirsium serrulatum,2024-07-13,2,1
246054773,Cirsium vulgare,2024-10-06,2,1
246058590,Cirsium arvense,2024-08-23,2,1
246180090,Cirsium vulgare,2024-10-05,2,1
246243342,Cirsium vulgare,2024-06-05,2,1
246252459,Cirsium vulgare,2024-06-06,2,1
246253994,Cirsium vulgare,2024-10-07,2,1
246363805,Cirsium arvense,2024-10-07,2,1
246372398,Cirsium arvense,2024-07-06,2,1
24641439,Cirsium horridulum,2019-04-27,2,1
246431133,Cirsium arvense,2024-09-24,2,1
246480246,Cirsium vulgare,2024-09-28,2,1
246537527,Cirsium arvense,2024-06-08,2,1
246560973,Cirsium arizonicum,2024-10-09,2,1
246578939,Cirsium arvense,2024-09-25,2,1
246695913,Cirsium altissimum,2024-10-10,2,1
246703058,Cirsium vulgare,2024-10-10,2,1
246711748,Cirsium vulgare,2024-10-10,2,1
246737231,Cirsium vulgare,2024-10-10,2,1
246740486,Cirsium neomexicanum,2023-07-14,2,1
246775375,Cirsium wheeleri,2024-10-10,2,1
246800871,Cirsium vulgare,2024-06-09,2,1
246923545,Cirsium hookerianum,2024-10-11,2,1
247112199,Cirsium acaulon,2024-08-08,2,1
247132124,Cirsium arvense,2024-07-26,2,1
247141275,Cirsium maritimum,1985-09-15,2,1
24725042,Cirsium altissimum,2018-10-28,2,1
247289781,Cirsium oleraceum,2024-10-14,2,1
247397701,Cirsium vulgare,2024-10-15,2,1
247403528,Cirsium vulgare,2024-10-14,2,1
247451569,Cirsium arvense,2024-10-15,2,1
247454246,Cirsium kamtschaticum,2024-10-11,2,1
24757859,Cirsium ehrenbergii,2019-04-17,2,1
247593953,Cirsium arvense,2024-09-06,2,1
247612243,Cirsium heterophyllum,2013-06-28,2,1
247617668,Cirsium arvense,2024-10-11,2,1
247620048,Cirsium acaulon,2024-10-16,2,1
24776946,Cirsium discolor,2019-05-06,2,1
247770606,Cirsium vulgare,2024-10-17,2,1
247891442,Cirsium arvense,2024-10-18,2,1
247925887,Cirsium scariosum,2023-08-19,2,1
2479816,Cirsium candelabrum,2015-08-15,2,1
2479818,Cirsium vulgare,2015-08-15,2,1
247983577,Cirsium vulgare,2024-10-19,2,1
248093747,Cirsium vulgare,2024-10-19,2,1
248151373,Cirsium pyrenaicum,2024-10-19,2,1
248213294,Cirsium arvense,2024-10-20,2,1
248309061,Cirsium arvense,2024-10-20,2,1
248387147,Cirsium arizonicum,2024-09-11,2,1
24857169,Cirsium texanum,2019-05-09,2,1
248646241,Cirsium acaulon,2024-10-17,2,1
248947298,Cirsium arvense,2024-10-11,2,1
248976807,Cirsium vulgare,2024-06-22,2,1
249014236,Cirsium vulgare,2024-04-17,2,1
24910509,Cirsium neomexicanum,2019-05-10,2,1
249115021,Cirsium vulgare,2024-10-24,2,1
24912401,Cirsium arvense,2019-05-11,2,1
249139839,Cirsium arvense,2024-10-22,2,1
249212537,Cirsium vulgare,2024-10-26,2,1
249272023,Cirsium arvense,2024-10-26,2,1
249319895,Cirsium arvense,2024-10-27,2,1
249357938,Cirsium rivulare,2006-09-20,2,1
24935912,Cirsium mexicanum,2019-05-06,2,1
249366383,Cirsium palustre,2024-05-24,2,1
24936736,Cirsium oleraceum,2019-05-08,2,1
249498670,Cirsium heterophyllum,2024-07-20,2,1
249528838,Cirsium arvense,2024-06-24,2,1
249535428,Cirsium vulgare,2024-10-28,2,1
249592484,Cirsium altissimum,2024-08-13,2,1
249620014,Cirsium souliei,2024-07-09,2,1
249738016,Cirsium palustre,2024-10-30,2,1
249837819,Cirsium vulgare,2024-10-30,2,1
249850248,Cirsium arvense,2024-07-06,2,1
24992325,Cirsium serratuloides,2016-07-16,2,1
249972664,Cirsium arvense,2024-07-09,2,1
249987807,Cirsium vulgare,2023-08-19,2,1
250045380,Cirsium oleraceum,2024-06-27,2,1
250116210,Cirsium oleraceum,2024-07-28,2,1
250270410,Cirsium vulgare,2024-10-31,2,1
250343296,Cirsium engelmannii,2018-06-19,2,1
250349272,Cirsium vulgare,2024-11-04,2,1
250419058,Cirsium ukranicum,2024-11-02,2,1
250432234,Cirsium vulgare,2024-11-04,2,1
25049103,Cirsium serrulatum,2019-05-12,2,1
250588567,Cirsium vulgare,2024-11-03,2,1
250658042,Cirsium helenioides,2024-06-29,2,1
250730519,Cirsium arvense,2024-07-12,2,1
250759795,Cirsium helenioides,2024-08-20,2,1
250785598,Cirsium arvense,2024-09-22,2,1
251157181,Cirsium arvense,2024-11-10,2,1
251183076,Cirsium esculentum,2024-09-14,2,1
251194205,Cirsium vulgare,2024-11-10,2,1
251267116,Cirsium vulgare,2024-11-11,2,1
251415006,Cirsium kamtschaticum,2024-05-27,2,1
251537471,Cirsium vulgare,2024-11-08,2,1
251558943,Cirsium tuberosum,2022-06-09,2,1
251610530,Cirsium arvense,2024-08-01,2,1
251621534,Cirsium arvense,2024-08-02,2,1
251655640,Cirsium vulgare,2024-11-09,2,1
251749740,Cirsium vulgare,2024-07-22,2,1
251789465,Cirsium arvense,2024-11-15,2,1
251808067,Cirsium kamtschaticum,2018-06-29,2,1
251856764,Cirsium arvense,2024-07-27,2,1
252027604,Cirsium vulgare,2024-07-01,2,1
252044735,Cirsium arvense,2024-11-06,2,1
252136184,Cirsium arvense,2024-10-10,2,1
252224409,Cirsium vulgare,2024-11-14,2,1
252232689,Cirsium scariosum,2024-06-28,2,1
252377227,Cirsium vulgare,2024-10-26,2,1
252479473,Cirsium vulgare,2024-10-18,2,1
25257233,Cirsium rivulare,2019-05-17,2,1
252582504,Cirsium vulgare,2024-11-22,2,1
252859927,Cirsium arvense,2024-06-10,2,1
25287842,Cirsium brevistylum,2019-05-17,2,1
252931354,Cirsium arvense,2024-06-10,2,1
25301084,Cirsium palustre,2019-05-11,2,1
25302080,Cirsium vulgare,2008-08-07,2,1
253266146,Cirsium arvense,2024-11-12,2,1
253291264,Cirsium vulgare,2024-11-27,2,1
253345572,Cirsium cymosum,2024-11-27,2,1
253396966,Cirsium arvense,2024-08-31,2,1
253408847,Cirsium vulgare,2005-07-28,2,1
253635418,Cirsium discolor,2024-10-12,2,1
253641975,Cirsium coloradense,2016-07-26,2,1
253863891,Cirsium monspessulanum,2024-12-02,2,1
253922505,Cirsium vulgare,2024-12-02,2,1
253923506,Cirsium glabrum,2010-08-09,2,1
253996663,Cirsium vulgare,2024-08-07,2,1
254150408,Cirsium arizonicum,2024-07-30,2,1
25417673,Cirsium neomexicanum,2019-05-17,2,1
254184078,Cirsium arvense,2024-10-12,2,1
254287288,Cirsium vulgare,2024-10-22,2,1
254287788,Cirsium arvense,2024-10-22,2,1
254349398,Cirsium vulgare,2024-10-20,2,1
25436843,Cirsium rhaphilepis,2019-05-19,2,1
254385468,Cirsium arvense,2024-08-09,2,1
254404166,Cirsium vulgare,2024-12-07,2,1
254423043,Cirsium pumilum,1979-08-06,2,1
254487498,Cirsium oleraceum,2024-07-25,2,1
254524957,Cirsium serrulatum,2024-08-12,2,1
254550572,Cirsium altissimum,2024-11-27,2,1
254592774,Cirsium arvense,2024-10-09,2,1
254669634,Cirsium vulgare,2024-12-09,2,1
254722376,Cirsium discolor,2023-09-13,2,1
254764458,Cirsium muticum,2024-08-19,2,1
254834456,Cirsium arizonicum,2024-08-05,2,1
254844597,Cirsium vulgare,2024-12-11,2,1
254987569,Cirsium ciliatum,2024-06-29,2,1
254990841,Cirsium vulgare,2024-12-13,2,1
254993176,Cirsium vulgare,2024-12-13,2,1
255028733,Cirsium oleraceum,2013-07-06,2,1
255114531,Cirsium heterophyllum,2016-07-10,2,1
255148547,Cirsium alsophilum,2024-06-22,2,1
255157107,Cirsium oligophyllum,2018-10-04,2,1
255180094,Cirsium vulgare,2024-07-27,2,1
255312595,Cirsium subcoriaceum,2024-12-03,2,1
255316518,Cirsium heterophyllum,2024-06-16,2,1
255338965,Cirsium vulgare,2024-07-30,2,1
255366037,Cirsium vulgare,2024-10-14,2,1
255378467,Cirsium vulgare,2024-12-17,2,1
255381044,Cirsium heterophyllum,2009-07-27,2,1
255421803,Cirsium nuttallii,2024-12-17,2,1
255468122,Cirsium arvense,2024-06-09,2,1
255479836,Cirsium vulgare,2024-12-18,2,1
255721727,Cirsium vulgare,2024-08-16,2,1
255814382,Cirsium vulgare,2024-12-06,2,1
255848050,Cirsium arvense,2024-12-22,2,1
255865971,Cirsium arvense,2024-07-23,2,1
255867982,Cirsium heterophyllum,2024-07-11,2,1
255888536,Cirsium palustre,2014-08-13,2,1
255930092,Cirsium rivulare,2024-05-14,2,1
255973639,Cirsium palustre,2013-06-30,2,1
255974095,Cirsium vulgare,2012-07-10,2,1
256004699,Cirsium arvense,2024-09-26,2,1
256035978,Cirsium vulgare,2024-11-13,2,1
256058037,Cirsium scariosum,2015-06-24,2,1
2561236,Cirsium palustre,2016-01-06,2,1
256158458,Cirsium vulgare,2024-12-24,2,1
256176183,Cirsium vulgare,2024-12-25,2,1
256192321,Cirsium heterophyllum,2023-07-25,2,1
256305824,Cirsium vulgare,2024-12-26,2,1
256389865,Cirsium arvense,2024-08-09,2,1
25646751,Cirsium vulgare,2019-05-21,2,1
256531083,Cirsium arvense,2024-06-28,2,1
25653915,Cirsium neomexicanum,2019-05-09,2,1
256613547,Cirsium arvense,2024-12-29,2,1
256617049,Cirsium vulgare,2024-12-20,2,1
256630318,Cirsium oleraceum,2024-12-29,2,1
256643438,Cirsium helenioides,2024-08-02,2,1
256817918,Cirsium vulgare,2024-12-29,2,1
25685373,Cirsium palustre,2019-05-20,2,1
257066773,Cirsium palustre,2025-01-01,2,1
25707342,Cirsium vulgare,2018-07-27,2,1
25710370,Cirsium vulgare,2014-08-16,2,1
257113983,Cirsium vulgare,2025-01-02,2,1
25712173,Cirsium discolor,2019-05-24,2,1
257177720,Cirsium vulgare,2025-01-02,2,1
257191065,Cirsium buergeri,2024-08-23,2,1
25720344,Cirsium vulgare,2019-05-25,2,1
257248165,Cirsium vulgare,2025-01-03,2,1
257324486,Cirsium vulgare,2025-01-04,2,1
257369127,Cirsium oleraceum,2024-09-25,2,1
257423910,Cirsium vulgare,2025-01-05,2,1
257453029,Cirsium palustre,2024-07-16,2,1
257520530,Cirsium vulgare,2025-01-04,2,1
257534551,Cirsium arvense,2024-09-05,2,1
257592419,Cirsium arvense,2019-08-10,2,1
257606051,Cirsium neomexicanum,2014-04-26,2,1
257616385,Cirsium vulgare,2024-12-06,2,1
257666371,Cirsium vulgare,2024-12-26,2,1
257679684,Cirsium arvense,2025-01-07,2,1
257725450,Cirsium vulgare,2025-01-07,2,1
257864836,Cirsium arvense,2023-08-10,2,1
257873176,Cirsium arvense,2025-01-09,2,1
257907967,Cirsium heterophyllum,2024-07-13,2,1
25801875,Cirsium repandum,2019-05-26,2,1
258018953,Cirsium vulgare,2025-01-10,2,1
258058982,Cirsium palustre,2024-06-18,2,1
258101928,Cirsium occidentale,2025-01-04,2,1
258109181,Cirsium arvense,2020-08-09,2,1
25811623,Cirsium vulgare,2019-05-26,2,1
258187409,Cirsium arvense,2025-01-12,2,1
258189715,Cirsium vulgare,2025-01-12,2,1
258220388,Cirsium arvense,2024-06-14,2,1
258262962,Cirsium horridulum,2025-01-12,2,1
258325918,Cirsium erisithales,2024-08-27,2,1
258353838,Cirsium vulgare,2025-01-12,2,1
258359568,Cirsium esculentum,2009-07-18,2,1
258434879,Cirsium occidentale,2024-06-13,2,1
258460929,Cirsium arvense,2024-06-15,2,1
258535581,Cirsium acaulon,2024-08-20,2,1
258584875,Cirsium horridulum,2024-04-11,2,1
258723723,Cirsium vulgare,2023-01-07,2,1
259010578,Cirsium vulgare,2025-01-20,2,1
2591277,Cirsium palustre,2016-01-17,2,1
259140883,Cirsium hookerianum,2024-06-23,2,1
259226118,Cirsium vulgare,2025-01-22,2,1
259229138,Cirsium elbrusense,2024-06-17,2,1
259253930,Cirsium horridulum,2025-01-22,2,1
259312877,Cirsium arvense,2025-01-23,2,1
259319405,Cirsium vulgare,2025-01-22,2,1
259326914,Cirsium vulgare,2019-08-03,2,1
259344651,Cirsium vulgare,2024-09-01,2,1
259445603,Cirsium oleraceum,2015-07-29,2,1
259450555,Cirsium arvense,2024-09-12,2,1
259453092,Cirsium vulgare,2025-01-23,2,1
259454168,Cirsium rhizocephalum,2024-07-31,2,1
259509047,Cirsium heterophyllum,2018-06-11,2,1
259542491,Cirsium discolor,2025-01-25,2,1
259573779,Cirsium arvense,2024-09-12,2,1
259614140,Cirsium pacificum,2024-05-23,2,1
259628227,Cirsium arvense,2025-01-25,2,1
259735516,Cirsium arvense,2015-09-11,2,1
259773383,Cirsium vulgare,2024-08-30,2,1
259809127,Cirsium vulgare,2025-01-27,2,1
259874550,Cirsium arvense,2024-07-03,2,1
259909266,Cirsium hookerianum,2011-08-07,2,1
259940649,Cirsium canum,2012-10-07,2,1
259962506,Cirsium vulgare,2025-01-24,2,1
260140807,Cirsium vulgare,2025-01-30,2,1
260173611,Cirsium argillosum,2025-01-10,2,1
260214697,Cirsium horridulum,2015-03-31,2,1
260220917,Cirsium arvense,2025-02-01,2,1
260242600,Cirsium arvense,2025-01-31,2,1
260276928,Cirsium palustre,2025-02-01,2,1
260333836,Cirsium vulgare,2024-12-23,2,1
260361281,Cirsium vulgare,2025-01-16,2,1
260478074,Cirsium vulgare,2025-02-02,2,1
260531110,Cirsium vulgare,2020-06-30,2,1
260583630,Cirsium vulgare,2025-01-31,2,1
260686498,Cirsium vulgare,2025-02-05,2,1
260730110,Cirsium vulgare,2025-02-05,2,1
260767677,Cirsium vulgare,2024-09-27,2,1
260779467,Cirsium undulatum,2020-05-29,2,1
260823631,Cirsium vulgare,2025-01-09,2,1
26087204,Cirsium remotifolium,2019-05-30,2,1
260913231,Cirsium vulgare,2025-02-07,2,1
260964265,Cirsium vulgare,2025-01-23,2,1
261068448,Cirsium undulatum,2017-06-26,2,1
26113100,Cirsium canescens,2019-05-30,2,1
26115897,Cirsium arvense,2019-05-31,2,1
26118848,Cirsium arvense,2019-05-31,2,1
261231004,Cirsium arvense,2025-02-10,2,1
261359572,Cirsium arvense,2024-08-22,2,1
26140592,Cirsium arvense,2019-05-31,2,1
261508121,Cirsium horridulum,2025-02-12,2,1
261579158,Cirsium vulgare,2025-02-13,2,1
261596439,Cirsium vulgare,2025-02-08,2,1
261683617,Cirsium muticum,2025-02-14,2,1
261760760,Cirsium discolor,2022-09-01,2,1
261762258,Cirsium arvense,2025-02-13,2,1
261792217,Cirsium arvense,2024-11-03,2,1
261865343,Cirsium arvense,2024-08-26,2,1
261973052,Cirsium erisithales,2006-07-24,2,1
261973214,Cirsium vulgare,2025-02-17,2,1
262050461,Cirsium vulgare,2025-02-18,2,1
2620560,Cirsium vulgare,2015-12-25,2,1
262057684,Cirsium arvense,2024-06-18,2,1
26210950,Cirsium nuttallii,2019-06-01,2,1
262372408,Cirsium oleraceum,2009-07-10,2,1
262379455,Cirsium vulgare,2025-02-19,2,1
262402691,Cirsium undulatum,2024-06-27,2,1
26254962,Cirsium texanum,2019-06-02,2,1
262578616,Cirsium vulgare,2025-02-21,2,1
262658977,Cirsium vulgare,2025-02-21,2,1
262727392,Cirsium altissimum,2023-08-31,2,1
262729108,Cirsium vulgare,2008-07-12,2,1
262881634,Cirsium vulgare,2025-02-23,2,1
262954514,Cirsium vulgare,2025-02-24,2,1
262962443,Cirsium arvense,2022-07-11,2,1
263143286,Cirsium vulgare,2024-07-26,2,1
26317143,Cirsium vulgare,2019-06-03,2,1
263435957,Cirsium discolor,2021-08-25,2,1
263450310,Cirsium horridulum,2025-02-18,2,1
26346399,Cirsium arvense,2019-06-03,2,1
263622789,Cirsium vulgare,2024-08-02,2,1
263630115,Cirsium horridulum,2025-03-02,2,1
263805882,Cirsium vulgare,2023-11-24,2,1
26390517,Cirsium occidentale,2019-06-01,2,1
264048859,Cirsium vulgare,2025-03-04,2,1
264444233,Cirsium arvense,2024-08-08,2,1
264490154,Cirsium vulgare,2025-03-08,2,1
264508999,Cirsium palustre,2024-07-07,2,1
26457679,Cirsium texanum,2019-06-05,2,1
264608448,Cirsium arvense,2022-08-03,2,1
264621802,Cirsium arvense,2025-03-09,2,1
26464649,Cirsium hookerianum,2019-06-05,2,1
264769232,Cirsium sairamense,2023-08-06,2,1
264791081,Cirsium oleraceum,2023-07-24,2,1
264794808,Cirsium brevicaule,2025-03-10,2,1
265045010,Cirsium vulgare,2025-01-07,2,1
265212758,Cirsium arvense,2024-09-23,2,1
265265842,Cirsium vulgare,2025-03-11,2,1
265371551,Cirsium vulgare,2025-03-09,2,1
265400342,Cirsium horridulum,2025-03-11,2,1
265435154,Cirsium vulgare,2025-02-21,2,1
265485838,Cirsium horridulum,2025-03-15,2,1
265535328,Cirsium vulgare,2025-03-15,2,1
265541555,Cirsium vulgare,2025-03-16,2,1
265679211,Cirsium vulgare,2024-08-01,2,1
265693817,Cirsium ukranicum,2024-08-01,2,1
265890363,Cirsium vulgare,2025-03-18,2,1
266012368,Cirsium horridulum,2025-03-19,2,1
266016129,Cirsium vulgare,2025-03-07,2,1
266147447,Cirsium oleraceum,2024-08-08,2,1
266244293,Cirsium nuttallii,2025-03-21,2,1
26671718,Cirsium occidentale,2019-05-22,2,1
266744368,Cirsium vulgare,2025-03-20,2,1
266917163,Cirsium rivulare,1991-07-05,2,1
266928437,Cirsium nuttallii,2025-03-25,2,1
266937332,Cirsium vulgare,2025-03-25,2,1
266955414,Cirsium discolor,2025-03-25,2,1
267096782,Cirsium mexicanum,2025-03-26,2,1
26709896,Cirsium palustre,2019-06-09,2,1
267105955,Cirsium vulgare,2019-07-27,2,1
267152261,Cirsium texanum,2025-03-19,2,1
267175357,Cirsium obvallatum,2024-08-07,2,1
26731338,Cirsium palustre,2019-06-10,2,1
267779201,Cirsium dissectum,2024-06-16,2,1
268139202,Cirsium heterophyllum,2024-07-06,2,1
268166820,Cirsium texanum,2025-04-01,2,1
268203985,Cirsium vulgare,2025-03-31,2,1
268410965,Cirsium vulgare,2025-04-03,2,1
268417624,Cirsium horridulum,2025-04-03,2,1
268468238,Cirsium occidentale,2025-04-03,2,1
26850631,Cirsium vulgare,2019-06-11,2,1
268574524,Cirsium horridulum,2025-04-04,2,1
268617181,Cirsium horridulum,2025-03-29,2,1
26867898,Cirsium palustre,2019-06-12,2,1
268686679,Cirsium japonicum,2025-04-02,2,1
268687546,Cirsium brevicaule,2025-04-05,2,1
268739851,Cirsium horridulum,2025-04-03,2,1
26876908,Cirsium undulatum,2019-06-11,2,1
26878708,Cirsium palustre,2019-06-11,2,1
26886495,Cirsium cymosum,2019-06-11,2,1
268897167,Cirsium irumtiense,2025-04-06,2,1
268979836,Cirsium vulgare,2025-04-05,2,1
269000811,Cirsium horridulum,2025-04-06,2,1
269073158,Cirsium vulgare,2025-04-06,2,1
269126416,Cirsium undulatum,2025-04-07,2,1
269167272,Cirsium texanum,2025-04-06,2,1
269283818,Cirsium arvense,2025-04-08,2,1
269346761,Cirsium vulgare,2025-04-07,2,1
269459125,Cirsium horridulum,2025-04-09,2,1
26961093,Cirsium arvense,2019-06-14,2,1
269715334,Cirsium vulgare,2025-04-10,2,1
269758612,Cirsium esculentum,2007-07-28,2,1
26984985,Cirsium vulgare,2019-06-14,2,1
269895860,Cirsium neomexicanum,2025-04-11,2,1
270156037,Cirsium vulgare,2025-04-13,2,1
270185589,Cirsium vulgare,2025-04-13,2,1
27047730,Cirsium arizonicum,2019-06-14,2,1
270855492,Cirsium arvense,2025-04-15,2,1
2708737,Cirsium neomexicanum,2004-05-09,2,1
270878748,Cirsium undulatum,2025-04-16,2,1
270957932,Cirsium tuberosum,2017-06-22,2,1
271032814,Cirsium horridulum,2025-04-17,2,1
27117190,Cirsium vulgare,2019-06-16,2,1
271245200,Cirsium nuttallii,2025-04-17,2,1
271287915,Cirsium texanum,2025-04-18,2,1
271313532,Cirsium horridulum,2025-04-18,2,1
27134896,Cirsium texanum,2019-06-15,2,1
271485285,Cirsium obvallatum,2019-08-01,2,1
27151227,Cirsium vulgare,2019-06-17,2,1
271564100,Cirsium arvense,2025-04-14,2,1
271593264,Cirsium vulgare,2025-02-20,2,1
271633939,Cirsium arvense,2025-04-20,2,1
271759999,Cirsium scariosum,2011-07-08,2,1
27181763,Cirsium occidentale,2019-06-16,2,1
271828692,Cirsium rhaphilepis,2025-04-20,2,1
271872660,Cirsium mexicanum,2025-04-18,2,1
27188315,Cirsium arvense,2019-06-17,2,1
271896803,Cirsium occidentale,2025-04-15,2,1
271904057,Cirsium vulgare,2025-04-21,2,1
272082714,Cirsium horridulum,2025-04-21,2,1
272153643,Cirsium vulgare,2025-04-16,2,1
272220706,Cirsium oleraceum,2025-04-22,2,1
272228128,Cirsium vulgare,2025-04-15,2,1
272280358,Cirsium vulgare,2025-04-22,2,1
272408428,Cirsium vulgare,2025-04-19,2,1
272470689,Cirsium arvense,2025-04-23,2,1
272504060,Cirsium vulgare,2025-04-22,2,1
272641107,Cirsium vulgare,2025-04-20,2,1
272773692,Cirsium acrolepis,2025-04-24,2,1
272872943,Cirsium undulatum,2025-04-19,2,1
272874920,Cirsium arvense,2025-04-25,2,1
272884653,Cirsium arvense,2025-04-25,2,1
273171703,Cirsium texanum,2025-04-25,2,1
273190369,Cirsium texanum,2025-04-25,2,1
273223003,Cirsium undulatum,2025-04-25,2,1
2733368,Cirsium arvense,2014-07-25,2,1
27342195,Cirsium arvense,2019-06-20,2,1
273430203,Cirsium occidentale,2025-04-25,2,1
273434681,Cirsium vulgare,2025-04-25,2,1
27345839,Cirsium undulatum,2019-06-20,2,1
27346985,Cirsium brevistylum,2019-06-13,2,1
27368222,Cirsium rivulare,2019-06-20,2,1
273686994,Cirsium vulgare,2025-04-26,2,1
27377804,Cirsium muticum,2019-06-21,2,1
273908737,Cirsium horridulum,2025-04-26,2,1
274039177,Cirsium horridulum,2025-04-26,2,1
27411096,Cirsium discolor,2019-06-21,2,1
274120392,Cirsium arvense,2025-04-26,2,1
274151957,Cirsium vulgare,2025-04-26,2,1
274431124,Cirsium japonicum,2025-04-26,2,1
27448124,Cirsium arvense,2019-06-22,2,1
27467115,Cirsium arvense,2019-06-22,2,1
274891014,Cirsium arvense,2025-04-27,2,1
275025298,Cirsium horridulum,2025-04-27,2,1
27503734,Cirsium arvense,2019-06-22,2,1
275195571,Cirsium cymosum,2025-04-26,2,1
27523324,Cirsium undulatum,2019-06-22,2,1
27523663,Cirsium arvense,2019-06-23,2,1
275431179,Cirsium heterophyllum,2025-04-27,2,1
275509291,Cirsium vulgare,2025-04-28,2,1
275559805,Cirsium horridulum,2025-04-26,2,1
27572036,Cirsium arvense,2019-06-04,2,1
27583318,Cirsium serrulatum,2019-06-14,2,1
27593303,Cirsium altissimum,2019-06-24,2,1
275959557,Cirsium undulatum,2025-04-28,2,1
27596578,Cirsium vulgare,2019-06-24,2,1
27602163,Cirsium schantarense,2019-06-24,2,1
276068688,Cirsium occidentale,2025-04-28,2,1
276081327,Cirsium vulgare,2025-04-28,2,1
276106885,Cirsium canescens,2022-06-26,2,1
276108912,Cirsium vulgare,2025-04-28,2,1
27611737,Cirsium rhaphilepis,2019-06-23,2,1
276126402,Cirsium vulgare,2025-04-28,2,1
27612806,Cirsium occidentale,2019-06-24,2,1
276309618,Cirsium engelmannii,2025-04-28,2,1
276360410,Cirsium altissimum,2025-04-28,2,1
27642844,Cirsium vulgare,2019-06-25,2,1
276470944,Cirsium rivulare,2025-04-28,2,1
276591067,Cirsium occidentale,2025-04-25,2,1
276611212,Cirsium arvense,2025-04-29,2,1
276703527,Cirsium mexicanum,2025-04-29,2,1
276705579,Cirsium arvense,2025-04-28,2,1
276716957,Cirsium neomexicanum,2025-04-25,2,1
276728999,Cirsium undulatum,2025-04-28,2,1
276787996,Cirsium nuttallii,2025-04-26,2,1
276849467,Cirsium texanum,2025-04-28,2,1
27712192,Cirsium arvense,2019-06-26,2,1
277264202,Cirsium vulgare,2025-04-27,2,1
277403094,Cirsium horridulum,2025-05-01,2,1
277471936,Cirsium texanum,2025-04-27,2,1
277512592,Cirsium texanum,2025-04-26,2,1
27756629,Cirsium arvense,2019-06-27,2,1
277609624,Cirsium vulgare,2024-12-09,2,1
27767905,Cirsium palustre,2019-06-27,2,1
277773574,Cirsium vulgare,2023-08-13,2,1
277880439,Cirsium discolor,2020-09-07,2,1
278015488,Cirsium rivulare,2025-05-03,2,1
278026352,Cirsium palustre,2025-05-03,2,1
27815196,Cirsium heterophyllum,2019-06-28,2,1
27827452,Cirsium scariosum,2018-06-05,2,1
278296017,Cirsium esculentum,2025-05-03,2,1
278319073,Cirsium vulgare,2025-05-04,2,1
278326907,Cirsium palustre,2025-05-04,2,1
278371175,Cirsium undulatum,2025-05-03,2,1
278482720,Cirsium horridulum,2025-05-04,2,1
27868914,Cirsium vulgare,2019-06-29,2,1
27891873,Cirsium vulgare,2019-06-29,2,1
27893345,Cirsium dissectum,2019-06-29,2,1
279085540,Cirsium vulgare,2025-05-06,2,1
279145323,Cirsium occidentale,2025-05-06,2,1
27920065,Cirsium arvense,2006-09-07,2,1
279203190,Cirsium canum,2025-05-07,2,1
279227720,Cirsium vulgare,2025-05-07,2,1
27929942,Cirsium helenioides,2019-06-30,2,1
279302984,Cirsium horridulum,2025-05-07,2,1
27930535,Cirsium helenioides,2019-06-30,2,1
27930853,Cirsium alatum,2016-07-07,2,1
27931491,Cirsium arvense,2019-06-29,2,1
279323718,Cirsium nuttallii,2025-05-07,2,1
27948807,Cirsium vulgare,2016-09-11,2,1
279519108,Cirsium oleraceum,2025-05-08,2,1
27955974,Cirsium scariosum,2019-06-15,2,1
27955983,Cirsium vulgare,2019-06-30,2,1
279642279,Cirsium palustre,2025-05-08,2,1
279646599,Cirsium arvense,2025-05-09,2,1
279719345,Cirsium arvense,2025-05-09,2,1
279729772,Cirsium vulgare,2024-08-04,2,1
279765623,Cirsium monspessulanum,2024-08-03,2,1
27976624,Cirsium texanum,2019-04-21,2,1
27977451,Cirsium helenioides,2019-06-30,2,1
279775427,Cirsium vulgare,2025-05-09,2,1
279781317,Cirsium arvense,2025-04-22,2,1
27981802,Cirsium discolor,2019-06-22,2,1
279825854,Cirsium brevistylum,2025-05-09,2,1
279833973,Cirsium vulgare,2025-05-10,2,1
279835284,Cirsium carolinianum,2025-05-09,2,1
279886298,Cirsium palustre,2024-08-05,2,1
28001964,Cirsium vulgare,2019-06-28,2,1
280203696,Cirsium heterophyllum,2025-05-11,2,1
280272476,Cirsium vulgare,2025-05-10,2,1
28027411,Cirsium vulgare,2019-07-01,2,1
280286246,Cirsium vulgare,2025-05-11,2,1
280292170,Cirsium undulatum,2025-05-09,2,1
280330905,Cirsium nuttallii,2025-05-11,2,1
280330917,Cirsium texanum,2025-05-11,2,1
28037812,Cirsium palustre,2019-06-30,2,1
280412282,Cirsium arvense,2025-05-10,2,1
28045129,Cirsium vulgare,2019-07-02,2,1
280456362,Cirsium undulatum,2025-05-11,2,1
280502585,Cirsium komarovii,2007-06-30,2,1
280522066,Cirsium vulgare,2025-05-12,2,1
280677655,Cirsium texanum,2025-05-10,2,1
28071666,Cirsium arvense,2019-07-02,2,1
280759300,Cirsium palustre,2025-05-13,2,1
280777376,Cirsium vulgare,2025-05-05,2,1
281055350,Cirsium palustre,2025-05-14,2,1
281057493,Cirsium purpuratum,2024-09-07,2,1
281132074,Cirsium nuttallii,2025-05-14,2,1
281226020,Cirsium brevicaule,2025-05-11,2,1
281307815,Cirsium vulgare,2025-05-14,2,1
281309137,Cirsium palustre,2025-05-15,2,1
281325971,Cirsium tuberosum,2025-05-15,2,1
281341708,Cirsium vulgare,2025-05-15,2,1
28134589,Cirsium undulatum,2019-07-03,2,1
281350271,Cirsium vulgare,2025-05-13,2,1
281460217,Cirsium arvense,2025-05-16,2,1
281466053,Cirsium arvense,2025-05-16,2,1
281494089,Cirsium vulgare,2025-04-21,2,1
281502990,Cirsium heterophyllum,2025-05-16,2,1
281553620,Cirsium palustre,2025-05-16,2,1
281678910,Cirsium palustre,2025-05-17,2,1
281686288,Cirsium helenioides,2025-04-23,2,1
281717145,Cirsium vulgare,2025-05-16,2,1
281722636,Cirsium rivulare,2025-05-17,2,1
28176225,Cirsium heterophyllum,2019-07-04,2,1
281843194,Cirsium vulgare,2025-05-17,2,1
281991796,Cirsium arvense,2025-05-18,2,1
282048340,Cirsium nuttallii,2025-05-18,2,1
28215897,Cirsium vulgare,2019-07-04,2,1
282229041,Cirsium occidentale,2025-05-18,2,1
282325000,Cirsium arvense,2025-05-19,2,1
28234441,Cirsium parryi,2019-07-04,2,1
282412070,Cirsium palustre,2025-05-16,2,1
282431005,Cirsium vulgare,2025-05-19,2,1
282463129,Cirsium esculentum,2004-08-04,2,1
28248198,Cirsium palustre,2019-07-05,2,1
282498516,Cirsium arvense,2025-05-15,2,1
28251358,Cirsium arvense,2019-07-05,2,1
28251367,Cirsium vulgare,2019-07-05,2,1
282531321,Cirsium vulgare,2025-05-19,2,1
282582252,Cirsium palustre,2025-05-20,2,1
282590324,Cirsium sairamense,2004-08-03,2,1
282630295,Cirsium vulgare,2025-05-20,2,1
282692045,Cirsium arvense,2025-05-19,2,1
282775751,Cirsium horridulum,2025-05-20,2,1
282802972,Cirsium drummondii,2025-05-20,2,1
282850359,Cirsium brachycephalum,2025-05-21,2,1
28287701,Cirsium arvense,2019-07-06,2,1
282935581,Cirsium repandum,2025-05-21,2,1
282935673,Cirsium pannonicum,2025-05-07,2,1
283092211,Cirsium japonicum,2025-05-22,2,1
283102577,Cirsium palustre,2025-05-22,2,1
28311231,Cirsium arvense,2019-06-27,2,1
28315323,Cirsium palustre,2019-07-05,2,1
283161143,Cirsium palustre,2025-05-22,2,1
28325289,Cirsium arvense,2019-07-06,2,1
283283239,Cirsium neomexicanum,2025-05-09,2,1
283351720,Cirsium arvense,2025-05-23,2,1
28340718,Cirsium horridulum,2019-03-12,2,1
283447767,Cirsium arvense,2025-05-23,2,1
283458667,Cirsium arvense,2025-05-21,2,1
28349623,Cirsium vulgare,2019-07-07,2,1
283538571,Cirsium horridulum,2025-05-23,2,1
28356287,Cirsium vulgare,2019-07-07,2,1
283570734,Cirsium undulatum,2025-05-23,2,1
283576556,Cirsium vulgare,2025-02-20,2,1
28360497,Cirsium vulgare,2019-07-06,2,1
283630824,Cirsium oleraceum,2025-05-23,2,1
283632149,Cirsium vulgare,2025-05-24,2,1
283666562,Cirsium vulgare,2022-09-17,2,1
28368408,Cirsium arvense,2019-07-07,2,1
28370243,Cirsium palustre,2019-06-27,2,1
283716929,Cirsium arvense,2025-05-24,2,1
283733780,Cirsium vulgare,2025-05-24,2,1
283928684,Cirsium palustre,2025-05-25,2,1
28395475,Cirsium vulgare,2019-06-16,2,1
284034848,Cirsium palustre,2025-05-25,2,1
284074689,Cirsium vulgare,2025-05-25,2,1
284095313,Cirsium canum,2025-05-26,2,1
284096072,Cirsium palustre,2025-05-21,2,1
284116348,Cirsium occidentale,2025-05-25,2,1
284145697,Cirsium discolor,2025-05-25,2,1
284167643,Cirsium vulgare,2025-05-25,2,1
28428608,Cirsium vulgare,2019-07-07,2,1
284358920,Cirsium arvense,2025-04-29,2,1
284371094,Cirsium vulgare,2025-05-26,2,1
28438708,Cirsium discolor,2019-07-08,2,1
28440485,Cirsium arvense,2019-07-08,2,1
28444602,Cirsium palustre,2019-07-07,2,1
284446409,Cirsium arvense,2025-05-27,2,1
28452235,Cirsium arvense,2019-07-07,2,1
2845971,Cirsium texanum,2016-03-27,2,1
284752939,Cirsium vulgare,2025-05-16,2,1
284755935,Cirsium ukranicum,2025-05-27,2,1
284902689,Cirsium arvense,2025-05-28,2,1
284917549,Cirsium texanum,2025-05-28,2,1
28492492,Cirsium vulgare,2016-08-09,2,1
284963919,Cirsium engelmannii,2025-05-28,2,1
285008378,Cirsium arvense,2025-05-29,2,1
285046261,Cirsium brevistylum,2025-05-28,2,1
285174290,Cirsium palustre,2025-05-27,2,1
28523144,Cirsium drummondii,2019-07-09,2,1
285419180,Cirsium arvense,2025-05-29,2,1
285432125,Cirsium vulgare,2025-05-30,2,1
28559464,Cirsium neomexicanum,2019-06-23,2,1
285602906,Cirsium heterophyllum,2025-05-31,2,1
285631243,Cirsium oleraceum,2025-05-31,2,1
285694680,Cirsium pyrenaicum,2025-05-31,2,1
285714356,Cirsium palustre,2025-05-30,2,1
285741834,Cirsium oleraceum,2025-05-01,2,1
285748229,Cirsium arvense,2025-05-17,2,1
28576802,Cirsium ochrocentrum,2019-07-08,2,1
285775928,Cirsium rivulare,2025-05-31,2,1
28577893,Cirsium neomexicanum,2019-07-10,2,1
285823575,Cirsium vulgare,2025-05-31,2,1
285847166,Cirsium undulatum,2025-05-14,2,1
285868478,Cirsium rivulare,2025-05-31,2,1
285909392,Cirsium arvense,2025-06-01,2,1
285934514,Cirsium vulgare,2025-05-01,2,1
285949784,Cirsium rivulare,2025-06-01,2,1
286148964,Cirsium occidentale,2025-06-01,2,1
286182179,Cirsium vulgare,2025-02-19,2,1
286200931,Cirsium arvense,2025-06-01,2,1
286269382,Cirsium undulatum,2025-06-01,2,1
28628587,Cirsium vulgare,2019-07-09,2,1
28631008,Cirsium hookerianum,2019-07-11,2,1
286317616,Cirsium pannonicum,2025-06-02,2,1
2864535,Cirsium horridulum,2016-03-27,2,1
286474625,Cirsium arvense,2025-06-02,2,1
28655043,Cirsium occidentale,2019-07-10,2,1
28668982,Cirsium palustre,2019-07-12,2,1
286721085,Cirsium oleraceum,2025-06-04,2,1
28672630,Cirsium arvense,2019-07-12,2,1
286764303,Cirsium palustre,2025-06-04,2,1
28677507,Cirsium arvense,2019-07-10,2,1
286801067,Cirsium palustre,2025-06-04,2,1
286842270,Cirsium palustre,2025-05-29,2,1
286861152,Cirsium vulgare,2025-06-04,2,1
286874329,Cirsium palustre,2025-06-04,2,1
28687442,Cirsium arvense,2019-07-12,2,1
286884156,Cirsium oleraceum,2025-06-04,2,1
286997536,Cirsium heterophyllum,2025-05-31,2,1
287051139,Cirsium palustre,2025-06-04,2,1
287053538,Cirsium palustre,2025-06-05,2,1
287067993,Cirsium heterophyllum,2025-06-05,2,1
287082629,Cirsium vulgare,2025-06-05,2,1
287116672,Cirsium arvense,2025-06-05,2,1
287200489,Cirsium repandum,2025-06-05,2,1
287236577,Cirsium kamtschaticum,2025-06-06,2,1
287242632,Cirsium vulgare,2025-05-31,2,1
28726649,Cirsium heterophyllum,2019-07-13,2,1
287361019,Cirsium undulatum,2025-06-06,2,1
28736236,Cirsium ukranicum,2019-07-13,2,1
287479142,Cirsium arvense,2025-06-07,2,1
28749541,Cirsium arvense,2019-07-02,2,1
287598499,Cirsium vulgare,2025-06-02,2,1
287609917,Cirsium tuberosum,2025-06-07,2,1
28772162,Cirsium vulgare,2019-07-13,2,1
287729737,Cirsium arvense,2025-06-07,2,1
28775942,Cirsium arvense,2019-07-13,2,1
287790867,Cirsium vulgare,2025-06-07,2,1
28780868,Cirsium vulgare,2019-07-13,2,1
287835627,Cirsium canum,2025-06-07,2,1
287851545,Cirsium hookerianum,2025-06-07,2,1
287867385,Cirsium rivulare,2025-06-08,2,1
287900062,Cirsium arvense,2025-06-08,2,1
28791209,Cirsium vulgare,2019-07-14,2,1
287942782,Cirsium palustre,2025-06-08,2,1
28799489,Cirsium texanum,2019-07-13,2,1
288007610,Cirsium palustre,2025-06-08,2,1
28805103,Cirsium arvense,2019-07-13,2,1
288116189,Cirsium vulgare,2025-06-03,2,1
288156960,Cirsium palustre,2025-06-06,2,1
288161129,Cirsium palustre,2025-06-08,2,1
28821509,Cirsium vulgare,2019-07-14,2,1
288237207,Cirsium japonicum,2025-05-22,2,1
288257208,Cirsium vulgare,2025-06-09,2,1
28828042,Cirsium discolor,2019-07-14,2,1
288285790,Cirsium occidentale,2025-06-07,2,1
288388455,Cirsium filipendulum,2025-06-09,2,1
288424507,Cirsium arvense,2025-06-10,2,1
288478086,Cirsium palustre,2025-06-09,2,1
288541193,Cirsium arvense,2025-06-09,2,1
288552410,Cirsium palustre,2025-06-09,2,1
288583449,Cirsium vulgare,2025-06-10,2,1
288654907,Cirsium vulgare,2024-09-04,2,1
288660756,Cirsium arvense,2025-06-11,2,1
288677819,Cirsium vulgare,2025-06-11,2,1
288708677,Cirsium palustre,2025-06-11,2,1
288714867,Cirsium vulgare,2025-06-11,2,1
288765177,Cirsium filipendulum,2025-06-11,2,1
288779402,Cirsium arvense,2025-06-08,2,1
288798765,Cirsium palustre,2025-06-11,2,1
288826149,Cirsium filipendulum,2025-06-10,2,1
288891808,Cirsium vulgare,2025-06-11,2,1
288955691,Cirsium arvense,2025-06-12,2,1
288956130,Cirsium palustre,2025-06-11,2,1
288964982,Cirsium brachycephalum,2025-06-12,2,1
289113551,Cirsium undulatum,2025-06-12,2,1
289115975,Cirsium repandum,2025-06-05,2,1
289117246,Cirsium hookerianum,2025-06-11,2,1
28922084,Cirsium arvense,2019-07-16,2,1
289243434,Cirsium tuberosum,2025-06-13,2,1
289255234,Cirsium palustre,2025-06-12,2,1
289281339,Cirsium palustre,2025-06-13,2,1
289290661,Cirsium occidentale,2025-06-12,2,1
289324485,Cirsium palustre,2025-06-13,2,1
289446444,Cirsium palustre,2025-06-14,2,1
289448872,Cirsium scariosum,2025-06-10,2,1
289523440,Cirsium arvense,2025-06-14,2,1
289531069,Cirsium arvense,2025-06-11,2,1
289536115,Cirsium palustre,2025-06-09,2,1
289573497,Cirsium canescens,2025-06-14,2,1
289607765,Cirsium arvense,2025-06-14,2,1
289616839,Cirsium ochrocentrum,2025-06-14,2,1
289626540,Cirsium palustre,2025-06-14,2,1
289667917,Cirsium scariosum,2025-06-14,2,1
289692022,Cirsium canescens,2025-06-14,2,1
289694881,Cirsium palustre,2025-06-14,2,1
289776157,Cirsium palustre,2025-06-15,2,1
289838997,Cirsium vulgare,2025-06-15,2,1
289842195,Cirsium vulgare,2025-06-15,2,1
289905859,Cirsium occidentale,2025-06-15,2,1
289930048,Cirsium rivulare,2025-06-15,2,1
289970974,Cirsium arvense,2025-06-15,2,1
290116479,Cirsium arvense,2025-06-16,2,1
290152381,Cirsium vulgare,2025-06-16,2,1
29016854,Cirsium vulgare,2019-07-17,2,1
290197879,Cirsium arvense,2025-06-16,2,1
290231563,Cirsium palustre,2025-06-16,2,1
290251833,Cirsium palustre,2022-06-24,2,1
290289218,Cirsium arvense,2025-06-15,2,1
290339317,Cirsium japonicum,2025-06-17,2,1
290357748,Cirsium rivulare,2025-06-16,2,1
290363987,Cirsium arvense,2025-06-09,2,1
290372284,Cirsium palustre,2023-09-20,2,1
29038606,Cirsium scariosum,2019-07-17,2,1
290402332,Cirsium vulgare,2025-06-17,2,1
290408922,Cirsium undulatum,2025-06-17,2,1
290483530,Cirsium pannonicum,2025-06-17,2,1
290493934,Cirsium palustre,2025-06-16,2,1
290549184,Cirsium scariosum,2025-06-17,2,1
290574378,Cirsium vulgare,2025-06-07,2,1
290591738,Cirsium arvense,2025-06-17,2,1
290607446,Cirsium arvense,2025-06-18,2,1
290616094,Cirsium arvense,2025-06-14,2,1
290622931,Cirsium arvense,2025-06-17,2,1
290654946,Cirsium pulcherrimum,2025-06-17,2,1
290661549,Cirsium palustre,2025-06-18,2,1
290691193,Cirsium undulatum,2025-06-18,2,1
290697199,Cirsium arvense,2025-06-18,2,1
29069888,Cirsium arvense,2019-07-14,2,1
290706038,Cirsium filipendulum,2025-06-17,2,1
29072495,Cirsium arvense,2019-07-18,2,1
290762695,Cirsium discolor,2025-06-16,2,1
29078382,Cirsium palustre,2019-07-18,2,1
290864867,Cirsium obvallatum,2025-06-10,2,1
290898818,Cirsium rivulare,2025-06-19,2,1
29091577,Cirsium vulgare,2019-07-18,2,1
29094181,Cirsium scariosum,2019-07-15,2,1
290952853,Cirsium arvense,2025-06-01,2,1
291003457,Cirsium vulgare,2025-06-19,2,1
29101582,Cirsium arvense,2019-07-19,2,1
291101227,Cirsium brevistylum,2025-06-19,2,1
29111860,Cirsium vulgare,2019-07-19,2,1
291159640,Cirsium vulgare,2025-06-20,2,1
291245252,Cirsium heterophyllum,2025-06-20,2,1
291261636,Cirsium oleraceum,2025-06-20,2,1
291267182,Cirsium undulatum,2025-06-18,2,1
29135560,Cirsium serratuloides,2019-07-19,2,1
291370535,Cirsium andersonii,2025-06-07,2,1
29140421,Cirsium arvense,2019-07-19,2,1
291405062,Cirsium rivulare,2025-06-21,2,1
291472760,Cirsium arvense,2025-06-21,2,1
291488113,Cirsium vulgare,2025-06-21,2,1
291503218,Cirsium vulgare,2025-06-21,2,1
291507979,Cirsium heterophyllum,2025-06-17,2,1
291560550,Cirsium palustre,2025-06-21,2,1
291563974,Cirsium remotifolium,2025-06-20,2,1
291571368,Cirsium vulgare,2025-06-21,2,1
291575899,Cirsium pannonicum,2025-06-20,2,1
291602553,Cirsium palustre,2025-06-21,2,1
29160279,Cirsium arvense,2019-07-17,2,1
291629023,Cirsium ochrocentrum,2025-06-21,2,1
29163858,Cirsium arvense,2019-07-20,2,1
291673805,Cirsium drummondii,2025-06-21,2,1
291675052,Cirsium undulatum,2025-06-21,2,1
291712883,Cirsium japonicum,2025-06-22,2,1
291736964,Cirsium brachycephalum,2025-06-21,2,1
291744358,Cirsium arvense,2025-06-22,2,1
291749529,Cirsium heterophyllum,2025-06-21,2,1
291825255,Cirsium ochrocentrum,2025-06-22,2,1
291826954,Cirsium serrulatum,2025-06-22,2,1
291844787,Cirsium heterophyllum,2025-06-22,2,1
291850033,Cirsium vulgare,2025-06-22,2,1
291865945,Cirsium heterophyllum,2025-06-20,2,1
291910493,Cirsium palustre,2025-06-22,2,1
291932499,Cirsium arvense,2025-06-22,2,1
291936227,Cirsium palustre,2025-06-22,2,1
291969647,Cirsium occidentale,2025-06-22,2,1
291973797,Cirsium occidentale,2025-06-01,2,1
291983807,Cirsium brevistylum,2025-06-22,2,1
291988449,Cirsium occidentale,2025-06-22,2,1
291997287,Cirsium heterophyllum,2025-06-22,2,1
292007216,Cirsium monspessulanum,2025-06-22,2,1
292031393,Cirsium palustre,2025-06-22,2,1
29204090,Cirsium palustre,2019-07-10,2,1
292062076,Cirsium arvense,2025-06-21,2,1
292117037,Cirsium arvense,2025-06-21,2,1
292131510,Cirsium palustre,2025-06-22,2,1
292137445,Cirsium rivulare,2021-06-11,2,1
292151117,Cirsium palustre,2025-06-21,2,1
292159617,Cirsium scariosum,2025-06-22,2,1
292160205,Cirsium palustre,2025-06-19,2,1
292224822,Cirsium canescens,2025-06-23,2,1
292265889,Cirsium vulgare,2025-06-24,2,1
292282961,Cirsium palustre,2025-06-23,2,1
292299044,Cirsium kamtschaticum,2025-06-24,2,1
29233031,Cirsium vulgare,2019-07-21,2,1
292346112,Cirsium rivulare,2025-06-22,2,1
292349482,Cirsium arvense,2025-06-23,2,1
292385608,Cirsium occidentale,2025-06-20,2,1
292392118,Cirsium heterophyllum,2025-06-24,2,1
292399601,Cirsium arvense,2025-06-24,2,1
292448721,Cirsium arvense,2025-06-24,2,1
292451529,Cirsium arvense,2025-06-24,2,1
292454946,Cirsium undulatum,2024-07-06,2,1
29245825,Cirsium vulgare,2019-07-21,2,1
29250012,Cirsium vulgare,2019-07-19,2,1
292538762,Cirsium hookerianum,2025-06-24,2,1
292547306,Cirsium palustre,2025-06-22,2,1
292550516,Cirsium waldsteinii,2025-06-23,2,1
292561521,Cirsium arvense,2025-06-21,2,1
292602873,Cirsium arvense,2025-06-25,2,1
292615004,Cirsium heterophyllum,2025-06-25,2,1
292633712,Cirsium horridulum,2025-04-16,2,1
292647201,Cirsium oleraceum,2025-06-25,2,1
292659548,Cirsium vulgare,2025-06-25,2,1
292660935,Cirsium palustre,2025-06-25,2,1
292702924,Cirsium vulgare,2025-06-25,2,1
29272590,Cirsium vulgare,2019-07-21,2,1
292776184,Cirsium mohavense,2025-06-23,2,1
292777207,Cirsium quercetorum,2025-06-25,2,1
292811508,Cirsium arvense,2025-06-26,2,1
292849581,Cirsium monspessulanum,2025-06-26,2,1
292850318,Cirsium palustre,2025-06-26,2,1
292864714,Cirsium palustre,2025-06-25,2,1
292866688,Cirsium heterophyllum,2025-06-26,2,1
292891991,Cirsium arvense,2025-06-26,2,1
292905487,Cirsium arvense,2025-06-26,2,1
292927841,Cirsium nuttallii,2025-06-26,2,1
292941534,Cirsium arvense,2025-06-26,2,1
292972831,Cirsium scariosum,2025-06-14,2,1
292976271,Cirsium vulgare,2025-06-26,2,1
293016204,Cirsium nuttallii,2025-06-15,2,1
293037101,Cirsium scariosum,2025-06-26,2,1
293039725,Cirsium arvense,2025-06-22,2,1
293065278,Cirsium canum,2025-06-26,2,1
293081614,Cirsium vulgare,2025-06-27,2,1
293115426,Cirsium arvense,2025-06-27,2,1
293124645,Cirsium arvense,2025-06-27,2,1
293148191,Cirsium arvense,2025-06-14,2,1
293152031,Cirsium arvense,2025-06-27,2,1
293154197,Cirsium palustre,2025-06-27,2,1
293165159,Cirsium repandum,2025-06-27,2,1
293179219,Cirsium heterophyllum,2025-06-27,2,1
293189442,Cirsium heterophyllum,2025-06-27,2,1
293194702,Cirsium arvense,2025-06-27,2,1
293238210,Cirsium arvense,2025-06-15,2,1
293277938,Cirsium arvense,2025-06-27,2,1
293319616,Cirsium palustre,2025-06-27,2,1
293321992,Cirsium vulgare,2025-06-28,2,1
29332374,Cirsium palustre,2019-07-20,2,1
293328124,Cirsium monspessulanum,2025-06-28,2,1
293329919,Cirsium palustre,2025-06-28,2,1
293340341,Cirsium heterophyllum,2025-06-28,2,1
293340398,Cirsium heterophyllum,2025-06-28,2,1
293342721,Cirsium arvense,2025-06-28,2,1
293349592,Cirsium arvense,2025-06-28,2,1
293370836,Cirsium palustre,2025-06-28,2,1
293383185,Cirsium vulgare,2025-06-28,2,1
293394476,Cirsium palustre,2025-06-28,2,1
293396042,Cirsium arvense,2025-06-28,2,1
293429587,Cirsium vulgare,2025-06-28,2,1
293451595,Cirsium occidentale,2025-06-25,2,1
293453465,Cirsium vulgare,2025-06-28,2,1
293458889,Cirsium discolor,2025-06-28,2,1
293463445,Cirsium palustre,2025-06-28,2,1
293472514,Cirsium arvense,2025-06-28,2,1
293473965,Cirsium heterophyllum,2025-06-28,2,1
293491828,Cirsium spinosissimum,2025-06-21,2,1
29349247,Cirsium ciliatum,2019-07-20,2,1
293509132,Cirsium vulgare,2025-06-28,2,1
293509487,Cirsium palustre,2025-06-28,2,1
293520363,Cirsium arvense,2025-06-28,2,1
293549449,Cirsium repandum,2025-06-28,2,1
293572964,Cirsium arvense,2025-06-28,2,1
293633483,Cirsium arvense,2025-06-28,2,1
293647698,Cirsium vulgare,2025-06-29,2,1
293675151,Cirsium palustre,2025-06-29,2,1
293695889,Cirsium arvense,2025-06-27,2,1
293696998,Cirsium oleraceum,2025-06-29,2,1
293702937,Cirsium arvense,2025-06-27,2,1
293706568,Cirsium heterophyllum,2025-06-29,2,1
293721350,Cirsium vulgare,2025-06-28,2,1
293747912,Cirsium arvense,2025-06-27,2,1
293758814,Cirsium vulgare,2025-06-26,2,1
293772327,Cirsium esculentum,2025-06-29,2,1
293777640,Cirsium arvense,2025-06-28,2,1
293778436,Cirsium heterophyllum,2025-06-29,2,1
293785250,Cirsium arvense,2025-06-17,2,1
293806293,Cirsium vulgare,2025-06-27,2,1
293826799,Cirsium palustre,2025-06-29,2,1
293846762,Cirsium remotifolium,2025-06-29,2,1
293855109,Cirsium vulgare,2025-06-24,2,1
293866899,Cirsium vulgare,2025-06-29,2,1
293873226,Cirsium vulgare,2025-06-27,2,1
293875270,Cirsium parryi,2025-06-29,2,1
293946160,Cirsium palustre,2025-06-29,2,1
293949521,Cirsium arvense,2025-06-29,2,1
29395147,Cirsium arvense,2019-07-23,2,1
293951892,Cirsium palustre,2025-05-21,2,1
293963099,Cirsium scariosum,2025-06-29,2,1
29397823,Cirsium serrulatum,2019-07-23,2,1
293983598,Cirsium palustre,2025-06-30,2,1
294002315,Cirsium palustre,2025-06-29,2,1
29401524,Cirsium vulgare,2019-07-23,2,1
294017209,Cirsium arvense,2025-06-24,2,1
29401778,Cirsium heterophyllum,2019-07-23,2,1
294035178,Cirsium spinosissimum,2025-06-25,2,1
294078513,Cirsium palustre,2025-06-30,2,1
294088588,Cirsium vulgare,2025-06-30,2,1
294137085,Cirsium heterophyllum,2025-06-30,2,1
294148534,Cirsium arvense,2025-06-28,2,1
294165715,Cirsium undulatum,2025-06-28,2,1
294220640,Cirsium arvense,2025-06-21,2,1
29425092,Cirsium undulatum,2019-07-23,2,1
294261545,Cirsium palustre,2025-06-29,2,1
294264156,Cirsium heterophyllum,2025-06-30,2,1
294299258,Cirsium pannonicum,2025-07-01,2,1
294344067,Cirsium palustre,2025-06-21,2,1
294373434,Cirsium palustre,2025-06-30,2,1
294413403,Cirsium erisithales,2025-06-27,2,1
29447227,Cirsium arvense,2019-07-24,2,1
29448710,Cirsium vulgare,2019-07-24,2,1
294488258,Cirsium arvense,2025-07-01,2,1
29452794,Cirsium vulgare,2019-07-24,2,1
294531453,Cirsium arvense,2025-07-02,2,1
294547540,Cirsium palustre,2025-07-02,2,1
294557845,Cirsium pannonicum,2025-06-25,2,1
29456714,Cirsium muticum,2019-07-24,2,1
294636818,Cirsium arvense,2025-07-02,2,1
294671025,Cirsium palustre,2025-07-02,2,1
294688342,Cirsium monspessulanum,2025-07-02,2,1
294693243,Cirsium spinosissimum,2025-06-28,2,1
294693353,Cirsium drummondii,2025-07-02,2,1
294718181,Cirsium vulgare,2025-07-02,2,1
29476325,Cirsium arvense,2019-07-24,2,1
294765372,Cirsium altissimum,2025-07-02,2,1
294766235,Cirsium arvense,2025-07-02,2,1
294809383,Cirsium heterophyllum,2025-07-02,2,1
294823969,Cirsium arvense,2025-07-03,2,1
294833012,Cirsium palustre,2025-07-03,2,1
294872540,Cirsium horridulum,2025-05-03,2,1
294886986,Cirsium vulgare,2025-07-03,2,1
294901606,Cirsium arvense,2025-07-03,2,1
294999395,Cirsium arvense,2025-07-03,2,1
295007977,Cirsium palustre,2025-07-03,2,1
295029121,Cirsium edule,2025-07-03,2,1
295034511,Cirsium undulatum,2025-07-03,2,1
29507727,Cirsium vulgare,2019-07-25,2,1
295082644,Cirsium vulgare,2025-06-28,2,1
295084980,Cirsium palustre,2025-07-04,2,1
295098846,Cirsium vulgare,2025-07-03,2,1
295131430,Cirsium vulgare,2025-07-04,2,1
295133375,Cirsium heterophyllum,2025-07-04,2,1
295152487,Cirsium vulgare,2025-07-04,2,1
29516019,Cirsium arvense,2019-07-25,2,1
295195819,Cirsium palustre,2025-07-04,2,1
29529034,Cirsium acaulon,2019-07-25,2,1
295303288,Cirsium japonicum,2025-07-05,2,1
295308379,Cirsium palustre,2025-07-05,2,1
295320243,Cirsium tuberosum,2025-07-05,2,1
295326498,Cirsium vulgare,2025-07-05,2,1
29533230,Cirsium heterophyllum,2019-07-25,2,1
29535808,Cirsium palustre,2009-05-13,2,1
295360232,Cirsium arvense,2025-07-05,2,1
295362105,Cirsium palustre,2025-07-05,2,1
295415443,Cirsium canum,2025-07-05,2,1
295428569,Cirsium ochrocentrum,2025-07-02,2,1
295434168,Cirsium repandum,2025-07-05,2,1
295469344,Cirsium vulgare,2025-07-05,2,1
295470018,Cirsium heterophyllum,2025-07-05,2,1
295482039,Cirsium arvense,2025-07-04,2,1
295487294,Cirsium arvense,2025-07-05,2,1
295564683,Cirsium nuttallii,2025-07-05,2,1
29558434,Cirsium arvense,2019-07-24,2,1
295592022,Cirsium arvense,2025-07-05,2,1
295599592,Cirsium douglasii,2025-07-05,2,1
295603786,Cirsium occidentale,2025-07-05,2,1
295608609,Cirsium heterophyllum,2025-07-03,2,1
295612740,Cirsium arvense,2025-07-06,2,1
295631801,Cirsium oleraceum,2025-07-05,2,1
295631802,Cirsium vulgare,2025-07-05,2,1
295635675,Cirsium arvense,2025-07-06,2,1
295641027,Cirsium heterophyllum,2025-07-06,2,1
295647127,Cirsium arvense,2025-07-06,2,1
295648595,Cirsium vulgare,2022-01-24,2,1
295732274,Cirsium palustre,2025-07-06,2,1
295737444,Cirsium vulgare,2025-07-06,2,1
295753602,Cirsium arvense,2025-07-04,2,1
29576688,Cirsium oleraceum,2019-07-21,2,1
295778633,Cirsium arvense,2025-07-06,2,1
295788894,Cirsium palustre,2025-07-03,2,1
29579883,Cirsium muticum,2019-07-26,2,1
295843721,Cirsium arvense,2025-07-06,2,1
295900134,Cirsium vulgare,2025-07-06,2,1
295930450,Cirsium palustre,2025-07-07,2,1
295940851,Cirsium oleraceum,2025-07-07,2,1
295959440,Cirsium vulgare,2025-07-07,2,1
295964340,Cirsium arvense,2025-07-07,2,1
295970848,Cirsium palustre,2025-07-07,2,1
295977794,Cirsium undulatum,2025-07-07,2,1
296006436,Cirsium japonicum,2025-07-06,2,1
296028905,Cirsium subcoriaceum,2025-07-05,2,1
296031221,Cirsium vulgare,2025-07-07,2,1
296176590,Cirsium arvense,2025-07-07,2,1
296177530,Cirsium brevistylum,2025-07-07,2,1
296182054,Cirsium palustre,2025-07-08,2,1
296199271,Cirsium arizonicum,2025-06-25,2,1
29620212,Cirsium arizonicum,2019-07-26,2,1
296202752,Cirsium palustre,2025-07-08,2,1
296262636,Cirsium acaulon,2024-10-12,2,1
296266986,Cirsium arvense,2025-07-07,2,1
296280939,Cirsium arvense,2025-07-08,2,1
296281414,Cirsium vulgare,2025-07-05,2,1
29632759,Cirsium vulgare,2019-07-27,2,1
296430866,Cirsium arvense,2025-07-09,2,1
29646767,Cirsium arvense,2019-07-27,2,1
296471494,Cirsium arvense,2025-07-09,2,1
296503281,Cirsium palustre,2025-07-09,2,1
296504611,Cirsium palustre,2025-07-08,2,1
296553136,Cirsium helenioides,2025-07-04,2,1
296555301,Cirsium arvense,2025-07-06,2,1
296576414,Cirsium vulgare,2025-07-09,2,1
29669001,Cirsium arvense,2019-07-27,2,1
296703600,Cirsium vulgare,2025-06-18,2,1
296760862,Cirsium vulgare,2025-07-10,2,1
29676418,Cirsium vulgare,2019-07-26,2,1
296767002,Cirsium palustre,2025-07-09,2,1
296767108,Cirsium arvense,2025-07-10,2,1
296794195,Cirsium arvense,2025-07-10,2,1
29680123,Cirsium palustre,2019-07-25,2,1
296822025,Cirsium scariosum,2025-07-10,2,1
296857760,Cirsium vulgare,2025-07-10,2,1
296869176,Cirsium vulgare,2025-06-21,2,1
296879014,Cirsium vulgare,2025-06-28,2,1
296902721,Cirsium vulgare,2025-06-03,2,1
296942755,Cirsium hookerianum,2025-07-08,2,1
296955907,Cirsium vulgare,2025-07-10,2,1
297018355,Cirsium heterophyllum,2025-07-11,2,1
297022231,Cirsium heterophyllum,2025-07-11,2,1
297028283,Cirsium vulgare,2025-06-20,2,1
297036025,Cirsium palustre,2025-07-11,2,1
297039527,Cirsium arvense,2025-07-08,2,1
297043445,Cirsium heterophyllum,2025-07-11,2,1
297053260,Cirsium vulgare,2025-07-11,2,1
297057603,Cirsium arvense,2025-07-11,2,1
297067423,Cirsium arvense,2025-07-11,2,1
297067933,Cirsium erisithales,2025-07-11,2,1
297081710,Cirsium filipendulum,2005-06-15,2,1
297081974,Cirsium arvense,2025-07-10,2,1
297095169,Cirsium canum,2025-07-11,2,1
297102239,Cirsium spinosissimum,2025-07-11,2,1
297129959,Cirsium heterophyllum,2025-07-11,2,1
297149114,Cirsium undulatum,2025-07-11,2,1
297181210,Cirsium arvense,2025-07-11,2,1
297206561,Cirsium edule,2025-07-11,2,1
297239678,Cirsium palustre,2025-07-12,2,1
297254645,Cirsium arvense,2025-07-09,2,1
297256020,Cirsium acaulon,2025-07-11,2,1
297263439,Cirsium vulgare,2025-07-12,2,1
297264328,Cirsium arvense,2025-07-12,2,1
297268183,Cirsium vulgare,2025-07-12,2,1
297319206,Cirsium arvense,2025-07-10,2,1
297326175,Cirsium rivulare,2025-07-12,2,1
297345859,Cirsium erisithales,2025-07-12,2,1
297356891,Cirsium heterophyllum,2025-07-11,2,1
29738738,Cirsium vulgare,2019-07-28,2,1
297389611,Cirsium palustre,2025-06-23,2,1
297397103,Cirsium hookerianum,2025-07-07,2,1
297409898,Cirsium flodmanii,2022-07-11,2,1
297427073,Cirsium arvense,2025-07-12,2,1
297457882,Cirsium flodmanii,2025-07-12,2,1
297474029,Cirsium arvense,2025-07-12,2,1
297474848,Cirsium arvense,2025-07-12,2,1
297475800,Cirsium hesperium,2025-07-11,2,1
297478015,Cirsium nuttallii,2025-07-10,2,1
297485135,Cirsium arvense,2025-07-12,2,1
297523443,Cirsium heterophyllum,2025-07-12,2,1
297553890,Cirsium palustre,2025-07-13,2,1
29755962,Cirsium arvense,2019-07-28,2,1
297579976,Cirsium arvense,2025-07-13,2,1
297593764,Cirsium oleraceum,2025-07-11,2,1
29761788,Cirsium rhaphilepis,2019-07-20,2,1
297621695,Cirsium vulgare,2025-07-13,2,1
297638913,Cirsium arvense,2025-07-13,2,1
297643696,Cirsium arvense,2025-07-13,2,1
297650174,Cirsium arvense,2025-07-13,2,1
297650558,Cirsium vulgare,2025-07-13,2,1
297675781,Cirsium arvense,2025-07-13,2,1
297697171,Cirsium rivulare,2025-06-27,2,1
297708111,Cirsium arvense,2025-06-29,2,1
29772208,Cirsium serrulatum,2019-07-29,2,1
29773065,Cirsium vulgare,2019-07-28,2,1
297735570,Cirsium arvense,2025-07-12,2,1
29777003,Cirsium arvense,2019-07-17,2,1
29777444,Cirsium undulatum,2019-07-17,2,1
297810361,Cirsium hookerianum,2025-07-12,2,1
297841627,Cirsium arvense,2025-07-13,2,1
297846231,Cirsium helenioides,2025-07-14,2,1
297871558,Cirsium arvense,2025-07-14,2,1
297883958,Cirsium oleraceum,2025-07-13,2,1
297899045,Cirsium esculentum,2025-07-04,2,1
29792912,Cirsium arvense,2019-07-29,2,1
297936381,Cirsium vulgare,2025-07-14,2,1
297938015,Cirsium arvense,2025-07-14,2,1
297997412,Cirsium erisithales,2025-06-25,2,1
298023893,Cirsium flodmanii,2025-07-14,2,1
29805554,Cirsium arvense,2019-07-29,2,1
298097157,Cirsium oleraceum,2025-07-14,2,1
298103483,Cirsium arvense,2025-07-13,2,1
298104173,Cirsium arvense,2025-07-11,2,1
29812602,Cirsium vulgare,2019-07-07,2,1
298126048,Cirsium vulgare,2025-07-12,2,1
298139100,Cirsium arvense,2025-07-13,2,1
298158026,Cirsium vulgare,2025-07-15,2,1
298177192,Cirsium esculentum,2025-07-15,2,1
298180742,Cirsium vulgare,2025-07-15,2,1
298184411,Cirsium arvense,2025-07-15,2,1
298200239,Cirsium arvense,2025-07-15,2,1
298201502,Cirsium heterophyllum,2025-07-13,2,1
298219171,Cirsium arvense,2025-07-15,2,1
298244227,Cirsium palustre,2025-07-15,2,1
298246432,Cirsium acaulon,2025-07-15,2,1
298258212,Cirsium arvense,2025-06-13,2,1
29826424,Cirsium arvense,2019-07-18,2,1
298303641,Cirsium undulatum,2025-07-15,2,1
298324987,Cirsium edule,2025-07-12,2,1
298329219,Cirsium undulatum,2025-07-15,2,1
298355359,Cirsium obvallatum,2025-07-12,2,1
298368515,Cirsium heterophyllum,2025-07-16,2,1
298420931,Cirsium vulgare,2025-06-27,2,1
29842780,Cirsium arvense,2019-07-27,2,1
298431608,Cirsium heterophyllum,2025-07-16,2,1
298463442,Cirsium palustre,2025-07-16,2,1
298510295,Cirsium candelabrum,2025-07-16,2,1
298541612,Cirsium arvense,2025-07-16,2,1
298584413,Cirsium flodmanii,2025-07-16,2,1
298624886,Cirsium palustre,2025-07-17,2,1
298674020,Cirsium palustre,2025-07-17,2,1
298709157,Cirsium arvense,2025-07-17,2,1
298738906,Cirsium palustre,2025-07-17,2,1
298788648,Cirsium heterophyllum,2025-07-17,2,1
298789386,Cirsium andrewsii,2025-07-17,2,1
298800110,Cirsium drummondii,2025-07-17,2,1
298838332,Cirsium drummondii,2025-07-15,2,1
298839374,Cirsium arvense,2025-07-16,2,1
298857543,Cirsium vulgare,2025-07-16,2,1
298862375,Cirsium ciliatum,2025-07-12,2,1
298871396,Cirsium palustre,2025-07-18,2,1
298895466,Cirsium vulgare,2025-07-18,2,1
29890799,Cirsium arvense,2019-07-20,2,1
298921705,Cirsium arvense,2025-07-18,2,1
298923267,Cirsium arvense,2025-07-13,2,1
298945353,Cirsium arvense,2025-07-18,2,1
29895719,Cirsium vulgare,2019-07-30,2,1
298958078,Cirsium serrulatum,2025-07-18,2,1
29897610,Cirsium vulgare,2019-07-26,2,1
298980542,Cirsium arvense,2025-07-16,2,1
298982506,Cirsium heterophyllum,2025-07-12,2,1
299005821,Cirsium heterophyllum,2025-07-14,2,1
299014023,Cirsium ukranicum,2025-07-18,2,1
29903731,Cirsium palustre,2019-07-31,2,1
299062344,Cirsium muticum,2025-07-18,2,1
299087205,Cirsium vulgare,2025-07-16,2,1
299140592,Cirsium palustre,2025-07-18,2,1
299154167,Cirsium heterophyllum,2025-07-19,2,1
299175199,Cirsium acaulon,2025-07-19,2,1
299178864,Cirsium arvense,2025-07-19,2,1
29918730,Cirsium arvense,2019-07-19,2,1
299193551,Cirsium undulatum,2025-07-18,2,1
299193857,Cirsium vulgare,2025-07-19,2,1
299200240,Cirsium parryi,2025-07-16,2,1
29921318,Cirsium muticum,2019-07-31,2,1
299221814,Cirsium acaulon,2024-09-15,2,1
299225191,Cirsium palustre,2025-07-19,2,1
299231668,Cirsium palustre,2025-07-19,2,1
299255242,Cirsium vulgare,2025-07-19,2,1
299257625,Cirsium oleraceum,2025-07-19,2,1
299259132,Cirsium palustre,2024-06-22,2,1
299260365,Cirsium esculentum,2025-07-19,2,1
299265255,Cirsium occidentale,2025-07-19,2,1
29927123,Cirsium vulgare,2019-07-26,2,1
299280336,Cirsium flodmanii,2025-07-19,2,1
299290743,Cirsium heterophyllum,2025-07-17,2,1
299292452,Cirsium arvense,2025-07-19,2,1
29930126,Cirsium discolor,2019-07-23,2,1
299339207,Cirsium vulgare,2025-07-13,2,1
299347375,Cirsium vulgare,2025-07-19,2,1
299356043,Cirsium arvense,2025-07-19,2,1
29940786,Cirsium heterophyllum,2019-07-31,2,1
299454168,Cirsium arvense,2025-07-18,2,1
299454755,Cirsium arvense,2025-07-20,2,1
299472362,Cirsium arvense,2025-07-20,2,1
299488569,Cirsium palustre,2025-07-20,2,1
29950419,Cirsium arvense,2019-07-31,2,1
299511734,Cirsium palustre,2025-07-06,2,1
299512236,Cirsium canum,2025-07-20,2,1
29951538,Cirsium arvense,2019-07-31,2,1
299531431,Cirsium echinus,2025-07-02,2,1
299536849,Cirsium vulgare,2025-07-20,2,1
299539409,Cirsium arvense,2025-07-19,2,1
299559195,Cirsium vulgare,2025-07-17,2,1
299560819,Cirsium pumilum,2025-07-20,2,1
299599315,Cirsium arvense,2025-07-20,2,1
299628191,Cirsium vulgare,2025-07-19,2,1
299633106,Cirsium centaureae,2025-07-18,2,1
299669118,Cirsium arvense,2025-07-20,2,1
299699031,Cirsium arvense,2025-07-20,2,1
299749848,Cirsium palustre,2025-07-20,2,1
299756862,Cirsium palustre,2025-07-19,2,1
299788285,Cirsium arvense,2025-07-20,2,1
299790212,Cirsium arvense,2025-07-17,2,1
299790523,Cirsium canum,2025-07-20,2,1
299814524,Cirsium palustre,2025-06-30,2,1
299819123,Cirsium arvense,2025-06-17,2,1
299825806,Cirsium acaulon,2025-07-21,2,1
299827192,Cirsium arvense,2025-07-21,2,1
299832007,Cirsium heterophyllum,2025-07-11,2,1
29985679,Cirsium arvense,2019-08-01,2,1
29986356,Cirsium kamtschaticum,2019-07-12,2,1
299877583,Cirsium arvense,2025-07-21,2,1
29987775,Cirsium vulgare,2019-08-01,2,1
299887668,Cirsium pyrenaicum,2025-07-19,2,1
299902322,Cirsium palustre,2025-07-21,2,1
299903994,Cirsium arvense,2025-07-21,2,1
299909226,Cirsium arvense,2025-07-21,2,1
299913163,Cirsium vulgare,2025-07-21,2,1
299971537,Cirsium vulgare,2025-03-29,2,1
299993044,Cirsium arvense,2025-07-21,2,1
30002193,Cirsium discolor,2019-08-01,2,1
300030284,Cirsium vulgare,2025-04-23,2,1
300069368,Cirsium brachycephalum,2025-07-22,2,1
30007878,Cirsium vulgare,2019-08-01,2,1
300091993,Cirsium vulgare,2025-07-22,2,1
300100417,Cirsium serrulatum,2025-07-22,2,1
300104558,Cirsium oleraceum,2025-07-22,2,1
300130804,Cirsium oleraceum,2025-07-22,2,1
300137689,Cirsium arvense,2025-07-20,2,1
300156213,Cirsium oleraceum,2025-07-22,2,1
300171174,Cirsium palustre,2025-07-22,2,1
300176988,Cirsium palustre,2025-07-22,2,1
300177622,Cirsium vulgare,2025-07-22,2,1
300179326,Cirsium arvense,2025-07-22,2,1
300206643,Cirsium vulgare,2025-07-22,2,1
300214849,Cirsium arvense,2025-07-22,2,1
300240855,Cirsium oleraceum,2025-07-15,2,1
300297601,Cirsium drummondii,2025-07-19,2,1
300298268,Cirsium arvense,2025-07-23,2,1
300320123,Cirsium occidentale,2025-07-19,2,1
300349385,Cirsium vulgare,2025-07-21,2,1
300374560,Cirsium arvense,2025-07-15,2,1
300391071,Cirsium arvense,2025-07-22,2,1
300392550,Cirsium scariosum,2025-07-22,2,1
300392571,Cirsium oleraceum,2022-07-24,2,1
300402776,Cirsium palustre,2025-07-23,2,1
30041219,Cirsium vulgare,2019-08-02,2,1
300415333,Cirsium vulgare,2025-07-23,2,1
300418134,Cirsium arvense,2025-07-23,2,1
300461830,Cirsium arvense,2025-07-23,2,1
30051063,Cirsium vulgare,2019-08-02,2,1
300546454,Cirsium vulgare,2025-07-23,2,1
300552291,Cirsium arvense,2025-07-23,2,1
300556252,Cirsium esculentum,2025-07-19,2,1
300575281,Cirsium edule,2025-07-23,2,1
300616497,Cirsium arvense,2025-07-06,2,1
300632971,Cirsium pendulum,2025-07-22,2,1
300641258,Cirsium arvense,2025-07-24,2,1
300644246,Cirsium arvense,2025-07-24,2,1
300648363,Cirsium oleraceum,2025-07-24,2,1
300670544,Cirsium canum,2025-07-24,2,1
300683010,Cirsium oleraceum,2025-07-23,2,1
300704269,Cirsium tioganum,2025-07-23,2,1
300710680,Cirsium vulgare,2025-07-23,2,1
300763042,Cirsium oleraceum,2025-07-16,2,1
300763409,Cirsium arvense,2025-07-24,2,1
300790936,Cirsium occidentale,2025-07-16,2,1
30080534,Cirsium altissimum,2019-08-02,2,1
300843050,Cirsium vulgare,2025-07-24,2,1
300859878,Cirsium oleraceum,2025-07-25,2,1
300860451,Cirsium canum,2025-07-24,2,1
300888934,Cirsium oleraceum,2025-07-25,2,1
300920757,Cirsium vulgare,2025-07-25,2,1
300921741,Cirsium spinosissimum,2025-07-23,2,1
30093931,Cirsium vulgare,2019-08-03,2,1
300962683,Cirsium palustre,2025-07-25,2,1
300971749,Cirsium erisithales,2025-07-22,2,1
300973796,Cirsium vulgare,2025-07-25,2,1
300981234,Cirsium vulgare,2025-07-25,2,1
301000093,Cirsium vulgare,2025-07-25,2,1
301008374,Cirsium palustre,2025-07-25,2,1
301015095,Cirsium oleraceum,2025-07-25,2,1
30103935,Cirsium vulgare,2019-08-03,2,1
301059007,Cirsium pumilum,2025-07-24,2,1
30108483,Cirsium oleraceum,2019-08-01,2,1
301133997,Cirsium vulgare,2025-07-10,2,1
301137418,Cirsium vulgare,2025-07-26,2,1
301145434,Cirsium heterophyllum,2025-06-23,2,1
301165971,Cirsium vulgare,2025-07-23,2,1
30117235,Cirsium vulgare,2019-08-01,2,1
30117546,Cirsium arvense,2019-08-03,2,1
30118081,Cirsium vulgare,2019-08-03,2,1
301204764,Cirsium esculentum,2025-07-26,2,1
301210581,Cirsium heterophyllum,2025-06-23,2,1
301225506,Cirsium arvense,2025-07-26,2,1
301248824,Cirsium andersonii,2025-07-18,2,1
301250530,Cirsium arvense,2025-07-21,2,1
301257575,Cirsium arvense,2025-07-26,2,1
30125955,Cirsium vulgare,2019-08-03,2,1
301292542,Cirsium vulgare,2025-07-26,2,1
301316550,Cirsium vulgare,2025-07-26,2,1
301336351,Cirsium arvense,2025-07-26,2,1
301356690,Cirsium scariosum,2025-07-25,2,1
301364564,Cirsium arvense,2025-07-26,2,1
301377724,Cirsium palustre,2025-07-08,2,1
301382894,Cirsium altissimum,2025-07-25,2,1
30138877,Cirsium vulgare,2019-08-03,2,1
30140397,Cirsium ochrocentrum,2019-08-03,2,1
301408362,Cirsium scopulorum,2025-07-26,2,1
301476941,Cirsium oleraceum,2025-07-27,2,1
301482829,Cirsium arvense,2025-07-27,2,1
301515977,Cirsium serratuloides,2025-07-12,2,1
301518173,Cirsium scariosum,2025-07-25,2,1
301529373,Cirsium vulgare,2025-07-25,2,1
301552088,Cirsium vulgare,2025-07-27,2,1
301555645,Cirsium arvense,2025-07-27,2,1
301564654,Cirsium arvense,2025-07-27,2,1
301573989,Cirsium arvense,2025-07-24,2,1
301577550,Cirsium palustre,2025-07-25,2,1
301595313,Cirsium palustre,2025-07-27,2,1
301597669,Cirsium vulgare,2025-07-27,2,1
30159771,Cirsium vulgare,2019-08-04,2,1
30160445,Cirsium helenioides,2019-07-05,2,1
301618281,Cirsium oleraceum,2025-07-27,2,1
301623372,Cirsium vulgare,2025-07-27,2,1
301631751,Cirsium waldsteinii,2025-07-27,2,1
301633131,Cirsium serrulatum,2025-07-27,2,1
301701835,Cirsium edule,2025-07-24,2,1
301725609,Cirsium scariosum,2025-07-27,2,1
301746412,Cirsium serrulatum,2025-07-27,2,1
301763718,Cirsium vulgare,2025-06-14,2,1
301777430,Cirsium arvense,2025-07-28,2,1
301794251,Cirsium vulgare,2025-07-28,2,1
301797535,Cirsium arvense,2025-07-23,2,1
301799285,Cirsium palustre,2025-07-22,2,1
301799491,Cirsium vulgare,2025-07-28,2,1
301799932,Cirsium vulgare,2025-07-28,2,1
301814099,Cirsium edule,2025-07-19,2,1
301819707,Cirsium oleraceum,2025-07-27,2,1
301827150,Cirsium vulgare,2025-07-27,2,1
301919817,Cirsium sieversii,2025-07-28,2,1
301930861,Cirsium muticum,2025-07-28,2,1
301932487,Cirsium vulgare,2025-07-28,2,1
301946407,Cirsium vulgare,2025-07-28,2,1
301949983,Cirsium arvense,2025-07-28,2,1
301971934,Cirsium hesperium,2025-07-28,2,1
301974355,Cirsium muticum,2025-07-22,2,1
301994088,Cirsium horridulum,2025-07-28,2,1
301996664,Cirsium oleraceum,2025-07-28,2,1
30199822,Cirsium arvense,2019-07-06,2,1
302022769,Cirsium vulgare,2025-07-19,2,1
302045402,Cirsium vulgare,2025-07-25,2,1
302047229,Cirsium vulgare,2025-07-27,2,1
302076465,Cirsium serrulatum,2025-07-29,2,1
302091640,Cirsium heterophyllum,2025-07-11,2,1
302102211,Cirsium palustre,2025-07-29,2,1
302110857,Cirsium arvense,2025-06-12,2,1
302121580,Cirsium palustre,2025-07-29,2,1
302128555,Cirsium palustre,2025-07-29,2,1
302141998,Cirsium palustre,2025-07-29,2,1
30214328,Cirsium coloradense,2019-08-04,2,1
302152103,Cirsium palustre,2025-06-12,2,1
302183795,Cirsium rhizocephalum,2025-07-28,2,1
302227300,Cirsium undulatum,2025-07-29,2,1
302250496,Cirsium arvense,2025-07-24,2,1
302258207,Cirsium vulgare,2025-07-29,2,1
302284024,Cirsium parryi,2025-07-29,2,1
302294375,Cirsium vulgare,2025-07-30,2,1
302294442,Cirsium vulgare,2025-07-30,2,1
302305090,Cirsium arvense,2019-06-19,2,1
30230693,Cirsium arvense,2019-07-30,2,1
302319443,Cirsium rivulare,2025-07-30,2,1
302319572,Cirsium palustre,2025-07-30,2,1
302327261,Cirsium arvense,2025-07-30,2,1
30232986,Cirsium palustre,2019-08-03,2,1
302339783,Cirsium vulgare,2025-07-18,2,1
302353788,Cirsium arvense,2025-07-30,2,1
302357238,Cirsium kosmelii,2025-07-30,2,1
302364847,Cirsium andersonii,2025-07-29,2,1
302368591,Cirsium vulgare,2025-07-30,2,1
302377340,Cirsium arvense,2025-07-29,2,1
302399014,Cirsium arvense,2025-07-30,2,1
302404950,Cirsium arvense,2025-07-27,2,1
302424979,Cirsium vulgare,2025-07-30,2,1
302428809,Cirsium waldsteinii,2025-07-29,2,1
302457795,Cirsium rhaphilepis,2025-07-30,2,1
302512951,Cirsium undulatum,2025-07-26,2,1
302542258,Cirsium arvense,2025-07-31,2,1
302550219,Cirsium serrulatum,2025-07-31,2,1
30256423,Cirsium arvense,2019-08-03,2,1
302566241,Cirsium palustre,2025-07-31,2,1
302568444,Cirsium arvense,2025-07-31,2,1
302577836,Cirsium vulgare,2025-07-31,2,1
302583060,Cirsium esculentum,2025-07-30,2,1
302623461,Cirsium arvense,2025-07-31,2,1
302642005,Cirsium vulgare,2025-07-31,2,1
302649909,Cirsium vulgare,2025-07-31,2,1
30265326,Cirsium erisithales,2019-08-05,2,1
302668596,Cirsium acaulon,2025-07-31,2,1
302679900,Cirsium vulgare,2025-07-30,2,1
302686069,Cirsium vulgare,2025-07-27,2,1
302701834,Cirsium alsophilum,2025-07-31,2,1
302744985,Cirsium scariosum,2025-07-31,2,1
302747539,Cirsium pumilum,2025-07-31,2,1
302761653,Cirsium arvense,2025-07-31,2,1
302791369,Cirsium arvense,2025-07-21,2,1
302826356,Cirsium canum,2025-07-31,2,1
302829423,Cirsium canum,2025-08-01,2,1
302833184,Cirsium heterophyllum,2025-08-01,2,1
302840175,Cirsium palustre,2025-08-01,2,1
302864902,Cirsium andersonii,2025-07-30,2,1
302866723,Cirsium vulgare,2025-07-31,2,1
302878627,Cirsium vulgare,2025-07-04,2,1
30288843,Cirsium arvense,2019-08-05,2,1
30289382,Cirsium arvense,2019-08-02,2,1
302895530,Cirsium vulgare,2025-08-01,2,1
302897298,Cirsium vulgare,2025-08-01,2,1
302903184,Cirsium heterophyllum,2025-08-01,2,1
30291598,Cirsium vulgare,2019-08-05,2,1
302930216,Cirsium vulgare,2025-08-01,2,1
302943290,Cirsium altissimum,2025-08-01,2,1
30298709,Cirsium canum,2019-08-06,2,1
303010437,Cirsium arvense,2025-08-01,2,1
303069576,Cirsium arvense,2025-08-02,2,1
303072569,Cirsium esculentum,2025-08-01,2,1
303123918,Cirsium arvense,2025-08-02,2,1
303127549,Cirsium heterophyllum,2025-07-31,2,1
303137554,Cirsium vulgare,2025-08-02,2,1
303182573,Cirsium vulgare,2025-08-02,2,1
303197222,Cirsium acaulon,2025-08-02,2,1
30319830,Cirsium acaulon,2019-08-03,2,1
303204059,Cirsium vulgare,2025-08-02,2,1
303208533,Cirsium arvense,2025-08-02,2,1
303213010,Cirsium vulgare,2025-08-02,2,1
303213883,Cirsium canum,2025-08-02,2,1
303224990,Cirsium vulgare,2025-08-02,2,1
303233108,Cirsium vulgare,2025-07-04,2,1
303248448,Cirsium vulgare,2025-08-01,2,1
303248601,Cirsium oleraceum,2025-08-02,2,1
30325089,Cirsium vulgare,2019-08-06,2,1
303266212,Cirsium vulgare,2025-08-02,2,1
303272117,Cirsium vulgare,2025-08-02,2,1
303285430,Cirsium mohavense,2025-08-01,2,1
303328555,Cirsium turneri,2025-07-30,2,1
303335199,Cirsium arvense,2025-08-03,2,1
30334618,Cirsium vulgare,2019-08-06,2,1
303357324,Cirsium serrulatum,2025-07-18,2,1
303364726,Cirsium heterophyllum,2025-08-03,2,1
303372258,Cirsium arvense,2025-08-03,2,1
30337845,Cirsium arvense,2019-08-06,2,1
303381433,Cirsium arvense,2025-08-03,2,1
303384036,Cirsium vulgare,2025-08-03,2,1
303391494,Cirsium heterophyllum,2025-08-03,2,1
303421080,Cirsium acaulon,2025-08-03,2,1
30342385,Cirsium muticum,2019-08-04,2,1
303425002,Cirsium serrulatum,2025-08-03,2,1
303442619,Cirsium vulgare,2025-08-03,2,1
303449554,Cirsium spinosissimum,2025-07-30,2,1
30346452,Cirsium neomexicanum,2017-04-13,2,1
303465486,Cirsium vulgare,2025-08-02,2,1
303487329,Cirsium vulgare,2025-07-24,2,1
30349062,Cirsium vulgare,2019-08-06,2,1
30350487,Cirsium vulgare,2019-08-06,2,1
30350633,Cirsium spinosissimum,2019-08-04,2,1
303510824,Cirsium arvense,2025-07-24,2,1
303522204,Cirsium arvense,2025-08-03,2,1
30352979,Cirsium oleraceum,2019-08-07,2,1
303549844,Cirsium arvense,2025-08-03,2,1
303559484,Cirsium arvense,2025-08-03,2,1
303572855,Cirsium flodmanii,2025-08-03,2,1
303574005,Cirsium discolor,2025-08-03,2,1
303575666,Cirsium arvense,2025-08-03,2,1
303645964,Cirsium vulgare,2025-08-03,2,1
303665813,Cirsium heterophyllum,2025-06-27,2,1
303670750,Cirsium arvense,2025-07-12,2,1
30369394,Cirsium arvense,2019-08-07,2,1
303710601,Cirsium arvense,2025-08-04,2,1
303714034,Cirsium arvense,2025-08-04,2,1
303749882,Cirsium arvense,2025-08-04,2,1
303774382,Cirsium vulgare,2025-08-04,2,1
303797289,Cirsium oleraceum,2025-07-20,2,1
303805331,Cirsium obvallatum,2025-07-28,2,1
303824812,Cirsium vulgare,2025-08-04,2,1
303850161,Cirsium flodmanii,2025-08-04,2,1
303892517,Cirsium flodmanii,2025-08-04,2,1
303938566,Cirsium arvense,2025-08-03,2,1
303951280,Cirsium vulgare,2025-08-05,2,1
30398178,Cirsium vulgare,2019-08-03,2,1
303986951,Cirsium esculentum,2025-08-03,2,1
303991172,Cirsium vulgare,2025-08-05,2,1
303993053,Cirsium palustre,2025-07-19,2,1
303995093,Cirsium vulgare,2025-08-05,2,1
304005850,Cirsium discolor,2025-08-05,2,1
304019649,Cirsium erisithales,2025-07-25,2,1
304026625,Cirsium kosmelii,2025-08-05,2,1
304026848,Cirsium oleraceum,2025-08-05,2,1
304049381,Cirsium vulgare,2025-08-05,2,1
304051358,Cirsium vulgare,2025-07-20,2,1
304064674,Cirsium altissimum,2025-08-03,2,1
304110243,Cirsium foliosum,2025-08-02,2,1
30412341,Cirsium arvense,2019-08-07,2,1
304130765,Cirsium arvense,2025-07-03,2,1
304149195,Cirsium obvallatum,2025-08-02,2,1
304156996,Cirsium arvense,2025-08-05,2,1
304181921,Cirsium acaulon,2025-08-06,2,1
30418584,Cirsium vulgare,2019-07-30,2,1
304186154,Cirsium brachycephalum,2025-08-06,2,1
304187470,Cirsium arvense,2025-08-06,2,1
304193804,Cirsium arvense,2025-08-06,2,1
304201600,Cirsium japonicum,2025-08-06,2,1
304202833,Cirsium arvense,2025-08-05,2,1
304211761,Cirsium heterophyllum,2025-08-06,2,1
30422274,Cirsium esculentum,2019-07-26,2,1
304251672,Cirsium arvense,2025-08-06,2,1
304253397,Cirsium arvense,2025-08-06,2,1
30426496,Cirsium arvense,2019-08-08,2,1
304265249,Cirsium arvense,2025-08-06,2,1
30426840,Cirsium candelabrum,2019-08-08,2,1
304294514,Cirsium oleraceum,2025-08-05,2,1
304304399,Cirsium arvense,2025-08-06,2,1
304314365,Cirsium palustre,2025-08-05,2,1
304323271,Cirsium alsophilum,2025-08-06,2,1
304341752,Cirsium vulgare,2025-08-06,2,1
304379030,Cirsium arizonicum,2025-08-06,2,1
30438980,Cirsium muticum,2019-08-08,2,1
304402367,Cirsium flodmanii,2025-08-06,2,1
304405786,Cirsium arvense,2025-07-22,2,1
304421261,Cirsium oleraceum,2025-08-07,2,1
304428072,Cirsium serrulatum,2025-08-07,2,1
304432950,Cirsium oleraceum,2025-08-07,2,1
304435438,Cirsium arvense,2025-08-07,2,1
304480685,Cirsium esculentum,2025-08-07,2,1
304499542,Cirsium oleraceum,2025-08-07,2,1
304521764,Cirsium arvense,2025-08-07,2,1
304523050,Cirsium vulgare,2025-08-07,2,1
304545525,Cirsium arvense,2025-08-06,2,1
304545815,Cirsium flodmanii,2025-07-08,2,1
304549556,Cirsium vulgare,2025-08-07,2,1
304568411,Cirsium palustre,2025-08-06,2,1
304605296,Cirsium vulgare,2025-08-07,2,1
304606980,Cirsium arvense,2025-07-26,2,1
304613875,Cirsium vulgare,2025-07-19,2,1
304640902,Cirsium muticum,2025-08-06,2,1
304644314,Cirsium arvense,2017-07-08,2,1
304668502,Cirsium vulgare,2025-07-31,2,1
304672149,Cirsium oleraceum,2025-08-02,2,1
30467346,Cirsium scariosum,2019-08-06,2,1
304676931,Cirsium vulgare,2025-08-06,2,1
304693850,Cirsium coloradense,2025-08-07,2,1
304718608,Cirsium palustre,2025-08-08,2,1
30472121,Cirsium palustre,2019-08-02,2,1
304726241,Cirsium oleraceum,2025-08-08,2,1
304726362,Cirsium palustre,2025-08-08,2,1
304753148,Cirsium oleraceum,2025-08-01,2,1
304756771,Cirsium esculentum,2025-08-01,2,1
304769423,Cirsium arizonicum,2025-07-31,2,1
30483088,Cirsium vulgare,2019-08-01,2,1
304854882,Cirsium arvense,2025-08-07,2,1
304859277,Cirsium muticum,2025-08-08,2,1
304877771,Cirsium arvense,2025-07-24,2,1
304882123,Cirsium serrulatum,2025-07-24,2,1
30489173,Cirsium vulgare,2019-08-09,2,1
304924801,Cirsium arvense,2025-07-29,2,1
30493366,Cirsium pulcherrimum,2019-08-04,2,1
304972771,Cirsium vulgare,2025-08-09,2,1
305031388,Cirsium vulgare,2025-08-09,2,1
30509761,Cirsium vulgare,2019-08-09,2,1
305099131,Cirsium vulgare,2025-08-08,2,1
30513433,Cirsium arvense,2019-08-09,2,1
30515546,Cirsium parryi,2019-08-09,2,1
305175936,Cirsium vulgare,2025-08-10,2,1
305180780,Cirsium arvense,2025-08-10,2,1
305186730,Cirsium arvense,2025-08-07,2,1
305193321,Cirsium palustre,2025-08-10,2,1
305199654,Cirsium arvense,2025-08-04,2,1
305206252,Cirsium arvense,2025-08-10,2,1
305267493,Cirsium discolor,2025-08-10,2,1
305271046,Cirsium arvense,2025-08-09,2,1
30531524,Cirsium arvense,2019-08-10,2,1
30531748,Cirsium vulgare,2019-08-10,2,1
305321810,Cirsium monspessulanum,2025-07-15,2,1
305325229,Cirsium vulgare,2025-08-07,2,1
305339321,Cirsium oleraceum,2025-08-08,2,1
305369813,Cirsium arvense,2025-08-10,2,1
30539845,Cirsium vulgare,2019-08-10,2,1
305405977,Cirsium occidentale,2025-07-03,2,1
305429562,Cirsium arvense,2025-08-10,2,1
305456548,Cirsium vulgare,2025-08-07,2,1
305456700,Cirsium arvense,2025-08-11,2,1
305501002,Cirsium arvense,2025-08-10,2,1
305501846,Cirsium heterophyllum,2025-08-11,2,1
30550987,Cirsium vulgare,2019-08-09,2,1
305512850,Cirsium drummondii,2025-08-08,2,1
305513463,Cirsium vulgare,2025-08-11,2,1
30552227,Cirsium vulgare,2019-07-14,2,1
305547371,Cirsium oleraceum,2025-08-10,2,1
305561826,Cirsium arvense,2025-08-11,2,1
305584469,Cirsium arvense,2025-08-11,2,1
305586608,Cirsium palustre,2025-08-09,2,1
305593326,Cirsium arvense,2025-08-11,2,1
305602582,Cirsium arvense,2025-08-09,2,1
305625527,Cirsium vulgare,2025-08-02,2,1
305697931,Cirsium esculentum,2025-08-09,2,1
305717985,Cirsium arvense,2025-08-12,2,1
305727623,Cirsium vulgare,2025-08-10,2,1
305743675,Cirsium palustre,2025-08-11,2,1
305840410,Cirsium oleraceum,2025-08-05,2,1
30585299,Cirsium discolor,2019-08-10,2,1
305872009,Cirsium parryi,2025-08-10,2,1
305908799,Cirsium parryi,2025-08-12,2,1
305916028,Cirsium turkestanicum,2025-08-07,2,1
305923325,Cirsium flodmanii,2025-08-12,2,1
30593303,Cirsium vulgare,2019-08-03,2,1
305946972,Cirsium vulgare,2025-08-13,2,1
305957905,Cirsium vulgare,2025-08-11,2,1
305959923,Cirsium phyllocephalum,2025-08-12,2,1
305989472,Cirsium oleraceum,2025-08-13,2,1
305990042,Cirsium vulgare,2025-08-13,2,1
305998703,Cirsium vulgare,2025-08-12,2,1
30601537,Cirsium vulgare,2019-07-26,2,1
306037198,Cirsium horridulum,2025-05-29,2,1
306050605,Cirsium vulgare,2025-08-13,2,1
306051737,Cirsium arvense,2025-08-13,2,1
306059224,Cirsium vulgare,2025-03-01,2,1
306080287,Cirsium arvense,2025-08-13,2,1
306096762,Cirsium vulgare,2025-08-07,2,1
306117137,Cirsium edule,2025-08-12,2,1
306129472,Cirsium vulgare,2025-08-13,2,1
30615574,Cirsium vulgare,2019-08-11,2,1
30616137,Cirsium oleraceum,2019-08-11,2,1
306165186,Cirsium obvallatum,2025-08-13,2,1
30616681,Cirsium arvense,2019-08-09,2,1
306178233,Cirsium vulgare,2025-07-28,2,1
30621699,Cirsium arvense,2019-08-06,2,1
306223604,Cirsium vulgare,2025-08-14,2,1
306235325,Cirsium muticum,2025-08-12,2,1
30624829,Cirsium ochrocentrum,2019-08-11,2,1
306264534,Cirsium arvense,2025-07-25,2,1
306290777,Cirsium arvense,2025-08-14,2,1
306310916,Cirsium oleraceum,2025-08-14,2,1
306345662,Cirsium arvense,2025-08-14,2,1
306360056,Cirsium palustre,2025-08-14,2,1
30636007,Cirsium vulgare,2019-08-11,2,1
30636124,Cirsium discolor,2019-08-11,2,1
306385293,Cirsium flodmanii,2025-08-13,2,1
306389900,Cirsium vulgare,2025-08-14,2,1
306413152,Cirsium flodmanii,2025-08-13,2,1
306451604,Cirsium heterophyllum,2025-08-07,2,1
306465570,Cirsium creticum,2025-08-15,2,1
306471604,Cirsium vulgare,2025-08-15,2,1
306495125,Cirsium vulgare,2025-08-14,2,1
306497460,Cirsium altissimum,2025-08-15,2,1
306503712,Cirsium arvense,2025-08-15,2,1
306512098,Cirsium vulgare,2025-07-22,2,1
306526356,Cirsium glabrum,2025-08-15,2,1
306528695,Cirsium vulgare,2025-08-10,2,1
306535227,Cirsium vulgare,2025-08-01,2,1
306585269,Cirsium vulgare,2025-08-15,2,1
30658835,Cirsium arvense,2019-08-11,2,1
306628379,Cirsium vulgare,2025-08-14,2,1
306640196,Cirsium arvense,2025-08-12,2,1
306683856,Cirsium arvense,2025-08-16,2,1
30669202,Cirsium vulgare,2019-07-31,2,1
306695591,Cirsium vulgare,2025-08-11,2,1
306710410,Cirsium arvense,2025-08-16,2,1
30671329,Cirsium oleraceum,2019-08-07,2,1
306736830,Cirsium arvense,2025-06-28,2,1
30676411,Cirsium acaulon,2019-08-08,2,1
306775496,Cirsium pyrenaicum,2025-08-14,2,1
306787591,Cirsium oleraceum,2023-09-24,2,1
306821688,Cirsium arvense,2025-08-16,2,1
306843797,Cirsium altissimum,2025-08-16,2,1
306848525,Cirsium vulgare,2025-08-15,2,1
306855545,Cirsium arvense,2025-08-16,2,1
306860866,Cirsium discolor,2025-08-16,2,1
30686483,Cirsium canum,2019-08-12,2,1
306869358,Cirsium arvense,2025-08-10,2,1
306882860,Cirsium altissimum,2025-08-15,2,1
306893906,Cirsium discolor,2025-08-15,2,1
30692373,Cirsium vulgare,2019-08-11,2,1
306945429,Cirsium canum,2025-08-17,2,1
306947765,Cirsium esculentum,2025-08-01,2,1
306950673,Cirsium canum,2025-08-17,2,1
306951316,Cirsium vulgare,2025-08-16,2,1
306952013,Cirsium serratuloides,2025-08-01,2,1
306957276,Cirsium spinosissimum,2025-08-17,2,1
306962080,Cirsium vulgare,2025-08-17,2,1
306962976,Cirsium dissectum,2025-05-31,2,1
306966503,Cirsium arvense,2025-08-17,2,1
306985597,Cirsium oleraceum,2025-08-16,2,1
307057045,Cirsium kamtschaticum,2025-08-09,2,1
307062928,Cirsium serrulatum,2025-08-17,2,1
307075088,Cirsium muticum,2025-08-14,2,1
307104524,Cirsium vulgare,2025-08-10,2,1
307105072,Cirsium vulgare,2025-08-17,2,1
307105094,Cirsium pugnax,2025-07-28,2,1
307142564,Cirsium palustre,2025-08-17,2,1
307198680,Cirsium flodmanii,2025-08-17,2,1
30722134,Cirsium arvense,2019-08-12,2,1
307221916,Cirsium arvense,2025-08-16,2,1
307231172,Cirsium arvense,2025-08-10,2,1
307233273,Cirsium canum,2025-08-16,2,1
307283370,Cirsium vulgare,2025-08-08,2,1
307291894,Cirsium erisithales,2025-07-15,2,1
307297539,Cirsium funkiae,2025-07-24,2,1
307299914,Cirsium oleraceum,2025-08-18,2,1
307305125,Cirsium arvense,2025-08-18,2,1
307323146,Cirsium canum,2025-08-18,2,1
30732698,Cirsium arvense,2019-08-12,2,1
307330514,Cirsium vulgare,2025-08-16,2,1
307333443,Cirsium vulgare,2025-08-18,2,1
30734922,Cirsium arvense,2019-08-10,2,1
307375558,Cirsium vulgare,2025-08-18,2,1
30740454,Cirsium oleraceum,2019-08-13,2,1
307421413,Cirsium muticum,2025-08-17,2,1
307460373,Cirsium vulgare,2025-08-19,2,1
30746614,Cirsium vulgare,2019-08-11,2,1
30747136,Cirsium vulgare,2019-08-10,2,1
307473071,Cirsium palustre,2025-08-19,2,1
307490530,Cirsium heterophyllum,2025-08-19,2,1
307490681,Cirsium sorocephalum,2025-08-19,2,1
307508888,Cirsium arvense,2025-08-19,2,1
307536572,Cirsium vulgare,2025-08-19,2,1
307540023,Cirsium canum,2025-08-18,2,1
307542851,Cirsium arvense,2025-08-19,2,1
307570897,Cirsium vulgare,2025-08-19,2,1
307576206,Cirsium vulgare,2025-08-06,2,1
307582682,Cirsium vulgare,2025-08-19,2,1
307591121,Cirsium arvense,2025-08-17,2,1
307626234,Cirsium vulgare,2025-08-19,2,1
307638908,Cirsium vulgare,2025-08-20,2,1
30770452,Cirsium muticum,2019-08-13,2,1
307710180,Cirsium vulgare,2025-08-20,2,1
307737842,Cirsium erisithales,2025-08-17,2,1
307740540,Cirsium arvense,2025-08-20,2,1
307758962,Cirsium vulgare,2025-08-14,2,1
307761340,Cirsium acaulon,2025-07-24,2,1
307772385,Cirsium vulgare,2025-08-19,2,1
307783033,Cirsium oleraceum,2025-08-20,2,1
307784709,Cirsium vulgare,2025-08-20,2,1
307786872,Cirsium arvense,2025-08-20,2,1
307798046,Cirsium arvense,2025-08-20,2,1
307815526,Cirsium vulgare,2025-08-07,2,1
307823166,Cirsium arvense,2025-08-20,2,1
307856619,Cirsium flodmanii,2025-08-20,2,1
307879996,Cirsium muticum,2025-08-20,2,1
307926538,Cirsium vulgare,2025-08-18,2,1
307967367,Cirsium arvense,2025-08-21,2,1
307975674,Cirsium discolor,2025-08-21,2,1
307981619,Cirsium arvense,2025-08-21,2,1
307995314,Cirsium helenioides,2025-08-18,2,1
308017831,Cirsium arvense,2025-08-04,2,1
30802919,Cirsium arvense,2019-08-14,2,1
308044404,Cirsium arvense,2025-08-20,2,1
30811759,Cirsium muticum,2019-08-14,2,1
308127159,Cirsium arvense,2025-08-22,2,1
30814713,Cirsium discolor,2019-08-14,2,1
308186148,Cirsium spinosissimum,2025-08-19,2,1
308204869,Cirsium chlorocomos,2025-08-09,2,1
308209163,Cirsium helenioides,2025-07-27,2,1
308220016,Cirsium alsophilum,2025-08-22,2,1
30825757,Cirsium acaulon,2019-08-14,2,1
308271374,Cirsium discolor,2025-08-20,2,1
308286435,Cirsium heterophyllum,2025-08-20,2,1
308389290,Cirsium oleraceum,2025-08-23,2,1
308390662,Cirsium vulgare,2025-08-23,2,1
308393835,Cirsium arvense,2025-08-22,2,1
30848908,Cirsium vulgare,2019-08-14,2,1
30854850,Cirsium vulgare,2019-08-10,2,1
30861932,Cirsium arvense,2019-08-14,2,1
308646002,Cirsium vulgare,2025-08-24,2,1
308651887,Cirsium andersonii,2025-08-06,2,1
308670841,Cirsium spinosissimum,2025-07-29,2,1
308692076,Cirsium arvense,2025-08-24,2,1
308703727,Cirsium palustre,2025-08-24,2,1
308754000,Cirsium vulgare,2025-08-24,2,1
30875835,Cirsium vulgare,2019-08-15,2,1
308768663,Cirsium vulgare,2016-08-30,2,1
308788402,Cirsium oleraceum,2025-08-24,2,1
308803064,Cirsium arvense,2025-08-14,2,1
308811641,Cirsium muticum,2025-08-20,2,1
308826675,Cirsium oleraceum,2025-08-24,2,1
308828783,Cirsium arvense,2025-07-06,2,1
308831694,Cirsium vulgare,2025-08-24,2,1
308881158,Cirsium vulgare,2025-08-24,2,1
308899294,Cirsium discolor,2025-08-24,2,1
30892537,Cirsium vulgare,2019-08-15,2,1
308946390,Cirsium vulgare,2025-08-24,2,1
308961667,Cirsium heterophyllum,2020-07-25,2,1
308974788,Cirsium vulgare,2025-08-24,2,1
309005206,Cirsium arvense,2025-08-09,2,1
30901512,Cirsium vulgare,2019-08-15,2,1
309050366,Cirsium arvense,2025-08-25,2,1
309068109,Cirsium discolor,2025-08-20,2,1
309072165,Cirsium arvense,2025-08-24,2,1
309129970,Cirsium nuttallii,2021-06-18,2,1
30913236,Cirsium arvense,2019-08-15,2,1
309185492,Cirsium arvense,2025-08-23,2,1
309209394,Cirsium oleraceum,2025-08-26,2,1
30922002,Cirsium oleraceum,2019-08-16,2,1
309252988,Cirsium candelabrum,2025-07-20,2,1
309281846,Cirsium helenioides,2025-08-07,2,1
309283748,Cirsium acaulon,2025-08-26,2,1
309284150,Cirsium vulgare,2025-08-26,2,1
309300051,Cirsium arvense,2025-07-19,2,1
309318382,Cirsium arvense,2025-06-25,2,1
309326970,Cirsium oleraceum,2025-08-26,2,1
309331037,Cirsium arvense,2025-08-26,2,1
309332486,Cirsium palustre,2025-08-23,2,1
309334780,Cirsium vulgare,2025-08-26,2,1
30938610,Cirsium palustre,2019-08-16,2,1
309428088,Cirsium pendulum,2025-08-27,2,1
309438072,Cirsium arvense,2025-08-27,2,1
309460942,Cirsium arvense,2025-08-27,2,1
309474821,Cirsium altissimum,2025-08-24,2,1
309497168,Cirsium vulgare,2025-08-24,2,1
309497318,Cirsium vulgare,2025-08-27,2,1
309531827,Cirsium oleraceum,2025-08-27,2,1
309547294,Cirsium vulgare,2025-08-27,2,1
309571642,Cirsium oleraceum,2025-08-26,2,1
309703120,Cirsium oleraceum,2024-07-24,2,1
309757743,Cirsium oleraceum,2025-08-23,2,1
309774833,Cirsium esculentum,2025-08-09,2,1
309776175,Cirsium oleraceum,2025-08-24,2,1
309783929,Cirsium arvense,2025-08-28,2,1
309789537,Cirsium oleraceum,2025-08-28,2,1
309798712,Cirsium arvense,2025-08-20,2,1
30980310,Cirsium palustre,2019-08-17,2,1
30982102,Cirsium discolor,2019-08-14,2,1
309900879,Cirsium serratuloides,2025-08-20,2,1
309960142,Cirsium erisithales,2025-08-22,2,1
30996133,Cirsium vulgare,2019-08-15,2,1
309983528,Cirsium palustre,2025-08-29,2,1
310026517,Cirsium heterophyllum,2025-08-29,2,1
310028997,Cirsium arvense,2025-07-28,2,1
310052171,Cirsium arvense,2025-08-29,2,1
310056153,Cirsium arvense,2025-08-29,2,1
310063535,Cirsium vulgare,2016-10-25,2,1
310152983,Cirsium vulgare,2025-08-28,2,1
310155812,Cirsium oleraceum,2025-08-28,2,1
310159588,Cirsium confertissimum,2025-08-30,2,1
310167942,Cirsium arvense,2025-08-30,2,1
31020148,Cirsium scariosum,2019-07-26,2,1
310210068,Cirsium vulgare,2025-08-23,2,1
31028185,Cirsium muticum,2019-08-11,2,1
310300472,Cirsium vulgare,2025-06-27,2,1
310328065,Cirsium arvense,2025-06-27,2,1
310335619,Cirsium serrulatum,2025-08-26,2,1
310339615,Cirsium altissimum,2025-08-30,2,1
310346422,Cirsium pumilum,2025-07-12,2,1
310358705,Cirsium acaulon,2025-08-23,2,1
31039128,Cirsium canum,2019-08-18,2,1
310419500,Cirsium japonicum,2025-04-29,2,1
310487828,Cirsium vulgare,2025-08-31,2,1
310509638,Cirsium muticum,2025-08-31,2,1
310543092,Cirsium discolor,2025-08-31,2,1
31059589,Cirsium macrocephalum,2019-08-15,2,1
310604029,Cirsium vulgare,2025-08-26,2,1
310611793,Cirsium vulgare,2025-08-22,2,1
310614245,Cirsium arvense,2025-08-31,2,1
310621826,Cirsium arvense,2025-08-31,2,1
310637284,Cirsium heterophyllum,2025-07-18,2,1
310643598,Cirsium arvense,2025-08-31,2,1
310646419,Cirsium arvense,2025-08-31,2,1
310655997,Cirsium drummondii,2025-08-30,2,1
310663411,Cirsium arvense,2025-08-31,2,1
310667150,Cirsium arvense,2025-08-31,2,1
310671588,Cirsium wheeleri,2025-08-31,2,1
310699103,Cirsium vulgare,2025-08-31,2,1
31071742,Cirsium mexicanum,2004-03-05,2,1
310729144,Cirsium arvense,2025-08-31,2,1
310777360,Cirsium carolinianum,2025-09-01,2,1
31079136,Cirsium muticum,2019-08-18,2,1
31081154,Cirsium altissimum,2019-08-18,2,1
310818201,Cirsium oleraceum,2025-09-01,2,1
31083245,Cirsium arvense,2019-08-18,2,1
310867604,Cirsium heterophyllum,2025-09-01,2,1
31095895,Cirsium vulgare,2019-08-18,2,1
310967231,Cirsium phyllocephalum,2025-08-25,2,1
311035227,Cirsium vulgare,2025-08-18,2,1
311063466,Cirsium lecontei,2025-08-29,2,1
311089776,Cirsium oleraceum,2025-09-02,2,1
311095013,Cirsium arvense,2025-09-02,2,1
311098266,Cirsium arvense,2025-08-21,2,1
311105461,Cirsium arvense,2025-09-02,2,1
31111846,Cirsium vulgare,2019-08-19,2,1
311140402,Cirsium vulgare,2025-08-23,2,1
311177775,Cirsium muticum,2025-08-31,2,1
311187639,Cirsium arvense,2025-08-29,2,1
311204162,Cirsium vulgare,2025-08-22,2,1
311209001,Cirsium vulgare,2025-09-03,2,1
311209026,Cirsium arvense,2025-09-03,2,1
31121042,Cirsium vulgare,2019-08-19,2,1
31121707,Cirsium palustre,2019-08-19,2,1
31123805,Cirsium palustre,2019-08-17,2,1
311246513,Cirsium discolor,2025-08-30,2,1
31125423,Cirsium palustre,2019-08-19,2,1
311265410,Cirsium discolor,2025-08-16,2,1
311269332,Cirsium vulgare,2025-08-30,2,1
311294938,Cirsium arvense,2025-09-02,2,1
311313035,Cirsium arvense,2025-09-03,2,1
31131371,Cirsium edule,2019-07-19,2,1
311320081,Cirsium arvense,2025-07-19,2,1
311341675,Cirsium vulgare,2025-09-03,2,1
311379085,Cirsium virginianum,2025-09-01,2,1
31139547,Cirsium vulgare,2019-08-18,2,1
31143389,Cirsium parryi,2019-08-19,2,1
311466189,Cirsium candelabrum,2019-08-16,2,1
311510537,Cirsium vulgare,2025-09-04,2,1
311518167,Cirsium arvense,2025-09-03,2,1
311539864,Cirsium heterophyllum,2025-09-04,2,1
311547046,Cirsium arvense,2025-09-04,2,1
311547334,Cirsium acaulon,2025-08-27,2,1
311563030,Cirsium vulgare,2025-08-25,2,1
311595664,Cirsium altissimum,2025-07-19,2,1
311617892,Cirsium discolor,2025-09-04,2,1
311629083,Cirsium arvense,2025-07-26,2,1
311684567,Cirsium acaulon,2025-09-04,2,1
311689296,Cirsium arvense,2025-05-30,2,1
311690629,Cirsium arvense,2025-09-05,2,1
311745193,Cirsium arvense,2025-09-05,2,1
311746828,Cirsium discolor,2025-09-05,2,1
311757519,Cirsium vulgare,2025-09-05,2,1
311760297,Cirsium arvense,2025-09-05,2,1
311764828,Cirsium griseum,2025-09-05,2,1
31184211,Cirsium vulgare,2019-08-06,2,1
311855212,Cirsium helenioides,2025-08-14,2,1
31185880,Cirsium vulgare,2019-08-20,2,1
311896180,Cirsium heterophyllum,2025-09-05,2,1
311899931,Cirsium rhinoceros,2025-09-06,2,1
311912577,Cirsium vulgare,2025-09-06,2,1
311913331,Cirsium japonicum,2025-09-06,2,1
311936444,Cirsium discolor,2025-09-06,2,1
312011056,Cirsium vulgare,2025-09-05,2,1
312012274,Cirsium altissimum,2025-09-06,2,1
312055899,Cirsium discolor,2025-09-06,2,1
312074802,Cirsium vulgare,2025-09-06,2,1
312124519,Cirsium arvense,2025-09-06,2,1
312147175,Cirsium parryi,2025-08-16,2,1
312151741,Cirsium oleraceum,2025-08-06,2,1
312164966,Cirsium vulgare,2025-09-07,2,1
312177511,Cirsium heterophyllum,2025-09-07,2,1
312192499,Cirsium serrulatum,2025-09-06,2,1
312197079,Cirsium discolor,2025-09-07,2,1
31227253,Cirsium vulgare,2019-08-21,2,1
312286555,Cirsium oleraceum,2025-09-07,2,1
312305020,Cirsium arvense,2025-09-06,2,1
312322457,Cirsium vulgare,2025-09-06,2,1
312327056,Cirsium discolor,2025-09-01,2,1
31233879,Cirsium altissimum,2019-08-21,2,1
312369158,Cirsium vulgare,2025-09-07,2,1
31245969,Cirsium vulgare,2019-08-19,2,1
312562744,Cirsium discolor,2025-09-05,2,1
312608650,Cirsium arvense,2025-09-08,2,1
312648425,Cirsium arvense,2025-08-23,2,1
312649440,Cirsium vlassovianum,2025-08-25,2,1
312658049,Cirsium vulgare,2025-09-09,2,1
312660300,Cirsium vulgare,2025-09-09,2,1
312660627,Cirsium arvense,2025-09-09,2,1
312685147,Cirsium arvense,2025-08-14,2,1
312717408,Cirsium vulgare,2025-08-29,2,1
312725292,Cirsium vulgare,2025-09-08,2,1
312729218,Cirsium vulgare,2025-09-09,2,1
312766235,Cirsium arvense,2025-09-02,2,1
312771729,Cirsium arvense,2025-09-09,2,1
312790125,Cirsium arvense,2025-09-09,2,1
312801065,Cirsium vulgare,2025-09-09,2,1
312840994,Cirsium vulgare,2025-09-09,2,1
312846729,Cirsium arvense,2025-08-06,2,1
312847480,Cirsium vulgare,2025-09-09,2,1
312848582,Cirsium heterophyllum,2025-08-27,2,1
312881686,Cirsium vulgare,2025-08-21,2,1
312898663,Cirsium undulatum,2025-09-07,2,1
312908935,Cirsium vulgare,2025-08-30,2,1
312954042,Cirsium arvense,2025-09-07,2,1
31301134,Cirsium arvense,2019-08-22,2,1
313024882,Cirsium vulgare,2025-09-10,2,1
313042632,Cirsium flodmanii,2025-09-10,2,1
313052961,Cirsium acaulon,2025-09-07,2,1
313099049,Cirsium discolor,2025-09-09,2,1
313133405,Cirsium vulgare,2025-09-06,2,1
313179371,Cirsium oleraceum,2025-08-27,2,1
313187249,Cirsium vulgare,2025-08-19,2,1
313197576,Cirsium arvense,2025-09-09,2,1
31320598,Cirsium vulgare,2019-08-12,2,1
313273094,Cirsium vulgare,2025-09-11,2,1
313340561,Cirsium vulgare,2025-08-28,2,1
313345499,Cirsium vulgare,2025-09-11,2,1
31335614,Cirsium acaulon,2019-08-23,2,1
313385994,Cirsium vulgare,2025-09-12,2,1
313524159,Cirsium arvense,2025-09-13,2,1
313566329,Cirsium vulgare,2024-07-13,2,1
313600619,Cirsium vulgare,2025-09-13,2,1
31360695,Cirsium arvense,2019-08-20,2,1
313638875,Cirsium arvense,2025-09-13,2,1
31364291,Cirsium vulgare,2019-08-23,2,1
31374711,Cirsium discolor,2018-09-02,2,1
313768053,Cirsium arvense,2025-09-13,2,1
313807261,Cirsium arvense,2025-09-14,2,1
313810274,Cirsium heterophyllum,2025-09-14,2,1
313811629,Cirsium vulgare,2025-09-14,2,1
313820738,Cirsium vulgare,2025-09-12,2,1
31385569,Cirsium arvense,2019-08-17,2,1
313890328,Cirsium laniflorum,2025-09-14,2,1
31392371,Cirsium vulgare,2019-08-24,2,1
31397716,Cirsium heterophyllum,2019-08-24,2,1
313984984,Cirsium vulgare,2025-09-14,2,1
314000021,Cirsium arvense,2025-09-10,2,1
314051064,Cirsium japonicum,2025-09-15,2,1
31416429,Cirsium palustre,2019-08-19,2,1
31417544,Cirsium coloradense,2019-08-06,2,1
314190333,Cirsium vulgare,2025-09-12,2,1
314198926,Cirsium spinosissimum,2025-07-12,2,1
314229660,Cirsium vulgare,2025-09-15,2,1
314274999,Cirsium arvense,2025-09-03,2,1
314307024,Cirsium palustre,2025-09-15,2,1
31438597,Cirsium arvense,2019-08-24,2,1
314446447,Cirsium arvense,2025-09-16,2,1
314469194,Cirsium virginianum,2025-09-16,2,1
314501663,Cirsium griseum,2025-09-14,2,1
314555410,Cirsium acaulon,2025-09-17,2,1
314594707,Cirsium acaulon,2025-09-17,2,1
314614774,Cirsium arvense,2025-08-21,2,1
314628731,Cirsium pugnax,2025-08-15,2,1
314688485,Cirsium muticum,2025-09-17,2,1
314707172,Cirsium arvense,2025-08-02,2,1
314784190,Cirsium canum,2025-07-26,2,1
314800173,Cirsium helenioides,2025-07-27,2,1
314812193,Cirsium arvense,2025-09-17,2,1
314873793,Cirsium canescens,2025-09-04,2,1
314908953,Cirsium vulgare,2025-09-16,2,1
314910447,Cirsium vulgare,2025-09-18,2,1
31498227,Cirsium vulgare,2019-08-24,2,1
314993788,Cirsium vulgare,2025-09-19,2,1
315095975,Cirsium discolor,2025-09-19,2,1
315158291,Cirsium palustre,2025-09-19,2,1
315165942,Cirsium arvense,2025-09-19,2,1
31520114,Cirsium vulgare,2019-08-25,2,1
315279373,Cirsium arvense,2025-08-23,2,1
315314738,Cirsium muticum,2025-09-20,2,1
315334315,Cirsium horridulum,2025-09-20,2,1
315361981,Cirsium vulgare,2025-08-06,2,1
315364964,Cirsium heterophyllum,2025-09-20,2,1
31537346,Cirsium oleraceum,2019-08-26,2,1
315435555,Cirsium muticum,2025-09-05,2,1
315468425,Cirsium monspessulanum,2025-09-20,2,1
315477980,Cirsium esculentum,2016-08-01,2,1
315512615,Cirsium phyllocephalum,2025-09-20,2,1
315518523,Cirsium neomexicanum,2024-05-14,2,1
315524574,Cirsium arvense,2025-09-20,2,1
315538938,Cirsium arvense,2025-09-07,2,1
315599721,Cirsium arvense,2025-09-21,2,1
315663864,Cirsium rhizocephalum,2025-09-21,2,1
315689774,Cirsium vulgare,2025-09-21,2,1
315701226,Cirsium vulgare,2025-09-01,2,1
315721184,Cirsium arvense,2025-09-21,2,1
315752843,Cirsium oleraceum,2025-09-21,2,1
315769395,Cirsium vulgare,2025-09-22,2,1
315823734,Cirsium palustre,2025-07-21,2,1
315871077,Cirsium oleraceum,2025-09-21,2,1
31590517,Cirsium vulgare,2019-07-31,2,1
315918024,Cirsium discolor,2025-09-22,2,1
315952897,Cirsium altissimum,2025-09-22,2,1
315973240,Cirsium arvense,2025-09-22,2,1
316063787,Cirsium arvense,2025-09-23,2,1
316087981,Cirsium arvense,2025-09-23,2,1
316099752,Cirsium vulgare,2025-09-23,2,1
31611217,Cirsium arvense,2019-08-27,2,1
316217352,Cirsium arvense,2025-08-31,2,1
316259135,Cirsium phyllocephalum,2025-09-24,2,1
316306901,Cirsium vulgare,2025-09-19,2,1
31631040,Cirsium altissimum,2019-08-22,2,1
316362941,Cirsium discolor,2025-09-24,2,1
31642015,Cirsium discolor,2019-08-24,2,1
316533243,Cirsium vulgare,2025-09-25,2,1
31660648,Cirsium arvense,2019-08-09,2,1
316619701,Cirsium vulgare,2025-09-16,2,1
316737817,Cirsium vulgare,2025-08-11,2,1
316795376,Cirsium vulgare,2025-09-26,2,1
31680612,Cirsium muticum,2019-08-26,2,1
31693648,Cirsium discolor,2019-08-28,2,1
316940492,Cirsium vulgare,2025-09-27,2,1
316956217,Cirsium vulgare,2025-09-27,2,1
316975990,Cirsium arvense,2025-08-10,2,1
317068534,Cirsium palustre,2025-09-27,2,1
317108956,Cirsium arvense,2025-08-28,2,1
31716127,Cirsium palustre,2019-06-22,2,1
317166903,Cirsium scariosum,2025-08-12,2,1
31720667,Cirsium arvense,2019-08-04,2,1
317221758,Cirsium altissimum,2025-09-27,2,1
31745783,Cirsium arvense,2019-08-24,2,1
317490272,Cirsium arvense,2025-07-25,2,1
317499523,Cirsium arvense,2025-09-16,2,1
317505237,Cirsium arvense,2025-09-29,2,1
31756111,Cirsium arvense,2019-08-29,2,1
317581184,Cirsium vulgare,2025-09-25,2,1
317583141,Cirsium arvense,2025-09-29,2,1
317594240,Cirsium oleraceum,2025-09-29,2,1
317656671,Cirsium oleraceum,2025-08-06,2,1
317721727,Cirsium souliei,2025-09-16,2,1
317731934,Cirsium souliei,2025-09-17,2,1
317777516,Cirsium arvense,2025-08-24,2,1
317803862,Cirsium vulgare,2025-09-30,2,1
317834370,Cirsium heterophyllum,2025-06-29,2,1
317862189,Cirsium arvense,2025-09-30,2,1
317867385,Cirsium arvense,2025-09-30,2,1
317914644,Cirsium scariosum,2025-08-09,2,1
317928991,Cirsium arvense,2025-10-01,2,1
317939222,Cirsium monspessulanum,2025-10-01,2,1
317973758,Cirsium discolor,2025-09-30,2,1
317987341,Cirsium arvense,2025-10-01,2,1
31808456,Cirsium vulgare,2019-08-30,2,1
318112356,Cirsium discolor,2025-10-01,2,1
31814741,Cirsium palustre,2019-07-16,2,1
318173895,Cirsium arvense,2025-10-02,2,1
318211799,Cirsium vulgare,2025-10-02,2,1
318225825,Cirsium muticum,2025-10-02,2,1
318260305,Cirsium arvense,2025-10-02,2,1
318357612,Cirsium acaulon,2025-08-01,2,1
318386132,Cirsium heterophyllum,2025-10-03,2,1
318424962,Cirsium arvense,2025-10-03,2,1
31848073,Cirsium vulgare,2019-08-31,2,1
318483698,Cirsium vulgare,2025-10-03,2,1
318520787,Cirsium arvense,2025-08-06,2,1
318563786,Cirsium erisithales,2025-09-30,2,1
318569736,Cirsium arvense,2025-10-03,2,1
318618392,Cirsium nuttallii,2024-07-03,2,1
318804658,Cirsium arvense,2025-09-27,2,1
31887806,Cirsium discolor,2019-08-31,2,1
31893368,Cirsium vulgare,2019-08-31,2,1
318992186,Cirsium discolor,2025-10-03,2,1
319012821,Cirsium vulgare,2025-10-01,2,1
31904273,Cirsium obvallatum,2019-08-18,2,1
319093577,Cirsium vulgare,2025-07-25,2,1
319127865,Cirsium vulgare,2021-07-14,2,1
319141437,Cirsium heterophyllum,2025-07-17,2,1
319167897,Cirsium vulgare,2025-10-06,2,1
319176210,Cirsium arvense,2025-10-02,2,1
319176958,Cirsium vulgare,2025-10-06,2,1
319190908,Cirsium heterophyllum,2025-10-05,2,1
319282479,Cirsium vulgare,2025-10-06,2,1
319388635,Cirsium vulgare,2025-10-05,2,1
319478864,Cirsium altissimum,2025-10-07,2,1
319482723,Cirsium muticum,2025-10-04,2,1
319533224,Cirsium vulgare,2025-10-08,2,1
319538526,Cirsium vulgare,2022-11-07,2,1
319548002,Cirsium arvense,2025-10-08,2,1
319567941,Cirsium vulgare,2025-10-08,2,1
31961530,Cirsium altissimum,2019-09-01,2,1
319626275,Cirsium discolor,2025-09-06,2,1
319809243,Cirsium echinus,2025-10-08,2,1
319852331,Cirsium arvense,2025-10-09,2,1
31992118,Cirsium vulgare,2019-09-02,2,1
31995933,Cirsium ligulare,2019-08-29,2,1
320013239,Cirsium vulgare,2025-10-05,2,1
320084081,Cirsium vulgare,2025-10-08,2,1
32008693,Cirsium altissimum,2019-09-01,2,1
320092620,Cirsium vulgare,2025-10-10,2,1
320146761,Cirsium vulgare,2025-10-04,2,1
320147035,Cirsium palustre,2025-10-09,2,1
32017365,Cirsium acaulon,2019-08-31,2,1
320197194,Cirsium vulgare,2025-10-11,2,1
320240562,Cirsium arvense,2025-10-11,2,1
320267666,Cirsium discolor,2025-10-11,2,1
320409433,Cirsium arvense,2025-06-20,2,1
320548885,Cirsium arvense,2025-10-12,2,1
320614571,Cirsium vulgare,2025-09-19,2,1
320645651,Cirsium czerkessicum,2019-08-31,2,1
320688964,Cirsium discolor,2025-10-09,2,1
320760012,Cirsium vulgare,2025-10-13,2,1
320792589,Cirsium arvense,2024-07-09,2,1
320817389,Cirsium arvense,2025-10-14,2,1
320829454,Cirsium vulgare,2024-08-10,2,1
321004869,Cirsium arvense,2025-10-15,2,1
321016691,Cirsium oleraceum,2025-10-15,2,1
32105764,Cirsium acaulon,2019-07-08,2,1
321070257,Cirsium vulgare,2025-10-15,2,1
32107844,Cirsium discolor,2019-09-04,2,1
32108762,Cirsium altissimum,2019-09-02,2,1
321155185,Cirsium arvense,2025-10-15,2,1
32117916,Cirsium chlorocomos,2019-08-12,2,1
321204122,Cirsium palustre,2025-10-16,2,1
32120879,Cirsium arvense,2019-08-02,2,1
321274380,Cirsium vulgare,2025-10-03,2,1
321331755,Cirsium vulgare,2025-10-16,2,1
321410587,Cirsium muticum,2025-10-13,2,1
321520899,Cirsium discolor,2025-10-10,2,1
32154487,Cirsium arvense,2019-09-05,2,1
32154636,Cirsium vulgare,2019-09-05,2,1
321587674,Cirsium arvense,2025-10-18,2,1
32161259,Cirsium discolor,2019-09-05,2,1
321618591,Cirsium arvense,2025-10-18,2,1
321662006,Cirsium vulgare,2025-08-06,2,1
32171923,Cirsium palustre,2019-09-05,2,1
32175283,Cirsium discolor,2019-09-05,2,1
321815880,Cirsium canum,2025-10-19,2,1
321836969,Cirsium euxinum,2025-10-19,2,1
321947397,Cirsium scariosum,2025-07-23,2,1
322107330,Cirsium neomexicanum,2025-09-15,2,1
322109477,Cirsium vulgare,2025-10-18,2,1
322185613,Cirsium acaulon,2025-10-18,2,1
32222269,Cirsium vulgare,2019-09-06,2,1
322299873,Cirsium vulgare,2025-10-22,2,1
32230915,Cirsium vulgare,2019-08-29,2,1
322347700,Cirsium palustre,2025-09-23,2,1
322357066,Cirsium vulgare,2025-10-19,2,1
322386071,Cirsium acaulon,2025-10-21,2,1
322450399,Cirsium oleraceum,2025-10-22,2,1
32251240,Cirsium discolor,2019-09-06,2,1
322590449,Cirsium palustre,2025-06-24,2,1
322602835,Cirsium vulgare,2025-08-06,2,1
322657655,Cirsium kamtschaticum,2025-07-16,2,1
322775014,Cirsium vulgare,2025-10-08,2,1
322838377,Cirsium arvense,2025-10-24,2,1
32285725,Cirsium vulgare,2019-08-27,2,1
322874777,Cirsium vulgare,2025-10-24,2,1
32289432,Cirsium muticum,2019-09-07,2,1
322994944,Cirsium altissimum,2025-10-25,2,1
32304284,Cirsium discolor,2019-09-07,2,1
32314865,Cirsium discolor,2019-09-07,2,1
32330714,Cirsium vulgare,2018-12-17,2,1
323419619,Cirsium vulgare,2025-10-24,2,1
323515915,Cirsium palustre,2010-06-14,2,1
323609629,Cirsium heterophyllum,2025-06-18,2,1
323630829,Cirsium oleraceum,2021-07-18,2,1
323703306,Cirsium arvense,2025-10-26,2,1
323842003,Cirsium arvense,2025-10-29,2,1
323847324,Cirsium arvense,2025-10-28,2,1
323859639,Cirsium vulgare,2025-10-27,2,1
323874734,Cirsium pendulum,2015-08-04,2,1
323928488,Cirsium discolor,2025-10-04,2,1
32400012,Cirsium aomorense,2019-09-09,2,1
32405485,Cirsium discolor,2019-09-09,2,1
324111517,Cirsium oleraceum,2025-10-31,2,1
324113469,Cirsium vulgare,2025-10-19,2,1
32426853,Cirsium arvense,2019-09-09,2,1
324276633,Cirsium canum,2012-06-03,2,1
324285037,Cirsium serrulatum,2025-07-10,2,1
324303426,Cirsium oleraceum,2025-11-01,2,1
324326181,Cirsium vulgare,2025-11-01,2,1
32437734,Cirsium arvense,2019-08-14,2,1
324409055,Cirsium arvense,2025-10-22,2,1
324473976,Cirsium vulgare,2025-10-19,2,1
324487667,Cirsium vulgare,2025-11-02,2,1
324530670,Cirsium arvense,2025-10-13,2,1
324568356,Cirsium vulgare,2025-11-02,2,1
324643070,Cirsium vulgare,2025-11-02,2,1
324706920,Cirsium vulgare,2025-11-01,2,1
324928080,Cirsium subcoriaceum,2025-11-04,2,1
32493227,Cirsium vulgare,2019-09-10,2,1
325110138,Cirsium occidentale,2025-11-05,2,1
32511304,Cirsium arvense,2019-09-10,2,1
32515360,Cirsium arvense,2019-09-08,2,1
325206597,Cirsium vulgare,2025-10-15,2,1
32521033,Cirsium vulgare,2019-09-08,2,1
325249858,Cirsium oleraceum,2025-10-21,2,1
325255432,Cirsium altissimum,2025-11-06,2,1
325470852,Cirsium vulgare,2025-11-07,2,1
325494005,Cirsium centaureae,2012-07-13,2,1
325528342,Cirsium vulgare,2025-11-08,2,1
325616969,Cirsium vulgare,2025-11-08,2,1
325618795,Cirsium repandum,2025-11-08,2,1
325652182,Cirsium vulgare,2025-11-09,2,1
325689296,Cirsium hookerianum,2017-06-22,2,1
325699802,Cirsium arvense,2025-11-09,2,1
325724666,Cirsium acaulon,2025-10-09,2,1
325735786,Cirsium arvense,2015-06-20,2,1
325740419,Cirsium heterophyllum,2025-07-14,2,1
325743609,Cirsium brevistylum,2025-11-09,2,1
325862406,Cirsium vulgare,2025-08-29,2,1
325868579,Cirsium vulgare,2025-11-10,2,1
325920868,Cirsium palustre,2023-08-04,2,1
325927107,Cirsium vulgare,2025-11-10,2,1
32598748,Cirsium muticum,2019-09-10,2,1
32602991,Cirsium horridulum,2019-08-19,2,1
326081777,Cirsium vulgare,2025-07-18,2,1
326297870,Cirsium arvense,2025-11-13,2,1
326373605,Cirsium arvense,2025-11-07,2,1
326379055,Cirsium vulgare,2025-11-13,2,1
326385710,Cirsium scariosum,2025-06-07,2,1
326424955,Cirsium undulatum,2025-11-13,2,1
326518930,Cirsium vulgare,2025-10-16,2,1
326548367,Cirsium mohavense,2025-11-13,2,1
326607255,Cirsium oleraceum,2025-11-15,2,1
326623434,Cirsium palustre,2025-11-15,2,1
32686531,Cirsium palustre,2019-06-09,2,1
326947971,Cirsium vulgare,2025-10-10,2,1
327023313,Cirsium vulgare,2025-11-17,2,1
32719949,Cirsium arvense,2019-09-12,2,1
327227991,Cirsium arvense,2025-11-19,2,1
32723376,Cirsium vulgare,2019-09-14,2,1
327373357,Cirsium vulgare,2025-11-20,2,1
327418805,Cirsium vulgare,2025-11-19,2,1
327548564,Cirsium palustre,2025-10-03,2,1
327678630,Cirsium vulgare,2024-12-29,2,1
327880341,Cirsium vulgare,2025-11-23,2,1
327888960,Cirsium arvense,2025-08-17,2,1
327945174,Cirsium muticum,1988-06-01,2,1
32811069,Cirsium arvense,2019-09-12,2,1
32815083,Cirsium discolor,2019-09-08,2,1
328215268,Cirsium vulgare,2025-11-25,2,1
328226491,Cirsium heterophyllum,2025-08-17,2,1
328239104,Cirsium altissimum,2025-09-16,2,1
328248049,Cirsium vulgare,2016-08-02,2,1
32828947,Cirsium arvense,2019-09-16,2,1
328332976,Cirsium vulgare,2017-08-28,2,1
32833822,Cirsium arvense,2019-09-16,2,1
328403251,Cirsium vulgare,2021-09-02,2,1
32850457,Cirsium arvense,2019-09-15,2,1
328606436,Cirsium ehrenbergii,2025-11-27,2,1
32862640,Cirsium ehrenbergii,2019-09-16,2,1
328766218,Cirsium vulgare,2025-11-29,2,1
328960247,Cirsium vulgare,2022-08-04,2,1
329010091,Cirsium vulgare,2025-12-01,2,1
329025839,Cirsium palustre,2024-07-26,2,1
329066520,Cirsium vulgare,2025-11-30,2,1
329069550,Cirsium palustre,2025-06-29,2,1
32923083,Cirsium altissimum,2019-09-17,2,1
329232023,Cirsium horridulum,2025-12-02,2,1
329337884,Cirsium oleraceum,2025-06-27,2,1
329429983,Cirsium helenioides,2020-08-28,2,1
329475253,Cirsium vulgare,2025-08-10,2,1
329657321,Cirsium vulgare,2025-12-04,2,1
329870889,Cirsium vulgare,2025-12-04,2,1
32996169,Cirsium arvense,2019-09-19,2,1
33010439,Cirsium arvense,2019-09-19,2,1
330137794,Cirsium cymosum,2025-06-18,2,1
330193915,Cirsium esculentum,2025-08-04,2,1
330222517,Cirsium arvense,2025-06-02,2,1
330253497,Cirsium flodmanii,2024-07-22,2,1
330261060,Cirsium nuttallii,2024-08-05,2,1
330546454,Cirsium vulgare,2025-12-13,2,1
330550142,Cirsium vulgare,2020-11-21,2,1
330561629,Cirsium arvense,2025-07-18,2,1
330565269,Cirsium vulgare,2025-07-18,2,1
330586803,Cirsium discolor,2025-08-17,2,1
330602966,Cirsium serrulatum,2025-07-25,2,1
330610297,Cirsium flodmanii,2025-08-19,2,1
330656272,Cirsium vulgare,2025-12-13,2,1
330727262,Cirsium lecontei,2025-08-19,2,1
330745122,Cirsium palustre,2022-07-23,2,1
330880986,Cirsium arvense,2025-09-10,2,1
33112807,Cirsium vulgare,2019-08-29,2,1
331222382,Cirsium vulgare,2025-08-14,2,1
331232624,Cirsium undulatum,2025-07-12,2,1
331274674,Cirsium vulgare,2025-12-18,2,1
331295860,Cirsium vulgare,2018-07-28,2,1
331332174,Cirsium arvense,2025-08-07,2,1
331518168,Cirsium arvense,2025-08-06,2,1
331600375,Cirsium acaulon,2025-08-31,2,1
33160991,Cirsium vulgare,2019-09-14,2,1
33165716,Cirsium vulgare,2019-09-21,2,1
331704804,Cirsium serrulatum,2024-08-09,2,1
331901206,Cirsium kamtschaticum,1992-08-05,2,1
33196526,Cirsium oleraceum,2019-09-22,2,1
331991954,Cirsium pumilum,2024-06-27,2,1
332000417,Cirsium vulgare,2025-07-14,2,1
332048013,Cirsium vulgare,2025-07-30,2,1
332125909,Cirsium vulgare,2025-12-26,2,1
332191642,Cirsium muticum,2008-07-23,2,1
332242160,Cirsium palustre,2025-12-20,2,1
332257126,Cirsium vulgare,2025-12-26,2,1
332339255,Cirsium coahuilense,2013-07-19,2,1
332453204,Cirsium arvense,2025-07-01,2,1
332454480,Cirsium horridulum,2018-05-23,2,1
332483843,Cirsium vulgare,2025-12-28,2,1
332574288,Cirsium chanroenicum,2025-08-19,2,1
332615083,Cirsium vulgare,2025-12-27,2,1
332657105,Cirsium arvense,2025-12-29,2,1
332707719,Cirsium arvense,2025-12-30,2,1
332873678,Cirsium arvense,2025-08-20,2,1
332943112,Cirsium vulgare,2026-01-01,2,1
332989173,Cirsium monspessulanum,2025-12-30,2,1
333017509,Cirsium rivulare,2025-05-26,2,1
333238385,Cirsium vulgare,2026-01-01,2,1
333287013,Cirsium arvense,2025-07-17,2,1
333475437,Cirsium pannonicum,2017-07-22,2,1
333514257,Cirsium vulgare,2026-01-03,2,1
333557155,Cirsium chinense,2025-09-26,2,1
333703170,Cirsium vulgare,2026-01-04,2,1
333784980,Cirsium parryi,2025-07-21,2,1
333828630,Cirsium vulgare,2026-01-07,2,1
333834799,Cirsium vulgare,2025-06-21,2,1
333882125,Cirsium rivulare,2015-05-24,2,1
333975977,Cirsium vulgare,2026-01-07,2,1
333991967,Cirsium subcoriaceum,2017-02-02,2,1
334000410,Cirsium palustre,2025-07-05,2,1
334001326,Cirsium dissectum,2019-05-14,2,1
334112532,Cirsium acaulon,2025-08-30,2,1
334164637,Cirsium vulgare,2026-01-04,2,1
33418612,Cirsium arvense,2019-09-05,2,1
334281592,Cirsium vulgare,2026-01-11,2,1
334338352,Cirsium vulgare,2026-01-11,2,1
334517747,Cirsium occidentale,2025-07-20,2,1
33451909,Cirsium arvense,2019-09-23,2,1
334531699,Cirsium oleraceum,2019-08-07,2,1
334615414,Cirsium ciliatum,2025-09-23,2,1
334724926,Cirsium canum,2003-07-13,2,1
334819058,Cirsium arvense,2026-01-11,2,1
334973859,Cirsium vulgare,2023-07-21,2,1
334998578,Cirsium oleraceum,2025-08-15,2,1
335063461,Cirsium arvense,2026-01-17,2,1
335159825,Cirsium vulgare,2025-12-23,2,1
335186633,Cirsium vulgare,2026-01-17,2,1
335218665,Cirsium vulgare,2026-01-17,2,1
335255161,Cirsium arvense,2009-07-08,2,1
33528761,Cirsium vulgare,2019-09-28,2,1
335323379,Cirsium vulgare,2026-01-19,2,1
335458630,Cirsium vulgare,2026-01-13,2,1
335463397,Cirsium ciliatum,2025-09-25,2,1
335490515,Cirsium monspessulanum,2020-07-12,2,1
335509247,Cirsium heterophyllum,2025-07-28,2,1
335527430,Cirsium palustre,2025-06-09,2,1
33556213,Cirsium arvense,2019-09-28,2,1
335567165,Cirsium vulgare,2026-01-02,2,1
335579814,Cirsium vulgare,2026-01-21,2,1
335624001,Cirsium tuberosum,2023-09-08,2,1
335662854,Cirsium vulgare,2026-01-20,2,1
335712488,Cirsium vulgare,2026-01-22,2,1
335714120,Cirsium arvense,2026-01-22,2,1
335726793,Cirsium vulgare,2025-12-17,2,1
335803446,Cirsium arvense,2025-08-30,2,1
33581547,Cirsium falconeri,2019-08-29,2,1
335827048,Cirsium oleraceum,2025-07-28,2,1
335832236,Cirsium vulgare,2026-01-22,2,1
335855118,Cirsium occidentale,2024-06-26,2,1
335873255,Cirsium griseum,2015-08-12,2,1
335873271,Cirsium funkiae,2015-08-12,2,1
335902448,Cirsium discolor,2025-10-07,2,1
335932508,Cirsium brachycephalum,2013-07-12,2,1
335988649,Cirsium occidentale,2026-01-24,2,1
336022982,Cirsium vulgare,2026-01-24,2,1
336112676,Cirsium acaulon,2025-08-04,2,1
336136538,Cirsium vulgare,2026-01-24,2,1
336175313,Cirsium perplexans,2007-05-28,2,1
336234534,Cirsium palustre,2017-06-10,2,1
336234852,Cirsium palustre,2014-06-11,2,1
336237250,Cirsium rivulare,2025-06-14,2,1
33624929,Cirsium vulgare,2019-07-18,2,1
336297513,Cirsium palustre,2021-06-20,2,1
336327797,Cirsium vulgare,2026-01-23,2,1
33633869,Cirsium parryi,2019-09-22,2,1
336347506,Cirsium spinosum,2019-07-22,2,1
33647232,Cirsium arvense,2019-09-15,2,1
33647320,Cirsium vulgare,2019-09-27,2,1
336510758,Cirsium vulgare,2026-01-21,2,1
336512412,Cirsium nuttallii,2026-01-28,2,1
336554620,Cirsium oleraceum,2023-07-18,2,1
33656368,Cirsium arvense,2019-09-30,2,1
336621026,Cirsium undulatum,2010-07-12,2,1
336642756,Cirsium vulgare,2010-07-14,2,1
336697726,Cirsium vulgare,2026-01-29,2,1
336770326,Cirsium vulgare,2026-01-07,2,1
336811377,Cirsium esculentum,2025-08-01,2,1
336917426,Cirsium vulgare,2026-02-01,2,1
33709874,Cirsium altissimum,2019-10-01,2,1
337140315,Cirsium vulgare,2025-07-19,2,1
337305846,Cirsium vulgare,2026-02-04,2,1
337315099,Cirsium vulgare,2026-02-04,2,1
33737276,Cirsium discolor,2017-08-27,2,1
337567108,Cirsium vulgare,2025-08-14,2,1
33757726,Cirsium muticum,2019-09-29,2,1
33764529,Cirsium vulgare,2019-10-02,2,1
337680065,Cirsium echinus,2023-07-06,2,1
337686751,Cirsium muticum,2026-02-07,2,1
337731191,Cirsium occidentale,2026-02-07,2,1
337740483,Cirsium vulgare,2026-01-16,2,1
338044176,Cirsium palustre,2025-06-30,2,1
338137936,Cirsium arvense,2023-07-02,2,1
338364050,Cirsium vulgare,2025-08-24,2,1
338464533,Cirsium vulgare,2025-07-24,2,1
338498499,Cirsium vulgare,2015-08-18,2,1
338525411,Cirsium arvense,2015-09-18,2,1
338537950,Cirsium vulgare,2026-02-14,2,1
338552668,Cirsium vulgare,2026-01-31,2,1
338585397,Cirsium vulgare,2026-02-06,2,1
338590814,Cirsium oleraceum,2021-10-05,2,1
33859232,Cirsium argillosum,2019-09-30,2,1
338816708,Cirsium discolor,2026-02-15,2,1
33882708,Cirsium vulgare,2019-10-05,2,1
338849947,Cirsium vulgare,2026-02-05,2,1
338896344,Cirsium vulgare,2026-02-16,2,1
338949389,Cirsium vulgare,2026-02-16,2,1
33905354,Cirsium nuttallii,2019-10-03,2,1
339102235,Cirsium vulgare,2026-02-17,2,1
33910683,Cirsium altissimum,2019-10-05,2,1
339226,Cirsium vulgare,2013-07-20,2,1
339373024,Cirsium arvense,2025-07-31,2,1
339469119,Cirsium vulgare,2026-02-20,2,1
339498368,Cirsium erisithales,2024-06-28,2,1
339511524,Cirsium wheeleri,2025-08-09,2,1
339703585,Cirsium arvense,2026-02-22,2,1
339766853,Cirsium arvense,2026-02-22,2,1
339803512,Cirsium horridulum,2026-02-22,2,1
339852482,Cirsium coryletorum,2025-09-14,2,1
33990831,Cirsium occidentale,2019-07-21,2,1
339918197,Cirsium vulgare,2026-02-23,2,1
339919785,Cirsium arvense,2026-02-22,2,1
34003496,Cirsium acaulon,2019-10-07,2,1
340076923,Cirsium vulgare,2026-02-23,2,1
340148996,Cirsium vulgare,2026-02-25,2,1
34017577,Cirsium vulgare,2019-10-07,2,1
340186584,Cirsium serrulatum,2026-02-22,2,1
340194473,Cirsium horridulum,2026-02-25,2,1
340219817,Cirsium horridulum,2026-02-25,2,1
340241029,Cirsium vulgare,2012-08-14,2,1
3403256,Cirsium ehrenbergii,2016-06-03,2,1
340333388,Cirsium vulgare,2026-02-06,2,1
340391465,Cirsium arvense,2026-02-25,2,1
340393997,Cirsium vulgare,2025-09-19,2,1
340518982,Cirsium vulgare,2026-02-26,2,1
340539757,Cirsium japonicum,2026-02-28,2,1
340624876,Cirsium vulgare,2024-07-27,2,1
34064209,Cirsium arvense,2019-10-05,2,1
34092754,Cirsium turkestanicum,2017-08-04,2,1
340941277,Cirsium vulgare,2026-03-02,2,1
341122551,Cirsium vulgare,2018-08-28,2,1
34113372,Cirsium altissimum,2019-10-08,2,1
34116014,Cirsium arvense,2019-10-09,2,1
341187534,Cirsium vulgare,2026-01-26,2,1
34121034,Cirsium arvense,2019-09-21,2,1
341285027,Cirsium vulgare,2026-03-04,2,1
341292548,Cirsium horridulum,2026-03-04,2,1
341375781,Cirsium serrulatum,2025-07-03,2,1
341657675,Cirsium vulgare,2026-03-07,2,1
34193444,Cirsium vulgare,2019-10-11,2,1
341958662,Cirsium vulgare,2026-03-08,2,1
341980318,Cirsium vulgare,2026-03-08,2,1
342013633,Cirsium arvense,2026-02-20,2,1
342121795,Cirsium horridulum,2026-03-09,2,1
342165135,Cirsium horridulum,2026-03-09,2,1
342223099,Cirsium arvense,2025-07-05,2,1
342302098,Cirsium vulgare,2025-10-03,2,1
342332719,Cirsium horridulum,2026-03-10,2,1
342555999,Cirsium tuberosum,2026-03-12,2,1
342593491,Cirsium vulgare,2026-03-10,2,1
342622659,Cirsium vulgare,2026-03-10,2,1
342757529,Cirsium horridulum,2026-03-13,2,1
342761501,Cirsium vulgare,2026-03-11,2,1
342823609,Cirsium horridulum,2026-03-13,2,1
34288912,Cirsium scariosum,2009-08-03,2,1
342927339,Cirsium vulgare,2026-03-13,2,1
34300169,Cirsium engelmannii,2017-07-01,2,1
343136867,Cirsium ehrenbergii,2026-03-15,2,1
343335332,Cirsium horridulum,2026-03-15,2,1
343382167,Cirsium ehrenbergii,2026-03-16,2,1
343388268,Cirsium vulgare,2026-03-14,2,1
343533924,Cirsium ukranicum,2013-09-03,2,1
34356009,Cirsium oleraceum,2019-10-14,2,1
343858143,Cirsium vulgare,2026-02-21,2,1
343997221,Cirsium serrulatum,2025-06-05,2,1
344066240,Cirsium neomexicanum,2026-03-20,2,1
344081194,Cirsium vulgare,2026-02-19,2,1
344170273,Cirsium vulgare,2026-03-21,2,1
344215600,Cirsium horridulum,2026-03-15,2,1
344225780,Cirsium vulgare,2026-03-21,2,1
344276327,Cirsium horridulum,2026-03-21,2,1
344382521,Cirsium horridulum,2026-03-21,2,1
344386563,Cirsium vulgare,2026-03-22,2,1
344391679,Cirsium vulgare,2026-03-22,2,1
344439197,Cirsium vulgare,2026-03-22,2,1
344451578,Cirsium vulgare,2026-03-22,2,1
34458514,Cirsium dissectum,2008-05-28,2,1
34467535,Cirsium vulgare,2019-10-16,2,1
344676102,Cirsium souliei,2020-07-26,2,1
344783468,Cirsium oleraceum,2022-08-21,2,1
344897512,Cirsium mexicanum,2026-03-24,2,1
345120353,Cirsium arvense,2025-08-27,2,1
345266985,Cirsium vulgare,2026-03-26,2,1
345315135,Cirsium texanum,2026-03-24,2,1
345330907,Cirsium horridulum,2026-03-24,2,1
34538355,Cirsium vulgare,2019-10-17,2,1
345399352,Cirsium undulatum,2024-06-20,2,1
345405977,Cirsium canescens,2023-06-12,2,1
345497930,Cirsium arvense,2026-01-19,2,1
345632332,Cirsium vulgare,2026-03-15,2,1
345696926,Cirsium arvense,2026-03-28,2,1
345780520,Cirsium neomexicanum,2026-03-28,2,1
345833088,Cirsium undulatum,2026-03-28,2,1
345876502,Cirsium palustre,2026-03-29,2,1
345961878,Cirsium horridulum,2026-03-24,2,1
346039269,Cirsium virginianum,2025-08-31,2,1
346075007,Cirsium neomexicanum,2026-03-22,2,1
346092395,Cirsium arisanense,2026-03-26,2,1
346156819,Cirsium undulatum,2026-03-30,2,1
3461599,Cirsium occidentale,2016-06-11,2,1
346235420,Cirsium vulgare,2026-03-30,2,1
346238754,Cirsium vulgare,2026-03-30,2,1
346284957,Cirsium occidentale,2026-03-30,2,1
346318582,Cirsium monspessulanum,2026-03-30,2,1
346603662,Cirsium vulgare,2026-04-01,2,1
346763856,Cirsium mexicanum,2026-04-01,2,1
346852628,Cirsium nuttallii,2026-04-02,2,1
3470608,Cirsium rivulare,2016-06-15,2,1
347062683,Cirsium vulgare,2026-04-03,2,1
347198421,Cirsium vulgare,2026-04-04,2,1
347245217,Cirsium horridulum,2026-04-03,2,1
347369149,Cirsium horridulum,2026-04-04,2,1
347405432,Cirsium horridulum,2026-04-04,2,1
34756633,Cirsium arvense,2019-10-20,2,1
347570611,Cirsium horridulum,2026-04-04,2,1
347576848,Cirsium horridulum,2026-04-05,2,1
347634,Cirsium scariosum,2013-07-10,2,1
347726305,Cirsium neomexicanum,2026-04-01,2,1
347943115,Cirsium horridulum,2026-04-06,2,1
348028249,Cirsium vulgare,2026-04-07,2,1
348066631,Cirsium horridulum,2026-04-06,2,1
348132272,Cirsium mexicanum,2026-04-06,2,1
348161146,Cirsium horridulum,2026-04-07,2,1
348186568,Cirsium horridulum,2026-04-07,2,1
348343661,Cirsium nuttallii,2026-04-01,2,1
348424876,Cirsium horridulum,2026-04-08,2,1
34860490,Cirsium arvense,2019-10-24,2,1
348708419,Cirsium vulgare,2026-04-10,2,1
34871497,Cirsium oleraceum,2019-10-25,2,1
348736766,Cirsium vulgare,2026-04-04,2,1
348745000,Cirsium mexicanum,2026-04-02,2,1
348827062,Cirsium horridulum,2026-04-06,2,1
34891200,Cirsium vulgare,2016-07-31,2,1
349047206,Cirsium discolor,2026-04-11,2,1
349070822,Cirsium horridulum,2026-04-01,2,1
34918072,Cirsium arvense,2019-10-26,2,1
3492355,Cirsium ehrenbergii,2016-06-09,2,1
349285283,Cirsium texanum,2026-04-12,2,1
349302439,Cirsium horridulum,2026-04-11,2,1
349330452,Cirsium horridulum,2026-04-12,2,1
349364436,Cirsium pugnax,2025-08-11,2,1
349401713,Cirsium vulgare,2026-04-12,2,1
349429278,Cirsium horridulum,2026-04-12,2,1
349492395,Cirsium carolinianum,2026-04-11,2,1
34954706,Cirsium vulgare,2019-10-27,2,1
34956641,Cirsium kamtschaticum,2014-07-19,2,1
349571451,Cirsium texanum,2026-04-13,2,1
349587965,Cirsium vulgare,2026-04-13,2,1
34959955,Cirsium arvense,2019-09-22,2,1
34967793,Cirsium palustre,2019-10-27,2,1
349757270,Cirsium palustre,2026-04-14,2,1
349885319,Cirsium arvense,2026-04-15,2,1
34998899,Cirsium vulgare,2019-10-28,2,1
350032570,Cirsium horridulum,2026-04-15,2,1
35003867,Cirsium arvense,2019-10-28,2,1
350072263,Cirsium altissimum,2026-04-15,2,1
350090024,Cirsium brevistylum,2026-04-15,2,1
350109446,Cirsium horridulum,2026-04-15,2,1
350206287,Cirsium vulgare,2026-04-03,2,1
350251343,Cirsium vulgare,2026-04-16,2,1
350305972,Cirsium japonicum,2026-04-16,2,1
350343685,Cirsium vulgare,2026-04-02,2,1
350388555,Cirsium vulgare,2026-04-14,2,1
350468892,Cirsium palustre,2026-04-17,2,1
350515109,Cirsium carolinianum,2026-04-17,2,1
350521514,Cirsium vulgare,2026-04-17,2,1
350533989,Cirsium vulgare,2026-04-17,2,1
350601956,Cirsium vulgare,2026-04-16,2,1
350635202,Cirsium vulgare,2026-04-18,2,1
350664155,Cirsium horridulum,2026-04-17,2,1
350717354,Cirsium japonicum,2026-04-18,2,1
350784884,Cirsium oleraceum,2018-07-06,2,1
350796333,Cirsium vulgare,2026-04-08,2,1
350917046,Cirsium horridulum,2026-04-18,2,1
35101699,Cirsium oleraceum,2019-10-30,2,1
3510879,Cirsium engelmannii,2016-06-23,2,1
351129557,Cirsium texanum,2026-04-19,2,1
351168473,Cirsium oleraceum,2026-04-19,2,1
351294128,Cirsium horridulum,2026-04-19,2,1
351347268,Cirsium neomexicanum,2026-04-19,2,1
351582732,Cirsium horridulum,2026-04-20,2,1
351825522,Cirsium ochrocentrum,2026-04-21,2,1
351934712,Cirsium vulgare,2025-11-30,2,1
352027126,Cirsium serrulatum,2026-04-22,2,1
352075685,Cirsium vulgare,2025-07-18,2,1
352166315,Cirsium vulgare,2026-04-16,2,1
352278013,Cirsium occidentale,2026-04-09,2,1
352295862,Cirsium undulatum,2026-04-23,2,1
352336782,Cirsium horridulum,2026-04-23,2,1
352866598,Cirsium vulgare,2026-04-24,2,1
35300744,Cirsium horridulum,2019-11-04,2,1
353047058,Cirsium arvense,2026-04-24,2,1
353579674,Cirsium heterophyllum,2026-04-24,2,1
35362646,Cirsium arvense,2013-09-02,2,1
353768866,Cirsium palustre,2019-08-18,2,1
353791300,Cirsium oleraceum,2026-04-25,2,1
354243826,Cirsium palustre,2025-07-26,2,1
354288162,Cirsium arvense,2026-04-26,2,1
354517408,Cirsium mexicanum,2026-04-26,2,1
354535119,Cirsium arvense,2026-04-26,2,1
354570088,Cirsium vulgare,2026-04-26,2,1
354613892,Cirsium mohavense,2026-04-25,2,1
354720042,Cirsium arvense,2025-07-24,2,1
355109999,Cirsium palustre,2023-07-16,2,1
355195470,Cirsium arvense,2026-04-25,2,1
35524673,Cirsium arvense,2019-11-10,2,1
355301361,Cirsium horridulum,2026-04-27,2,1
355755688,Cirsium vulgare,2026-04-26,2,1
355840086,Cirsium arvense,2026-04-27,2,1
355882566,Cirsium vulgare,2025-07-13,2,1
355933815,Cirsium vulgare,2026-04-27,2,1
35593939,Cirsium vulgare,2019-11-11,2,1
355948210,Cirsium engelmannii,2026-04-27,2,1
356069187,Cirsium occidentale,2026-04-27,2,1
356162928,Cirsium vulgare,2026-04-24,2,1
35616736,Cirsium palustre,2019-09-15,2,1
356310011,Cirsium horridulum,2026-04-25,2,1
356402556,Cirsium carolinianum,2026-04-27,2,1
356450496,Cirsium vulgare,2026-04-29,2,1
35666722,Cirsium arvense,2019-10-16,2,1
356699639,Cirsium vulgare,2026-04-27,2,1
357014933,Cirsium carolinianum,2026-04-30,2,1
357189640,Cirsium undulatum,2026-05-01,2,1
357296188,Cirsium horridulum,2026-04-26,2,1
357325336,Cirsium vulgare,2026-05-01,2,1
357545758,Cirsium horridulum,2026-05-01,2,1
357582727,Cirsium horridulum,2026-05-02,2,1
357590723,Cirsium horridulum,2026-04-27,2,1
357606388,Cirsium vulgare,2026-05-01,2,1
357748241,Cirsium occidentale,2026-04-24,2,1
357835249,Cirsium vulgare,2026-05-03,2,1
357905358,Cirsium horridulum,2026-05-03,2,1
357957394,Cirsium mexicanum,2026-05-03,2,1
357980108,Cirsium vulgare,2026-05-03,2,1
358033376,Cirsium palustre,2026-05-03,2,1
358337932,Cirsium vulgare,2026-05-02,2,1
358438560,Cirsium townsendii,2026-04-29,2,1
358542908,Cirsium oleraceum,2026-05-03,2,1
358586829,Cirsium oleraceum,2026-05-01,2,1
358679157,Cirsium brevistylum,2026-05-05,2,1
358719153,Cirsium vulgare,2026-05-04,2,1
358769168,Cirsium texanum,2026-05-05,2,1
358770522,Cirsium horridulum,2026-05-05,2,1
358777931,Cirsium occidentale,2026-05-05,2,1
35877806,Cirsium peckii,2019-07-27,2,1
358798551,Cirsium arvense,2026-05-05,2,1
359086242,Cirsium arvense,2026-05-04,2,1
359096586,Cirsium occidentale,2026-04-30,2,1
359139215,Cirsium neomexicanum,2024-04-16,2,1
359370043,Cirsium occidentale,2026-05-04,2,1
359425737,Cirsium texanum,2026-05-07,2,1
359537910,Cirsium palustre,2026-05-08,2,1
35994320,Cirsium arvense,2019-11-23,2,1
359961652,Cirsium palustre,2026-05-09,2,1
360172463,Cirsium japonicum,2026-05-10,2,1
360191682,Cirsium vulgare,2026-05-10,2,1
360283866,Cirsium palustre,2026-04-24,2,1
36029116,Cirsium purpuratum,2015-09-23,2,1
360312346,Cirsium vulgare,2026-05-10,2,1
360700326,Cirsium novoleonense,2026-05-02,2,1
360787704,Cirsium discolor,2026-05-11,2,1
360885611,Cirsium acaulon,2026-05-12,2,1
360891131,Cirsium horridulum,2026-05-12,2,1
360903241,Cirsium vulgare,2026-05-12,2,1
360927703,Cirsium arvense,2026-05-10,2,1
360945760,Cirsium palustre,2026-05-12,2,1
361209848,Cirsium serrulatum,2026-05-13,2,1
361218499,Cirsium vulgare,2026-04-07,2,1
361229129,Cirsium vulgare,2025-08-01,2,1
361340257,Cirsium hookerianum,2020-07-08,2,1
361388363,Cirsium ochrocentrum,2026-05-13,2,1
361418845,Cirsium pannonicum,2026-05-14,2,1
361435026,Cirsium vulgare,2026-04-20,2,1
361469025,Cirsium arvense,2026-05-14,2,1
361678451,Cirsium rivulare,2026-05-15,2,1
361949242,Cirsium vulgare,2026-05-16,2,1
362208641,Cirsium vulgare,2026-01-31,2,1
362524152,Cirsium vulgare,2026-05-16,2,1
362546293,Cirsium vulgare,2026-05-17,2,1
362651916,Cirsium palustre,2026-05-17,2,1
362691985,Cirsium vulgare,2026-05-17,2,1
362806803,Cirsium filipendulum,2026-05-18,2,1
36285345,Cirsium vulgare,2019-08-30,2,1
362976702,Cirsium occidentale,2026-05-16,2,1
363108784,Cirsium palustre,2026-05-19,2,1
363125998,Cirsium vulgare,2026-05-17,2,1
363134784,Cirsium carolinianum,2026-05-19,2,1
363202758,Cirsium virginianum,2026-05-19,2,1
363350444,Cirsium arvense,2024-06-26,2,1
363402163,Cirsium vulgare,2025-12-06,2,1
363431371,Cirsium carolinianum,2026-05-20,2,1
36344243,Cirsium vulgare,2019-11-30,2,1
363616256,Cirsium vulgare,2026-05-21,2,1
363748021,Cirsium palustre,2026-05-16,2,1
363755146,Cirsium vulgare,2026-05-21,2,1
363768960,Cirsium undulatum,2026-05-02,2,1
363790129,Cirsium vulgare,2026-05-18,2,1
363870463,Cirsium arvense,2026-05-13,2,1
363936396,Cirsium heterophyllum,2026-05-22,2,1
364015062,Cirsium arvense,2026-05-22,2,1
364029383,Cirsium horridulum,2026-05-20,2,1
364035726,Cirsium vulgare,2026-05-21,2,1
36406094,Cirsium arvense,2019-08-01,2,1
364149897,Cirsium undulatum,2026-05-22,2,1
364318390,Cirsium heterophyllum,2026-05-23,2,1
364335594,Cirsium arvense,2026-05-23,2,1
364340165,Cirsium palustre,2026-05-19,2,1
364391253,Cirsium occidentale,2026-05-23,2,1
364453958,Cirsium vulgare,2026-05-23,2,1
36458218,Cirsium vulgare,2019-12-08,2,1
364624639,Cirsium vulgare,2026-05-23,2,1
364678226,Cirsium vulgare,2026-05-24,2,1
364736958,Cirsium carolinianum,2026-05-23,2,1
3647766,Cirsium erisithales,2016-07-02,2,1
364858531,Cirsium vulgare,2026-05-24,2,1
364929820,Cirsium horridulum,2026-05-24,2,1
365012366,Cirsium horridulum,2026-05-25,2,1
365119091,Cirsium undulatum,2026-05-25,2,1
365222959,Cirsium tuberosum,2026-05-21,2,1
365263070,Cirsium undulatum,2026-05-25,2,1
365263794,Cirsium vulgare,2026-05-25,2,1
365276332,Cirsium vulgare,2026-05-26,2,1
365288686,Cirsium occidentale,2026-05-25,2,1
365317394,Cirsium tuberosum,2026-05-26,2,1
365510320,Cirsium tuberosum,2026-05-26,2,1
365533484,Cirsium scariosum,2026-05-26,2,1
3655583,Cirsium vulgare,2016-07-10,2,1
365593795,Cirsium horridulum,2026-05-26,2,1
3657342,Cirsium vulgare,2016-07-10,2,1
365796884,Cirsium rivulare,2026-05-23,2,1
365798844,Cirsium vulgare,2026-05-27,2,1
365945895,Cirsium vulgare,2026-05-27,2,1
36595199,Cirsium vulgare,2019-09-17,2,1
366010536,Cirsium horridulum,2026-05-27,2,1
366036318,Cirsium heterophyllum,2026-05-28,2,1
366100678,Cirsium arizonicum,2026-05-13,2,1
366184682,Cirsium townsendii,2026-05-28,2,1
366216414,Cirsium undulatum,2026-05-28,2,1
366259326,Cirsium occidentale,2026-04-26,2,1
366332334,Cirsium occidentale,2026-05-26,2,1
36636196,Cirsium arvense,2019-12-14,2,1
366422297,Cirsium townsendii,2026-05-29,2,1
366612949,Cirsium arvense,2026-05-30,2,1
366640940,Cirsium undulatum,2026-05-30,2,1
366669414,Cirsium funkiae,2012-07-14,2,1
366671729,Cirsium erisithales,2026-05-30,2,1
366716433,Cirsium palustre,2026-05-30,2,1
36675924,Cirsium esculentum,2019-07-21,2,1
366851800,Cirsium cymosum,2026-05-29,2,1
366905462,Cirsium arvense,2026-05-30,2,1
367036927,Cirsium occidentale,2026-05-30,2,1
367106016,Cirsium palustre,2026-05-31,2,1
367146329,Cirsium rivulare,2026-05-30,2,1
367189401,Cirsium undulatum,2026-05-31,2,1
367235400,Cirsium japonicum,2026-05-31,2,1
367369626,Cirsium esculentum,2026-05-31,2,1
367379229,Cirsium palustre,2026-05-31,2,1
367387653,Cirsium filipendulum,2026-05-30,2,1
367414465,Cirsium oleraceum,2025-07-26,2,1
367447395,Cirsium horridulum,2026-04-26,2,1
367478925,Cirsium quercetorum,2026-06-01,2,1
367527916,Cirsium repandum,2026-06-01,2,1
367643687,Cirsium occidentale,2026-05-29,2,1
367659194,Cirsium palustre,2026-06-02,2,1
367663046,Cirsium arvense,2026-06-01,2,1
367675002,Cirsium palustre,2026-06-02,2,1
367690392,Cirsium heterophyllum,2026-06-02,2,1
367697743,Cirsium arvense,2026-06-02,2,1
36784711,Cirsium vulgare,2019-09-07,2,1
367854473,Cirsium rivulare,2026-06-02,2,1
36794227,Cirsium esculentum,2019-08-22,2,1
368019370,Cirsium vulgare,2026-06-03,2,1
36810514,Cirsium horridulum,2019-12-20,2,1
368116343,Cirsium rivulare,2026-06-03,2,1
368195535,Cirsium vulgare,2026-06-03,2,1
368249974,Cirsium arvense,2026-06-03,2,1
36826488,Cirsium spinosissimum,2019-09-03,2,1
368276865,Cirsium palustre,2026-06-04,2,1
368291381,Cirsium vulgare,2026-05-24,2,1
368426215,Cirsium heterophyllum,2026-06-04,2,1
368537122,Cirsium carolinianum,2026-06-02,2,1
368617884,Cirsium palustre,2026-06-05,2,1
368666547,Cirsium palustre,2026-06-05,2,1
368688866,Cirsium palustre,2026-06-05,2,1
368807744,Cirsium undulatum,2026-06-05,2,1
368812796,Cirsium nuttallii,2026-05-31,2,1
368887586,Cirsium japonicum,2026-06-06,2,1
368889100,Cirsium vulgare,2026-06-06,2,1
368903131,Cirsium vulgare,2026-06-06,2,1
368906543,Cirsium roseolum,2026-06-05,2,1
368941497,Cirsium arvense,2026-06-06,2,1
368948227,Cirsium vulgare,2026-06-05,2,1
369045580,Cirsium palustre,2026-06-06,2,1
369075039,Cirsium arvense,2026-06-06,2,1
369102674,Cirsium vulgare,2026-06-05,2,1
369135349,Cirsium occidentale,2026-05-19,2,1
369199293,Cirsium muticum,2026-06-04,2,1
369208109,Cirsium vulgare,2026-06-06,2,1
369214979,Cirsium neomexicanum,2026-06-06,2,1
369250273,Cirsium arvense,2026-06-02,2,1
369257443,Cirsium palustre,2026-06-07,2,1
369357372,Cirsium japonicum,2026-06-06,2,1
369389737,Cirsium vulgare,2026-06-06,2,1
369394195,Cirsium andersonii,2026-06-07,2,1
369402908,Cirsium palustre,2026-06-07,2,1
369437125,Cirsium arvense,2026-06-07,2,1
369567695,Cirsium pumilum,2026-06-07,2,1
369602835,Cirsium brevistylum,2026-06-07,2,1
36960509,Cirsium arvense,2017-07-25,2,1
369722095,Cirsium arvense,2026-06-08,2,1
369863168,Cirsium occidentale,2026-06-03,2,1
369965922,Cirsium palustre,2026-06-03,2,1
369971627,Cirsium erisithales,2026-06-08,2,1
369982044,Cirsium palustre,2026-05-29,2,1
369986895,Cirsium heterophyllum,2026-06-09,2,1
370090242,Cirsium arvense,2026-06-09,2,1
370121017,Cirsium palustre,2026-06-09,2,1
370184589,Cirsium palustre,2026-06-05,2,1
370219671,Cirsium scariosum,2026-06-09,2,1
370314362,Cirsium flodmanii,2026-06-10,2,1
37038808,Cirsium palustre,2006-07-30,2,1
370463009,Cirsium arvense,2026-06-10,2,1
370481283,Cirsium cymosum,2025-06-02,2,1
370500129,Cirsium arvense,2026-06-10,2,1
370524870,Cirsium engelmannii,2026-06-10,2,1
370526639,Cirsium scariosum,2026-06-10,2,1
37058510,Cirsium appendiculatum,2013-08-16,2,1
370635836,Cirsium rivulare,2026-06-11,2,1
370683484,Cirsium vulgare,2026-06-11,2,1
370695229,Cirsium undulatum,2026-06-11,2,1
370772926,Cirsium arvense,2026-06-11,2,1
370882910,Cirsium undulatum,2026-06-11,2,1
370951572,Cirsium edule,2026-06-11,2,1
371042826,Cirsium arvense,2026-06-12,2,1
371114408,Cirsium vulgare,2026-06-12,2,1
371151169,Cirsium arvense,2026-06-13,2,1
371292510,Cirsium occidentale,2026-06-02,2,1
371360988,Cirsium obvallatum,2026-06-10,2,1
371502169,Cirsium palustre,2026-06-14,2,1
371516958,Cirsium rivulare,2026-06-14,2,1
371564652,Cirsium arvense,2026-06-14,2,1
371615425,Cirsium palustre,2026-06-04,2,1
371621676,Cirsium vulgare,2026-06-11,2,1
37164428,Cirsium vulgare,2020-01-01,2,1
371695995,Cirsium arizonicum,2026-06-14,2,1
371696151,Cirsium neomexicanum,2026-06-14,2,1
371732741,Cirsium oleraceum,2026-06-05,2,1
371876196,Cirsium vulgare,2026-05-24,2,1
371908291,Cirsium palustre,2026-06-14,2,1
372062038,Cirsium scopulorum,2013-07-15,2,1
372219721,Cirsium arvense,2026-06-15,2,1
372225764,Cirsium esculentum,2026-06-16,2,1
372328198,Cirsium arvense,2026-06-16,2,1
372350315,Cirsium rivulare,2026-06-16,2,1
372363045,Cirsium palustre,2026-06-16,2,1
372470913,Cirsium texanum,2025-04-22,2,1
372484300,Cirsium nivale,2026-06-16,2,1
372548307,Cirsium arvense,2026-06-16,2,1
372673021,Cirsium palustre,2026-06-17,2,1
372686787,Cirsium palustre,2026-06-17,2,1
372690594,Cirsium heterophyllum,2026-06-16,2,1
372691365,Cirsium arvense,2026-06-17,2,1
372723595,Cirsium palustre,2026-06-17,2,1
372742906,Cirsium parryi,2026-06-17,2,1
372770065,Cirsium oleraceum,2026-06-16,2,1
372830945,Cirsium flodmanii,2026-06-17,2,1
372834619,Cirsium undulatum,2026-06-17,2,1
372850097,Cirsium palustre,2026-06-17,2,1
372851437,Cirsium heterophyllum,2026-06-16,2,1
372988756,Cirsium vulgare,2026-06-18,2,1
373029382,Cirsium arvense,2026-06-18,2,1
373043641,Cirsium erisithales,2026-06-17,2,1
373067568,Cirsium undulatum,2026-06-18,2,1
373070127,Cirsium palustre,2026-06-18,2,1
373117667,Cirsium palustre,2026-06-18,2,1
373175396,Cirsium palustre,2026-06-04,2,1
373205039,Cirsium palustre,2026-06-18,2,1
373231505,Cirsium vulgare,2026-06-18,2,1
373247190,Cirsium discolor,2026-06-19,2,1
373349827,Cirsium repandum,2026-06-19,2,1
373411550,Cirsium vulgare,2026-06-03,2,1
373418863,Cirsium carolinianum,2026-06-19,2,1
373421331,Cirsium vulgare,2026-06-19,2,1
373470313,Cirsium heterophyllum,2026-06-20,2,1
373499544,Cirsium ukranicum,2026-06-19,2,1
373516506,Cirsium arvense,2026-06-17,2,1
373557988,Cirsium hookerianum,2026-06-18,2,1
373620364,Cirsium dissectum,2026-06-20,2,1
373727710,Cirsium vulgare,2026-06-20,2,1
373758157,Cirsium arvense,2026-06-20,2,1
37376628,Cirsium vulgare,2019-11-16,2,1
373852791,Cirsium vulgare,2026-06-15,2,1
373853268,Cirsium arvense,2026-06-21,2,1
373862521,Cirsium arvense,2026-06-21,2,1
373922080,Cirsium vulgare,2026-06-21,2,1
373989809,Cirsium undulatum,2026-06-21,2,1
374032220,Cirsium palustre,2026-06-20,2,1
37403395,Cirsium oligophyllum,2019-10-05,2,1
374037718,Cirsium remotifolium,2026-06-19,2,1
37408468,Cirsium vulgare,2020-01-08,2,1
374191217,Cirsium occidentale,2026-06-16,2,1
374236562,Cirsium palustre,2026-06-22,2,1
374284409,Cirsium japonicum,2026-05-21,2,1
374301253,Cirsium palustre,2026-06-20,2,1
374306191,Cirsium heterophyllum,2026-06-22,2,1
374374297,Cirsium heterophyllum,2026-06-22,2,1
374452066,Cirsium carolinianum,2026-06-22,2,1
37451543,Cirsium muticum,2018-09-18,2,1
374562139,Cirsium arvense,2026-06-22,2,1
374627845,Cirsium arvense,2026-06-23,2,1
374665670,Cirsium palustre,2026-06-21,2,1
374693388,Cirsium arvense,2026-06-23,2,1
374836350,Cirsium vulgare,2026-06-23,2,1
374842864,Cirsium japonicum,2026-06-23,2,1
374927577,Cirsium vulgare,2026-06-24,2,1
374968723,Cirsium arvense,2026-06-24,2,1
374969296,Cirsium heterophyllum,2026-06-24,2,1
374993415,Cirsium heterophyllum,2026-06-24,2,1
37502016,Cirsium virginianum,2019-10-04,2,1
375120890,Cirsium repandum,2026-06-23,2,1
375135341,Cirsium arvense,2017-08-10,2,1
375184211,Cirsium vulgare,2026-06-24,2,1
375225287,Cirsium heterophyllum,2026-06-25,2,1
375236763,Cirsium rivulare,2026-06-24,2,1
375253952,Cirsium vulgare,2026-06-25,2,1
375383803,Cirsium vulgare,2026-06-25,2,1
3754227,Cirsium vulgare,2016-07-27,2,1
375476264,Cirsium palustre,2026-06-23,2,1
375518685,Cirsium vulgare,2026-06-24,2,1
375611657,Cirsium oleraceum,2026-06-26,2,1
375633345,Cirsium palustre,2026-06-26,2,1
37563393,Cirsium vulgare,2019-08-01,2,1
3756826,Cirsium vulgare,2016-07-27,2,1
375764242,Cirsium palustre,2026-06-21,2,1
375769824,Cirsium vulgare,2026-06-27,2,1
375806495,Cirsium heterophyllum,2026-06-27,2,1
375819034,Cirsium heterophyllum,2026-06-27,2,1
375898426,Cirsium erisithales,2026-06-27,2,1
375913232,Cirsium vulgare,2026-06-21,2,1
375958912,Cirsium ochrocentrum,2026-06-27,2,1
376057363,Cirsium remotifolium,2026-06-24,2,1
37608862,Cirsium vulgare,2020-01-11,2,1
376111238,Cirsium palustre,2026-06-28,2,1
37615337,Cirsium vulgare,2020-01-15,2,1
376177094,Cirsium arvense,2026-06-28,2,1
37620167,Cirsium muticum,2018-07-20,2,1
376247921,Cirsium filipendulum,2026-06-28,2,1
376329401,Cirsium palustre,2026-06-28,2,1
376331650,Cirsium centaureae,2026-06-28,2,1
376332247,Cirsium vulgare,2026-06-28,2,1
376368443,Cirsium palustre,2026-06-24,2,1
376435238,Cirsium vulgare,2026-06-27,2,1
376465217,Cirsium arvense,2026-06-29,2,1
376475004,Cirsium vulgare,2025-11-07,2,1
376513293,Cirsium vulgare,2026-06-29,2,1
376541240,Cirsium arvense,2026-06-29,2,1
376542516,Cirsium douglasii,2026-06-27,2,1
376551739,Cirsium spinosissimum,2026-06-26,2,1
376587809,Cirsium douglasii,2026-06-24,2,1
376614304,Cirsium arvense,2026-06-28,2,1
376647677,Cirsium oleraceum,2026-06-29,2,1
376782026,Cirsium arvense,2026-06-29,2,1
37685915,Cirsium esculentum,2019-07-30,2,1
376882139,Cirsium heterophyllum,2026-06-30,2,1
376944949,Cirsium arvense,2026-06-27,2,1
376955871,Cirsium ochrocentrum,2026-06-30,2,1
377053680,Cirsium arvense,2026-07-01,2,1
377122474,Cirsium palustre,2026-06-30,2,1
3771257,Cirsium scariosum,2016-07-13,2,1
377157887,Cirsium oleraceum,2026-07-01,2,1
377218916,Cirsium arvense,2026-07-01,2,1
37734083,Cirsium vulgare,2020-01-19,2,1
377372033,Cirsium arvense,2026-06-27,2,1
377433138,Cirsium vulgare,2026-06-29,2,1
377474194,Cirsium tuberosum,2026-07-02,2,1
377532514,Cirsium palustre,2026-06-30,2,1
377533553,Cirsium heterophyllum,2026-07-02,2,1
377537981,Cirsium heterophyllum,2026-07-02,2,1
3776138,Cirsium palustre,2016-07-31,2,1
377662595,Cirsium arvense,2026-06-30,2,1
37911443,Cirsium arvense,2018-07-10,2,1
37999017,Cirsium arvense,2019-07-31,2,1
38068885,Cirsium vulgare,2020-01-28,2,1
38094527,Cirsium vulgare,2019-11-22,2,1
38148553,Cirsium helenioides,2018-07-26,2,1
38163730,Cirsium vulgare,2019-07-19,2,1
38181697,Cirsium palustre,2019-07-07,2,1
38213430,Cirsium vulgare,2020-02-02,2,1
38251433,Cirsium vulgare,2020-01-24,2,1
38285458,Cirsium hookerianum,2019-07-31,2,1
38304965,Cirsium vulgare,2020-02-04,2,1
38327063,Cirsium vlassovianum,2017-08-16,2,1
38329769,Cirsium vulgare,2020-01-19,2,1
38434675,Cirsium vulgare,2020-02-08,2,1
38473574,Cirsium arvense,2006-07-03,2,1
38502912,Cirsium maritimum,2014-09-26,2,1
38568737,Cirsium vulgare,2020-01-29,2,1
38606252,Cirsium serrulatum,2013-08-18,2,1
3867063,Cirsium arvense,2016-08-02,2,1
38743150,Cirsium neomexicanum,2015-05-01,2,1
38781075,Cirsium horridulum,2020-02-17,2,1
38782981,Cirsium horridulum,2020-02-17,2,1
38806149,Cirsium pacificum,2016-03-18,2,1
38834555,Cirsium canum,2010-06-20,2,1
38874455,Cirsium texanum,2016-05-08,2,1
38875704,Cirsium hookerianum,2013-08-16,2,1
38877813,Cirsium serrulatum,2017-08-03,2,1
38878973,Cirsium canum,2018-07-09,2,1
39003059,Cirsium arvense,2019-07-24,2,1
39118708,Cirsium arizonicum,2016-09-03,2,1
39134017,Cirsium horridulum,2020-02-17,2,1
3913614,Cirsium oleraceum,2013-09-15,2,1
39201401,Cirsium vulgare,2015-08-03,2,1
3938529,Cirsium vulgare,2016-08-21,2,1
39442977,Cirsium esculentum,2010-08-07,2,1
39457430,Cirsium serrulatum,2019-08-07,2,1
39457459,Cirsium occidentale,2020-02-29,2,1
3951919,Cirsium vulgare,2016-07-27,2,1
39543537,Cirsium horridulum,2020-03-03,2,1
3954460,Cirsium andersonii,2016-08-19,2,1
39565494,Cirsium arvense,2020-02-26,2,1
39565583,Cirsium vulgare,2020-02-26,2,1
39575910,Cirsium arvense,2018-07-01,2,1
39604118,Cirsium vulgare,2020-02-22,2,1
39765091,Cirsium vulgare,2020-02-28,2,1
39772883,Cirsium arvense,2019-06-30,2,1
39776868,Cirsium vulgare,2016-08-15,2,1
3978014,Cirsium arizonicum,2016-08-19,2,1
39919074,Cirsium candelabrum,2011-07-13,2,1
39931112,Cirsium horridulum,2020-03-13,2,1
40022701,Cirsium arvense,2017-08-06,2,1
4003238,Cirsium arvense,2016-08-19,2,1
40074862,Cirsium palustre,2009-06-23,2,1
40204193,Cirsium horridulum,2020-03-12,2,1
40222129,Cirsium arvense,2020-03-08,2,1
40226974,Cirsium kamtschaticum,2017-07-13,2,1
40286731,Cirsium nuttallii,2020-03-18,2,1
40297602,Cirsium horridulum,2020-03-18,2,1
40357070,Cirsium vulgare,2020-03-21,2,1
40513986,Cirsium ukranicum,2018-08-27,2,1
40516468,Cirsium serrulatum,2017-08-02,2,1
40527104,Cirsium horridulum,2020-03-21,2,1
40626815,Cirsium vulgare,2020-03-22,2,1
40628916,Cirsium rivulare,2018-09-05,2,1
40664934,Cirsium horridulum,2020-03-24,2,1
4070543,Cirsium arvense,2016-09-08,2,1
40713353,Cirsium vulgare,2020-03-25,2,1
40725315,Cirsium vulgare,2020-03-25,2,1
40799250,Cirsium ehrenbergii,2020-03-24,2,1
40869888,Cirsium oleraceum,2020-03-28,2,1
4094898,Cirsium vulgare,2016-09-08,2,1
41026745,Cirsium vulgare,2009-08-10,2,1
41079422,Cirsium horridulum,2020-03-30,2,1
41092457,Cirsium occidentale,2020-03-30,2,1
41123480,Cirsium vulgare,2020-03-28,2,1
41160629,Cirsium oleraceum,2019-08-07,2,1
41179326,Cirsium vulgare,2013-09-07,2,1
41196138,Cirsium vulgare,2020-04-01,2,1
41209930,Cirsium horridulum,2020-04-01,2,1
41212830,Cirsium altissimum,2020-04-01,2,1
41214158,Cirsium helenioides,2010-07-31,2,1
41214735,Cirsium sairamense,2010-08-13,2,1
41222864,Cirsium arvense,2013-07-07,2,1
41243069,Cirsium palustre,2020-04-02,2,1
41263852,Cirsium horridulum,2020-04-02,2,1
41372875,Cirsium nuttallii,2020-04-04,2,1
41427658,Cirsium vulgare,2018-07-21,2,1
41567796,Cirsium vulgare,2020-02-08,2,1
41579735,Cirsium horridulum,2020-04-06,2,1
41618746,Cirsium mexicanum,2020-04-07,2,1
41726078,Cirsium altissimum,2020-04-08,2,1
4177356,Cirsium arvense,2016-09-22,2,1
41782207,Cirsium horridulum,2020-04-09,2,1
41841374,Cirsium neomexicanum,2020-04-05,2,1
4194128,Cirsium undulatum,2016-09-24,2,1
41955812,Cirsium neomexicanum,2020-04-11,2,1
42021843,Cirsium arvense,2020-04-13,2,1
42155747,Cirsium palustre,2010-07-02,2,1
42193806,Cirsium horridulum,2020-04-14,2,1
42330496,Cirsium heterophyllum,2015-07-06,2,1
42374087,Cirsium mexicanum,2020-04-13,2,1
42438281,Cirsium texanum,2020-04-15,2,1
42442338,Cirsium repandum,2020-04-17,2,1
42450550,Cirsium rhaphilepis,2020-04-17,2,1
42491767,Cirsium palustre,2020-04-18,2,1
42516661,Cirsium horridulum,2020-04-18,2,1
42540675,Cirsium vulgare,2013-07-14,2,1
42676793,Cirsium palustre,2020-04-17,2,1
4274090,Cirsium arvense,2016-10-01,2,1
42741008,Cirsium vulgare,2017-07-29,2,1
42796779,Cirsium heterophyllum,2014-07-17,2,1
42881638,Cirsium phyllocephalum,2020-04-22,2,1
42957079,Cirsium vulgare,2020-04-14,2,1
43031409,Cirsium horridulum,2020-04-15,2,1
43098115,Cirsium scariosum,2018-08-10,2,1
431043,Cirsium lecontei,2013-10-13,2,1
43311699,Cirsium vulgare,2020-04-25,2,1
43324343,Cirsium texanum,2020-04-25,2,1
43617018,Cirsium vulgare,2020-04-25,2,1
43623099,Cirsium arvense,2020-04-26,2,1
43709227,Cirsium mexicanum,2020-04-26,2,1
43792213,Cirsium horridulum,2020-04-24,2,1
43942209,Cirsium vulgare,2020-04-27,2,1
44062256,Cirsium texanum,2020-04-27,2,1
44084286,Cirsium occidentale,2020-04-27,2,1
44099057,Cirsium palustre,2020-04-27,2,1
44141406,Cirsium undulatum,2020-04-21,2,1
44247790,Cirsium vulgare,2020-04-28,2,1
4433340,Cirsium arvense,2016-10-24,2,1
44408215,Cirsium heterophyllum,2013-07-10,2,1
44416445,Cirsium horridulum,2020-04-29,2,1
44441437,Cirsium vulgare,2020-04-30,2,1
44524296,Cirsium horridulum,2020-04-03,2,1
44666049,Cirsium texanum,2020-05-02,2,1
44682845,Cirsium japonicum,2020-05-03,2,1
44698470,Cirsium vulgare,2020-04-26,2,1
44700616,Cirsium arvense,2019-06-10,2,1
44745923,Cirsium palustre,2013-08-15,2,1
44755653,Cirsium vulgare,2020-05-03,2,1
44759499,Cirsium arvense,2020-05-02,2,1
44777987,Cirsium undulatum,2020-05-01,2,1
44793492,Cirsium vulgare,2020-05-03,2,1
44829125,Cirsium altissimum,2020-05-02,2,1
44979832,Cirsium palustre,2020-05-05,2,1
45111141,Cirsium texanum,2020-05-06,2,1
45115118,Cirsium vulgare,2020-05-06,2,1
45140207,Cirsium vulgare,2020-05-06,2,1
45185372,Cirsium brevistylum,2020-05-05,2,1
45406196,Cirsium texanum,2020-05-09,2,1
45418309,Cirsium mexicanum,2020-03-27,2,1
45435660,Cirsium texanum,2020-05-09,2,1
45457969,Cirsium palustre,2020-05-09,2,1
45458177,Cirsium vulgare,2020-05-09,2,1
45480708,Cirsium vulgare,2019-07-14,2,1
45579262,Cirsium vulgare,2020-05-11,2,1
45587970,Cirsium oleraceum,2012-06-22,2,1
45596762,Cirsium vulgare,2020-05-08,2,1
45600953,Cirsium vulgare,2020-05-11,2,1
45651404,Cirsium vulgare,2020-05-11,2,1
45659485,Cirsium undulatum,2020-05-11,2,1
45715268,Cirsium palustre,2020-05-11,2,1
45788908,Cirsium pendulum,2016-07-07,2,1
458877,Cirsium vulgare,2007-07-29,2,1
45985162,Cirsium vulgare,2020-05-15,2,1
46065229,Cirsium vulgare,2020-05-16,2,1
46067055,Cirsium palustre,2020-05-01,2,1
46072824,Cirsium vulgare,2020-05-16,2,1
46219940,Cirsium vulgare,2020-05-17,2,1
46328207,Cirsium undulatum,2020-05-17,2,1
46339968,Cirsium vulgare,2020-05-14,2,1
46384510,Cirsium arvense,2020-05-18,2,1
46392085,Cirsium vulgare,2020-05-18,2,1
46429319,Cirsium undulatum,2020-05-18,2,1
46468830,Cirsium arvense,2020-05-19,2,1
46506945,Cirsium arvense,2020-05-19,2,1
46584153,Cirsium palustre,2020-05-19,2,1
46601972,Cirsium horridulum,2020-04-24,2,1
46603498,Cirsium palustre,2020-05-11,2,1
46662640,Cirsium vulgare,2011-11-05,2,1
46754319,Cirsium palustre,2020-05-21,2,1
46768405,Cirsium vulgare,2020-05-21,2,1
46839652,Cirsium palustre,2020-05-22,2,1
46944576,Cirsium arvense,2020-05-23,2,1
46972010,Cirsium oleraceum,2020-05-23,2,1
46999030,Cirsium horridulum,2020-05-23,2,1
47008357,Cirsium palustre,2020-05-23,2,1
47050094,Cirsium arizonicum,2020-05-23,2,1
47052652,Cirsium undulatum,2020-05-23,2,1
47107879,Cirsium palustre,2020-05-24,2,1
47190044,Cirsium horridulum,2020-05-24,2,1
47197841,Cirsium neomexicanum,2020-05-24,2,1
47204097,Cirsium canum,2020-05-23,2,1
47206645,Cirsium mexicanum,2020-05-17,2,1
47280559,Cirsium vulgare,2020-05-25,2,1
47331817,Cirsium vulgare,2020-05-25,2,1
47349054,Cirsium arizonicum,2020-05-25,2,1
47357904,Cirsium occidentale,2020-05-23,2,1
47358881,Cirsium arizonicum,2020-05-25,2,1
47423851,Cirsium vulgare,2020-05-26,2,1
47468799,Cirsium undulatum,2020-05-26,2,1
47493021,Cirsium arvense,2020-05-23,2,1
47522281,Cirsium rivulare,2020-05-21,2,1
47602484,Cirsium helenioides,2019-07-18,2,1
47655837,Cirsium arvense,2020-05-25,2,1
47680182,Cirsium edule,2008-08-18,2,1
47710043,Cirsium arvense,2015-07-16,2,1
47746673,Cirsium texanum,2020-05-29,2,1
47872307,Cirsium palustre,2020-05-26,2,1
48072077,Cirsium arvense,2020-05-31,2,1
48098703,Cirsium palustre,2020-06-01,2,1
48099245,Cirsium arvense,2020-06-01,2,1
48120342,Cirsium arvense,2020-05-30,2,1
48132468,Cirsium vulgare,2020-06-01,2,1
48151270,Cirsium undulatum,2020-06-01,2,1
48151548,Cirsium ochrocentrum,2020-06-01,2,1
48165373,Cirsium vulgare,2020-05-31,2,1
48251420,Cirsium heterophyllum,2020-05-31,2,1
48350500,Cirsium palustre,2020-06-03,2,1
48415098,Cirsium arvense,2020-06-03,2,1
48442081,Cirsium arvense,2020-06-04,2,1
48466457,Cirsium arvense,2020-06-04,2,1
48478447,Cirsium occidentale,2020-05-29,2,1
48526723,Cirsium arvense,2020-06-05,2,1
48568946,Cirsium brevistylum,2020-06-05,2,1
48572842,Cirsium occidentale,2020-06-05,2,1
48581453,Cirsium neomexicanum,2020-06-03,2,1
48629682,Cirsium rivulare,2020-06-06,2,1
48633829,Cirsium palustre,2020-06-06,2,1
48773919,Cirsium arvense,2020-06-07,2,1
48799879,Cirsium vulgare,2020-06-07,2,1
48815899,Cirsium palustre,2004-06-30,2,1
48830074,Cirsium alsophilum,2020-06-06,2,1
48867868,Cirsium discolor,2020-06-07,2,1
48889760,Cirsium arvense,2020-06-08,2,1
48908252,Cirsium rivulare,2020-06-08,2,1
48945497,Cirsium arvense,2020-06-08,2,1
48994620,Cirsium palustre,2020-06-09,2,1
49016479,Cirsium discolor,2020-06-09,2,1
49060758,Cirsium vulgare,2020-06-09,2,1
49091746,Cirsium tracyi,2020-06-09,2,1
49097816,Cirsium undulatum,2020-05-31,2,1
49105140,Cirsium helenioides,2020-06-10,2,1
49106455,Cirsium palustre,2020-06-10,2,1
49139677,Cirsium rivulare,2020-06-10,2,1
49150567,Cirsium palustre,2020-06-10,2,1
49160022,Cirsium texanum,2020-06-08,2,1
49165006,Cirsium repandum,2020-06-10,2,1
49217943,Cirsium vulgare,2020-06-11,2,1
49302009,Cirsium palustre,2020-06-11,2,1
49317398,Cirsium vulgare,2020-06-12,2,1
49332227,Cirsium arvense,2020-06-08,2,1
49352100,Cirsium vulgare,2020-06-12,2,1
49367661,Cirsium undulatum,2020-06-10,2,1
49387251,Cirsium arvense,2020-06-12,2,1
4939240,Cirsium vulgare,2012-05-23,2,1
49413789,Cirsium palustre,2020-06-13,2,1
49424299,Cirsium arvense,2020-06-13,2,1
49439603,Cirsium vulgare,2020-06-13,2,1
49451024,Cirsium vulgare,2020-06-13,2,1
49462651,Cirsium arvense,2020-06-13,2,1
49465191,Cirsium palustre,2020-06-13,2,1
49487522,Cirsium vulgare,2020-06-13,2,1
49510738,Cirsium arvense,2020-06-12,2,1
49560302,Cirsium vulgare,2020-05-02,2,1
49584990,Cirsium palustre,2020-06-14,2,1
49602453,Cirsium neomexicanum,2018-06-17,2,1
49615033,Cirsium palustre,2020-06-14,2,1
49621185,Cirsium arvense,2020-06-14,2,1
49760402,Cirsium arvense,2020-06-15,2,1
49763211,Cirsium arvense,2020-06-15,2,1
49780260,Cirsium undulatum,2020-06-15,2,1
49806630,Cirsium palustre,2009-05-26,2,1
49816282,Cirsium palustre,2020-06-15,2,1
49825582,Cirsium heterophyllum,2020-06-15,2,1
49851259,Cirsium arvense,2020-06-16,2,1
49851543,Cirsium arvense,2020-06-16,2,1
49868134,Cirsium tuberosum,2020-06-16,2,1
49890361,Cirsium arvense,2020-06-06,2,1
49904133,Cirsium vulgare,2020-06-14,2,1
49919809,Cirsium palustre,2020-06-17,2,1
49931217,Cirsium palustre,2020-06-17,2,1
49935051,Cirsium ochrocentrum,2020-06-10,2,1
49947183,Cirsium nuttallii,2020-06-17,2,1
49988851,Cirsium horridulum,2020-06-17,2,1
50043528,Cirsium heterophyllum,2020-06-18,2,1
50046370,Cirsium vulgare,2020-06-18,2,1
50046921,Cirsium arvense,2020-06-14,2,1
50173613,Cirsium nuttallii,2020-06-19,2,1
50205855,Cirsium canescens,2020-06-19,2,1
50220977,Cirsium altissimum,2020-06-19,2,1
50250718,Cirsium arvense,2020-06-20,2,1
50256360,Cirsium arvense,2020-06-20,2,1
50278786,Cirsium heterophyllum,2020-06-20,2,1
50334920,Cirsium vulgare,2020-06-20,2,1
50347173,Cirsium horridulum,2020-06-19,2,1
50357289,Cirsium occidentale,2020-06-20,2,1
50402611,Cirsium alsophilum,2020-06-21,2,1
50415941,Cirsium arvense,2020-06-21,2,1
50416513,Cirsium vulgare,2020-06-21,2,1
50417611,Cirsium heterophyllum,2020-06-21,2,1
50436833,Cirsium undulatum,2020-06-01,2,1
50441776,Cirsium vulgare,2020-04-08,2,1
50520592,Cirsium texanum,2020-06-02,2,1
50539870,Cirsium heterophyllum,2020-06-21,2,1
50541161,Cirsium vulgare,2020-06-20,2,1
50560771,Cirsium repandum,2020-06-22,2,1
50581885,Cirsium arvense,2020-06-21,2,1
50583836,Cirsium vulgare,2020-06-22,2,1
50588006,Cirsium vulgare,2020-06-22,2,1
50592528,Cirsium heterophyllum,2020-06-23,2,1
50611814,Cirsium undulatum,2020-06-21,2,1
50636135,Cirsium arvense,2020-06-23,2,1
50672530,Cirsium arvense,2020-06-23,2,1
50685996,Cirsium arvense,2020-06-23,2,1
50686196,Cirsium palustre,2020-06-23,2,1
50705549,Cirsium simplex,2014-07-08,2,1
50739190,Cirsium occidentale,2020-05-13,2,1
50758875,Cirsium palustre,2020-06-24,2,1
50766066,Cirsium vulgare,2020-06-23,2,1
50774804,Cirsium canum,2020-06-24,2,1
50815086,Cirsium palustre,2020-06-24,2,1
50819040,Cirsium brevistylum,2020-06-24,2,1
50839477,Cirsium vulgare,2020-06-24,2,1
50873540,Cirsium pumilum,2020-06-25,2,1
50887281,Cirsium heterophyllum,2020-06-25,2,1
50904520,Cirsium vulgare,2020-06-25,2,1
50908768,Cirsium engelmannii,2020-06-25,2,1
50995194,Cirsium arvense,2020-06-26,2,1
51003022,Cirsium vulgare,2020-06-26,2,1
51007376,Cirsium edule,2020-06-26,2,1
51049603,Cirsium scariosum,2020-06-26,2,1
51073337,Cirsium heterophyllum,2020-06-24,2,1
51133329,Cirsium spinosissimum,2020-06-27,2,1
51153455,Cirsium arvense,2020-06-27,2,1
51209414,Cirsium heterophyllum,2020-06-27,2,1
51216313,Cirsium arvense,2020-06-28,2,1
51221408,Cirsium heterophyllum,2020-06-28,2,1
51244949,Cirsium palustre,2020-06-27,2,1
51279097,Cirsium arvense,2020-06-28,2,1
51317141,Cirsium vulgare,2020-06-28,2,1
51321668,Cirsium drummondii,2020-06-28,2,1
51340735,Cirsium vulgare,2020-06-29,2,1
51353607,Cirsium vulgare,2020-06-29,2,1
51370101,Cirsium arvense,2020-06-28,2,1
51390764,Cirsium arvense,2020-06-29,2,1
51411319,Cirsium arvense,2020-06-28,2,1
51423048,Cirsium vulgare,2020-06-29,2,1
51447302,Cirsium arvense,2020-06-28,2,1
51450557,Cirsium arvense,2020-06-30,2,1
51452022,Cirsium arvense,2020-06-30,2,1
51464468,Cirsium vulgare,2020-06-30,2,1
51489765,Cirsium arvense,2020-06-30,2,1
51499228,Cirsium arvense,2020-06-25,2,1
51502665,Cirsium palustre,2020-06-27,2,1
51507766,Cirsium palustre,2020-06-30,2,1
51522495,Cirsium muticum,2020-06-28,2,1
51559289,Cirsium vulgare,2020-07-01,2,1
51559431,Cirsium palustre,2020-07-01,2,1
51561064,Cirsium palustre,2020-07-01,2,1
51572425,Cirsium arvense,2020-07-01,2,1
51576119,Cirsium heterophyllum,2020-06-22,2,1
51584804,Cirsium arvense,2020-06-29,2,1
51584970,Cirsium heterophyllum,2020-06-26,2,1
51602697,Cirsium vulgare,2020-07-01,2,1
51611996,Cirsium palustre,2020-07-01,2,1
51612013,Cirsium vulgare,2020-07-01,2,1
51619509,Cirsium arvense,2020-07-01,2,1
51673316,Cirsium arvense,2020-07-01,2,1
51680932,Cirsium arvense,2020-07-02,2,1
51682630,Cirsium arvense,2020-07-01,2,1
51690358,Cirsium heterophyllum,2020-07-02,2,1
51716345,Cirsium arvense,2020-07-02,2,1
51728037,Cirsium canum,2020-07-02,2,1
51731845,Cirsium palustre,2020-07-02,2,1
51759638,Cirsium vulgare,2020-07-02,2,1
51773132,Cirsium palustre,2020-07-03,2,1
51774444,Cirsium heterophyllum,2020-07-02,2,1
51779119,Cirsium arvense,2020-06-27,2,1
51781423,Cirsium palustre,2020-06-28,2,1
51782446,Cirsium arvense,2020-07-03,2,1
51815235,Cirsium heterophyllum,2020-07-03,2,1
51853093,Cirsium arvense,2020-07-03,2,1
51855546,Cirsium vulgare,2020-07-03,2,1
51877431,Cirsium vulgare,2020-07-02,2,1
51897773,Cirsium arvense,2020-07-04,2,1
5190253,Cirsium vulgare,2017-02-27,2,1
51941086,Cirsium vulgare,2020-07-04,2,1
51964928,Cirsium vulgare,2020-07-04,2,1
51966109,Cirsium discolor,2020-07-03,2,1
51970928,Cirsium arvense,2020-07-04,2,1
51996838,Cirsium vulgare,2020-07-05,2,1
52009674,Cirsium serratuloides,2020-06-28,2,1
52019795,Cirsium oleraceum,2020-07-05,2,1
52033578,Cirsium arvense,2020-07-05,2,1
52043177,Cirsium vulgare,2020-07-04,2,1
52054688,Cirsium vulgare,2020-07-05,2,1
52062040,Cirsium serrulatum,2020-07-05,2,1
52113678,Cirsium arvense,2020-07-05,2,1
52122284,Cirsium arvense,2020-07-05,2,1
52129554,Cirsium heterophyllum,2020-07-05,2,1
52130242,Cirsium vulgare,2020-07-06,2,1
52132514,Cirsium heterophyllum,2020-07-06,2,1
52135342,Cirsium heterophyllum,2020-07-06,2,1
52140991,Cirsium arvense,2020-07-06,2,1
52141057,Cirsium vulgare,2020-06-28,2,1
52146590,Cirsium oleraceum,2020-07-06,2,1
52148823,Cirsium arvense,2020-07-03,2,1
52152466,Cirsium arvense,2020-07-06,2,1
52155402,Cirsium vulgare,2020-07-05,2,1
52157675,Cirsium arvense,2020-07-06,2,1
52165212,Cirsium arvense,2020-07-06,2,1
52169122,Cirsium vulgare,2020-07-06,2,1
52169989,Cirsium arvense,2020-07-06,2,1
52185072,Cirsium drummondii,2020-07-04,2,1
52191868,Cirsium vulgare,2020-07-06,2,1
52200730,Cirsium scariosum,2020-06-21,2,1
52224854,Cirsium flodmanii,2020-07-06,2,1
52227455,Cirsium canescens,2020-07-05,2,1
52233216,Cirsium vulgare,2020-07-07,2,1
52254279,Cirsium muticum,2020-07-02,2,1
52272863,Cirsium vulgare,2020-07-07,2,1
52282318,Cirsium nuttallii,2020-07-01,2,1
52286206,Cirsium palustre,2020-07-07,2,1
52301514,Cirsium heterophyllum,2020-07-07,2,1
52301800,Cirsium discolor,2020-07-07,2,1
52310279,Cirsium arvense,2020-07-07,2,1
52333853,Cirsium canum,2020-07-08,2,1
52339215,Cirsium oleraceum,2020-07-08,2,1
52346252,Cirsium palustre,2020-07-08,2,1
52349318,Cirsium palustre,2020-07-01,2,1
52351094,Cirsium vulgare,2020-07-07,2,1
52356247,Cirsium oleraceum,2020-07-07,2,1
52360511,Cirsium arvense,2020-07-08,2,1
52399298,Cirsium arvense,2020-07-08,2,1
52401198,Cirsium flodmanii,2020-07-07,2,1
52446508,Cirsium palustre,2020-07-08,2,1
52467869,Cirsium undulatum,2020-07-08,2,1
52481171,Cirsium heterophyllum,2020-07-09,2,1
52511252,Cirsium arvense,2020-07-07,2,1
52528668,Cirsium arvense,2020-07-09,2,1
52546003,Cirsium arvense,2020-07-10,2,1
52546181,Cirsium vulgare,2020-07-09,2,1
52608542,Cirsium palustre,2020-07-10,2,1
52613375,Cirsium palustre,2010-08-07,2,1
52645440,Cirsium vulgare,2020-07-10,2,1
52648865,Cirsium scariosum,2020-07-06,2,1
52656511,Cirsium arvense,2020-07-11,2,1
52667837,Cirsium heterophyllum,2020-07-11,2,1
52671641,Cirsium arvense,2020-07-11,2,1
52674075,Cirsium palustre,2020-07-11,2,1
52700114,Cirsium arvense,2020-07-11,2,1
52709299,Cirsium vulgare,2020-07-10,2,1
52724595,Cirsium heterophyllum,2020-07-11,2,1
52758650,Cirsium kamtschaticum,2020-07-12,2,1
52779763,Cirsium vulgare,2020-07-04,2,1
52785606,Cirsium arvense,2020-07-11,2,1
52794597,Cirsium vulgare,2020-07-12,2,1
52845290,Cirsium vulgare,2020-07-12,2,1
52896222,Cirsium discolor,2020-07-12,2,1
52904658,Cirsium palustre,2020-06-26,2,1
52914320,Cirsium arvense,2020-07-13,2,1
52916699,Cirsium arvense,2020-07-12,2,1
52916918,Cirsium arvense,2020-07-11,2,1
52923241,Cirsium arvense,2020-07-13,2,1
52926420,Cirsium arvense,2020-07-11,2,1
52947011,Cirsium arvense,2020-07-09,2,1
52951452,Cirsium vulgare,2020-07-11,2,1
52956165,Cirsium vulgare,2020-07-13,2,1
52957701,Cirsium vulgare,2020-07-13,2,1
52971220,Cirsium palustre,2020-07-12,2,1
52979509,Cirsium vulgare,2020-07-13,2,1
53017430,Cirsium vulgare,2020-07-13,2,1
53030633,Cirsium heterophyllum,2020-07-13,2,1
53048547,Cirsium heterophyllum,2020-07-14,2,1
53060020,Cirsium heterophyllum,2020-07-14,2,1
53063886,Cirsium arvense,2020-07-14,2,1
53074324,Cirsium heterophyllum,2020-07-13,2,1
53076575,Cirsium arvense,2020-07-14,2,1
53081518,Cirsium arvense,2020-07-14,2,1
53090564,Cirsium palustre,2020-07-14,2,1
53132376,Cirsium heterophyllum,2020-07-15,2,1
53133440,Cirsium palustre,2020-07-15,2,1
53176095,Cirsium arvense,2020-07-15,2,1
53195744,Cirsium arvense,2020-07-15,2,1
53203606,Cirsium heterophyllum,2020-07-14,2,1
53207582,Cirsium heterophyllum,2020-06-26,2,1
53238923,Cirsium heterophyllum,2020-07-16,2,1
53261963,Cirsium mohavense,2020-07-16,2,1
53268104,Cirsium palustre,2020-07-16,2,1
53283798,Cirsium esculentum,2020-07-15,2,1
53327925,Cirsium vulgare,2020-07-16,2,1
53329401,Cirsium edule,2020-07-16,2,1
53334036,Cirsium arvense,2020-07-12,2,1
53336896,Cirsium vulgare,2020-07-15,2,1
53356242,Cirsium flodmanii,2020-07-17,2,1
53371110,Cirsium vulgare,2020-07-17,2,1
53380572,Cirsium palustre,2020-07-17,2,1
53385166,Cirsium arvense,2020-07-17,2,1
53413818,Cirsium palustre,2020-07-17,2,1
53471927,Cirsium vulgare,2020-07-18,2,1
53505651,Cirsium vulgare,2020-07-18,2,1
53507125,Cirsium oleraceum,2020-07-18,2,1
53514389,Cirsium vulgare,2020-07-18,2,1
53514579,Cirsium vulgare,2020-07-18,2,1
53518216,Cirsium undulatum,2020-07-18,2,1
53530078,Cirsium flodmanii,2020-07-18,2,1
53546025,Cirsium arvense,2020-07-15,2,1
53547616,Cirsium ochrocentrum,2020-07-18,2,1
53552590,Cirsium hookerianum,2020-07-16,2,1
53579609,Cirsium arvense,2020-07-18,2,1
53598667,Cirsium heterophyllum,2020-07-15,2,1
53603195,Cirsium arvense,2020-07-19,2,1
53630105,Cirsium oleraceum,2020-07-16,2,1
53657361,Cirsium arvense,2020-07-19,2,1
53674537,Cirsium occidentale,2020-07-18,2,1
53681470,Cirsium flodmanii,2020-07-19,2,1
53694054,Cirsium vulgare,2020-07-18,2,1
53704022,Cirsium vulgare,2020-07-01,2,1
53704073,Cirsium heterophyllum,2020-07-01,2,1
53711079,Cirsium oleraceum,2020-07-20,2,1
53715060,Cirsium heterophyllum,2020-07-20,2,1
53763918,Cirsium arvense,2020-07-20,2,1
53815264,Cirsium palustre,2020-07-21,2,1
53822879,Cirsium arvense,2020-07-21,2,1
53823769,Cirsium heterophyllum,2020-07-21,2,1
53827688,Cirsium arvense,2020-07-21,2,1
53844133,Cirsium palustre,2020-07-21,2,1
53851825,Cirsium arvense,2020-07-21,2,1
53887621,Cirsium vulgare,2020-07-20,2,1
53892312,Cirsium vulgare,2020-07-16,2,1
53919585,Cirsium heterophyllum,2020-07-02,2,1
53926390,Cirsium vulgare,2020-07-22,2,1
53942825,Cirsium arvense,2020-07-21,2,1
53962104,Cirsium esculentum,2020-07-21,2,1
53973945,Cirsium heterophyllum,2020-07-22,2,1
53976789,Cirsium vulgare,2020-07-22,2,1
53987397,Cirsium arvense,2020-07-22,2,1
54010342,Cirsium muticum,2020-07-16,2,1
54019287,Cirsium altissimum,2020-07-19,2,1
54034716,Cirsium palustre,2020-07-23,2,1
54062467,Cirsium discolor,2020-07-23,2,1
54074990,Cirsium monspessulanum,2020-07-23,2,1
54087087,Cirsium heterophyllum,2020-07-21,2,1
54115698,Cirsium arvense,2020-07-18,2,1
54124782,Cirsium vulgare,2020-07-18,2,1
54133879,Cirsium heterophyllum,2020-07-24,2,1
54136374,Cirsium arvense,2020-07-24,2,1
54137163,Cirsium arvense,2020-07-24,2,1
54138335,Cirsium arvense,2020-07-23,2,1
54143697,Cirsium esculentum,2020-07-22,2,1
54149595,Cirsium vulgare,2020-07-24,2,1
54180729,Cirsium arvense,2020-07-24,2,1
54201875,Cirsium arvense,2020-07-24,2,1
54238946,Cirsium vulgare,2020-07-25,2,1
54247734,Cirsium vulgare,2020-07-25,2,1
54249246,Cirsium oleraceum,2020-07-25,2,1
54254309,Cirsium vulgare,2020-07-25,2,1
54275755,Cirsium arvense,2020-07-25,2,1
54304438,Cirsium arvense,2020-07-23,2,1
54349621,Cirsium arvense,2020-07-25,2,1
54361812,Cirsium clokeyi,2020-07-25,2,1
54364153,Cirsium arvense,2020-07-12,2,1
54375122,Cirsium heterophyllum,2020-07-25,2,1
54381681,Cirsium arvense,2020-07-25,2,1
54414279,Cirsium arvense,2020-07-25,2,1
54415115,Cirsium oleraceum,2020-07-26,2,1
54418502,Cirsium vulgare,2020-07-26,2,1
54427971,Cirsium arvense,2020-07-24,2,1
54441344,Cirsium arvense,2020-07-08,2,1
54465046,Cirsium oleraceum,2020-07-25,2,1
54475970,Cirsium flodmanii,2020-07-26,2,1
54494536,Cirsium vulgare,2020-07-26,2,1
54498096,Cirsium palustre,2020-07-24,2,1
54499905,Cirsium vulgare,2020-07-25,2,1
54503642,Cirsium vulgare,2020-07-27,2,1
54504119,Cirsium arvense,2020-07-27,2,1
54516109,Cirsium vulgare,2020-07-26,2,1
54519425,Cirsium helenioides,2020-07-19,2,1
54523763,Cirsium arvense,2020-07-27,2,1
54527778,Cirsium eatonii,2020-07-21,2,1
54567078,Cirsium arvense,2020-07-26,2,1
54616953,Cirsium vulgare,2020-07-28,2,1
54617388,Cirsium vulgare,2020-07-28,2,1
54628072,Cirsium vulgare,2020-07-28,2,1
54630154,Cirsium arvense,2020-07-28,2,1
54649595,Cirsium vulgare,2020-07-28,2,1
54657416,Cirsium arvense,2020-07-28,2,1
54697829,Cirsium arvense,2020-07-27,2,1
54709830,Cirsium vulgare,2020-07-28,2,1
54710189,Cirsium helenioides,2020-07-29,2,1
54710356,Cirsium arvense,2020-07-29,2,1
54712064,Cirsium arvense,2020-07-26,2,1
54716600,Cirsium serratuloides,2020-07-29,2,1
54717809,Cirsium heterophyllum,2020-07-29,2,1
54733203,Cirsium vulgare,2020-07-29,2,1
54746480,Cirsium vulgare,2020-07-29,2,1
54748262,Cirsium arvense,2020-07-26,2,1
54760151,Cirsium palustre,2020-07-29,2,1
54762842,Cirsium vulgare,2020-07-29,2,1
54764233,Cirsium arvense,2020-07-29,2,1
54776129,Cirsium arvense,2020-07-20,2,1
54790461,Cirsium vulgare,2020-07-28,2,1
54801468,Cirsium funkiae,2020-07-29,2,1
54816052,Cirsium vulgare,2020-07-30,2,1
54823309,Cirsium japonicum,2020-07-30,2,1
54824964,Cirsium vulgare,2020-07-30,2,1
54829566,Cirsium vulgare,2020-07-30,2,1
54850210,Cirsium vulgare,2020-07-30,2,1
54854599,Cirsium engelmannii,2020-07-30,2,1
54858882,Cirsium arvense,2020-07-30,2,1
54875474,Cirsium arvense,2020-07-28,2,1
54897294,Cirsium vulgare,2020-07-28,2,1
54905236,Cirsium arvense,2020-07-16,2,1
54939783,Cirsium esculentum,2020-07-31,2,1
54980523,Cirsium vulgare,2020-07-26,2,1
55012357,Cirsium discolor,2020-07-29,2,1
55014815,Cirsium arvense,2020-08-01,2,1
55017121,Cirsium vulgare,2020-07-21,2,1
55031028,Cirsium arvense,2020-08-01,2,1
55033363,Cirsium arvense,2020-08-01,2,1
55035610,Cirsium vulgare,2020-08-01,2,1
55038119,Cirsium vulgare,2020-08-01,2,1
55052396,Cirsium arvense,2020-07-24,2,1
55095095,Cirsium vulgare,2020-07-30,2,1
55124450,Cirsium rivulare,2011-06-12,2,1
5512611,Cirsium horridulum,2017-03-26,2,1
55128093,Cirsium palustre,2020-07-24,2,1
55129312,Cirsium vulgare,2020-08-02,2,1
55143884,Cirsium arvense,2020-08-02,2,1
55160422,Cirsium esculentum,2020-08-02,2,1
55172353,Cirsium arvense,2020-08-02,2,1
55189728,Cirsium vulgare,2020-08-02,2,1
55190980,Cirsium arvense,2020-08-02,2,1
55211773,Cirsium vulgare,2020-08-02,2,1
55229847,Cirsium arvense,2020-08-02,2,1
55250585,Cirsium heterophyllum,2020-08-02,2,1
55304337,Cirsium oleraceum,2020-08-03,2,1
55354255,Cirsium arvense,2020-08-03,2,1
55356298,Cirsium vulgare,2020-08-04,2,1
55357707,Cirsium occidentale,2020-08-02,2,1
55368973,Cirsium serratuloides,2020-08-04,2,1
55379068,Cirsium oleraceum,2020-08-04,2,1
55396713,Cirsium discolor,2020-08-04,2,1
5542376,Cirsium acaulon,2011-08-08,2,1
55430819,Cirsium arvense,2020-08-04,2,1
55479514,Cirsium palustre,2020-08-05,2,1
55517852,Cirsium heterophyllum,2020-08-05,2,1
55530822,Cirsium arvense,2020-08-05,2,1
55571314,Cirsium arvense,2020-07-30,2,1
55572182,Cirsium vulgare,2020-08-05,2,1
55585911,Cirsium acaulon,2020-08-06,2,1
55594778,Cirsium acaulon,2020-08-06,2,1
55601156,Cirsium altissimum,2020-08-06,2,1
55604216,Cirsium arvense,2020-08-06,2,1
55626700,Cirsium arvense,2020-08-05,2,1
55636030,Cirsium arvense,2020-08-06,2,1
55639776,Cirsium arvense,2020-08-06,2,1
55664691,Cirsium undulatum,2020-07-07,2,1
55680707,Cirsium oleraceum,2020-08-06,2,1
55681857,Cirsium palustre,2020-08-04,2,1
55693559,Cirsium arvense,2020-08-06,2,1
55695775,Cirsium oleraceum,2020-07-12,2,1
55714077,Cirsium vulgare,2020-08-07,2,1
55732738,Cirsium vulgare,2020-08-05,2,1
55757460,Cirsium ferum,2020-08-08,2,1
55765042,Cirsium vulgare,2020-08-08,2,1
55767399,Cirsium vulgare,2020-07-31,2,1
55773039,Cirsium vulgare,2020-08-08,2,1
55778090,Cirsium arvense,2020-08-06,2,1
55799380,Cirsium heterophyllum,2020-08-08,2,1
55803004,Cirsium vulgare,2020-08-08,2,1
55804151,Cirsium arvense,2020-08-01,2,1
55805753,Cirsium nivale,2020-07-12,2,1
55833752,Cirsium hookerianum,2020-07-24,2,1
55833835,Cirsium oleraceum,2020-07-23,2,1
55845628,Cirsium oleraceum,2020-08-04,2,1
55848661,Cirsium vulgare,2020-08-08,2,1
55882980,Cirsium arvense,2020-08-08,2,1
55883681,Cirsium palustre,2020-08-08,2,1
55884522,Cirsium ukranicum,2020-08-04,2,1
55885320,Cirsium arvense,2020-08-08,2,1
55888014,Cirsium acaulon,2020-08-09,2,1
55909066,Cirsium vulgare,2020-08-09,2,1
55922734,Cirsium acaulon,2020-08-09,2,1
55944230,Cirsium vulgare,2020-08-09,2,1
55953377,Cirsium oleraceum,2020-08-05,2,1
55953728,Cirsium vulgare,2020-08-05,2,1
55959960,Cirsium altissimum,2020-08-09,2,1
55989683,Cirsium discolor,2020-08-09,2,1
55996297,Cirsium muticum,2020-08-04,2,1
56007703,Cirsium arvense,2020-08-05,2,1
56016673,Cirsium vulgare,2020-08-10,2,1
56020273,Cirsium vulgare,2020-07-23,2,1
56026067,Cirsium muticum,2020-08-09,2,1
56034016,Cirsium arvense,2020-08-10,2,1
56043247,Cirsium vulgare,2020-08-08,2,1
56053069,Cirsium arvense,2020-08-10,2,1
56060359,Cirsium vulgare,2020-08-08,2,1
56068221,Cirsium arvense,2020-08-02,2,1
56070922,Cirsium arvense,2020-08-10,2,1
56081285,Cirsium arvense,2020-08-03,2,1
56089165,Cirsium helenioides,2020-06-12,2,1
56091895,Cirsium vulgare,2020-08-08,2,1
56113897,Cirsium otayae,2020-08-09,2,1
56118115,Cirsium arvense,2020-08-11,2,1
56120804,Cirsium arvense,2020-08-11,2,1
56122527,Cirsium palustre,2014-05-23,2,1
56177801,Cirsium undulatum,2020-08-11,2,1
56198471,Cirsium palustre,2020-08-07,2,1
56220851,Cirsium arvense,2020-07-28,2,1
56220977,Cirsium arvense,2020-08-12,2,1
56240186,Cirsium arvense,2020-08-12,2,1
56241293,Cirsium arvense,2020-08-12,2,1
56261240,Cirsium undulatum,2019-06-11,2,1
56282390,Cirsium muticum,2020-08-03,2,1
56305612,Cirsium arvense,2020-08-12,2,1
56316996,Cirsium muticum,2020-08-12,2,1
56324025,Cirsium oleraceum,2020-08-13,2,1
56355143,Cirsium vulgare,2020-08-12,2,1
56357869,Cirsium vulgare,2020-08-11,2,1
56385978,Cirsium arvense,2020-08-13,2,1
56406742,Cirsium vulgare,2020-08-02,2,1
56410820,Cirsium rivulare,2020-08-13,2,1
56412047,Cirsium vulgare,2020-08-14,2,1
56416569,Cirsium muticum,2020-08-14,2,1
56419693,Cirsium andersonii,2020-08-06,2,1
56420068,Cirsium vulgare,2020-07-31,2,1
56421054,Cirsium arvense,2020-08-14,2,1
56423761,Cirsium vulgare,2020-08-13,2,1
56446921,Cirsium arvense,2020-08-13,2,1
56456554,Cirsium discolor,2020-08-14,2,1
56458581,Cirsium arvense,2020-08-14,2,1
56460713,Cirsium vulgare,2020-08-12,2,1
56479281,Cirsium vulgare,2020-08-14,2,1
56502055,Cirsium arvense,2020-08-15,2,1
56509000,Cirsium vulgare,2020-08-13,2,1
56512892,Cirsium vulgare,2020-08-13,2,1
56525571,Cirsium arvense,2020-08-15,2,1
56543173,Cirsium vulgare,2020-08-15,2,1
56548983,Cirsium arvense,2020-08-15,2,1
56638126,Cirsium flodmanii,2020-08-16,2,1
56644773,Cirsium arvense,2020-08-16,2,1
56655445,Cirsium arvense,2020-08-16,2,1
56658242,Cirsium vulgare,2020-08-16,2,1
56698829,Cirsium arvense,2020-08-16,2,1
56700003,Cirsium arvense,2020-08-16,2,1
56701325,Cirsium arvense,2020-08-16,2,1
56706285,Cirsium arvense,2020-07-25,2,1
5671182,Cirsium horridulum,2017-04-09,2,1
56725820,Cirsium oleraceum,2020-08-17,2,1
56756117,Cirsium arvense,2020-08-16,2,1
56770540,Cirsium vulgare,2020-07-30,2,1
56773020,Cirsium undulatum,2020-07-23,2,1
56793321,Cirsium occidentale,2020-08-15,2,1
56798702,Cirsium eatonii,2020-08-07,2,1
56818655,Cirsium hookerianum,2020-08-15,2,1
56822649,Cirsium oleraceum,2020-08-18,2,1
56861727,Cirsium arvense,2020-08-18,2,1
56897307,Cirsium muticum,2020-08-15,2,1
56924231,Cirsium arvense,2020-08-13,2,1
56930293,Cirsium arvense,2020-08-19,2,1
56934213,Cirsium vulgare,2020-08-19,2,1
56953950,Cirsium arvense,2020-08-19,2,1
56956025,Cirsium vulgare,2020-08-16,2,1
56965190,Cirsium verutum,2020-08-19,2,1
56986063,Cirsium parryi,2020-08-19,2,1
57019154,Cirsium altissimum,2020-08-20,2,1
57036208,Cirsium serrulatum,2020-08-20,2,1
57047930,Cirsium oleraceum,2020-08-20,2,1
57049270,Cirsium arvense,2020-08-20,2,1
57108144,Cirsium acaulon,2020-08-21,2,1
57108176,Cirsium arvense,2020-08-21,2,1
57118297,Cirsium arvense,2020-08-21,2,1
57130858,Cirsium acaulon,2020-08-20,2,1
57140638,Cirsium acaulon,2020-08-21,2,1
57194950,Cirsium arvense,2020-08-22,2,1
57196171,Cirsium heterophyllum,2020-07-28,2,1
57202644,Cirsium discolor,2020-08-21,2,1
57207342,Cirsium vulgare,2020-08-10,2,1
57215607,Cirsium palustre,2020-07-28,2,1
57231449,Cirsium oleraceum,2020-08-22,2,1
57247932,Cirsium discolor,2020-08-21,2,1
57249545,Cirsium ciliatum,2020-08-02,2,1
57265418,Cirsium rivulare,2020-07-28,2,1
57279957,Cirsium vulgare,2020-08-13,2,1
57314055,Cirsium oleraceum,2020-08-21,2,1
57315827,Cirsium canum,2020-08-23,2,1
57370323,Cirsium vulgare,2014-02-23,2,1
57389414,Cirsium vulgare,2020-08-23,2,1
5739123,Cirsium horridulum,2017-04-14,2,1
57405254,Cirsium arvense,2020-08-17,2,1
57445867,Cirsium arvense,2020-08-23,2,1
57451018,Cirsium discolor,2020-08-17,2,1
57459314,Cirsium discolor,2020-08-24,2,1
57472330,Cirsium arvense,2020-08-21,2,1
57477059,Cirsium vulgare,2020-08-24,2,1
57529018,Cirsium arvense,2020-08-25,2,1
57529543,Cirsium arvense,2020-08-25,2,1
57585814,Cirsium vulgare,2020-08-07,2,1
57604258,Cirsium arvense,2020-08-25,2,1
57613060,Cirsium altissimum,2020-08-19,2,1
57620969,Cirsium arvense,2020-08-25,2,1
57659972,Cirsium heterophyllum,2020-08-26,2,1
57664043,Cirsium muticum,2020-08-26,2,1
57667400,Cirsium vulgare,2020-08-26,2,1
57688535,Cirsium altissimum,2020-08-26,2,1
57740306,Cirsium vulgare,2020-08-26,2,1
57749170,Cirsium vulgare,2020-08-27,2,1
57764666,Cirsium muticum,2020-08-27,2,1
57777685,Cirsium nuttallii,2020-08-27,2,1
57783975,Cirsium vulgare,2015-08-30,2,1
57797268,Cirsium scariosum,2020-07-23,2,1
57844206,Cirsium arvense,2020-08-28,2,1
57852395,Cirsium vulgare,2020-08-18,2,1
57920004,Cirsium discolor,2020-08-29,2,1
57923771,Cirsium heterophyllum,2020-08-29,2,1
57939999,Cirsium discolor,2020-08-29,2,1
57940014,Cirsium esculentum,2020-08-18,2,1
57940179,Cirsium altissimum,2020-08-28,2,1
57941618,Cirsium altissimum,2020-08-29,2,1
57945021,Cirsium discolor,2020-08-29,2,1
57950178,Cirsium muticum,2020-08-29,2,1
57957943,Cirsium altissimum,2020-08-29,2,1
57976562,Cirsium arvense,2020-08-17,2,1
57994189,Cirsium muticum,2020-08-28,2,1
58016686,Cirsium arvense,2020-08-29,2,1
58018108,Cirsium arvense,2020-08-30,2,1
58064525,Cirsium arvense,2020-08-06,2,1
58101362,Cirsium lecontei,2020-08-30,2,1
58130462,Cirsium arvense,2020-08-28,2,1
58138778,Cirsium arvense,2020-08-31,2,1
58141137,Cirsium discolor,2020-08-31,2,1
58177764,Cirsium vulgare,2020-08-31,2,1
58200351,Cirsium arvense,2020-08-31,2,1
58209298,Cirsium discolor,2020-08-29,2,1
58213975,Cirsium discolor,2020-08-31,2,1
58230689,Cirsium vulgare,2020-09-01,2,1
58238931,Cirsium muticum,2020-08-30,2,1
58267031,Cirsium muticum,2020-09-01,2,1
58279052,Cirsium oleraceum,2020-09-01,2,1
58282278,Cirsium arvense,2020-08-22,2,1
58347555,Cirsium pumilum,2020-09-02,2,1
58354054,Cirsium arvense,2020-09-02,2,1
5838464,Cirsium horridulum,2017-04-18,2,1
58423877,Cirsium vulgare,2020-09-03,2,1
58466150,Cirsium undulatum,2020-09-03,2,1
58496624,Cirsium vulgare,2020-08-30,2,1
58517504,Cirsium altissimum,2020-09-03,2,1
58536447,Cirsium arvense,2012-05-19,2,1
58538208,Cirsium heterophyllum,2020-08-11,2,1
58600918,Cirsium altissimum,2020-09-05,2,1
58621448,Cirsium vulgare,2020-09-04,2,1
58638607,Cirsium vulgare,2020-09-05,2,1
58646510,Cirsium arvense,2020-09-01,2,1
58649157,Cirsium vulgare,2020-09-05,2,1
58690433,Cirsium arvense,2020-09-06,2,1
58706329,Cirsium altissimum,2020-09-05,2,1
58710481,Cirsium arvense,2020-08-30,2,1
58710649,Cirsium canum,2020-08-30,2,1
58710784,Cirsium ukranicum,2020-08-30,2,1
58710875,Cirsium vulgare,2020-08-30,2,1
58724233,Cirsium oleraceum,2020-09-06,2,1
58767590,Cirsium erisithales,2020-09-03,2,1
58775819,Cirsium arvense,2020-09-04,2,1
58821718,Cirsium vulgare,2020-09-07,2,1
5885573,Cirsium vulgare,2017-04-20,2,1
58862738,Cirsium discolor,2020-09-07,2,1
58898196,Cirsium vulgare,2020-09-07,2,1
58952674,Cirsium vulgare,2020-09-08,2,1
59004295,Cirsium arvense,2020-09-08,2,1
59041635,Cirsium altissimum,2020-09-09,2,1
59115899,Cirsium kamtschaticum,2020-08-14,2,1
59124067,Cirsium serratuloides,2020-08-06,2,1
59154193,Cirsium vulgare,2020-09-09,2,1
59233621,Cirsium helenioides,2020-09-06,2,1
59310174,Cirsium vulgare,2020-09-05,2,1
59356176,Cirsium oleraceum,2020-09-12,2,1
59397749,Cirsium vulgare,2020-09-05,2,1
59403727,Cirsium vulgare,2020-09-06,2,1
59455056,Cirsium arvense,2020-09-13,2,1
59468366,Cirsium mexicanum,2020-09-13,2,1
59533707,Cirsium altissimum,2020-09-13,2,1
59567444,Cirsium altissimum,2020-09-14,2,1
59595762,Cirsium arvense,2020-09-13,2,1
59608270,Cirsium vulgare,2020-09-12,2,1
59652954,Cirsium horridulum,2020-09-09,2,1
59661162,Cirsium altissimum,2020-09-06,2,1
59688969,Cirsium arvense,2020-09-15,2,1
59711641,Cirsium kamtschaticum,2020-06-19,2,1
59720817,Cirsium vulgare,2020-09-15,2,1
59729629,Cirsium discolor,2020-09-10,2,1
59731051,Cirsium muticum,2020-09-13,2,1
59746794,Cirsium andersonii,2020-09-15,2,1
59798155,Cirsium arvense,2020-09-16,2,1
59806006,Cirsium altissimum,2020-09-16,2,1
59835469,Cirsium mexicanum,2020-09-14,2,1
59850347,Cirsium muticum,2020-09-16,2,1
59851217,Cirsium arvense,2020-09-14,2,1
59978966,Cirsium oleraceum,2012-05-11,2,1
60006153,Cirsium arvense,2020-09-18,2,1
60019801,Cirsium arvense,2020-09-18,2,1
6002253,Cirsium vulgare,2017-04-29,2,1
60044313,Cirsium helenioides,2020-09-19,2,1
60105818,Cirsium arvense,2020-09-19,2,1
60189134,Cirsium arvense,2020-09-20,2,1
60222174,Cirsium serrulatum,2012-10-20,2,1
60224614,Cirsium vulgare,2020-09-20,2,1
60237868,Cirsium altissimum,2020-09-20,2,1
60292182,Cirsium altissimum,2020-09-06,2,1
60299472,Cirsium vulgare,2020-09-20,2,1
60446036,Cirsium discolor,2020-09-19,2,1
60455094,Cirsium arvense,2020-09-21,2,1
60457197,Cirsium vulgare,2020-09-22,2,1
60511908,Cirsium vulgare,2020-09-22,2,1
60565571,Cirsium muticum,2020-09-23,2,1
60572594,Cirsium ehrenbergii,2020-09-23,2,1
60572755,Cirsium discolor,2020-09-23,2,1
60629764,Cirsium arvense,2020-09-23,2,1
60632487,Cirsium vulgare,2020-09-21,2,1
60658388,Cirsium ochrocentrum,2020-09-24,2,1
60673677,Cirsium vulgare,2020-09-22,2,1
60677346,Cirsium occidentale,2020-09-24,2,1
60705890,Cirsium arvense,2020-09-25,2,1
60796206,Cirsium vulgare,2020-09-25,2,1
60805645,Cirsium arvense,2020-09-26,2,1
60920449,Cirsium discolor,2020-09-25,2,1
60939372,Cirsium vulgare,2020-09-27,2,1
60940249,Cirsium ochrocentrum,2018-05-24,2,1
61009111,Cirsium virginianum,2020-09-11,2,1
61026239,Cirsium arvense,2020-09-27,2,1
61066907,Cirsium arvense,2020-09-25,2,1
61080084,Cirsium dissectum,2004-07-10,2,1
61080459,Cirsium tuberosum,2008-08-20,2,1
61168040,Cirsium altissimum,2020-09-24,2,1
61214938,Cirsium vulgare,2020-09-29,2,1
61219599,Cirsium vulgare,2020-09-29,2,1
61248327,Cirsium oleraceum,2020-09-26,2,1
61302832,Cirsium arvense,2020-09-30,2,1
6133161,Cirsium vulgare,2017-05-07,2,1
61373292,Cirsium arvense,2020-10-01,2,1
61491194,Cirsium arvense,2020-10-02,2,1
61525661,Cirsium vulgare,2020-07-30,2,1
61548236,Cirsium palustre,2020-10-03,2,1
61586115,Cirsium arvense,2020-10-03,2,1
61629716,Cirsium vulgare,2020-09-26,2,1
61634936,Cirsium altissimum,2020-10-02,2,1
61647787,Cirsium vulgare,2020-10-02,2,1
61653567,Cirsium vulgare,2020-10-03,2,1
61703368,Cirsium palustre,2020-10-04,2,1
61741546,Cirsium pumilum,2020-10-04,2,1
61753089,Cirsium arvense,2020-10-04,2,1
61811847,Cirsium vulgare,2020-09-12,2,1
61858846,Cirsium vulgare,2020-10-03,2,1
61872239,Cirsium vulgare,2009-07-26,2,1
61926204,Cirsium vulgare,2020-07-03,2,1
61941463,Cirsium oleraceum,2020-10-07,2,1
61960323,Cirsium altissimum,2020-10-02,2,1
61962458,Cirsium arvense,2020-10-07,2,1
62014063,Cirsium arvense,2020-10-03,2,1
62018528,Cirsium vulgare,2020-10-08,2,1
62079416,Cirsium muticum,2020-08-22,2,1
62111752,Cirsium arvense,2020-09-10,2,1
6218254,Cirsium vulgare,2017-05-14,2,1
62365315,Cirsium undulatum,2010-07-14,2,1
62407481,Cirsium arvense,2020-07-04,2,1
62503504,Cirsium arvense,2020-10-12,2,1
62613576,Cirsium arvense,2020-10-14,2,1
62655107,Cirsium vulgare,2020-10-14,2,1
62657917,Cirsium arvense,2020-10-13,2,1
62669987,Cirsium vulgare,2020-10-04,2,1
6267159,Cirsium engelmannii,2017-05-13,2,1
6268813,Cirsium japonicum,2017-05-16,2,1
62764096,Cirsium oligophyllum,2020-09-20,2,1
62826143,Cirsium vulgare,2020-10-12,2,1
62880172,Cirsium virginianum,2020-10-17,2,1
62888895,Cirsium vulgare,2020-10-18,2,1
62931694,Cirsium arvense,2020-10-18,2,1
62982928,Cirsium ehrenbergii,2020-10-17,2,1
63087413,Cirsium vulgare,2020-07-13,2,1
63103225,Cirsium vulgare,2020-10-20,2,1
63168020,Cirsium vulgare,2020-10-21,2,1
63213876,Cirsium arvense,2020-10-17,2,1
63296111,Cirsium vulgare,2020-10-22,2,1
63383802,Cirsium altissimum,2020-10-19,2,1
63394492,Cirsium oleraceum,2020-10-24,2,1
63466274,Cirsium vulgare,2020-10-25,2,1
63474376,Cirsium acaulon,2020-10-25,2,1
63544533,Cirsium arvense,2020-10-25,2,1
63558352,Cirsium vulgare,2020-10-26,2,1
63565529,Cirsium arvense,2020-10-25,2,1
63593126,Cirsium rivulare,2014-05-07,2,1
63604887,Cirsium altissimum,2020-10-25,2,1
63607693,Cirsium arvense,2020-10-26,2,1
63639956,Cirsium edule,2014-07-06,2,1
63718047,Cirsium oleraceum,2020-10-28,2,1
63884028,Cirsium acaulon,2020-10-31,2,1
63901516,Cirsium laniflorum,2020-07-15,2,1
63912864,Cirsium discolor,2020-10-31,2,1
63961071,Cirsium arvense,2020-11-01,2,1
63971572,Cirsium vulgare,2020-10-31,2,1
63971576,Cirsium serrulatum,2020-10-31,2,1
64016084,Cirsium arvense,2020-10-30,2,1
64024386,Cirsium heterophyllum,2020-07-12,2,1
6406526,Cirsium vulgare,2017-05-28,2,1
6408440,Cirsium vulgare,2017-05-28,2,1
6408465,Cirsium quercetorum,2017-05-28,2,1
64179751,Cirsium arvense,2011-08-15,2,1
64210045,Cirsium vulgare,2020-10-21,2,1
64217542,Cirsium arvense,2020-10-09,2,1
6430568,Cirsium canescens,2017-05-27,2,1
64401113,Cirsium simplex,2008-08-06,2,1
64477365,Cirsium arvense,2020-11-08,2,1
64522408,Cirsium vulgare,2020-11-09,2,1
64537988,Cirsium palustre,2015-05-01,2,1
64668298,Cirsium oleraceum,2020-11-11,2,1
64677736,Cirsium suzukaense,2020-11-05,2,1
64716954,Cirsium arvense,2020-09-30,2,1
64730764,Cirsium vulgare,2020-07-15,2,1
64740072,Cirsium vulgare,2020-11-06,2,1
6479715,Cirsium vulgare,2017-06-03,2,1
64824804,Cirsium vulgare,2020-11-13,2,1
64872125,Cirsium acaulon,2020-09-14,2,1
65066455,Cirsium occidentale,2018-06-30,2,1
65075060,Cirsium horridulum,2020-11-17,2,1
65103577,Cirsium vulgare,2020-11-17,2,1
65118077,Cirsium arvense,2020-11-17,2,1
65163483,Cirsium canum,2011-08-01,2,1
65190369,Cirsium ehrenbergii,2020-11-14,2,1
65272753,Cirsium discolor,2020-11-20,2,1
65380703,Cirsium arvense,2020-11-21,2,1
65405004,Cirsium oligophyllum,2020-11-22,2,1
6550176,Cirsium vulgare,2017-06-08,2,1
65667214,Cirsium horridulum,2020-11-26,2,1
65740386,Cirsium arvense,2016-06-29,2,1
65742731,Cirsium esculentum,2012-07-24,2,1
65881472,Cirsium esculentum,2012-07-28,2,1
65964241,Cirsium muticum,2017-07-22,2,1
66113382,Cirsium vulgare,2020-07-12,2,1
66130894,Cirsium vulgare,2020-12-04,2,1
66203812,Cirsium undulatum,2020-06-30,2,1
66213714,Cirsium palustre,2020-09-11,2,1
66375513,Cirsium arvense,2020-12-07,2,1
66390595,Cirsium vulgare,2016-08-08,2,1
66460380,Cirsium palustre,2018-08-11,2,1
66483108,Cirsium altissimum,2017-09-02,2,1
66510365,Cirsium vulgare,2016-08-13,2,1
66538415,Cirsium palustre,2020-06-28,2,1
66538582,Cirsium canum,2016-08-13,2,1
66539784,Cirsium arvense,2014-06-24,2,1
66690122,Cirsium canum,2013-06-25,2,1
66741653,Cirsium arvense,2020-12-05,2,1
6675341,Cirsium rhaphilepis,2017-06-09,2,1
66772091,Cirsium canum,2020-07-24,2,1
66868313,Cirsium tuberosum,2020-08-01,2,1
66929534,Cirsium vulgare,2020-12-22,2,1
66969057,Cirsium vulgare,2020-12-23,2,1
67018439,Cirsium heterophyllum,2015-07-07,2,1
67073037,Cirsium vulgare,2020-12-26,2,1
67101933,Cirsium heterophyllum,2017-07-04,2,1
67132758,Cirsium simplex,2019-08-13,2,1
67192385,Cirsium helenioides,2020-07-08,2,1
67310371,Cirsium pugnax,2019-08-13,2,1
67441250,Cirsium arvense,2018-07-03,2,1
67482063,Cirsium vulgare,2021-01-02,2,1
6748992,Cirsium palustre,2017-06-21,2,1
67508256,Cirsium vulgare,2021-01-03,2,1
67548131,Cirsium arvense,2016-08-10,2,1
67570605,Cirsium vulgare,2017-07-23,2,1
67589477,Cirsium vulgare,2021-01-04,2,1
67608436,Cirsium ciliatum,2021-01-05,2,1
67684902,Cirsium vulgare,2017-06-01,2,1
67701788,Cirsium sychnosanthum,2019-08-15,2,1
67743233,Cirsium vulgare,2021-01-07,2,1
67778615,Cirsium vulgare,2021-01-09,2,1
67781197,Cirsium arvense,2020-08-06,2,1
67816543,Cirsium flodmanii,2016-07-26,2,1
67873345,Cirsium horridulum,2021-01-10,2,1
68093741,Cirsium hookerianum,2020-07-30,2,1
68109765,Cirsium vulgare,2021-01-15,2,1
68134210,Cirsium scariosum,2020-06-12,2,1
68164105,Cirsium oleraceum,2011-08-06,2,1
68220538,Cirsium laniflorum,2020-07-25,2,1
68238907,Cirsium horridulum,2021-01-17,2,1
68276283,Cirsium esculentum,2020-07-19,2,1
68315591,Cirsium vulgare,2021-01-17,2,1
68348741,Cirsium oleraceum,2020-08-08,2,1
68395629,Cirsium horridulum,2021-01-20,2,1
68410699,Cirsium vulgare,2020-10-24,2,1
68419470,Cirsium ehrenbergii,2021-01-19,2,1
6845090,Cirsium arvense,2004-06-20,2,1
68452280,Cirsium arvense,2020-09-04,2,1
6845513,Cirsium vulgare,2017-06-29,2,1
68458341,Cirsium dissectum,2006-06-03,2,1
6854999,Cirsium subcoriaceum,2017-06-29,2,1
68609622,Cirsium esculentum,2011-09-06,2,1
68689014,Cirsium esculentum,2003-08-05,2,1
68703356,Cirsium scariosum,2020-07-11,2,1
68743733,Cirsium vulgare,2021-01-29,2,1
68819483,Cirsium palustre,2020-07-27,2,1
6887527,Cirsium arvense,2017-07-01,2,1
68901327,Cirsium subcoriaceum,2020-03-12,2,1
68919441,Cirsium acaulon,2018-08-03,2,1
68994087,Cirsium ehrenbergii,2021-02-01,2,1
69165124,Cirsium arvense,2009-07-05,2,1
69175690,Cirsium vulgare,2021-01-31,2,1
69191534,Cirsium heterophyllum,2017-07-19,2,1
6919802,Cirsium arvense,2017-06-30,2,1
69205601,Cirsium muticum,2010-09-10,2,1
69208583,Cirsium arvense,2020-08-30,2,1
69242713,Cirsium vulgare,2021-02-05,2,1
69286343,Cirsium horridulum,2021-02-08,2,1
69305379,Cirsium hookerianum,2020-08-13,2,1
69463483,Cirsium charkeviczii,2013-07-05,2,1
69468862,Cirsium vulgare,2021-02-13,2,1
69518250,Cirsium horridulum,2021-02-13,2,1
69676430,Cirsium vulgare,2021-02-09,2,1
6970080,Cirsium arvense,2017-07-08,2,1
69732162,Cirsium vulgare,2021-02-17,2,1
6977974,Cirsium neomexicanum,2017-05-03,2,1
6978475,Cirsium arvense,2017-07-08,2,1
69805436,Cirsium vulgare,2019-07-28,2,1
69896733,Cirsium vulgare,2019-07-14,2,1
69983553,Cirsium palustre,2016-04-23,2,1
69983796,Cirsium clavatum,2017-06-18,2,1
7001609,Cirsium vulgare,2017-07-10,2,1
70025549,Cirsium ehrenbergii,2021-02-22,2,1
70194675,Cirsium vulgare,2018-07-17,2,1
70229144,Cirsium vulgare,2021-02-24,2,1
70251274,Cirsium ciliatum,2009-08-30,2,1
7060707,Cirsium muticum,2017-07-15,2,1
70609261,Cirsium cephalotes,2007-08-08,2,1
7069542,Cirsium vulgare,2017-07-12,2,1
70747461,Cirsium heterophyllum,2018-06-17,2,1
70793450,Cirsium occidentale,2021-03-07,2,1
70823151,Cirsium discolor,2021-03-08,2,1
7087547,Cirsium vulgare,2017-07-16,2,1
71008349,Cirsium vulgare,2018-08-10,2,1
71089012,Cirsium horridulum,2021-03-12,2,1
7115158,Cirsium palustre,2017-07-19,2,1
7130991,Cirsium arvense,2017-07-20,2,1
7140993,Cirsium arvense,2017-07-15,2,1
7144158,Cirsium vulgare,2017-07-21,2,1
7144212,Cirsium arvense,2017-07-21,2,1
71543636,Cirsium vulgare,2021-03-04,2,1
71581658,Cirsium acaulon,2016-08-02,2,1
71584114,Cirsium vulgare,2021-03-18,2,1
71606840,Cirsium vulgare,2021-03-20,2,1
71607251,Cirsium arvense,2021-03-20,2,1
7161488,Cirsium arvense,2017-07-22,2,1
71626737,Cirsium vulgare,2021-03-20,2,1
71704197,Cirsium mexicanum,2021-03-21,2,1
71765094,Cirsium vulgare,2021-03-21,2,1
71768312,Cirsium vulgare,2021-03-19,2,1
7182874,Cirsium arvense,2017-07-13,2,1
71842103,Cirsium ehrenbergii,2021-03-14,2,1
71883341,Cirsium arvense,2020-07-20,2,1
71909044,Cirsium horridulum,2021-03-23,2,1
71963989,Cirsium osseticum,2019-07-15,2,1
7197985,Cirsium palustre,2017-07-21,2,1
7199331,Cirsium arvense,2017-07-24,2,1
72152619,Cirsium vulgare,2021-03-27,2,1
7221384,Cirsium vulgare,2017-07-23,2,1
7224105,Cirsium arvense,2017-07-26,2,1
72326072,Cirsium undulatum,2021-03-28,2,1
72339388,Cirsium oleraceum,2015-08-06,2,1
72370482,Cirsium vulgare,2021-03-29,2,1
72478101,Cirsium horridulum,2021-03-30,2,1
72549300,Cirsium heterophyllum,2018-07-05,2,1
72556910,Cirsium horridulum,2021-03-28,2,1
72681255,Cirsium vulgare,2021-04-02,2,1
72710608,Cirsium vulgare,2021-04-02,2,1
7271565,Cirsium arvense,2017-07-24,2,1
72771133,Cirsium nuttallii,2021-04-02,2,1
72772505,Cirsium vulgare,2021-04-01,2,1
72838242,Cirsium undulatum,2021-04-03,2,1
7286057,Cirsium arvense,2017-07-30,2,1
72893214,Cirsium horridulum,2021-04-04,2,1
7289581,Cirsium arvense,2017-07-27,2,1
72899330,Cirsium horridulum,2021-04-03,2,1
72903424,Cirsium horridulum,2021-04-03,2,1
72920244,Cirsium horridulum,2021-04-03,2,1
72958891,Cirsium horridulum,2021-04-04,2,1
72975100,Cirsium vulgare,2021-04-04,2,1
7300862,Cirsium palustre,2017-07-04,2,1
73035639,Cirsium pacificum,2021-02-21,2,1
73090161,Cirsium vulgare,2021-04-05,2,1
73091093,Cirsium arvense,2021-04-06,2,1
73322095,Cirsium horridulum,2021-04-07,2,1
73325111,Cirsium horridulum,2021-04-08,2,1
73409872,Cirsium vulgare,2021-04-08,2,1
7363474,Cirsium vulgare,2017-07-30,2,1
7370546,Cirsium muticum,2017-08-02,2,1
7374370,Cirsium oleraceum,2017-08-06,2,1
73839801,Cirsium horridulum,2021-04-13,2,1
73890302,Cirsium douglasii,2021-04-12,2,1
73927546,Cirsium pannonicum,2020-06-03,2,1
74062526,Cirsium arvense,2021-04-15,2,1
74062604,Cirsium vulgare,2018-06-03,2,1
7411021,Cirsium muticum,2017-08-07,2,1
7411830,Cirsium vulgare,2017-07-28,2,1
74144939,Cirsium horridulum,2020-04-19,2,1
7417627,Cirsium arvense,2017-08-05,2,1
74199099,Cirsium vulgare,2021-04-17,2,1
74213090,Cirsium mohavense,2021-04-14,2,1
7423922,Cirsium altissimum,2017-08-09,2,1
7426380,Cirsium arvense,2017-08-09,2,1
74319822,Cirsium brevistylum,2021-04-17,2,1
74352424,Cirsium heterophyllum,2011-07-06,2,1
74462840,Cirsium altissimum,2021-04-17,2,1
7455890,Cirsium hookerianum,2017-07-18,2,1
74577414,Cirsium vulgare,2021-04-19,2,1
7476683,Cirsium vulgare,2017-08-12,2,1
74835861,Cirsium arvense,2015-07-09,2,1
7487080,Cirsium vulgare,2017-08-13,2,1
74921076,Cirsium vulgare,2021-04-23,2,1
7500590,Cirsium vulgare,2017-08-14,2,1
75301733,Cirsium acaulon,2009-08-02,2,1
75335707,Cirsium vulgare,2021-04-19,2,1
7539352,Cirsium arvense,2017-08-17,2,1
75411198,Cirsium vulgare,2021-04-27,2,1
75412226,Cirsium palustre,2021-04-27,2,1
75454604,Cirsium neomexicanum,2021-04-27,2,1
75523983,Cirsium vulgare,2019-07-04,2,1
75604984,Cirsium vulgare,2021-04-28,2,1
75641260,Cirsium vulgare,2021-04-28,2,1
75647626,Cirsium nuttallii,2021-04-29,2,1
75725948,Cirsium horridulum,2021-04-11,2,1
75743297,Cirsium vulgare,2021-04-19,2,1
75798157,Cirsium vulgare,2021-04-30,2,1
76302754,Cirsium horridulum,2021-05-01,2,1
76454380,Cirsium vulgare,2021-05-02,2,1
76466969,Cirsium vulgare,2021-05-02,2,1
76794924,Cirsium horridulum,2021-05-02,2,1
7683264,Cirsium palustre,2017-07-02,2,1
7691063,Cirsium muticum,2017-08-23,2,1
7696131,Cirsium arvense,2017-07-27,2,1
76995089,Cirsium arvense,2021-05-03,2,1
77047631,Cirsium vulgare,2021-05-03,2,1
77142207,Cirsium vulgare,2021-05-03,2,1
77152931,Cirsium nuttallii,2021-05-02,2,1
77205701,Cirsium occidentale,2021-04-29,2,1
77250106,Cirsium vulgare,2021-05-01,2,1
77254528,Cirsium vulgare,2021-05-03,2,1
7730795,Cirsium discolor,2017-08-31,2,1
77386671,Cirsium undulatum,2021-05-04,2,1
77419587,Cirsium vulgare,2021-05-05,2,1
77432253,Cirsium serrulatum,2021-05-03,2,1
77486351,Cirsium texanum,2021-05-02,2,1
77623693,Cirsium palustre,2021-05-06,2,1
77635106,Cirsium vulgare,2021-05-06,2,1
77679170,Cirsium vulgare,2021-05-01,2,1
77759138,Cirsium vulgare,2017-07-23,2,1
77800756,Cirsium texanum,2021-05-07,2,1
77827336,Cirsium carolinianum,2021-05-05,2,1
77878409,Cirsium vulgare,2021-05-08,2,1
77883633,Cirsium mexicanum,2021-05-08,2,1
77920813,Cirsium oleraceum,2021-05-08,2,1
77946838,Cirsium heterophyllum,2021-05-07,2,1
77948514,Cirsium horridulum,2021-05-08,2,1
78058854,Cirsium arvense,2021-05-08,2,1
78063781,Cirsium horridulum,2021-04-30,2,1
78064433,Cirsium vulgare,2021-05-09,2,1
7816719,Cirsium arvense,2017-08-10,2,1
78249852,Cirsium oleraceum,2021-05-05,2,1
78347022,Cirsium subcoriaceum,2021-05-09,2,1
7842534,Cirsium pendulum,2017-09-09,2,1
78471158,Cirsium altissimum,2021-05-11,2,1
78472276,Cirsium edule,2019-08-01,2,1
78511694,Cirsium discolor,2021-05-08,2,1
78512139,Cirsium quercetorum,2021-05-12,2,1
78548642,Cirsium arvense,2021-05-11,2,1
7855211,Cirsium discolor,2017-09-09,2,1
78606694,Cirsium horridulum,2021-05-13,2,1
78609164,Cirsium vulgare,2021-05-13,2,1
78666412,Cirsium horridulum,2021-05-13,2,1
7868537,Cirsium andersonii,2017-09-10,2,1
7873028,Cirsium andersonii,2017-09-10,2,1
78762376,Cirsium arvense,2021-05-14,2,1
78780036,Cirsium vulgare,2021-05-14,2,1
78816918,Cirsium palustre,2021-05-15,2,1
78981120,Cirsium palustre,2021-05-16,2,1
79042006,Cirsium palustre,2021-05-16,2,1
79049084,Cirsium vulgare,2021-05-16,2,1
7905883,Cirsium discolor,2017-09-13,2,1
79090474,Cirsium arvense,2021-05-13,2,1
79095456,Cirsium occidentale,2021-05-16,2,1
79154863,Cirsium arvense,2021-05-17,2,1
79184337,Cirsium discolor,2021-05-16,2,1
79190474,Cirsium texanum,2021-05-16,2,1
79195622,Cirsium horridulum,2021-04-15,2,1
79284601,Cirsium neomexicanum,2021-05-17,2,1
79286305,Cirsium pannonicum,2021-05-18,2,1
792928,Cirsium vulgare,2014-07-13,2,1
79332352,Cirsium horridulum,2021-05-17,2,1
79381972,Cirsium arvense,2021-04-04,2,1
7946954,Cirsium discolor,2017-09-16,2,1
79475531,Cirsium arvense,2021-05-19,2,1
79587604,Cirsium discolor,2021-05-13,2,1
79618244,Cirsium oleraceum,2021-05-17,2,1
79673091,Cirsium serrulatum,2021-05-17,2,1
79766641,Cirsium japonicum,2021-05-22,2,1
79786947,Cirsium vulgare,2021-05-22,2,1
79936995,Cirsium arvense,2021-05-18,2,1
80002346,Cirsium arvense,2021-05-23,2,1
80004561,Cirsium vulgare,2015-09-25,2,1
80137229,Cirsium esculentum,2021-05-24,2,1
80191223,Cirsium carolinianum,2021-05-24,2,1
801927,Cirsium pumilum,2014-07-25,2,1
80230799,Cirsium oleraceum,2021-05-25,2,1
802485,Cirsium vulgare,2014-07-18,2,1
8030948,Cirsium muticum,2017-08-27,2,1
8052230,Cirsium muticum,2017-09-02,2,1
80528745,Cirsium vulgare,2021-05-23,2,1
80535600,Cirsium texanum,2021-05-27,2,1
80656166,Cirsium carolinianum,2021-05-26,2,1
80657972,Cirsium vulgare,2021-05-28,2,1
80701248,Cirsium palustre,2021-05-28,2,1
8070978,Cirsium muticum,2017-09-02,2,1
80809969,Cirsium vulgare,2021-05-29,2,1
80841226,Cirsium palustre,2021-05-30,2,1
80874378,Cirsium ciliatum,2021-05-30,2,1
80891836,Cirsium vulgare,2021-05-29,2,1
80923257,Cirsium undulatum,2021-05-30,2,1
80982715,Cirsium carolinianum,2021-05-30,2,1
81073703,Cirsium texanum,2021-05-30,2,1
81086919,Cirsium esculentum,2021-05-31,2,1
81090607,Cirsium vulgare,2021-05-31,2,1
81110837,Cirsium undulatum,2021-05-30,2,1
81138147,Cirsium scariosum,2021-05-31,2,1
81159194,Cirsium arvense,2021-06-01,2,1
81171107,Cirsium rivulare,2021-05-31,2,1
81183272,Cirsium douglasii,2021-05-31,2,1
81224664,Cirsium occidentale,2021-06-01,2,1
81227728,Cirsium horridulum,2021-06-01,2,1
81302195,Cirsium palustre,2021-05-26,2,1
81389603,Cirsium occidentale,2021-05-24,2,1
81405266,Cirsium brevistylum,2021-06-01,2,1
81421326,Cirsium vulgare,2021-06-03,2,1
8142826,Cirsium arvense,2017-09-26,2,1
81486987,Cirsium palustre,2021-06-03,2,1
81553889,Cirsium muticum,2013-07-29,2,1
81576340,Cirsium altissimum,2021-06-02,2,1
81707824,Cirsium palustre,2021-06-05,2,1
81728832,Cirsium palustre,2021-06-05,2,1
81743024,Cirsium arvense,2021-06-05,2,1
81754527,Cirsium horridulum,2021-06-05,2,1
81756324,Cirsium vulgare,2021-06-05,2,1
81764828,Cirsium palustre,2021-06-05,2,1
81911336,Cirsium oleraceum,2021-06-04,2,1
82014329,Cirsium echinus,2021-06-07,2,1
82029146,Cirsium arvense,2021-06-07,2,1
82049992,Cirsium vulgare,2021-06-07,2,1
82082572,Cirsium undulatum,2021-06-07,2,1
82093137,Cirsium texanum,2021-06-07,2,1
82117695,Cirsium oleraceum,2021-05-26,2,1
821184,Cirsium occidentale,2014-08-07,2,1
82138592,Cirsium palustre,2021-06-08,2,1
82152771,Cirsium vulgare,2021-06-07,2,1
82156156,Cirsium vulgare,2021-06-08,2,1
82164780,Cirsium oleraceum,2021-06-08,2,1
82173960,Cirsium palustre,2021-06-08,2,1
82191930,Cirsium muticum,2020-08-16,2,1
82264708,Cirsium oleraceum,2021-06-09,2,1
82266987,Cirsium palustre,2021-06-09,2,1
82270644,Cirsium vulgare,2021-06-07,2,1
82281668,Cirsium arvense,2021-06-09,2,1
82315663,Cirsium undulatum,2021-06-09,2,1
82318824,Cirsium palustre,2021-06-09,2,1
82320658,Cirsium erisithales,2021-06-09,2,1
82327068,Cirsium vulgare,2021-06-04,2,1
82346022,Cirsium palustre,2021-06-09,2,1
82491066,Cirsium canescens,2021-06-09,2,1
8250045,Cirsium otayae,2017-10-02,2,1
82500822,Cirsium undulatum,2021-06-10,2,1
82556408,Cirsium undulatum,2021-06-11,2,1
82584391,Cirsium undulatum,2021-06-11,2,1
82610052,Cirsium vulgare,2021-06-10,2,1
82620520,Cirsium vulgare,2021-06-11,2,1
82645630,Cirsium vulgare,2021-06-12,2,1
82665460,Cirsium muticum,2021-06-11,2,1
82667711,Cirsium neomexicanum,2021-06-06,2,1
8274199,Cirsium subcoriaceum,2017-09-26,2,1
82756692,Cirsium neomexicanum,2021-06-12,2,1
82795245,Cirsium palustre,2021-06-12,2,1
82849217,Cirsium heterophyllum,2021-06-13,2,1
8285903,Cirsium arvense,2017-10-06,2,1
82860498,Cirsium vulgare,2021-06-13,2,1
82873517,Cirsium undulatum,2020-09-04,2,1
82879831,Cirsium vulgare,2021-06-13,2,1
82888307,Cirsium arvense,2021-06-13,2,1
82982051,Cirsium heterophyllum,2021-06-13,2,1
82991561,Cirsium serratuloides,2021-06-14,2,1
82992562,Cirsium arvense,2021-06-14,2,1
83119928,Cirsium palustre,2021-06-13,2,1
831426,Cirsium altissimum,2014-08-14,2,1
83144821,Cirsium vulgare,2021-06-15,2,1
83160102,Cirsium undulatum,2021-06-15,2,1
8316308,Cirsium drummondii,2016-06-15,2,1
83163670,Cirsium palustre,2021-06-15,2,1
8318362,Cirsium arvense,2017-10-01,2,1
83225985,Cirsium cymosum,2021-06-11,2,1
83234105,Cirsium palustre,2021-06-16,2,1
83235810,Cirsium arvense,2021-06-16,2,1
83252311,Cirsium vulgare,2021-06-15,2,1
83256004,Cirsium carniolicum,2021-06-14,2,1
83287211,Cirsium vulgare,2021-06-16,2,1
83290405,Cirsium rivulare,2021-06-16,2,1
83315858,Cirsium heterophyllum,2021-06-16,2,1
83335435,Cirsium arvense,2021-06-16,2,1
83338624,Cirsium arvense,2021-06-16,2,1
83372894,Cirsium palustre,2021-06-16,2,1
83408187,Cirsium hookerianum,2021-06-12,2,1
83409836,Cirsium palustre,2015-07-07,2,1
83448008,Cirsium undulatum,2021-06-16,2,1
83486731,Cirsium palustre,2021-06-17,2,1
83502941,Cirsium arvense,2021-06-18,2,1
83505797,Cirsium arvense,2021-06-18,2,1
83533328,Cirsium scariosum,2021-06-18,2,1
83606503,Cirsium arvense,2021-06-17,2,1
83636444,Cirsium arvense,2021-06-18,2,1
83637762,Cirsium palustre,2021-06-19,2,1
83652403,Cirsium arvense,2021-06-19,2,1
83744017,Cirsium palustre,2021-06-20,2,1
83758880,Cirsium helenioides,2021-06-20,2,1
83772278,Cirsium palustre,2021-06-20,2,1
83827627,Cirsium nuttallii,2021-06-19,2,1
83834529,Cirsium palustre,2021-06-20,2,1
83853367,Cirsium arvense,2021-06-19,2,1
83878507,Cirsium arvense,2021-06-20,2,1
83892684,Cirsium neomexicanum,2021-06-20,2,1
83924414,Cirsium arvense,2021-06-21,2,1
8393623,Cirsium discolor,2017-09-10,2,1
83938986,Cirsium undulatum,2021-06-20,2,1
83940827,Cirsium vulgare,2021-06-21,2,1
84058439,Cirsium palustre,2021-06-22,2,1
84072455,Cirsium texanum,2021-06-19,2,1
84076464,Cirsium vulgare,2021-06-19,2,1
84084247,Cirsium palustre,2021-06-20,2,1
84138177,Cirsium vulgare,2021-06-19,2,1
84157568,Cirsium heterophyllum,2021-06-23,2,1
84208255,Cirsium heterophyllum,2021-06-23,2,1
84209399,Cirsium palustre,2021-06-23,2,1
84228424,Cirsium palustre,2021-06-18,2,1
84230626,Cirsium undulatum,2021-06-23,2,1
84271496,Cirsium rhaphilepis,2021-06-23,2,1
84274626,Cirsium vulgare,2021-06-20,2,1
84280432,Cirsium vulgare,2021-06-23,2,1
84293350,Cirsium vulgare,2021-06-24,2,1
84294454,Cirsium vulgare,2021-06-24,2,1
84298938,Cirsium oleraceum,2021-06-24,2,1
84308967,Cirsium palustre,2021-06-16,2,1
84310791,Cirsium arvense,2021-06-24,2,1
84313297,Cirsium palustre,2021-06-24,2,1
84323276,Cirsium undulatum,2021-06-24,2,1
84333990,Cirsium undulatum,2021-06-13,2,1
84393538,Cirsium brevistylum,2021-06-23,2,1
84396758,Cirsium arvense,2021-06-25,2,1
84401687,Cirsium heterophyllum,2019-08-02,2,1
84419415,Cirsium undulatum,2021-06-25,2,1
8443183,Cirsium vulgare,2017-10-16,2,1
84437148,Cirsium vulgare,2021-06-25,2,1
84517452,Cirsium heterophyllum,2021-06-26,2,1
8452182,Cirsium muticum,2007-09-08,2,1
84523597,Cirsium arvense,2021-06-21,2,1
84547158,Cirsium heterophyllum,2021-06-26,2,1
84551656,Cirsium oleraceum,2021-06-26,2,1
84559215,Cirsium heterophyllum,2021-06-25,2,1
84562495,Cirsium palustre,2021-06-26,2,1
8456958,Cirsium arvense,2017-09-19,2,1
84580659,Cirsium palustre,2021-06-18,2,1
84600471,Cirsium vulgare,2021-06-26,2,1
84615770,Cirsium palustre,2021-06-26,2,1
84653085,Cirsium arizonicum,2021-06-26,2,1
84661515,Cirsium arvense,2021-06-26,2,1
84670873,Cirsium heterophyllum,2021-06-27,2,1
84724780,Cirsium palustre,2021-06-27,2,1
84725281,Cirsium arvense,2021-06-27,2,1
84747647,Cirsium palustre,2021-06-25,2,1
84756203,Cirsium vulgare,2021-06-27,2,1
84767502,Cirsium arvense,2021-06-27,2,1
84773363,Cirsium edule,2021-06-27,2,1
84815351,Cirsium palustre,2021-06-27,2,1
84821919,Cirsium arvense,2021-06-28,2,1
84823108,Cirsium heterophyllum,2021-06-24,2,1
84832540,Cirsium heterophyllum,2021-06-28,2,1
84837997,Cirsium arvense,2021-06-22,2,1
84847515,Cirsium palustre,2021-06-27,2,1
84847802,Cirsium palustre,2021-06-28,2,1
84849825,Cirsium spinosissimum,2021-06-27,2,1
84857448,Cirsium pumilum,2021-06-26,2,1
84876597,Cirsium rivulare,2021-06-25,2,1
84976655,Cirsium heterophyllum,2021-06-29,2,1
84991521,Cirsium vulgare,2021-06-29,2,1
84991605,Cirsium arvense,2021-06-29,2,1
84993748,Cirsium arvense,2021-06-29,2,1
84999662,Cirsium arvense,2021-06-23,2,1
85007434,Cirsium palustre,2021-06-19,2,1
85020989,Cirsium vulgare,2021-06-29,2,1
85047488,Cirsium pumilum,2021-06-29,2,1
85070309,Cirsium palustre,2021-06-21,2,1
85070540,Cirsium arvense,2021-06-30,2,1
85118891,Cirsium vulgare,2021-06-30,2,1
85126519,Cirsium mexicanum,2021-05-31,2,1
85168463,Cirsium scariosum,2021-06-27,2,1
85199581,Cirsium oleraceum,2021-06-30,2,1
85205624,Cirsium oleraceum,2021-07-01,2,1
85212794,Cirsium palustre,2021-07-01,2,1
85220741,Cirsium palustre,2021-07-01,2,1
85242675,Cirsium vulgare,2021-06-19,2,1
85264813,Cirsium vulgare,2021-06-03,2,1
85274032,Cirsium arvense,2021-07-01,2,1
85308359,Cirsium palustre,2021-07-01,2,1
85310284,Cirsium vulgare,2021-06-27,2,1
85340495,Cirsium heterophyllum,2021-06-26,2,1
8534195,Cirsium discolor,2017-09-19,2,1
85344211,Cirsium vulgare,2021-06-30,2,1
85374512,Cirsium vulgare,2021-07-02,2,1
85400414,Cirsium palustre,2021-07-02,2,1
85411950,Cirsium arvense,2021-06-25,2,1
85427038,Cirsium arizonicum,2021-07-01,2,1
85443460,Cirsium palustre,2021-06-30,2,1
85443755,Cirsium arvense,2021-07-03,2,1
85460921,Cirsium arvense,2021-07-03,2,1
85486102,Cirsium altissimum,2021-07-03,2,1
85500973,Cirsium palustre,2021-07-03,2,1
85526476,Cirsium undulatum,2021-07-03,2,1
85590904,Cirsium erisithales,2021-07-04,2,1
85621397,Cirsium arvense,2021-07-04,2,1
85629665,Cirsium arvense,2021-07-04,2,1
85641465,Cirsium arvense,2021-07-04,2,1
85652827,Cirsium arvense,2021-07-02,2,1
85654808,Cirsium arvense,2021-07-04,2,1
85675749,Cirsium drummondii,2021-07-04,2,1
85705205,Cirsium flodmanii,2021-07-04,2,1
85729615,Cirsium arvense,2021-04-21,2,1
85757015,Cirsium palustre,2021-07-05,2,1
85771609,Cirsium palustre,2021-07-05,2,1
85783181,Cirsium palustre,2021-07-05,2,1
85787679,Cirsium discolor,2021-07-05,2,1
85841996,Cirsium arvense,2021-07-05,2,1
85845562,Cirsium lecontei,2021-07-05,2,1
85888858,Cirsium palustre,2021-07-06,2,1
85912595,Cirsium arvense,2021-07-06,2,1
8594576,Cirsium ochrocentrum,2017-10-28,2,1
85952106,Cirsium arvense,2021-07-05,2,1
85971557,Cirsium vulgare,2021-07-06,2,1
85986312,Cirsium flodmanii,2021-07-05,2,1
86005582,Cirsium heterophyllum,2021-07-07,2,1
86006018,Cirsium oleraceum,2021-07-07,2,1
86017284,Cirsium arvense,2021-07-03,2,1
86027087,Cirsium undulatum,2021-07-06,2,1
86027179,Cirsium palustre,2021-07-07,2,1
86049898,Cirsium arvense,2021-07-07,2,1
86051408,Cirsium vulgare,2021-07-07,2,1
86056423,Cirsium arvense,2021-06-21,2,1
86059805,Cirsium horridulum,2020-03-07,2,1
86065911,Cirsium arvense,2021-07-07,2,1
86067976,Cirsium vulgare,2021-07-07,2,1
86084700,Cirsium muticum,2021-07-07,2,1
86103410,Cirsium vulgare,2021-07-07,2,1
86115578,Cirsium edule,2021-07-05,2,1
86139840,Cirsium vulgare,2021-07-08,2,1
86146535,Cirsium vulgare,2021-07-08,2,1
86163183,Cirsium alsophilum,2021-07-06,2,1
86169002,Cirsium vulgare,2021-07-08,2,1
86179232,Cirsium palustre,2021-07-08,2,1
86182498,Cirsium palustre,2021-07-08,2,1
86206418,Cirsium palustre,2021-07-08,2,1
86210880,Cirsium scopulorum,2021-07-08,2,1
86237125,Cirsium arvense,2021-07-08,2,1
86250216,Cirsium oleraceum,2021-07-02,2,1
86256962,Cirsium arvense,2021-07-09,2,1
86260186,Cirsium arvense,2021-07-09,2,1
86260789,Cirsium vulgare,2021-07-09,2,1
86263447,Cirsium arvense,2021-07-09,2,1
86267789,Cirsium heterophyllum,2021-07-09,2,1
86287523,Cirsium arvense,2021-07-09,2,1
86306633,Cirsium arvense,2021-07-09,2,1
86311759,Cirsium vulgare,2021-07-09,2,1
86334147,Cirsium repandum,2021-07-09,2,1
86358108,Cirsium undulatum,2021-07-09,2,1
86383124,Cirsium palustre,2021-07-10,2,1
86388541,Cirsium vulgare,2021-07-09,2,1
86397697,Cirsium arvense,2021-07-10,2,1
86406709,Cirsium spinosissimum,2021-07-10,2,1
86426634,Cirsium palustre,2021-07-10,2,1
86427496,Cirsium heterophyllum,2021-07-10,2,1
86464144,Cirsium clavatum,2021-07-09,2,1
86517036,Cirsium arvense,2021-07-10,2,1
86526724,Cirsium palustre,2021-07-11,2,1
86553083,Cirsium vulgare,2021-07-11,2,1
86589303,Cirsium palustre,2021-07-06,2,1
86590211,Cirsium vulgare,2021-07-11,2,1
86615603,Cirsium heterophyllum,2021-07-08,2,1
86686616,Cirsium oleraceum,2021-07-12,2,1
86694531,Cirsium arvense,2021-07-12,2,1
86745384,Cirsium arvense,2021-07-12,2,1
86756191,Cirsium vulgare,2021-07-10,2,1
86763236,Cirsium palustre,2021-07-12,2,1
86765859,Cirsium arvense,2021-07-11,2,1
86796864,Cirsium palustre,2021-06-30,2,1
86823612,Cirsium canum,2021-07-12,2,1
86827087,Cirsium schantarense,2021-07-10,2,1
86827310,Cirsium palustre,2021-07-13,2,1
86906378,Cirsium heterophyllum,2021-07-13,2,1
86915203,Cirsium heterophyllum,2021-07-13,2,1
86926423,Cirsium hookerianum,2021-07-12,2,1
86952648,Cirsium oleraceum,2021-07-14,2,1
86955679,Cirsium palustre,2021-07-13,2,1
86985098,Cirsium drummondii,2021-07-12,2,1
86996908,Cirsium vulgare,2021-07-10,2,1
87001123,Cirsium edule,2021-07-14,2,1
87014248,Cirsium vulgare,2021-07-13,2,1
8702039,Cirsium arvense,2017-09-09,2,1
87039037,Cirsium dissectum,2021-07-14,2,1
87100044,Cirsium esculentum,2021-07-09,2,1
87114916,Cirsium palustre,2021-07-15,2,1
87116248,Cirsium arvense,2021-07-15,2,1
87157723,Cirsium arvense,2021-07-15,2,1
87159653,Cirsium arvense,2021-07-15,2,1
87164203,Cirsium heterophyllum,2021-07-15,2,1
87164242,Cirsium flodmanii,2021-07-09,2,1
87176416,Cirsium vulgare,2021-07-15,2,1
87183735,Cirsium remotifolium,2020-08-25,2,1
87184260,Cirsium erisithales,2021-07-15,2,1
87202681,Cirsium arvense,2021-07-14,2,1
87219064,Cirsium flodmanii,2021-07-15,2,1
87228882,Cirsium arvense,2021-07-14,2,1
87234650,Cirsium arvense,2021-07-16,2,1
87257251,Cirsium vulgare,2021-07-16,2,1
87312643,Cirsium oleraceum,2021-07-15,2,1
87320944,Cirsium muticum,2021-07-15,2,1
87324606,Cirsium arvense,2021-07-16,2,1
87335090,Cirsium vulgare,2021-07-16,2,1
87346723,Cirsium arvense,2021-07-14,2,1
87358823,Cirsium vulgare,2021-07-16,2,1
87380609,Cirsium arvense,2021-07-17,2,1
87381251,Cirsium muticum,2021-07-15,2,1
87403520,Cirsium heterophyllum,2021-07-17,2,1
87404654,Cirsium vulgare,2021-07-13,2,1
87408171,Cirsium vulgare,2021-07-17,2,1
87411814,Cirsium arvense,2021-07-16,2,1
87412633,Cirsium arvense,2021-07-17,2,1
87421433,Cirsium arvense,2021-07-13,2,1
87427303,Cirsium arvense,2021-07-12,2,1
87429222,Cirsium occidentale,2021-07-13,2,1
87443558,Cirsium vulgare,2021-07-17,2,1
87447613,Cirsium vulgare,2021-07-17,2,1
87492107,Cirsium flodmanii,2021-07-17,2,1
87508279,Cirsium vulgare,2021-07-17,2,1
87516758,Cirsium helenioides,2021-07-18,2,1
87526922,Cirsium palustre,2021-07-13,2,1
87530448,Cirsium heterophyllum,2021-07-17,2,1
87584968,Cirsium arvense,2021-07-18,2,1
87589992,Cirsium heterophyllum,2021-07-18,2,1
87603799,Cirsium oleraceum,2021-07-18,2,1
87607914,Cirsium palustre,2021-07-18,2,1
87683242,Cirsium arvense,2021-07-18,2,1
87695420,Cirsium spinosissimum,2021-07-15,2,1
87697049,Cirsium arvense,2021-07-10,2,1
87703891,Cirsium palustre,2021-07-19,2,1
87704101,Cirsium palustre,2021-07-11,2,1
87705485,Cirsium arvense,2021-07-12,2,1
87719719,Cirsium arvense,2021-07-07,2,1
87726314,Cirsium arvense,2021-07-19,2,1
87738945,Cirsium vulgare,2021-07-19,2,1
87740344,Cirsium arvense,2021-07-14,2,1
87751922,Cirsium vulgare,2021-07-19,2,1
87772982,Cirsium arvense,2021-07-19,2,1
87779296,Cirsium vulgare,2021-07-11,2,1
87839032,Cirsium heterophyllum,2021-07-20,2,1
87840233,Cirsium vulgare,2021-07-20,2,1
87875207,Cirsium flodmanii,2021-07-20,2,1
87883132,Cirsium discolor,2021-07-17,2,1
87886657,Cirsium helenioides,2021-07-14,2,1
87925792,Cirsium arvense,2021-07-19,2,1
87944475,Cirsium muticum,2021-07-18,2,1
87945799,Cirsium arvense,2021-07-19,2,1
87965666,Cirsium serratuloides,2021-07-21,2,1
87969762,Cirsium heterophyllum,2021-07-20,2,1
87977723,Cirsium arvense,2021-07-20,2,1
87979500,Cirsium vulgare,2021-07-21,2,1
87985231,Cirsium parryi,2021-07-20,2,1
88010474,Cirsium serrulatum,2021-07-21,2,1
88014203,Cirsium oleraceum,2021-07-19,2,1
88064930,Cirsium arvense,2021-07-21,2,1
88070077,Cirsium muticum,2021-07-21,2,1
88081429,Cirsium scariosum,2021-07-10,2,1
88123718,Cirsium vulgare,2021-07-22,2,1
88126594,Cirsium oleraceum,2021-07-22,2,1
88127341,Cirsium vulgare,2021-07-20,2,1
88129345,Cirsium vulgare,2021-07-22,2,1
88130066,Cirsium muticum,2021-07-17,2,1
88132923,Cirsium arvense,2021-07-22,2,1
88133353,Cirsium arvense,2021-07-22,2,1
88136376,Cirsium vulgare,2021-07-21,2,1
88175269,Cirsium palustre,2021-07-22,2,1
88182188,Cirsium undulatum,2021-07-22,2,1
88210009,Cirsium arvense,2021-07-22,2,1
88242184,Cirsium heterophyllum,2021-07-14,2,1
88262733,Cirsium oleraceum,2021-07-23,2,1
88264664,Cirsium vulgare,2021-07-23,2,1
88303834,Cirsium palustre,2021-07-23,2,1
88306464,Cirsium arvense,2021-07-23,2,1
88312731,Cirsium parryi,2021-07-21,2,1
88312748,Cirsium hookerianum,2021-07-23,2,1
88314936,Cirsium vulgare,2021-07-21,2,1
88331430,Cirsium centaureae,2021-07-22,2,1
88337078,Cirsium arvense,2021-07-23,2,1
88372969,Cirsium arvense,2021-07-23,2,1
88373251,Cirsium arvense,2021-07-24,2,1
88381207,Cirsium vulgare,2021-07-22,2,1
88381731,Cirsium arvense,2021-07-24,2,1
88386097,Cirsium palustre,2021-07-22,2,1
88393399,Cirsium nuttallii,2021-07-24,2,1
88431411,Cirsium vulgare,2021-07-20,2,1
88434820,Cirsium vulgare,2021-07-24,2,1
88468953,Cirsium canescens,2021-07-24,2,1
88488704,Cirsium vulgare,2021-07-24,2,1
88509214,Cirsium arvense,2021-07-25,2,1
88554125,Cirsium vulgare,2021-07-25,2,1
88557655,Cirsium arvense,2021-07-25,2,1
88560215,Cirsium arvense,2021-07-25,2,1
88571265,Cirsium vulgare,2021-07-23,2,1
88573944,Cirsium oleraceum,2021-07-25,2,1
88584229,Cirsium arvense,2021-07-24,2,1
88603515,Cirsium vulgare,2021-07-22,2,1
88614874,Cirsium vulgare,2021-07-25,2,1
88636440,Cirsium palustre,2021-07-23,2,1
88651034,Cirsium canescens,2021-07-22,2,1
88654458,Cirsium arvense,2021-07-25,2,1
88668664,Cirsium oleraceum,2021-07-23,2,1
88676644,Cirsium arvense,2021-07-26,2,1
88687318,Cirsium arvense,2021-07-24,2,1
88695189,Cirsium arvense,2021-07-25,2,1
88696349,Cirsium arvense,2021-07-25,2,1
88758075,Cirsium arvense,2021-07-26,2,1
88769005,Cirsium muticum,2021-07-26,2,1
88770134,Cirsium vulgare,2021-07-25,2,1
88777364,Cirsium vulgare,2021-07-24,2,1
88803536,Cirsium vulgare,2021-07-24,2,1
88807098,Cirsium vulgare,2021-07-27,2,1
88818062,Cirsium arvense,2021-07-23,2,1
88823220,Cirsium arvense,2021-07-27,2,1
88842452,Cirsium arvense,2021-07-27,2,1
88842490,Cirsium serrulatum,2021-07-26,2,1
88852077,Cirsium arvense,2021-07-27,2,1
88860544,Cirsium serrulatum,2021-07-27,2,1
88876069,Cirsium altissimum,2021-07-27,2,1
888764,Cirsium altissimum,2014-09-21,2,1
88876739,Cirsium vulgare,2021-07-25,2,1
88891098,Cirsium vulgare,2021-07-14,2,1
88911322,Cirsium oleraceum,2021-07-23,2,1
88926173,Cirsium acaulon,2021-07-28,2,1
88939874,Cirsium vulgare,2021-07-28,2,1
88960276,Cirsium oleraceum,2021-07-28,2,1
88970034,Cirsium arvense,2021-07-28,2,1
88972654,Cirsium serrulatum,2021-06-27,2,1
88990984,Cirsium vulgare,2021-07-24,2,1
89002341,Cirsium arvense,2021-07-25,2,1
89004872,Cirsium arvense,2021-07-28,2,1
89029577,Cirsium drummondii,2014-07-16,2,1
89031698,Cirsium arvense,2021-07-28,2,1
89031978,Cirsium vulgare,2021-07-25,2,1
89042613,Cirsium pumilum,2021-07-26,2,1
89045940,Cirsium vulgare,2021-07-28,2,1
89059144,Cirsium vulgare,2021-07-28,2,1
89073236,Cirsium vulgare,2021-07-28,2,1
89074100,Cirsium altissimum,2021-07-29,2,1
89077366,Cirsium vulgare,2021-07-29,2,1
89082159,Cirsium vulgare,2021-07-26,2,1
89106830,Cirsium arvense,2021-07-10,2,1
89110963,Cirsium vulgare,2021-07-29,2,1
89116273,Cirsium arvense,2021-07-29,2,1
89123572,Cirsium vulgare,2021-07-29,2,1
89138084,Cirsium vulgare,2021-07-29,2,1
89168680,Cirsium vulgare,2021-07-29,2,1
89172528,Cirsium arvense,2021-07-23,2,1
89176158,Cirsium arvense,2021-07-29,2,1
89189066,Cirsium vulgare,2021-07-30,2,1
89202541,Cirsium muticum,2021-07-30,2,1
89209154,Cirsium vulgare,2021-07-29,2,1
89218378,Cirsium vulgare,2021-07-30,2,1
89267789,Cirsium discolor,2021-07-30,2,1
89282491,Cirsium vulgare,2021-07-30,2,1
89292612,Cirsium vulgare,2021-07-31,2,1
89303990,Cirsium vulgare,2021-07-30,2,1
89307259,Cirsium muticum,2021-07-29,2,1
89315534,Cirsium arvense,2021-07-31,2,1
89316658,Cirsium vulgare,2021-07-22,2,1
89350974,Cirsium vulgare,2021-07-31,2,1
89350985,Cirsium arvense,2021-07-31,2,1
89357224,Cirsium occidentale,2021-07-29,2,1
89368364,Cirsium vulgare,2021-07-31,2,1
89368837,Cirsium arvense,2021-07-31,2,1
89372,Cirsium occidentale,2012-05-31,2,1
89377202,Cirsium vulgare,2021-07-31,2,1
89381143,Cirsium heterophyllum,2021-07-31,2,1
89382146,Cirsium vulgare,2021-07-31,2,1
89396238,Cirsium muticum,2021-07-30,2,1
89407955,Cirsium vulgare,2021-07-31,2,1
89411674,Cirsium vulgare,2021-07-31,2,1
89431068,Cirsium serratuloides,2021-07-30,2,1
89436640,Cirsium arvense,2021-07-31,2,1
89441056,Cirsium arvense,2021-07-31,2,1
89444753,Cirsium arvense,2021-07-30,2,1
89448383,Cirsium vulgare,2021-08-01,2,1
89475097,Cirsium arvense,2021-08-01,2,1
89486253,Cirsium heterophyllum,2021-07-31,2,1
89503624,Cirsium palustre,2021-06-24,2,1
89515380,Cirsium arvense,2021-08-01,2,1
89552385,Cirsium arvense,2021-08-01,2,1
89615490,Cirsium spinosissimum,2021-08-02,2,1
89639907,Cirsium arvense,2021-08-01,2,1
89641442,Cirsium palustre,2021-08-02,2,1
89644596,Cirsium arvense,2021-06-25,2,1
89644603,Cirsium canum,2021-06-25,2,1
89645186,Cirsium esculentum,2021-07-31,2,1
89652641,Cirsium hookerianum,2021-07-28,2,1
89653153,Cirsium arvense,2021-08-02,2,1
89721624,Cirsium vulgare,2021-07-30,2,1
89736050,Cirsium vulgare,2021-08-02,2,1
89738486,Cirsium vulgare,2021-08-02,2,1
89750822,Cirsium arvense,2021-08-02,2,1
89752389,Cirsium arvense,2021-08-03,2,1
89757609,Cirsium heterophyllum,2021-08-03,2,1
89768236,Cirsium arvense,2021-08-01,2,1
89768956,Cirsium acaulon,2021-08-03,2,1
89789123,Cirsium arvense,2021-08-03,2,1
89790018,Cirsium vulgare,2021-07-28,2,1
89790197,Cirsium arvense,2021-08-03,2,1
89794415,Cirsium palustre,2021-08-03,2,1
89810984,Cirsium arvense,2021-08-03,2,1
89827967,Cirsium vulgare,2021-08-03,2,1
89834540,Cirsium arvense,2021-08-03,2,1
89856647,Cirsium esculentum,2021-08-03,2,1
89865774,Cirsium remotifolium,2021-07-29,2,1
89883156,Cirsium arvense,2021-08-04,2,1
89922669,Cirsium vulgare,2021-07-29,2,1
89926482,Cirsium oleraceum,2021-08-04,2,1
89930245,Cirsium oleraceum,2021-08-04,2,1
89955370,Cirsium nuttallii,2021-08-03,2,1
89957986,Cirsium flodmanii,2021-08-04,2,1
89960124,Cirsium vulgare,2021-08-04,2,1
90002856,Cirsium esculentum,2020-07-06,2,1
90008543,Cirsium heterophyllum,2021-08-05,2,1
90010835,Cirsium vulgare,2021-08-05,2,1
90030875,Cirsium vulgare,2021-07-22,2,1
90036905,Cirsium vulgare,2021-08-05,2,1
90054069,Cirsium vulgare,2021-08-05,2,1
90067729,Cirsium vulgare,2021-08-05,2,1
90087862,Cirsium flodmanii,2021-08-05,2,1
90111808,Cirsium arvense,2021-08-02,2,1
90122211,Cirsium arvense,2021-08-05,2,1
90125624,Cirsium acaulon,2021-08-03,2,1
90131341,Cirsium arvense,2021-08-06,2,1
90146423,Cirsium oleraceum,2021-08-04,2,1
90171916,Cirsium scariosum,2021-07-31,2,1
90178087,Cirsium oleraceum,2021-08-05,2,1
90183355,Cirsium vulgare,2021-08-04,2,1
90207960,Cirsium muticum,2021-08-06,2,1
90222272,Cirsium vulgare,2021-07-14,2,1
90224604,Cirsium vulgare,2019-02-18,2,1
90225080,Cirsium vulgare,2021-07-29,2,1
90243809,Cirsium vulgare,2014-09-09,2,1
90244685,Cirsium arvense,2021-08-07,2,1
90253505,Cirsium vulgare,2021-07-25,2,1
90275631,Cirsium oleraceum,2021-08-07,2,1
90292492,Cirsium arvense,2021-08-07,2,1
90299957,Cirsium vulgare,2021-07-27,2,1
90335694,Cirsium scariosum,2021-07-30,2,1
90371106,Cirsium arvense,2021-08-08,2,1
90381644,Cirsium vulgare,2021-08-01,2,1
90386552,Cirsium vulgare,2021-08-08,2,1
90397185,Cirsium vulgare,2021-08-08,2,1
90404544,Cirsium vulgare,2021-08-08,2,1
90418650,Cirsium vulgare,2021-08-08,2,1
90421642,Cirsium arvense,2021-08-08,2,1
90442311,Cirsium spinosissimum,2021-08-06,2,1
9045494,Cirsium vulgare,2016-08-13,2,1
90463599,Cirsium arvense,2021-08-08,2,1
90468332,Cirsium arvense,2021-08-06,2,1
90469866,Cirsium vulgare,2021-08-08,2,1
90475883,Cirsium vulgare,2021-08-08,2,1
90493740,Cirsium vulgare,2021-08-08,2,1
90518076,Cirsium esculentum,2021-08-09,2,1
90522286,Cirsium arvense,2021-07-31,2,1
90525033,Cirsium vulgare,2021-08-08,2,1
90540034,Cirsium heterophyllum,2021-08-09,2,1
90565758,Cirsium vulgare,2021-08-09,2,1
90566599,Cirsium oleraceum,2021-08-08,2,1
90577337,Cirsium arvense,2021-08-09,2,1
90584122,Cirsium palustre,2021-08-08,2,1
90596350,Cirsium oleraceum,2021-08-09,2,1
90611967,Cirsium vulgare,2021-08-04,2,1
90614259,Cirsium muticum,2021-08-09,2,1
90620314,Cirsium vulgare,2021-08-10,2,1
90621603,Cirsium vulgare,2021-02-28,2,1
90635641,Cirsium arvense,2021-07-25,2,1
90636881,Cirsium arvense,2021-08-09,2,1
90663118,Cirsium arvense,2021-08-10,2,1
90682258,Cirsium vulgare,2021-08-10,2,1
90687756,Cirsium arvense,2021-08-10,2,1
90688060,Cirsium vulgare,2021-08-10,2,1
90691337,Cirsium vulgare,2021-08-10,2,1
90739436,Cirsium vulgare,2021-08-10,2,1
9074464,Cirsium vulgare,2017-11-29,2,1
90746708,Cirsium undulatum,2021-08-07,2,1
90755630,Cirsium vulgare,2021-08-11,2,1
90761867,Cirsium vulgare,2021-08-11,2,1
90771585,Cirsium vulgare,2021-08-06,2,1
90782183,Cirsium arvense,2021-08-11,2,1
90799329,Cirsium palustre,2021-07-08,2,1
90953997,Cirsium altissimum,2021-08-01,2,1
90995576,Cirsium vulgare,2021-08-11,2,1
9099782,Cirsium repandum,2017-06-14,2,1
90998158,Cirsium esculentum,2021-08-07,2,1
91053844,Cirsium vulgare,2019-08-14,2,1
91126540,Cirsium oleraceum,2021-08-14,2,1
91150822,Cirsium arvense,2021-08-14,2,1
91161071,Cirsium oleraceum,2021-08-14,2,1
91190192,Cirsium vulgare,2021-08-14,2,1
91193465,Cirsium vulgare,2021-08-14,2,1
91194212,Cirsium vulgare,2021-08-09,2,1
91197416,Cirsium arvense,2021-08-14,2,1
91199004,Cirsium vulgare,2021-08-14,2,1
91210014,Cirsium vulgare,2021-08-11,2,1
91233848,Cirsium vulgare,2021-08-07,2,1
91247851,Cirsium arvense,2021-08-15,2,1
91249609,Cirsium vulgare,2021-08-15,2,1
91259529,Cirsium oleraceum,2021-07-27,2,1
91296912,Cirsium oleraceum,2021-08-14,2,1
91298587,Cirsium discolor,2021-08-15,2,1
91308861,Cirsium arvense,2021-08-15,2,1
9133100,Cirsium hookerianum,2016-06-27,2,1
91374603,Cirsium vulgare,2021-08-15,2,1
91375448,Cirsium arvense,2021-08-08,2,1
91402302,Cirsium vulgare,2021-08-15,2,1
91405381,Cirsium vulgare,2021-08-16,2,1
91434907,Cirsium palustre,2021-08-14,2,1
91436025,Cirsium heterophyllum,2021-08-16,2,1
91441910,Cirsium oleraceum,2021-07-24,2,1
91459287,Cirsium vulgare,2021-08-16,2,1
91459380,Cirsium arvense,2021-08-16,2,1
91474998,Cirsium vulgare,2021-08-13,2,1
91484485,Cirsium heterophyllum,2021-08-14,2,1
91497264,Cirsium vulgare,2021-08-16,2,1
91516864,Cirsium arvense,2021-08-11,2,1
91528406,Cirsium arvense,2021-08-15,2,1
91549385,Cirsium vulgare,2021-08-14,2,1
91562548,Cirsium vulgare,2021-08-17,2,1
91565400,Cirsium vulgare,2021-08-13,2,1
91570157,Cirsium vulgare,2021-08-12,2,1
91587998,Cirsium vulgare,2021-08-17,2,1
91599527,Cirsium vulgare,2021-08-17,2,1
91614554,Cirsium helenioides,2021-08-01,2,1
91620251,Cirsium palustre,2021-08-18,2,1
91629794,Cirsium esculentum,2021-07-24,2,1
91643354,Cirsium heterophyllum,2006-08-15,2,1
91644694,Cirsium vulgare,2021-08-18,2,1
91650069,Cirsium arvense,2021-08-18,2,1
91734562,Cirsium palustre,2021-08-19,2,1
91739985,Cirsium obvallatum,2021-07-29,2,1
91746785,Cirsium arvense,2021-08-05,2,1
91758464,Cirsium vulgare,2021-08-19,2,1
91765645,Cirsium vulgare,2021-08-19,2,1
91782805,Cirsium arvense,2021-08-19,2,1
91789775,Cirsium edule,2021-08-18,2,1
91791833,Cirsium vulgare,2021-08-19,2,1
91793031,Cirsium oleraceum,2021-08-19,2,1
91795074,Cirsium heterophyllum,2021-08-19,2,1
91834857,Cirsium muticum,2021-08-17,2,1
91855749,Cirsium occidentale,2021-08-19,2,1
91857445,Cirsium vulgare,2021-08-18,2,1
91902941,Cirsium vulgare,2021-08-20,2,1
91907544,Cirsium muticum,2021-08-20,2,1
91912717,Cirsium arvense,2021-08-20,2,1
91913831,Cirsium altissimum,2021-08-19,2,1
91939248,Cirsium arvense,2021-08-21,2,1
91974021,Cirsium vulgare,2021-08-21,2,1
91979996,Cirsium oleraceum,2021-08-21,2,1
92013971,Cirsium vulgare,2021-08-20,2,1
92025140,Cirsium vulgare,2021-08-21,2,1
92060195,Cirsium arvense,2021-08-21,2,1
92092366,Cirsium vulgare,2021-08-22,2,1
92094650,Cirsium arvense,2021-08-09,2,1
92101647,Cirsium discolor,2021-08-22,2,1
92103351,Cirsium esculentum,2021-08-22,2,1
92109121,Cirsium discolor,2021-08-22,2,1
92125784,Cirsium arvense,2021-08-19,2,1
92125863,Cirsium serrulatum,2021-08-22,2,1
92161438,Cirsium palustre,2021-08-06,2,1
92166540,Cirsium discolor,2021-08-22,2,1
92206797,Cirsium vulgare,2021-08-21,2,1
9221021,Cirsium scariosum,2009-07-10,2,1
92230746,Cirsium vulgare,2021-08-22,2,1
92242745,Cirsium arvense,2021-08-18,2,1
92266459,Cirsium spinosissimum,2021-08-23,2,1
92275764,Cirsium heterophyllum,2021-08-22,2,1
92319010,Cirsium andersonii,2021-08-20,2,1
92415436,Cirsium arvense,2021-08-24,2,1
92439719,Cirsium arvense,2021-08-25,2,1
92446216,Cirsium arvense,2021-08-16,2,1
92446306,Cirsium oleraceum,2021-08-25,2,1
92459378,Cirsium vulgare,2021-08-25,2,1
92493317,Cirsium vulgare,2021-08-24,2,1
92530356,Cirsium vulgare,2021-08-25,2,1
92540651,Cirsium edule,2021-07-27,2,1
92560017,Cirsium discolor,2021-08-25,2,1
9257186,Cirsium undulatum,2014-07-12,2,1
92577032,Cirsium arvense,2021-08-23,2,1
92582617,Cirsium arvense,2021-08-25,2,1
92587027,Cirsium heterophyllum,2018-06-03,2,1
92595659,Cirsium discolor,2021-08-26,2,1
92596963,Cirsium arvense,2021-08-26,2,1
92620231,Cirsium vulgare,2021-08-18,2,1
92669208,Cirsium vulgare,2021-08-26,2,1
92727233,Cirsium discolor,2021-08-27,2,1
92757900,Cirsium altissimum,2021-08-28,2,1
92766692,Cirsium serratuloides,2021-08-28,2,1
92772021,Cirsium arvense,2021-08-28,2,1
92772557,Cirsium discolor,2021-08-27,2,1
92772949,Cirsium arvense,2021-08-26,2,1
92813753,Cirsium arvense,2021-08-28,2,1
92820045,Cirsium oleraceum,2021-08-28,2,1
92871733,Cirsium heterophyllum,2021-08-28,2,1
92898834,Cirsium palustre,2021-08-29,2,1
92907393,Cirsium heterophyllum,2021-08-29,2,1
92920435,Cirsium heterophyllum,2021-08-29,2,1
92943649,Cirsium vulgare,2021-08-25,2,1
93036524,Cirsium discolor,2021-08-25,2,1
93108239,Cirsium arizonicum,2021-08-30,2,1
93135233,Cirsium vulgare,2021-08-29,2,1
93147305,Cirsium arvense,2021-08-30,2,1
93162369,Cirsium muticum,2021-08-31,2,1
93190328,Cirsium vulgare,2021-08-31,2,1
93242846,Cirsium arvense,2021-09-01,2,1
93246354,Cirsium arvense,2021-07-26,2,1
93251772,Cirsium acaulon,2021-09-01,2,1
93273889,Cirsium arvense,2021-09-01,2,1
93279251,Cirsium arvense,2021-09-01,2,1
93311933,Cirsium undulatum,2021-08-15,2,1
93384614,Cirsium discolor,2021-09-02,2,1
93400146,Cirsium oleraceum,2021-08-31,2,1
93417468,Cirsium altissimum,2021-09-02,2,1
93446660,Cirsium rhizocephalum,2021-08-07,2,1
93459038,Cirsium palustre,2021-09-02,2,1
93471843,Cirsium arvense,2021-09-03,2,1
93474850,Cirsium arvense,2021-09-01,2,1
93522493,Cirsium texanum,2002-05-15,2,1
93527839,Cirsium muticum,2021-09-03,2,1
9353439,Cirsium palustre,2018-01-03,2,1
93554083,Cirsium esculentum,2021-08-11,2,1
93554296,Cirsium heterophyllum,2021-09-03,2,1
93556125,Cirsium arvense,2021-06-14,2,1
93584012,Cirsium heterophyllum,2021-09-04,2,1
93595658,Cirsium heterophyllum,2021-09-03,2,1
93621214,Cirsium vulgare,2021-08-29,2,1
93649862,Cirsium muticum,2021-07-18,2,1
93692420,Cirsium oleraceum,2021-09-04,2,1
93697147,Cirsium wallichii,2021-09-05,2,1
93810468,Cirsium horridulum,2021-09-04,2,1
93812775,Cirsium arvense,2021-08-09,2,1
93844252,Cirsium arvense,2021-09-06,2,1
93846283,Cirsium arvense,2021-08-24,2,1
93936288,Cirsium vulgare,2021-09-06,2,1
93973387,Cirsium arvense,2021-09-07,2,1
94015797,Cirsium texanum,2021-09-07,2,1
94023824,Cirsium vulgare,2021-09-05,2,1
94077060,Cirsium arvense,2021-09-06,2,1
94086685,Cirsium arvense,2021-09-07,2,1
94095680,Cirsium sieboldii,2021-09-06,2,1
94108654,Cirsium helenioides,2021-07-26,2,1
94108903,Cirsium helenioides,2021-07-29,2,1
94189620,Cirsium echinus,2021-07-09,2,1
9420232,Cirsium brachycephalum,2007-06-15,2,1
94208033,Cirsium vulgare,2021-09-09,2,1
94221595,Cirsium ciliatum,2021-09-09,2,1
94262346,Cirsium arvense,2021-09-09,2,1
94372432,Cirsium arvense,2021-09-05,2,1
94373979,Cirsium altissimum,2021-09-07,2,1
94378041,Cirsium acaulon,2021-08-14,2,1
94437131,Cirsium vulgare,2021-09-11,2,1
94461371,Cirsium discolor,2021-09-09,2,1
94467792,Cirsium erisithales,2021-09-11,2,1
94473586,Cirsium edule,2021-09-09,2,1
94477870,Cirsium oleraceum,2021-09-11,2,1
94497707,Cirsium altissimum,2021-09-11,2,1
94507535,Cirsium arvense,2021-09-11,2,1
94532893,Cirsium discolor,2021-09-11,2,1
94537059,Cirsium verutum,2021-09-12,2,1
94548291,Cirsium oleraceum,2021-09-12,2,1
94553394,Cirsium vulgare,2021-09-12,2,1
94564252,Cirsium discolor,2021-09-11,2,1
94566939,Cirsium vulgare,2021-09-12,2,1
94569236,Cirsium arvense,2021-09-12,2,1
94588402,Cirsium arvense,2021-09-11,2,1
94635150,Cirsium muticum,2021-09-12,2,1
94707192,Cirsium vulgare,2021-09-10,2,1
94737705,Cirsium sieboldii,2021-09-13,2,1
94795361,Cirsium oleraceum,2021-09-12,2,1
94819218,Cirsium arvense,2021-09-11,2,1
94832195,Cirsium heterophyllum,2021-08-02,2,1
94890539,Cirsium muticum,2021-09-14,2,1
94925612,Cirsium arvense,2021-09-15,2,1
94988079,Cirsium vulgare,2021-09-09,2,1
95000103,Cirsium undulatum,2021-08-21,2,1
95023611,Cirsium oleraceum,2021-09-16,2,1
95092286,Cirsium arvense,2021-09-16,2,1
9512918,Cirsium muticum,2012-07-17,2,1
95137621,Cirsium acaulon,2021-09-17,2,1
95151784,Cirsium vulgare,2021-09-16,2,1
95169714,Cirsium vulgare,2021-09-17,2,1
95230170,Cirsium arvense,2021-09-17,2,1
95230175,Cirsium vulgare,2021-09-17,2,1
95232799,Cirsium alatum,2021-09-17,2,1
95292261,Cirsium vulgare,2021-09-18,2,1
95338345,Cirsium arvense,2021-09-18,2,1
95353280,Cirsium muticum,2021-09-18,2,1
95372000,Cirsium vulgare,2021-09-19,2,1
95383721,Cirsium spinosissimum,2021-09-19,2,1
95394057,Cirsium esculentum,2021-08-21,2,1
95419404,Cirsium heterophyllum,2021-09-11,2,1
95419991,Cirsium vulgare,2021-09-15,2,1
95520968,Cirsium arvense,2021-09-20,2,1
95769365,Cirsium discolor,2021-09-22,2,1
95771526,Cirsium oleraceum,2021-09-17,2,1
95843243,Cirsium arvense,2021-09-23,2,1
95868527,Cirsium heterophyllum,2021-09-23,2,1
95966235,Cirsium arvense,2021-09-04,2,1
95999953,Cirsium altissimum,2021-09-09,2,1
96026860,Cirsium vulgare,2021-09-23,2,1
96039394,Cirsium vlassovianum,2021-09-14,2,1
96040820,Cirsium vulgare,2021-09-18,2,1
96060972,Cirsium arvense,2021-06-17,2,1
96125585,Cirsium obvallatum,2021-06-22,2,1
96136693,Cirsium vulgare,2021-09-25,2,1
96163768,Cirsium altissimum,2021-09-25,2,1
96265468,Cirsium acaulon,2021-09-23,2,1
96273147,Cirsium vulgare,2021-09-26,2,1
96328259,Cirsium coryletorum,2021-09-15,2,1
96397078,Cirsium oleraceum,2021-09-27,2,1
9644285,Cirsium arvense,2017-08-17,2,1
96446107,Cirsium palustre,2021-06-25,2,1
96448232,Cirsium arvense,2021-09-07,2,1
96488328,Cirsium vulgare,2021-09-28,2,1
96569405,Cirsium flodmanii,1995-08-06,2,1
96612505,Cirsium arvense,2021-06-01,2,1
96668944,Cirsium arvense,2021-08-04,2,1
96717203,Cirsium muticum,2021-06-25,2,1
96734714,Cirsium discolor,2021-09-29,2,1
96776371,Cirsium vulgare,2021-09-21,2,1
96783348,Cirsium arvense,2021-09-19,2,1
96819161,Cirsium vulgare,2021-09-30,2,1
96895349,Cirsium arvense,2021-10-02,2,1
96936554,Cirsium vulgare,2021-10-02,2,1
97000151,Cirsium vulgare,2021-10-03,2,1
97047724,Cirsium arvense,2021-10-03,2,1
97064715,Cirsium altissimum,2021-10-03,2,1
9712903,Cirsium palustre,2017-07-04,2,1
9714059,Cirsium vulgare,2018-01-12,2,1
97274634,Cirsium vulgare,2021-10-05,2,1
97312758,Cirsium vulgare,2021-09-25,2,1
97411092,Cirsium vulgare,2021-10-06,2,1
97475697,Cirsium brevifolium,2016-07-22,2,1
97481743,Cirsium vulgare,2021-09-02,2,1
97549051,Cirsium vulgare,2021-10-08,2,1
97574937,Cirsium vlassovianum,2021-09-20,2,1
97602858,Cirsium arvense,2021-10-08,2,1
9770436,Cirsium hidalgoense,2018-02-07,2,1
97749671,Cirsium oleraceum,2021-10-10,2,1
97775212,Cirsium oleraceum,2021-10-10,2,1
97789994,Cirsium vulgare,2021-10-09,2,1
97799495,Cirsium pendulum,2021-08-14,2,1
97819443,Cirsium arvense,2021-10-10,2,1
97848209,Cirsium brevistylum,2021-06-16,2,1
97904133,Cirsium vulgare,2021-10-11,2,1
97929053,Cirsium arvense,2021-07-23,2,1
97987519,Cirsium vulgare,2021-10-12,2,1
98018690,Cirsium scariosum,2007-06-19,2,1
98074323,Cirsium wheeleri,2021-10-09,2,1
98095691,Cirsium helenioides,2004-07-27,2,1
98113129,Cirsium tuberosum,2021-10-04,2,1
98156010,Cirsium undulatum,2009-06-19,2,1
9816425,Cirsium horridulum,2018-02-10,2,1
98173007,Cirsium arvense,2021-10-13,2,1
98400543,Cirsium flodmanii,2021-10-16,2,1
98537030,Cirsium canum,2021-10-16,2,1
98547010,Cirsium vulgare,2021-07-10,2,1
98584021,Cirsium vulgare,2021-09-25,2,1
98592117,Cirsium vulgare,2021-10-18,2,1
98638757,Cirsium oleraceum,2011-07-16,2,1
98661499,Cirsium arvense,2021-06-27,2,1
98719299,Cirsium flodmanii,2021-10-18,2,1
98836028,Cirsium altissimum,2021-10-20,2,1
98853363,Cirsium arvense,2021-10-11,2,1
98869773,Cirsium vulgare,2021-10-21,2,1
98937354,Cirsium acaulon,2021-09-15,2,1
98941108,Cirsium tamastoloniferum,2021-10-18,2,1
99015766,Cirsium vulgare,2021-10-22,2,1
99077293,Cirsium vulgare,2021-10-23,2,1
99104042,Cirsium vulgare,2021-10-23,2,1
99107691,Cirsium arvense,2021-10-23,2,1
99161827,Cirsium vulgare,2021-10-23,2,1
99190791,Cirsium arvense,2021-10-24,2,1
99416449,Cirsium vulgare,2021-10-26,2,1
99457497,Cirsium undulatum,2021-10-23,2,1
99548277,Cirsium palustre,2021-07-03,2,1
99606140,Cirsium vulgare,2021-07-13,2,1
99607307,Cirsium sieboldii,2021-10-18,2,1
99611870,Cirsium arvense,2021-10-27,2,1
9968279,Cirsium muticum,2007-08-05,2,1
99725094,Cirsium arvense,2021-09-08,2,1
99773808,Cirsium vulgare,2021-10-27,2,1
99774000,Cirsium arvense,2021-10-30,2,1
99810269,Cirsium vulgare,2021-10-30,2,1
99812501,Cirsium texanum,2021-10-21,2,1
99818052,Cirsium vulgare,2021-10-29,2,1
99900229,Cirsium obvallatum,2021-06-25,2,1
99963197,Cirsium vulgare,2021-10-27,2,1
99974275,Cirsium ochrocentrum,2021-10-05,2,1
99976977,Cirsium arvense,2021-10-29,2,1
