scenario,omitted_taxa,model_definition,trait,predictor,status,beta_std_within,se_cluster_taxon,z,p_value,ci_low,ci_high,n_observations,n_taxa,q_fdr_bh,fdr_significant_0_05
all_taxa,,taxon_mean_only,orientation_angle_degrees_median,chelsa_bio01,ok,0.01705895420393931,0.0063444539285305735,2.6887978691477867,0.007170982618444768,0.004624053002445729,0.029493855405432895,37042,142,0.036251528489516065,True
all_taxa,,taxon_mean_only,orientation_angle_degrees_median,chelsa_bio04,ok,-0.00010814572431665443,0.015545936744426147,-0.00695652671785308,0.9944495395025319,-0.030577621849329762,0.03036133040069645,37042,142,0.9944495395025319,False
all_taxa,,taxon_mean_only,orientation_angle_degrees_median,chelsa_bio12,ok,0.0048927384433322145,0.010208269607431073,0.479291655832695,0.6317311574124316,-0.015115102331707524,0.024900579218371955,37042,142,0.9109199267387045,False
all_taxa,,taxon_mean_only,orientation_angle_degrees_median,chelsa_bio15,ok,-0.007730122344853623,0.003829890808212205,-2.0183662490529457,0.043553131733773495,-0.015236570393670544,-0.0002236742960367022,37042,142,0.1306593952013205,False
all_taxa,,taxon_mean_only,corolla_lab_lightness_median,chelsa_bio01,ok,0.03572763412114583,0.01863228630036987,1.917512083336579,0.05517290737233007,-0.0007909759772181599,0.07224624421950981,40290,143,0.15278651272337557,False
all_taxa,,taxon_mean_only,corolla_lab_lightness_median,chelsa_bio04,ok,0.02044985396855349,0.014819936886638765,1.3798880605888748,0.16762111325329476,-0.008596688582415146,0.04949639651952213,40290,143,0.3549623574775654,False
all_taxa,,taxon_mean_only,corolla_lab_lightness_median,chelsa_bio12,ok,-0.009826997314507712,0.011631164378429735,-0.8448850858588248,0.39817500225035474,-0.032623660594495195,0.01296966596547977,40290,143,0.7167150040506385,False
all_taxa,,taxon_mean_only,corolla_lab_lightness_median,chelsa_bio15,ok,-0.025584472471398407,0.016375309522188877,-1.562381000293822,0.1181982602891552,-0.05767948937058441,0.006510544427787594,40290,143,0.26594608565059924,False
all_taxa,,taxon_mean_only,corolla_lab_chroma_median,chelsa_bio01,ok,-0.008123849805229526,0.008452872961404782,-0.961075582505788,0.3365141659167352,-0.024691176375475327,0.008443476765016276,40290,143,0.6376057880527615,False
all_taxa,,taxon_mean_only,corolla_lab_chroma_median,chelsa_bio04,ok,-0.018672862684679395,0.008497182107725753,-2.1975358945999024,0.0279821958477997,-0.03532703358590002,-0.002018691783458773,40290,143,0.10073590505207891,False
all_taxa,,taxon_mean_only,corolla_lab_chroma_median,chelsa_bio12,ok,0.039323679150289406,0.014840702805516361,2.649718120874478,0.008055895219892459,0.010236436146214802,0.068410922154364,40290,143,0.036251528489516065,True
all_taxa,,taxon_mean_only,corolla_lab_chroma_median,chelsa_bio15,ok,-0.0006220410074527202,0.013240965572873933,-0.04697852313180716,0.9625303446840082,-0.02657385665082039,0.025329774635914952,40290,143,0.9944495395025319,False
all_taxa,,taxon_mean_only,corolla_hue_sin_median,chelsa_bio01,ok,-0.019987423939535193,0.01087367666862998,-1.8381477166042581,0.06604064154340515,-0.04129943858958343,0.0013245907105130447,40283,143,0.16981879254018467,False
all_taxa,,taxon_mean_only,corolla_hue_sin_median,chelsa_bio04,ok,0.05335748002684627,0.005567478355997878,9.583778618441135,9.355800674538036e-22,0.04244542296438416,0.06426953708930838,40283,143,3.368088242833693e-20,True
all_taxa,,taxon_mean_only,corolla_hue_sin_median,chelsa_bio12,ok,-0.04402832920746888,0.008564239309778614,-5.140950365223624,2.733522652533012e-07,-0.06081392980961713,-0.027242728605320628,40283,143,4.920340774559421e-06,True
all_taxa,,taxon_mean_only,corolla_hue_sin_median,chelsa_bio15,ok,0.006360165333156829,0.013781493881604795,0.46150042860347845,0.6444396139664921,-0.02065106632794768,0.03337139699426134,40283,143,0.9109199267387045,False
all_taxa,,taxon_mean_only,corolla_hue_cos_median,chelsa_bio01,ok,-0.005039487326906813,0.007288292428983439,-0.6914496606730849,0.48928300504096267,-0.019324277996510302,0.009245303342696676,40283,143,0.8006449173397571,False
all_taxa,,taxon_mean_only,corolla_hue_cos_median,chelsa_bio04,ok,-0.028294519549463774,0.008672293127054065,-3.2626341308962745,0.0011038192370239964,-0.04529190174186398,-0.011297137357063565,40283,143,0.013245830844287957,True
all_taxa,,taxon_mean_only,corolla_hue_cos_median,chelsa_bio12,ok,-0.003919800969687975,0.01037458751282108,-0.37782716323360543,0.7055589935287743,-0.024253618849276265,0.01641401690990032,40283,143,0.9109199267387045,False
all_taxa,,taxon_mean_only,corolla_hue_cos_median,chelsa_bio15,ok,0.02014949596838026,0.006760428289164283,2.980505835802767,0.002877727548638961,0.006899300001552531,0.03339969193520799,40283,143,0.02071963835020052,True
all_taxa,,taxon_mean_only,shape_aspect_ratio_median,chelsa_bio01,ok,-0.011551029404227777,0.0064546614336659066,-1.7895639489285193,0.0735240384252039,-0.024201933346612626,0.0010998745381570717,38289,141,0.17645769222048935,False
all_taxa,,taxon_mean_only,shape_aspect_ratio_median,chelsa_bio04,ok,0.01372303790536522,0.004548404357546861,3.017110359283582,0.002551968853551608,0.00480832917744833,0.02263774663328211,38289,141,0.02071963835020052,True
all_taxa,,taxon_mean_only,shape_aspect_ratio_median,chelsa_bio12,ok,-0.010795551143822303,0.0040540539685125655,-2.662902671664037,0.007746981789258333,-0.018741350913488608,-0.002849751374155997,38289,141,0.036251528489516065,True
all_taxa,,taxon_mean_only,shape_aspect_ratio_median,chelsa_bio15,ok,-0.0042158021341845535,0.0034888180138338246,-1.2083754777314548,0.2269028678653353,-0.011053759789913414,0.002622155521544307,38289,141,0.4538057357306706,False
all_taxa,,taxon_mean_only,shape_circularity_median,chelsa_bio01,ok,0.0015992675265417275,0.015145060469392044,0.10559664187368711,0.9159023892519776,-0.028084505537147964,0.03128304059023142,38289,141,0.9944495395025319,False
all_taxa,,taxon_mean_only,shape_circularity_median,chelsa_bio04,ok,0.01134946161444442,0.0053927295547803065,2.104585720302598,0.03532738571074206,0.0007799059087102989,0.021919017320178542,38289,141,0.11561689868970128,False
all_taxa,,taxon_mean_only,shape_circularity_median,chelsa_bio12,ok,-0.010164790028060602,0.004572498535887552,-2.2230275085451834,0.026213945110921368,-0.019126722477762332,-0.0012028575783588728,38289,141,0.10073590505207891,False
all_taxa,,taxon_mean_only,shape_circularity_median,chelsa_bio15,ok,-0.002026857124487551,0.006262702830830017,-0.3236393581553549,0.746211086815981,-0.014301529118791427,0.010247814869816326,38289,141,0.9109199267387045,False
all_taxa,,taxon_mean_only,shape_solidity_median,chelsa_bio01,ok,0.0028528944907540077,0.011912271393789675,0.23949206632761333,0.8107240476509533,-0.020494728415140506,0.026200517396648523,38289,141,0.9120645536073225,False
all_taxa,,taxon_mean_only,shape_solidity_median,chelsa_bio04,ok,0.001218598842966507,0.003973740133692893,0.30666294271085953,0.7590999389489205,-0.006569788702992942,0.009006986388925955,38289,141,0.9109199267387045,False
all_taxa,,taxon_mean_only,shape_solidity_median,chelsa_bio12,ok,5.9441716276263917e-05,0.0055090446127580356,0.010789841152966294,0.9913911193728017,-0.010738087313953894,0.010856970746506423,38289,141,0.9944495395025319,False
all_taxa,,taxon_mean_only,shape_solidity_median,chelsa_bio15,ok,-0.0015052301703038398,0.004507545349343246,-0.3339356686723414,0.7384281035183826,-0.010339856713697618,0.007329396373089938,38289,141,0.9109199267387045,False
all_taxa,,taxon_mean_only,shape_width_cv_median,chelsa_bio01,ok,-0.006662639946465824,0.010760274860493448,-0.6191886390307586,0.5357920952932753,-0.027752391136784734,0.014427111243853086,38289,141,0.838631105676431,False
all_taxa,,taxon_mean_only,shape_width_cv_median,chelsa_bio04,ok,-0.001595106638833635,0.006249647111405104,-0.2552314731375302,0.7985443237978807,-0.013844189893272421,0.010653976615605153,38289,141,0.9120645536073225,False
all_taxa,,taxon_mean_only,shape_width_cv_median,chelsa_bio12,ok,-0.002024621277585916,0.006120941682933787,-0.3307695747585539,0.7408185442787079,-0.014021446527606125,0.009972203972434295,38289,141,0.9109199267387045,False
all_taxa,,taxon_mean_only,shape_width_cv_median,chelsa_bio15,ok,-0.003763882592513262,0.004693685783367695,-0.8019034009159207,0.42260883869913923,-0.012963337682661615,0.005435572497635091,38289,141,0.7244722949128101,False
all_taxa,,taxon_specific_cyclic_doy,orientation_angle_degrees_median,chelsa_bio01,ok,0.015831502826903616,0.003770319784796699,4.198981447340885,2.6811828446332217e-05,0.008441811838503278,0.023221193815303954,37042,142,0.00010724731378532887,True
all_taxa,,taxon_specific_cyclic_doy,orientation_angle_degrees_median,chelsa_bio04,ok,0.006247748483153263,0.011714319431551951,0.5333428475857723,0.5937962723362149,-0.016711895706086277,0.029207392672392807,37042,142,0.6680208063782418,False
all_taxa,,taxon_specific_cyclic_doy,orientation_angle_degrees_median,chelsa_bio12,ok,-7.577430755101895e-05,0.009777069757722847,-0.007750206291733296,0.9938162919616402,-0.019238478907023553,0.019086930291921513,37042,142,0.9938162919616402,False
all_taxa,,taxon_specific_cyclic_doy,orientation_angle_degrees_median,chelsa_bio15,ok,-0.009461898903978094,0.004226026302709573,-2.238958829459124,0.02515859508698911,-0.01774475825500782,-0.0011790395529483674,37042,142,0.0566068389457255,False
all_taxa,,taxon_specific_cyclic_doy,corolla_lab_lightness_median,chelsa_bio01,ok,0.02327033815422539,0.021545358093045888,1.0800627241250758,0.2801142496317949,-0.018957787742163126,0.06549846405061391,40290,143,0.4201713744476923,False
all_taxa,,taxon_specific_cyclic_doy,corolla_lab_lightness_median,chelsa_bio04,ok,0.033481106919734445,0.015331813263183152,2.18376693904392,0.028979378126737846,0.0034313051062019456,0.06353090873326694,40290,143,0.06136809485662132,False
all_taxa,,taxon_specific_cyclic_doy,corolla_lab_lightness_median,chelsa_bio12,ok,-0.010274670359646602,0.012394417241903532,-0.8289756717975891,0.40711817367770553,-0.03456728176313979,0.01401794104384659,40290,143,0.5637020866306692,False
all_taxa,,taxon_specific_cyclic_doy,corolla_lab_lightness_median,chelsa_bio15,ok,-0.028326730566438564,0.015300996705697513,-1.8512996970903706,0.06412644965433972,-0.0583161330371717,0.0016626719042945742,40290,143,0.10993105655029665,False
all_taxa,,taxon_specific_cyclic_doy,corolla_lab_chroma_median,chelsa_bio01,ok,0.01748547030950632,0.025052473524169897,0.6979538484547981,0.4852060568544855,-0.031616475521509924,0.06658741614052256,40290,143,0.6238363588129099,False
all_taxa,,taxon_specific_cyclic_doy,corolla_lab_chroma_median,chelsa_bio04,ok,-0.04684744921909477,0.017648028625095784,-2.6545429075560842,0.007941593894178962,-0.08143694972241444,-0.012257948715775104,40290,143,0.020156856109546314,True
all_taxa,,taxon_specific_cyclic_doy,corolla_lab_chroma_median,chelsa_bio12,ok,0.04752073128190796,0.01803027852453319,2.6356071658709044,0.008398690045644298,0.012182034742596916,0.082859427821219,40290,143,0.020156856109546314,True
all_taxa,,taxon_specific_cyclic_doy,corolla_lab_chroma_median,chelsa_bio15,ok,0.006326572323197103,0.010529940268912798,0.6008174938916641,0.5479615509997864,-0.014311731363229992,0.0269648760096242,40290,143,0.6461748339603416,False
all_taxa,,taxon_specific_cyclic_doy,corolla_hue_sin_median,chelsa_bio01,ok,-0.061133631981785806,0.010473296637040377,-5.837095434266379,5.311867352273201e-09,-0.0816609161897894,-0.0406063477737822,40283,143,6.374240822727842e-08,True
all_taxa,,taxon_specific_cyclic_doy,corolla_hue_sin_median,chelsa_bio04,ok,0.09117708122982757,0.007096872684498132,12.847501326744641,8.883346413676321e-38,0.07726746636534514,0.10508669609431,40283,143,3.198004708923476e-36,True
all_taxa,,taxon_specific_cyclic_doy,corolla_hue_sin_median,chelsa_bio12,ok,-0.05059892232272501,0.010954456385689057,-4.619026315977453,3.855449627267146e-06,-0.07206926230889038,-0.02912858233655965,40283,143,2.3132697763602877e-05,True
all_taxa,,taxon_specific_cyclic_doy,corolla_hue_sin_median,chelsa_bio15,ok,0.011442468832426937,0.01740240622648818,0.6575222232779723,0.5108451862871906,-0.022665620615825485,0.04555055828067936,40283,143,0.6341526450461675,False
all_taxa,,taxon_specific_cyclic_doy,corolla_hue_cos_median,chelsa_bio01,ok,0.009033093234012708,0.006337692297020135,1.4252969078760578,0.15407139359667307,-0.0033885554132436838,0.0214547418812691,40283,143,0.252116825885465,False
all_taxa,,taxon_specific_cyclic_doy,corolla_hue_cos_median,chelsa_bio04,ok,-0.037662343191922985,0.006763834013972489,-5.568194475813784,2.573924580901203e-08,-0.050919214256716056,-0.02440547212712992,40283,143,2.3165321228110828e-07,True
all_taxa,,taxon_specific_cyclic_doy,corolla_hue_cos_median,chelsa_bio12,ok,-0.007755235780325159,0.009129787070525312,-0.8494432258296837,0.39563470909803566,-0.025649289625074213,0.010138818064423898,40283,143,0.5637020866306692,False
all_taxa,,taxon_specific_cyclic_doy,corolla_hue_cos_median,chelsa_bio15,ok,0.015991003572835276,0.005234146823301757,3.0551308766588967,0.0022496233042153648,0.005732264309369099,0.02624974283630145,40283,143,0.007362403541068466,True
all_taxa,,taxon_specific_cyclic_doy,shape_aspect_ratio_median,chelsa_bio01,ok,-0.01508252035890875,0.00715202400162137,-2.108846440600525,0.03495783852448193,-0.02910022981865267,-0.0010648108991648288,38289,141,0.06991567704896386,False
all_taxa,,taxon_specific_cyclic_doy,shape_aspect_ratio_median,chelsa_bio04,ok,0.02064297810740244,0.0033653959420077775,6.133892850386855,8.575428786429965e-10,0.014046923267349947,0.027239032947454934,38289,141,1.5435771815573938e-08,True
all_taxa,,taxon_specific_cyclic_doy,shape_aspect_ratio_median,chelsa_bio12,ok,-0.01329646524099374,0.003605574224404673,-3.687752466998279,0.00022624357676783778,-0.020363260864412838,-0.006229669617574641,38289,141,0.000814476876364216,True
all_taxa,,taxon_specific_cyclic_doy,shape_aspect_ratio_median,chelsa_bio15,ok,-0.003556725002466271,0.0029490094786483022,-1.2060744559208805,0.22778878308461414,-0.009336677370684185,0.0022232273657516433,38289,141,0.3565389648280917,False
all_taxa,,taxon_specific_cyclic_doy,shape_circularity_median,chelsa_bio01,ok,-0.026545227803290956,0.013429496461566902,-1.9766361217830621,0.04808277604589871,-0.05286655719847018,-0.00022389840811173553,38289,141,0.09110420724486071,False
all_taxa,,taxon_specific_cyclic_doy,shape_circularity_median,chelsa_bio04,ok,0.035215461461116114,0.007170639751825232,4.911062705688469,9.058411201941473e-07,0.02116126580142743,0.0492696571208048,38289,141,6.522056065397861e-06,True
all_taxa,,taxon_specific_cyclic_doy,shape_circularity_median,chelsa_bio12,ok,-0.011498371230001523,0.004307096103254978,-2.66963423948491,0.007593391315574593,-0.01994012447033409,-0.0030566179896689555,38289,141,0.020156856109546314,True
all_taxa,,taxon_specific_cyclic_doy,shape_circularity_median,chelsa_bio15,ok,-0.006830823914777095,0.009028938111374389,-0.75654787202183,0.4493207816313196,-0.024527217431711993,0.010865569602157805,38289,141,0.5990943755084261,False
all_taxa,,taxon_specific_cyclic_doy,shape_solidity_median,chelsa_bio01,ok,-0.024016525418191603,0.012420757193635815,-1.9335798167359122,0.053164810797510266,-0.048360762178434595,0.0003277113420513886,38289,141,0.09569665943551847,False
all_taxa,,taxon_specific_cyclic_doy,shape_solidity_median,chelsa_bio04,ok,0.023148606306223504,0.005432842505135282,4.260864599763892,2.0363758151184578e-05,0.012500430662479987,0.03379678194996702,38289,141,9.163691168033061e-05,True
all_taxa,,taxon_specific_cyclic_doy,shape_solidity_median,chelsa_bio12,ok,-0.0010798030186652044,0.0047745406348432915,-0.22615851476581797,0.8210781351144983,-0.010437730705681061,0.008278124668350654,38289,141,0.869376848944763,False
all_taxa,,taxon_specific_cyclic_doy,shape_solidity_median,chelsa_bio15,ok,-0.004345872481027694,0.007388993130193089,-0.5881548953225414,0.5564283292436275,-0.018828032898220028,0.01013628793616464,38289,141,0.6461748339603416,False
all_taxa,,taxon_specific_cyclic_doy,shape_width_cv_median,chelsa_bio01,ok,0.029777123950869643,0.009914022780127396,3.0035359622692943,0.002668620078864193,0.010345996359910285,0.049208251541829,38289,141,0.008005860236592579,True
all_taxa,,taxon_specific_cyclic_doy,shape_width_cv_median,chelsa_bio04,ok,-0.03252361535543369,0.007388344592641915,-4.402016574568558,1.0724936153193069e-05,-0.047004504662383095,-0.018042726048484278,38289,141,5.515681450213578e-05,True
all_taxa,,taxon_specific_cyclic_doy,shape_width_cv_median,chelsa_bio12,ok,0.0025109045339738885,0.005804298630921539,0.43259396072376727,0.6653097776627908,-0.008865311738147471,0.013887120806095249,38289,141,0.7257924847230445,False
all_taxa,,taxon_specific_cyclic_doy,shape_width_cv_median,chelsa_bio15,ok,0.00036190116678135254,0.009062657390204685,0.03993322832357219,0.9681463598512815,-0.017400580922245588,0.018124383255808296,38289,141,0.9938162919616402,False
omit_rank_01,Cirsium vulgare,taxon_mean_only,orientation_angle_degrees_median,chelsa_bio01,ok,0.008225997131874172,0.006390425035403254,1.2872378732716154,0.1980113902889985,-0.004299005783419307,0.02075100004716765,26782,141,0.396022780577997,False
omit_rank_01,Cirsium vulgare,taxon_mean_only,orientation_angle_degrees_median,chelsa_bio04,ok,0.01760026391822665,0.005545013108345432,3.1740707504798604,0.0015031704537733235,0.006732237932067106,0.02846828990438619,26782,141,0.023057707296891446,True
omit_rank_01,Cirsium vulgare,taxon_mean_only,orientation_angle_degrees_median,chelsa_bio12,ok,-0.0034323589076955706,0.009917940090963773,-0.34607578551747753,0.7292857606906117,-0.022871164286810474,0.01600644647141933,26782,141,0.7721849230841771,False
omit_rank_01,Cirsium vulgare,taxon_mean_only,orientation_angle_degrees_median,chelsa_bio15,ok,-0.006947572908151421,0.00588932140318499,-1.1796898882771316,0.2381235770472505,-0.018490430751774894,0.004595284935472054,26782,141,0.4286224386850509,False
omit_rank_01,Cirsium vulgare,taxon_mean_only,corolla_lab_lightness_median,chelsa_bio01,ok,0.055028428744365664,0.019203111083873375,2.865599667888091,0.004162202287695978,0.017391022628851928,0.09266583485987939,29149,142,0.029967856471411043,True
omit_rank_01,Cirsium vulgare,taxon_mean_only,corolla_lab_lightness_median,chelsa_bio04,ok,0.01898383077046837,0.022909270433763756,0.8286527860132088,0.40730090936643837,-0.025917514191796893,0.06388517573273364,29149,142,0.563955105276607,False
omit_rank_01,Cirsium vulgare,taxon_mean_only,corolla_lab_lightness_median,chelsa_bio12,ok,-0.01153304556773952,0.01725870824595177,-0.6682450043991404,0.5039772121734025,-0.04535949214948944,0.0222934010140104,29149,142,0.5929154812692875,False
omit_rank_01,Cirsium vulgare,taxon_mean_only,corolla_lab_lightness_median,chelsa_bio15,ok,-0.008292943332466184,0.019216318577325902,-0.43155734013753067,0.6660631692976683,-0.04595623565947292,0.02937034899454055,29149,142,0.7266143665065472,False
omit_rank_01,Cirsium vulgare,taxon_mean_only,corolla_lab_chroma_median,chelsa_bio01,ok,-0.015826371190720646,0.012113160314794218,-1.3065435261672675,0.1913677872503472,-0.03956772914667718,0.007914986765235884,29149,142,0.396022780577997,False
omit_rank_01,Cirsium vulgare,taxon_mean_only,corolla_lab_chroma_median,chelsa_bio04,ok,-0.024278139345934542,0.01149318056715477,-2.1123951898325384,0.03465256723995887,-0.046804359325373524,-0.0017519193664955607,29149,142,0.17821320294835988,False
omit_rank_01,Cirsium vulgare,taxon_mean_only,corolla_lab_chroma_median,chelsa_bio12,ok,0.019808895865793274,0.011017226822739574,1.797992923673649,0.07217812916062222,-0.001784471916284943,0.04140226364787149,29149,142,0.21423663220765565,False
omit_rank_01,Cirsium vulgare,taxon_mean_only,corolla_lab_chroma_median,chelsa_bio15,ok,0.016171412293966868,0.015000147628828847,1.0780835425170725,0.28099647537648,-0.013228336821321563,0.045571161409255295,29149,142,0.4752480207166792,False
omit_rank_01,Cirsium vulgare,taxon_mean_only,corolla_hue_sin_median,chelsa_bio01,ok,-0.007653660560782083,0.011632472693342555,-0.6579564605522257,0.5105661088707754,-0.03045288809087913,0.015145566969314964,29144,142,0.5929154812692875,False
omit_rank_01,Cirsium vulgare,taxon_mean_only,corolla_hue_sin_median,chelsa_bio04,ok,0.05089317193790903,0.008978333760645696,5.668442864196768,1.4410110663108314e-08,0.0332959611258634,0.06849038274995466,29144,142,5.187639838718993e-07,True
omit_rank_01,Cirsium vulgare,taxon_mean_only,corolla_hue_sin_median,chelsa_bio12,ok,-0.040478355319109455,0.013614397835357731,-2.9732020327761965,0.002947103959082382,-0.06716208474761068,-0.013794625890608227,29144,142,0.02652393563174144,True
omit_rank_01,Cirsium vulgare,taxon_mean_only,corolla_hue_sin_median,chelsa_bio15,ok,0.013006105871206354,0.018728692660174767,0.6944481447369208,0.4874012098488638,-0.02370145722025585,0.04971366896266856,29144,142,0.5929154812692875,False
omit_rank_01,Cirsium vulgare,taxon_mean_only,corolla_hue_cos_median,chelsa_bio01,ok,-0.014218168285975896,0.006977218581109187,-2.0377988908748788,0.041570049349199015,-0.027893265417213563,-0.00054307115473823,29144,142,0.1785057315793923,False
omit_rank_01,Cirsium vulgare,taxon_mean_only,corolla_hue_cos_median,chelsa_bio04,ok,-0.0168157328699137,0.008564042947506623,-1.9635273868879317,0.04958492543872009,-0.03360094860908093,-3.0517130746469945e-05,29144,142,0.1785057315793923,False
omit_rank_01,Cirsium vulgare,taxon_mean_only,corolla_hue_cos_median,chelsa_bio12,ok,0.0014381833773132635,0.015074262546525809,0.0954065495989868,0.9239919139836859,-0.028106828307378363,0.03098319506200489,29144,142,0.9239919139836859,False
omit_rank_01,Cirsium vulgare,taxon_mean_only,corolla_hue_cos_median,chelsa_bio15,ok,0.011078177353521821,0.008321346080494061,1.3312963126831132,0.18309153103150444,-0.005231361267140081,0.027387715974183723,29144,142,0.396022780577997,False
omit_rank_01,Cirsium vulgare,taxon_mean_only,shape_aspect_ratio_median,chelsa_bio01,ok,-0.017894258328420582,0.0057684180626868,-3.102108434922596,0.001921475608074287,-0.029200149979057025,-0.006588366677784141,27828,140,0.023057707296891446,True
omit_rank_01,Cirsium vulgare,taxon_mean_only,shape_aspect_ratio_median,chelsa_bio04,ok,0.011745013940830582,0.0067164914550181636,1.7486829276102787,0.08034584272327172,-0.0014190674134760429,0.024909095295137205,27828,140,0.21423663220765565,False
omit_rank_01,Cirsium vulgare,taxon_mean_only,shape_aspect_ratio_median,chelsa_bio12,ok,-0.009176474971371766,0.005725291749599843,-1.6027960447628082,0.10897969036294021,-0.020397840601571772,0.002044890658828239,27828,140,0.2615512568710565,False
omit_rank_01,Cirsium vulgare,taxon_mean_only,shape_aspect_ratio_median,chelsa_bio15,ok,-0.0038746806525572003,0.005217193095799416,-0.7426753392886436,0.457678263565236,-0.014100191220715083,0.0063508299156006835,27828,140,0.5929154812692875,False
omit_rank_01,Cirsium vulgare,taxon_mean_only,shape_circularity_median,chelsa_bio01,ok,-0.01602157029050805,0.00865273175113826,-1.8516198989296562,0.06408042355969078,-0.03298061289062523,0.0009374723096091317,27828,140,0.20971774983171526,False
omit_rank_01,Cirsium vulgare,taxon_mean_only,shape_circularity_median,chelsa_bio04,ok,0.016718746530700337,0.006029793082442512,2.7726899251952455,0.005559506674486975,0.0049005692548842565,0.02853692380651642,27828,140,0.03335704004692185,True
omit_rank_01,Cirsium vulgare,taxon_mean_only,shape_circularity_median,chelsa_bio12,ok,-0.011551490379343948,0.006670331541517761,-1.731771548002475,0.08331424585853275,-0.0246250999656603,0.0015221192069724034,27828,140,0.21423663220765565,False
omit_rank_01,Cirsium vulgare,taxon_mean_only,shape_circularity_median,chelsa_bio15,ok,0.005588712683783809,0.005798376135988774,0.9638410052594472,0.33512564490815144,-0.005775895711570711,0.016953321079138328,27828,140,0.4954170667809056,False
omit_rank_01,Cirsium vulgare,taxon_mean_only,shape_solidity_median,chelsa_bio01,ok,-0.011738070974044125,0.005862506441065954,-2.0022273906295007,0.04526028108158335,-0.023228372457667484,-0.0002477694904207666,27828,140,0.1785057315793923,False
omit_rank_01,Cirsium vulgare,taxon_mean_only,shape_solidity_median,chelsa_bio04,ok,0.005428212418821778,0.005134614064338335,1.0571802185723334,0.2904293459935262,-0.004635446221794187,0.015491871059437742,27828,140,0.4752480207166792,False
omit_rank_01,Cirsium vulgare,taxon_mean_only,shape_solidity_median,chelsa_bio12,ok,-0.0013451589981049916,0.008384013056587925,-0.160443332927303,0.8725318569868676,-0.017777522634930897,0.015087204638720915,27828,140,0.8974613386150638,False
omit_rank_01,Cirsium vulgare,taxon_mean_only,shape_solidity_median,chelsa_bio15,ok,0.003423116631067047,0.005008062808449374,0.6835211062632285,0.4942776179579791,-0.006392506105808241,0.013238739367942336,27828,140,0.5929154812692875,False
omit_rank_01,Cirsium vulgare,taxon_mean_only,shape_width_cv_median,chelsa_bio01,ok,0.006541609663277619,0.006545178936901813,0.9994546713453363,0.3175744869603132,-0.006286705325420092,0.01936992465197533,27828,140,0.4954170667809056,False
omit_rank_01,Cirsium vulgare,taxon_mean_only,shape_width_cv_median,chelsa_bio04,ok,-0.008223379231889285,0.008690827178309941,-0.9462136414831391,0.3440396297089622,-0.025257087497238633,0.008810329033460063,27828,140,0.4954170667809056,False
omit_rank_01,Cirsium vulgare,taxon_mean_only,shape_width_cv_median,chelsa_bio12,ok,0.003479975241232719,0.0068962473289706765,0.5046186824845411,0.6138266853581742,-0.010036421152030352,0.01699637163449579,27828,140,0.690555021027946,False
omit_rank_01,Cirsium vulgare,taxon_mean_only,shape_width_cv_median,chelsa_bio15,ok,-0.006701853548006128,0.005463327068481285,-1.226698212279854,0.21993603988950816,-0.01740977783799224,0.004006070741979984,27828,140,0.4167209176853839,False
omit_rank_01,Cirsium vulgare,taxon_specific_cyclic_doy,orientation_angle_degrees_median,chelsa_bio01,ok,0.014433205583196267,0.005735282833247916,2.5165638736289972,0.011850541779351005,0.0031922577888795108,0.025674153377513022,26782,141,0.02666371900353976,True
omit_rank_01,Cirsium vulgare,taxon_specific_cyclic_doy,orientation_angle_degrees_median,chelsa_bio04,ok,0.018004341963661158,0.00535709596464144,3.3608399182123336,0.0007770584848741869,0.007504626811239078,0.02850405711608324,26782,141,0.0030211795714804243,True
omit_rank_01,Cirsium vulgare,taxon_specific_cyclic_doy,orientation_angle_degrees_median,chelsa_bio12,ok,-0.008380160377183865,0.00879107045615436,-0.9532582430069333,0.3404592428816352,-0.025610341856800518,0.008850021102432788,26782,141,0.4613940885891119,False
omit_rank_01,Cirsium vulgare,taxon_specific_cyclic_doy,orientation_angle_degrees_median,chelsa_bio15,ok,-0.005668411070745742,0.005403840419488926,-1.0489597454252428,0.2941966458579699,-0.016259743671145854,0.004922921529654372,26782,141,0.4273706448079636,False
omit_rank_01,Cirsium vulgare,taxon_specific_cyclic_doy,corolla_lab_lightness_median,chelsa_bio01,ok,0.04718859316997503,0.018664783236299876,2.5282154404129975,0.011464397868029663,0.010606290247580315,0.08377089609236973,29149,142,0.02666371900353976,True
omit_rank_01,Cirsium vulgare,taxon_specific_cyclic_doy,corolla_lab_lightness_median,chelsa_bio04,ok,0.024931020674200458,0.0231690089971094,1.0760503687193046,0.2819047305432417,-0.020479402517618442,0.07034144386601936,29149,142,0.4273706448079636,False
omit_rank_01,Cirsium vulgare,taxon_specific_cyclic_doy,corolla_lab_lightness_median,chelsa_bio12,ok,-0.011023575819487126,0.01854652722392784,-0.5943741211705141,0.552261913313504,-0.047374101216677324,0.025326949577703074,29149,142,0.6413364154608434,False
omit_rank_01,Cirsium vulgare,taxon_specific_cyclic_doy,corolla_lab_lightness_median,chelsa_bio15,ok,-0.011782368954748306,0.017559144030972664,-0.671010439572984,0.5022138790507671,-0.0461976588548062,0.022632920945309585,29149,142,0.6234379188216419,False
omit_rank_01,Cirsium vulgare,taxon_specific_cyclic_doy,corolla_lab_chroma_median,chelsa_bio01,ok,-0.01527093875321507,0.014636416834731047,-1.0433522716419468,0.2967851700055303,-0.04395778861200366,0.01341591110557352,29149,142,0.4273706448079636,False
omit_rank_01,Cirsium vulgare,taxon_specific_cyclic_doy,corolla_lab_chroma_median,chelsa_bio04,ok,-0.026190049773249603,0.011641837058513523,-2.249649229895136,0.024471220740731454,-0.04900763112181983,-0.0033724684246793785,29149,142,0.04894244148146291,True
omit_rank_01,Cirsium vulgare,taxon_specific_cyclic_doy,corolla_lab_chroma_median,chelsa_bio12,ok,0.02259788864668719,0.008934689718252651,2.529230377247688,0.011431296627438588,0.005086218585871671,0.04010955870750271,29149,142,0.02666371900353976,True
omit_rank_01,Cirsium vulgare,taxon_specific_cyclic_doy,corolla_lab_chroma_median,chelsa_bio15,ok,0.01590862331671118,0.014793729701765922,1.075362578431602,0.28221242904676525,-0.013086554095770503,0.04490380072919286,29149,142,0.4273706448079636,False
omit_rank_01,Cirsium vulgare,taxon_specific_cyclic_doy,corolla_hue_sin_median,chelsa_bio01,ok,-0.04682250708951068,0.013026091852925978,-3.5945168833577053,0.00032499407106460196,-0.07235317798055621,-0.02129183619846515,29144,142,0.00167139807976081,True
omit_rank_01,Cirsium vulgare,taxon_specific_cyclic_doy,corolla_hue_sin_median,chelsa_bio04,ok,0.080919221333644,0.010030707442733856,8.067149978764565,7.195813391980398e-16,0.061259396006427776,0.10057904666086023,29144,142,2.5904928211129434e-14,True
omit_rank_01,Cirsium vulgare,taxon_specific_cyclic_doy,corolla_hue_sin_median,chelsa_bio12,ok,-0.04677109273220814,0.01760518282420422,-2.656666119246749,0.00789175591696353,-0.08127661700889156,-0.01226556845552472,29144,142,0.02185409330851439,True
omit_rank_01,Cirsium vulgare,taxon_specific_cyclic_doy,corolla_hue_sin_median,chelsa_bio15,ok,0.023160388098403786,0.020486195822290946,1.1305363035338685,0.2582503101405612,-0.016991817893521385,0.06331259409032895,29144,142,0.4273706448079636,False
omit_rank_01,Cirsium vulgare,taxon_specific_cyclic_doy,corolla_hue_cos_median,chelsa_bio01,ok,0.00919880383375642,0.009762207125771768,0.9422873040126356,0.34604556644183393,-0.009934770542376525,0.028332378209889365,29144,142,0.4613940885891119,False
omit_rank_01,Cirsium vulgare,taxon_specific_cyclic_doy,corolla_hue_cos_median,chelsa_bio04,ok,-0.02971216314167572,0.008897121283922097,-3.3395254704876605,0.0008392165476334512,-0.04715020042424779,-0.012274125859103646,29144,142,0.0030211795714804243,True
omit_rank_01,Cirsium vulgare,taxon_specific_cyclic_doy,corolla_hue_cos_median,chelsa_bio12,ok,-0.0013305344155772447,0.01228555492900625,-0.10830071765304203,0.9137571533609978,-0.025409779606518034,0.022748710775363546,29144,142,0.9398645005998835,False
omit_rank_01,Cirsium vulgare,taxon_specific_cyclic_doy,corolla_hue_cos_median,chelsa_bio15,ok,0.0104128420068654,0.006655489952531041,1.564549279036243,0.11768862964593596,-0.002631678599563635,0.02345736261329443,29144,142,0.22298898248703655,False
omit_rank_01,Cirsium vulgare,taxon_specific_cyclic_doy,shape_aspect_ratio_median,chelsa_bio01,ok,-0.020975762448105124,0.005053531776401668,-4.150713476475015,3.314404695732426e-05,-0.030880502724581115,-0.011071022171629134,27828,140,0.00023863713809273466,True
omit_rank_01,Cirsium vulgare,taxon_specific_cyclic_doy,shape_aspect_ratio_median,chelsa_bio04,ok,0.018360924375312816,0.0047630579062590845,3.8548606245548513,0.00011579557880484178,0.009025502422766254,0.02769634632785938,27828,140,0.0006947734728290507,True
omit_rank_01,Cirsium vulgare,taxon_specific_cyclic_doy,shape_aspect_ratio_median,chelsa_bio12,ok,-0.012516245885553032,0.005282567927751097,-2.369348782019632,0.017819440293616626,-0.022869888769831568,-0.002162603001274497,27828,140,0.03773528532765874,True
omit_rank_01,Cirsium vulgare,taxon_specific_cyclic_doy,shape_aspect_ratio_median,chelsa_bio15,ok,-0.002829097585754267,0.004481958602243863,-0.6312190354319422,0.527897317235628,-0.01161357502635172,0.005955379854843186,27828,140,0.6334767806827536,False
omit_rank_01,Cirsium vulgare,taxon_specific_cyclic_doy,shape_circularity_median,chelsa_bio01,ok,-0.04006469783726048,0.009370011879830572,-4.275842800530678,1.904155541654192e-05,-0.05842958365644085,-0.02169981201808011,27828,140,0.0001713739987488773,True
omit_rank_01,Cirsium vulgare,taxon_specific_cyclic_doy,shape_circularity_median,chelsa_bio04,ok,0.029183386184726323,0.008703719250030308,3.3529788066894164,0.0007994682799811365,0.012124409923118952,0.046242362446333694,27828,140,0.0030211795714804243,True
omit_rank_01,Cirsium vulgare,taxon_specific_cyclic_doy,shape_circularity_median,chelsa_bio12,ok,-0.009282847093064307,0.00638160720521941,-1.454625268297933,0.14577303172155903,-0.02179056737877566,0.0032248731926470472,27828,140,0.26239145709880624,False
omit_rank_01,Cirsium vulgare,taxon_specific_cyclic_doy,shape_circularity_median,chelsa_bio15,ok,0.0032312832272472533,0.0079517583577685,0.40636084270473827,0.6844774865206015,-0.012353876767744373,0.01881644322223888,27828,140,0.7247408680806369,False
omit_rank_01,Cirsium vulgare,taxon_specific_cyclic_doy,shape_solidity_median,chelsa_bio01,ok,-0.036653717855820646,0.008236211915910003,-4.450312623090253,8.57453783627088e-06,-0.05279639658004388,-0.020511039131597405,27828,140,0.00010289445403525057,True
omit_rank_01,Cirsium vulgare,taxon_specific_cyclic_doy,shape_solidity_median,chelsa_bio04,ok,0.019050909063270484,0.006980170935243911,2.729289760954082,0.006347090614311151,0.005370025424259153,0.03273179270228181,27828,140,0.019041271842933454,True
omit_rank_01,Cirsium vulgare,taxon_specific_cyclic_doy,shape_solidity_median,chelsa_bio12,ok,0.0004618264590445561,0.006749120123477501,0.06842765436016553,0.9454452084215239,-0.012766205910305868,0.01368985882839498,27828,140,0.9454452084215239,False
omit_rank_01,Cirsium vulgare,taxon_specific_cyclic_doy,shape_solidity_median,chelsa_bio15,ok,0.0032704675312245596,0.007203625011368447,0.45400302293126726,0.6498266510367172,-0.010848378049189533,0.017389313111638653,27828,140,0.7089018011309642,False
omit_rank_01,Cirsium vulgare,taxon_specific_cyclic_doy,shape_width_cv_median,chelsa_bio01,ok,0.039909490227255456,0.005872424901721916,6.796083542175766,1.0750145536541838e-11,0.028399748917964332,0.05141923153654658,27828,140,1.9350261965775308e-10,True
omit_rank_01,Cirsium vulgare,taxon_specific_cyclic_doy,shape_width_cv_median,chelsa_bio04,ok,-0.028444781670485392,0.010173231935643845,-2.7960417938397444,0.005173271001321992,-0.04838394987072003,-0.008505613470250754,27828,140,0.01693070509523561,True
omit_rank_01,Cirsium vulgare,taxon_specific_cyclic_doy,shape_width_cv_median,chelsa_bio12,ok,0.005708083243399442,0.007641242826858948,0.7470097957541075,0.4550576478573022,-0.009268477494369128,0.02068464398116801,27828,140,0.5850741186736742,False
omit_rank_01,Cirsium vulgare,taxon_specific_cyclic_doy,shape_width_cv_median,chelsa_bio15,ok,-0.005765665898139092,0.010272725820561589,-0.561259591548594,0.5746205840800573,-0.025899838529494477,0.014368506733216295,27828,140,0.6464481570900645,False
omit_rank_02,Cirsium arvense,taxon_mean_only,orientation_angle_degrees_median,chelsa_bio01,ok,0.018438526292173886,0.0081800877711934,2.2540743825642195,0.024191488956672218,0.0024058488702583015,0.034471203714089474,27355,141,0.1244133717771714,False
omit_rank_02,Cirsium arvense,taxon_mean_only,orientation_angle_degrees_median,chelsa_bio04,ok,-0.01497035661766169,0.008808029509249892,-1.6996260743609375,0.08920128259786934,-0.03223377723055748,0.002293063995234105,27355,141,0.22937472668023545,False
omit_rank_02,Cirsium arvense,taxon_mean_only,orientation_angle_degrees_median,chelsa_bio12,ok,0.015764497616267022,0.005737965179920815,2.7474021054419464,0.00600694382804136,0.004518292519077335,0.027010702713456708,27355,141,0.036041662968248164,True
omit_rank_02,Cirsium arvense,taxon_mean_only,orientation_angle_degrees_median,chelsa_bio15,ok,-0.009711854173110645,0.0051930255148192085,-1.8701726277670245,0.06145984949286244,-0.019889997152953864,0.00046628880673257704,27355,141,0.17019650628792676,False
omit_rank_02,Cirsium arvense,taxon_mean_only,corolla_lab_lightness_median,chelsa_bio01,ok,0.03209277586212821,0.023488737440618374,1.366304849005257,0.17184329968042167,-0.01394430356380133,0.07812985528805776,29864,142,0.34368659936084334,False
omit_rank_02,Cirsium arvense,taxon_mean_only,corolla_lab_lightness_median,chelsa_bio04,ok,0.01143682015944993,0.020622352664867546,0.5545836765236691,0.5791794567470685,-0.028982248340174068,0.05185588865907392,29864,142,0.8019407862651717,False
omit_rank_02,Cirsium arvense,taxon_mean_only,corolla_lab_lightness_median,chelsa_bio12,ok,-0.016514830545335677,0.013474516323689267,-1.2256343863194032,0.22033629169382696,-0.0429243972488637,0.009894736158192339,29864,142,0.3777193571894176,False
omit_rank_02,Cirsium arvense,taxon_mean_only,corolla_lab_lightness_median,chelsa_bio15,ok,-0.03050673924254124,0.019190912042026782,-1.589645097415567,0.11191482564113353,-0.06812023567538976,0.007106757190307279,29864,142,0.2685955815387205,False
omit_rank_02,Cirsium arvense,taxon_mean_only,corolla_lab_chroma_median,chelsa_bio01,ok,-0.006647042312647657,0.010496926465258264,-0.6332370084374135,0.5265788815402062,-0.02722064013291919,0.013926555507623877,29864,142,0.7898683223103092,False
omit_rank_02,Cirsium arvense,taxon_mean_only,corolla_lab_chroma_median,chelsa_bio04,ok,-0.011039951012288747,0.009380807378665127,-1.176865760765649,0.23924909004748873,-0.029425995620379987,0.007346093595802494,29864,142,0.3914985109867997,False
omit_rank_02,Cirsium arvense,taxon_mean_only,corolla_lab_chroma_median,chelsa_bio12,ok,0.03896301201745971,0.018062584957394663,2.157111626567525,0.0309969679248292,0.003560996033271223,0.07436502800164821,29864,142,0.12590641925270832,False
omit_rank_02,Cirsium arvense,taxon_mean_only,corolla_lab_chroma_median,chelsa_bio15,ok,-0.002581832310552337,0.016421684689986893,-0.15722091608095526,0.8750707446447276,-0.034767742868399454,0.029604078247294777,29864,142,0.9000727659202912,False
omit_rank_02,Cirsium arvense,taxon_mean_only,corolla_hue_sin_median,chelsa_bio01,ok,-0.026126698884934855,0.012146332509885099,-2.150994867271422,0.03147660481317708,-0.04993307314855765,-0.002320324621312063,29857,142,0.12590641925270832,False
omit_rank_02,Cirsium arvense,taxon_mean_only,corolla_hue_sin_median,chelsa_bio04,ok,0.0524384858676222,0.008318279832018884,6.30400598760515,2.9004928083790433e-10,0.0361349569835393,0.0687420147517051,29857,142,1.0441774110164557e-08,True
omit_rank_02,Cirsium arvense,taxon_mean_only,corolla_hue_sin_median,chelsa_bio12,ok,-0.037057397508076795,0.009275163771213762,-3.995336192670526,6.460251241557926e-05,-0.05523638445036648,-0.018878410565787113,29857,142,0.0005814226117402134,True
omit_rank_02,Cirsium arvense,taxon_mean_only,corolla_hue_sin_median,chelsa_bio15,ok,-0.006712277386324531,0.01305453078355533,-0.5141722439216218,0.607131571586176,-0.032298687557162434,0.01887413278451337,29857,142,0.8095087621149014,False
omit_rank_02,Cirsium arvense,taxon_mean_only,corolla_hue_cos_median,chelsa_bio01,ok,-0.003992380045414743,0.009592550513468148,-0.41619588448446065,0.677266671015014,-0.022793433571693514,0.014808673480864029,29857,142,0.8156936041439475,False
omit_rank_02,Cirsium arvense,taxon_mean_only,corolla_hue_cos_median,chelsa_bio04,ok,-0.033231977754313226,0.008193790958922188,-4.055751229304557,4.997342587729795e-05,-0.04929151293065063,-0.017172442577975823,29857,142,0.0005814226117402134,True
omit_rank_02,Cirsium arvense,taxon_mean_only,corolla_hue_cos_median,chelsa_bio12,ok,0.001348051463763794,0.013425047260177465,0.10041316336833321,0.92001631972815,-0.024964557656932167,0.027660660584459755,29857,142,0.92001631972815,False
omit_rank_02,Cirsium arvense,taxon_mean_only,corolla_hue_cos_median,chelsa_bio15,ok,0.01980858169750529,0.009746979913083518,2.0322789083535437,0.042125428451066066,0.0007048521098262477,0.038912311285184326,29857,142,0.1283730633641262,False
omit_rank_02,Cirsium arvense,taxon_mean_only,shape_aspect_ratio_median,chelsa_bio01,ok,-0.010288753340556109,0.008217296350006753,-1.2520849805480914,0.21053889994478492,-0.026394358236861787,0.005816851555749569,28422,140,0.3777193571894176,False
omit_rank_02,Cirsium arvense,taxon_mean_only,shape_aspect_ratio_median,chelsa_bio04,ok,0.01862245874119877,0.004306126298126166,4.324642950974855,1.5277910785370357e-05,0.010182606283990698,0.027062311198406845,28422,140,0.00027500239413666644,True
omit_rank_02,Cirsium arvense,taxon_mean_only,shape_aspect_ratio_median,chelsa_bio12,ok,-0.01381126632246631,0.004548137903737389,-3.036685917354668,0.0023919454904708847,-0.02272545281051309,-0.004897079834419529,28422,140,0.01722200753139037,True
omit_rank_02,Cirsium arvense,taxon_mean_only,shape_aspect_ratio_median,chelsa_bio15,ok,-0.00182043630040439,0.004409848003002872,-0.4128115751755547,0.6797446701199563,-0.0104635795635859,0.00682270696277712,28422,140,0.8156936041439475,False
omit_rank_02,Cirsium arvense,taxon_mean_only,shape_circularity_median,chelsa_bio01,ok,0.014050492893440555,0.009666362421656463,1.4535450131646122,0.1460724912955348,-0.004895229314517493,0.03299621510139861,28422,140,0.3096302793717027,False
omit_rank_02,Cirsium arvense,taxon_mean_only,shape_circularity_median,chelsa_bio04,ok,0.009927565035687019,0.007442867735013535,1.3338360144416788,0.1822576051719993,-0.004660187666634716,0.024515317738008753,28422,140,0.3453301992732618,False
omit_rank_02,Cirsium arvense,taxon_mean_only,shape_circularity_median,chelsa_bio12,ok,-0.01173042368001713,0.005790674166030184,-2.0257440401035307,0.0427910211213754,-0.023079936491642805,-0.00038091086839145416,28422,140,0.1283730633641262,False
omit_rank_02,Cirsium arvense,taxon_mean_only,shape_circularity_median,chelsa_bio15,ok,-0.004205297093842899,0.007199927498228169,-0.5840749222652285,0.5591699060555337,-0.018316895681669686,0.009906301493983886,28422,140,0.8019407862651717,False
omit_rank_02,Cirsium arvense,taxon_mean_only,shape_solidity_median,chelsa_bio01,ok,0.012006225842416103,0.008262866098945823,1.4530340560580859,0.14621429859219293,-0.004188694120594685,0.02820114580542689,28422,140,0.3096302793717027,False
omit_rank_02,Cirsium arvense,taxon_mean_only,shape_solidity_median,chelsa_bio04,ok,0.0017988360252886963,0.005880306332735002,0.30590855705506004,0.7596742705103254,-0.00972635260493471,0.013324024655512103,28422,140,0.8546335543241161,False
omit_rank_02,Cirsium arvense,taxon_mean_only,shape_solidity_median,chelsa_bio12,ok,-0.005140883304169285,0.005628410750213555,-0.9133809759663024,0.3610422074339149,-0.01617236566478592,0.005890599056447349,28422,140,0.5651095420704756,False
omit_rank_02,Cirsium arvense,taxon_mean_only,shape_solidity_median,chelsa_bio15,ok,-0.0025642586847263718,0.0056172623677644045,-0.4564961571746759,0.6480332335705028,-0.013573890617256792,0.008445373247804047,28422,140,0.8156936041439475,False
omit_rank_02,Cirsium arvense,taxon_mean_only,shape_width_cv_median,chelsa_bio01,ok,-0.014778293433760586,0.007205558358754226,-2.0509574273041644,0.04027109283245134,-0.02890092830542041,-0.0006556585621007617,28422,140,0.1283730633641262,False
omit_rank_02,Cirsium arvense,taxon_mean_only,shape_width_cv_median,chelsa_bio04,ok,-0.003488516325323882,0.009382239588891514,-0.3718212791596426,0.7100259192988772,-0.021877368013877133,0.014900335363229367,28422,140,0.8245462288632122,False
omit_rank_02,Cirsium arvense,taxon_mean_only,shape_width_cv_median,chelsa_bio12,ok,-0.001911220397876942,0.00785767483743326,-0.2432297642009897,0.8078274105797459,-0.017311980081472757,0.013489539285718872,28422,140,0.8812662660869957,False
omit_rank_02,Cirsium arvense,taxon_mean_only,shape_width_cv_median,chelsa_bio15,ok,0.000755970699785945,0.0036444819771649897,0.20742884846806348,0.8356749546853532,-0.006387082717762762,0.007899024117334652,28422,140,0.8848323049609623,False
omit_rank_02,Cirsium arvense,taxon_specific_cyclic_doy,orientation_angle_degrees_median,chelsa_bio01,ok,0.014108729245686891,0.005000080629786593,2.8217003465180244,0.004776978919491497,0.004308751291508817,0.023908707199864966,27355,141,0.01563374919106308,True
omit_rank_02,Cirsium arvense,taxon_specific_cyclic_doy,orientation_angle_degrees_median,chelsa_bio04,ok,-0.006236209843908105,0.006574380953082191,-0.948562288740578,0.34284327861069785,-0.019121759732595313,0.006649340044779103,27355,141,0.42559855275810765,False
omit_rank_02,Cirsium arvense,taxon_specific_cyclic_doy,orientation_angle_degrees_median,chelsa_bio12,ok,0.009312771214919281,0.006978857199159166,1.334426389472665,0.18206415623089922,-0.00436553754868076,0.022991079978519322,27355,141,0.2621723849724949,False
omit_rank_02,Cirsium arvense,taxon_specific_cyclic_doy,orientation_angle_degrees_median,chelsa_bio15,ok,-0.011497150672654647,0.005145485471598346,-2.2344151462705963,0.02545577002636555,-0.0215821168799615,-0.001412184465347792,27355,141,0.057275482559322494,False
omit_rank_02,Cirsium arvense,taxon_specific_cyclic_doy,corolla_lab_lightness_median,chelsa_bio01,ok,0.013340069915003054,0.023249092235679406,0.5737888507548097,0.5661106943236329,-0.03222731354017839,0.0589074533701845,29864,142,0.6574188708274447,False
omit_rank_02,Cirsium arvense,taxon_specific_cyclic_doy,corolla_lab_lightness_median,chelsa_bio04,ok,0.03072401452810134,0.021865464726845037,1.4051388759361851,0.159979985826197,-0.01213150884174586,0.07357953789794855,29864,142,0.25225286345414577,False
omit_rank_02,Cirsium arvense,taxon_specific_cyclic_doy,corolla_lab_lightness_median,chelsa_bio12,ok,-0.017709031141707927,0.014102430189806937,-1.2557432232146624,0.20920908264343752,-0.04534928640821988,0.009931224124804027,29864,142,0.27353114952645385,False
omit_rank_02,Cirsium arvense,taxon_specific_cyclic_doy,corolla_lab_lightness_median,chelsa_bio15,ok,-0.03405365801839613,0.017115205563231078,-1.9896727440746755,0.04662699703517301,-0.06759884451032862,-0.0005084715264636469,29864,142,0.09325399407034601,False
omit_rank_02,Cirsium arvense,taxon_specific_cyclic_doy,corolla_lab_chroma_median,chelsa_bio01,ok,0.03463074071016989,0.01708729409689939,2.0266954213923127,0.04269357101840414,0.0011402596870032158,0.06812122173333657,29864,142,0.090409915097797,False
omit_rank_02,Cirsium arvense,taxon_specific_cyclic_doy,corolla_lab_chroma_median,chelsa_bio04,ok,-0.05493910205398352,0.012522023968928438,-4.38739793106185,1.1471479748961216e-05,-0.07948181804663057,-0.03039638606133648,29864,142,5.899618156608625e-05,True
omit_rank_02,Cirsium arvense,taxon_specific_cyclic_doy,corolla_lab_chroma_median,chelsa_bio12,ok,0.0503231668487958,0.020346068657189107,2.4733607114323064,0.013384896916359535,0.01044560505372593,0.09020072864386566,29864,142,0.03441830635635309,True
omit_rank_02,Cirsium arvense,taxon_specific_cyclic_doy,corolla_lab_chroma_median,chelsa_bio15,ok,0.004159910362267592,0.013357281118356802,0.31143391573534085,0.7554707739420117,-0.022019879561088633,0.03033970028562382,29864,142,0.7770556531974977,False
omit_rank_02,Cirsium arvense,taxon_specific_cyclic_doy,corolla_hue_sin_median,chelsa_bio01,ok,-0.06359378229513962,0.01432360892605065,-4.43978766967592,9.004767572602148e-06,-0.09166753991883533,-0.03552002467144391,29857,142,5.402860543561289e-05,True
omit_rank_02,Cirsium arvense,taxon_specific_cyclic_doy,corolla_hue_sin_median,chelsa_bio04,ok,0.08601131521762648,0.011028886254703031,7.79873082660081,6.25328870300882e-15,0.06439509536881968,0.10762753506643327,29857,142,2.2511839330831755e-13,True
omit_rank_02,Cirsium arvense,taxon_specific_cyclic_doy,corolla_hue_sin_median,chelsa_bio12,ok,-0.04004940390469345,0.010831544208640687,-3.697478691241891,0.00021775149145450813,-0.0612788404505826,-0.018819967358804302,29857,142,0.0007839053692362293,True
omit_rank_02,Cirsium arvense,taxon_specific_cyclic_doy,corolla_hue_sin_median,chelsa_bio15,ok,-0.006793162711292231,0.012750640482616576,-0.5327703122485183,0.5941925869744874,-0.031783958837039133,0.01819763341445467,29857,142,0.6684666603462983,False
omit_rank_02,Cirsium arvense,taxon_specific_cyclic_doy,corolla_hue_cos_median,chelsa_bio01,ok,0.0034094432179000633,0.0073711013227137296,0.46254190094959236,0.6436927615914525,-0.011037649901014402,0.017856536336814527,29857,142,0.6815570416850674,False
omit_rank_02,Cirsium arvense,taxon_specific_cyclic_doy,corolla_hue_cos_median,chelsa_bio04,ok,-0.03758083066528644,0.009273049588104917,-4.052693809973104,5.063124914348264e-05,-0.055755673884826065,-0.019405987445746817,29857,142,0.0002278406211456719,True
omit_rank_02,Cirsium arvense,taxon_specific_cyclic_doy,corolla_hue_cos_median,chelsa_bio12,ok,-0.005790234160221271,0.012511106423756795,-0.4628075219012163,0.6435023391463471,-0.030311552157532305,0.01873108383708976,29857,142,0.6815570416850674,False
omit_rank_02,Cirsium arvense,taxon_specific_cyclic_doy,corolla_hue_cos_median,chelsa_bio15,ok,0.01759686731633991,0.006877891150099295,2.5584684218339033,0.010513436820542685,0.004116448372558522,0.031077286260121302,29857,142,0.029114132733810513,True
omit_rank_02,Cirsium arvense,taxon_specific_cyclic_doy,shape_aspect_ratio_median,chelsa_bio01,ok,-0.00955965662932878,0.006123889512388734,-1.5610432895612223,0.11851353720995479,-0.021562259518913253,0.0024429462602556934,28422,140,0.20318372346415475,False
omit_rank_02,Cirsium arvense,taxon_specific_cyclic_doy,shape_aspect_ratio_median,chelsa_bio04,ok,0.023120438202950587,0.003303795098367034,6.998145319114469,2.5937299597077897e-12,0.016645118797851237,0.029595757608049937,28422,140,4.668713927474022e-11,True
omit_rank_02,Cirsium arvense,taxon_specific_cyclic_doy,shape_aspect_ratio_median,chelsa_bio12,ok,-0.01596748135961055,0.004315132226923523,-3.7003457877800834,0.00021530588715229165,-0.024424985112908772,-0.007509977606312324,28422,140,0.0007839053692362293,True
omit_rank_02,Cirsium arvense,taxon_specific_cyclic_doy,shape_aspect_ratio_median,chelsa_bio15,ok,-0.002533325277312577,0.004089630642986193,-0.6194508742879471,0.5356193752228136,-0.0105488540476369,0.005482203493011746,28422,140,0.6427432502673762,False
omit_rank_02,Cirsium arvense,taxon_specific_cyclic_doy,shape_circularity_median,chelsa_bio01,ok,-0.01644309679696952,0.011735214430638477,-1.4011756576036336,0.16116155165125978,-0.03944369443187565,0.006557500837936613,28422,140,0.25225286345414577,False
omit_rank_02,Cirsium arvense,taxon_specific_cyclic_doy,shape_circularity_median,chelsa_bio04,ok,0.038638812202513535,0.006199283024078837,6.232787251757222,4.5820827252211077e-10,0.026488440745348462,0.050789183659678605,28422,140,5.49849927026533e-09,True
omit_rank_02,Cirsium arvense,taxon_specific_cyclic_doy,shape_circularity_median,chelsa_bio12,ok,-0.012457661287388403,0.005337596922310027,-2.3339456816827084,0.019598566329712623,-0.02291915901910789,-0.001996163555668914,28422,140,0.04703655919131029,True
omit_rank_02,Cirsium arvense,taxon_specific_cyclic_doy,shape_circularity_median,chelsa_bio15,ok,-0.012721734175601017,0.008149735559851693,-1.560999627800503,0.11852383868742361,-0.028694922356435705,0.0032514540052336737,28422,140,0.20318372346415475,False
omit_rank_02,Cirsium arvense,taxon_specific_cyclic_doy,shape_solidity_median,chelsa_bio01,ok,-0.01525810270716027,0.011262851476062142,-1.3547282177687916,0.17550416409431857,-0.03733288596346586,0.006816680549145315,28422,140,0.2621723849724949,False
omit_rank_02,Cirsium arvense,taxon_specific_cyclic_doy,shape_solidity_median,chelsa_bio04,ok,0.02600022184479784,0.005147084082646751,5.051446882800469,4.384758766038613e-07,0.015912122417410825,0.03608832127218485,28422,140,3.157026311547801e-06,True
omit_rank_02,Cirsium arvense,taxon_specific_cyclic_doy,shape_solidity_median,chelsa_bio12,ok,-0.0053076239731504535,0.004259563205865457,-1.2460488826276384,0.21274644963168632,-0.013656214446518721,0.003040966500217814,28422,140,0.27353114952645385,False
omit_rank_02,Cirsium arvense,taxon_specific_cyclic_doy,shape_solidity_median,chelsa_bio15,ok,-0.009067094988364287,0.007105242217914359,-1.2761134258735802,0.20191542625326575,-0.022993113836909926,0.004858923860181351,28422,140,0.27353114952645385,False
omit_rank_02,Cirsium arvense,taxon_specific_cyclic_doy,shape_width_cv_median,chelsa_bio01,ok,0.02237415782181365,0.008739331537038727,2.560168100613678,0.010462154354899183,0.005245382760262672,0.03950293288336463,28422,140,0.029114132733810513,True
omit_rank_02,Cirsium arvense,taxon_specific_cyclic_doy,shape_width_cv_median,chelsa_bio04,ok,-0.03716401173674592,0.006424993458190779,-5.78428787182158,7.282014848098529e-09,-0.0497567675157053,-0.024571255957786538,28422,140,6.553813363288677e-08,True
omit_rank_02,Cirsium arvense,taxon_specific_cyclic_doy,shape_width_cv_median,chelsa_bio12,ok,0.0018159177440409124,0.007400132430516301,0.24538989823378302,0.8061545499888644,-0.01268807530059789,0.016319910788679715,28422,140,0.8061545499888644,False
omit_rank_02,Cirsium arvense,taxon_specific_cyclic_doy,shape_width_cv_median,chelsa_bio15,ok,0.009970494667910395,0.005446512907963032,1.8306198546473857,0.06715730296470408,-0.0007044744730296659,0.020645463808850455,28422,140,0.12724541614364984,False
omit_rank_03,Cirsium palustre,taxon_mean_only,orientation_angle_degrees_median,chelsa_bio01,ok,0.020195968844686454,0.0053850699716455645,3.750363310231044,0.00017657854161771125,0.009641425646033017,0.03075051204333989,34217,141,0.002118942499412535,True
omit_rank_03,Cirsium palustre,taxon_mean_only,orientation_angle_degrees_median,chelsa_bio04,ok,-0.0013243567720842384,0.016693778900511384,-0.0793323536855798,0.9367682728696057,-0.03404356218296121,0.03139484863879274,34217,141,0.9918722889207591,False
omit_rank_03,Cirsium palustre,taxon_mean_only,orientation_angle_degrees_median,chelsa_bio12,ok,0.006119970421319372,0.011217196684536333,0.5455882243516481,0.5853490206486299,-0.01586533108787394,0.02810527193051269,34217,141,0.7266401635638164,False
omit_rank_03,Cirsium palustre,taxon_mean_only,orientation_angle_degrees_median,chelsa_bio15,ok,-0.007448067125245016,0.003945051710648362,-1.8879517105292747,0.05903243352800963,-0.015180226395263936,0.00028409214477390435,34217,141,0.14167784046722312,False
omit_rank_03,Cirsium palustre,taxon_mean_only,corolla_lab_lightness_median,chelsa_bio01,ok,0.0424940882492972,0.021164059693480394,2.007842014468875,0.044660082597121044,0.0010132934834198165,0.08397488301517458,37249,142,0.1236740748843352,False
omit_rank_03,Cirsium palustre,taxon_mean_only,corolla_lab_lightness_median,chelsa_bio04,ok,0.008323888177689535,0.014378608155576539,0.5789077835368392,0.5626513979671997,-0.019857665955054376,0.03650544231043344,37249,142,0.7235779398676668,False
omit_rank_03,Cirsium palustre,taxon_mean_only,corolla_lab_lightness_median,chelsa_bio12,ok,5.846319567329693e-05,0.007188662592424843,0.008132694353314533,0.9935111202677007,-0.014031056582489732,0.014147982973836326,37249,142,0.9935111202677007,False
omit_rank_03,Cirsium palustre,taxon_mean_only,corolla_lab_lightness_median,chelsa_bio15,ok,-0.029962104621412466,0.0166064361215745,-1.8042465223761497,0.07119266915293251,-0.0625101213312635,0.0025859120884385717,37249,142,0.15683309208626703,False
omit_rank_03,Cirsium palustre,taxon_mean_only,corolla_lab_chroma_median,chelsa_bio01,ok,-0.011197446107769848,0.00922585980871708,-1.213702174098712,0.22486147386589084,-0.02927979905927092,0.0068849068437312234,37249,142,0.40475065295860346,False
omit_rank_03,Cirsium palustre,taxon_mean_only,corolla_lab_chroma_median,chelsa_bio04,ok,-0.018712363137718284,0.009168132041872492,-2.041022429896907,0.041248597679613246,-0.036681571745296036,-0.0007431545301405315,37249,142,0.1236740748843352,False
omit_rank_03,Cirsium palustre,taxon_mean_only,corolla_lab_chroma_median,chelsa_bio12,ok,0.045415700776956246,0.012425991976376826,3.654895388899049,0.000257286865846229,0.02106120403107398,0.06977019752283851,37249,142,0.002315581792616061,True
omit_rank_03,Cirsium palustre,taxon_mean_only,corolla_lab_chroma_median,chelsa_bio15,ok,0.00024229603141330604,0.014132373989291099,0.017144750881692452,0.9863211381090734,-0.027456648003647895,0.027941240066474506,37249,142,0.9935111202677007,False
omit_rank_03,Cirsium palustre,taxon_mean_only,corolla_hue_sin_median,chelsa_bio01,ok,-0.017905759996454267,0.011754797311206456,-1.5232725433201455,0.12769053340929612,-0.040944739371987185,0.005133219379078652,37243,142,0.24193995803866633,False
omit_rank_03,Cirsium palustre,taxon_mean_only,corolla_hue_sin_median,chelsa_bio04,ok,0.05218622540602219,0.005819172625452844,8.967980289459293,3.0200107543073016e-19,0.04078085664031322,0.06359159417173116,37243,142,1.0872038715506286e-17,True
omit_rank_03,Cirsium palustre,taxon_mean_only,corolla_hue_sin_median,chelsa_bio12,ok,-0.043842147709226745,0.009162452064683715,-4.784979763028115,1.7100456154728863e-06,-0.061800223766081484,-0.025884071652372005,37243,142,3.078082107851196e-05,True
omit_rank_03,Cirsium palustre,taxon_mean_only,corolla_hue_sin_median,chelsa_bio15,ok,0.004116676439529447,0.014445381724435477,0.2849821844836244,0.7756577909551836,-0.02419575148329719,0.03242910436235608,37243,142,0.8482551314712661,False
omit_rank_03,Cirsium palustre,taxon_mean_only,corolla_hue_cos_median,chelsa_bio01,ok,-0.0065613055308831655,0.00809890668387549,-0.8101470713258605,0.41785565332870733,-0.022434870945429848,0.009312259883663515,37243,142,0.6540349356449333,False
omit_rank_03,Cirsium palustre,taxon_mean_only,corolla_hue_cos_median,chelsa_bio04,ok,-0.024344645003837338,0.009293286083988534,-2.619594918721042,0.008803426958339775,-0.04255915102648214,-0.006130138981192534,37243,142,0.039615421312528994,True
omit_rank_03,Cirsium palustre,taxon_mean_only,corolla_hue_cos_median,chelsa_bio12,ok,-0.01316993504788724,0.003890587115584232,-3.385076508153081,0.0007115841781048671,-0.020795345673147905,-0.005544524422626573,37243,142,0.004269505068629203,True
omit_rank_03,Cirsium palustre,taxon_mean_only,corolla_hue_cos_median,chelsa_bio15,ok,0.022343716352220818,0.006434173845757043,3.4726628294252846,0.0005153223084590352,0.009732967344267441,0.03495446536017419,37243,142,0.0037103206209050535,True
omit_rank_03,Cirsium palustre,taxon_mean_only,shape_aspect_ratio_median,chelsa_bio01,ok,-0.010224205321229642,0.00631162727804451,-1.6199000465054931,0.10525374987200037,-0.022594767470037455,0.002146356827578173,35366,140,0.21050749974400074,False
omit_rank_03,Cirsium palustre,taxon_mean_only,shape_aspect_ratio_median,chelsa_bio04,ok,0.012770357258966997,0.004545537183099725,2.8094275207883226,0.004962969270719884,0.003861268089703886,0.02167944642823011,35366,140,0.025523841963702262,True
omit_rank_03,Cirsium palustre,taxon_mean_only,shape_aspect_ratio_median,chelsa_bio12,ok,-0.009804591510081716,0.004388295421972931,-2.2342596765451304,0.025465991878946444,-0.01840549249067066,-0.0012036905294927729,35366,140,0.08334324614927927,False
omit_rank_03,Cirsium palustre,taxon_mean_only,shape_aspect_ratio_median,chelsa_bio15,ok,-0.0064726794522447645,0.0028748274207408067,-2.2515019181836093,0.0243537655372746,-0.012107237658664923,-0.0008381212458246062,35366,140,0.08334324614927927,False
omit_rank_03,Cirsium palustre,taxon_mean_only,shape_circularity_median,chelsa_bio01,ok,0.004401718639487124,0.015581812639767717,0.2824907949575205,0.7775672038486605,-0.02613807294830859,0.03494151022728283,35366,140,0.8482551314712661,False
omit_rank_03,Cirsium palustre,taxon_mean_only,shape_circularity_median,chelsa_bio04,ok,0.007743848297835044,0.003456376036824132,2.2404530685701745,0.02506152434103348,0.0009694757486324581,0.01451822084703763,35366,140,0.08334324614927927,False
omit_rank_03,Cirsium palustre,taxon_mean_only,shape_circularity_median,chelsa_bio12,ok,-0.006860336797454263,0.0035709584629949704,-1.921147184585419,0.05471315443769489,-0.013859286775212913,0.0001386131803043861,35366,140,0.14069096855407257,False
omit_rank_03,Cirsium palustre,taxon_mean_only,shape_circularity_median,chelsa_bio15,ok,-0.005038699547231818,0.005267437792315786,-0.956575045761783,0.33878178916069746,-0.015362687910975932,0.005285288816512296,35366,140,0.5604426008234006,False
omit_rank_03,Cirsium palustre,taxon_mean_only,shape_solidity_median,chelsa_bio01,ok,0.00445672521514372,0.012368830678005097,0.36031904156218275,0.718608561221626,-0.019785737444620408,0.02869918787490785,35366,140,0.8345131678702753,False
omit_rank_03,Cirsium palustre,taxon_mean_only,shape_solidity_median,chelsa_bio04,ok,-0.0014140248760586573,0.002420570252689721,-0.5841701452322661,0.5591058454086011,-0.006158255393379528,0.003330205641262214,35366,140,0.7235779398676668,False
omit_rank_03,Cirsium palustre,taxon_mean_only,shape_solidity_median,chelsa_bio12,ok,0.0020881676918158617,0.005299026365563786,0.3940662959116439,0.6935320938140981,-0.008297733137817337,0.01247406852144906,35366,140,0.8322385125769176,False
omit_rank_03,Cirsium palustre,taxon_mean_only,shape_solidity_median,chelsa_bio15,ok,-0.003634508644629858,0.003828815167721783,-0.949251527018072,0.34249270050318925,-0.011138848476825239,0.003869831187565523,35366,140,0.5604426008234006,False
omit_rank_03,Cirsium palustre,taxon_mean_only,shape_width_cv_median,chelsa_bio01,ok,-0.00671366049673613,0.011601018961148627,-0.5787130009199989,0.5627828421192964,-0.029451239844553712,0.01602391885108145,35366,140,0.7235779398676668,False
omit_rank_03,Cirsium palustre,taxon_mean_only,shape_width_cv_median,chelsa_bio04,ok,0.0023871136585314505,0.0038217308118632448,0.6246158549737412,0.5322232111675466,-0.0051033410913275306,0.009877568408390432,35366,140,0.7235779398676668,False
omit_rank_03,Cirsium palustre,taxon_mean_only,shape_width_cv_median,chelsa_bio12,ok,-0.006709366714998607,0.0037561351896919504,-1.7862420749421584,0.07406007126295942,-0.014071256407858354,0.0006525229778611401,35366,140,0.15683309208626703,False
omit_rank_03,Cirsium palustre,taxon_mean_only,shape_width_cv_median,chelsa_bio15,ok,-0.0030925375750890387,0.004952783787099741,-0.6244039126327321,0.5323623561752215,-0.012799815421018426,0.006614740270840349,35366,140,0.7235779398676668,False
omit_rank_03,Cirsium palustre,taxon_specific_cyclic_doy,orientation_angle_degrees_median,chelsa_bio01,ok,0.018224255701501244,0.003346732334560674,5.4453878827729865,5.169261521549473e-08,0.011664780859866667,0.02478373054313582,34217,141,4.6523353693945256e-07,True
omit_rank_03,Cirsium palustre,taxon_specific_cyclic_doy,orientation_angle_degrees_median,chelsa_bio04,ok,0.005467623153506682,0.012703640194908283,0.4303981433367538,0.666906045695934,-0.019431054101068945,0.030366300408082306,34217,141,0.7502693014079258,False
omit_rank_03,Cirsium palustre,taxon_specific_cyclic_doy,orientation_angle_degrees_median,chelsa_bio12,ok,0.0023990441285766857,0.010463918778600985,0.22926822917268816,0.8186604452886388,-0.018109859814633596,0.02290794807178697,34217,141,0.8668169420703234,False
omit_rank_03,Cirsium palustre,taxon_specific_cyclic_doy,orientation_angle_degrees_median,chelsa_bio15,ok,-0.00913875254141612,0.004461749208709409,-2.0482443351090023,0.04053606427011202,-0.01788362029853665,-0.0003938847842955926,34217,141,0.08107212854022404,False
omit_rank_03,Cirsium palustre,taxon_specific_cyclic_doy,corolla_lab_lightness_median,chelsa_bio01,ok,0.0318624893308789,0.024126165007789423,1.3206611709980312,0.18661436644238072,-0.015423925169458882,0.07914890383121669,37249,142,0.27083542378732534,False
omit_rank_03,Cirsium palustre,taxon_specific_cyclic_doy,corolla_lab_lightness_median,chelsa_bio04,ok,0.01987758594181204,0.013996457925273749,1.420186882133843,0.15555328160132667,-0.007554967502854712,0.047310139386478794,37249,142,0.24347470163685916,False
omit_rank_03,Cirsium palustre,taxon_specific_cyclic_doy,corolla_lab_lightness_median,chelsa_bio12,ok,0.0007857277540195754,0.007222962997423175,0.1087819159948469,0.913375467633457,-0.013371019582595322,0.014942475090634474,37249,142,0.9394719095658415,False
omit_rank_03,Cirsium palustre,taxon_specific_cyclic_doy,corolla_lab_lightness_median,chelsa_bio15,ok,-0.03364332013243156,0.015244648741297526,-2.2068937568428395,0.027321482702286744,-0.06352228262233858,-0.0037643576425245434,37249,142,0.05785725748719546,False
omit_rank_03,Cirsium palustre,taxon_specific_cyclic_doy,corolla_lab_chroma_median,chelsa_bio01,ok,0.01523601286631831,0.027075576932154132,0.5627216330236157,0.5736244509923379,-0.03783114278134728,0.0683031685139839,37249,142,0.6883493411908055,False
omit_rank_03,Cirsium palustre,taxon_specific_cyclic_doy,corolla_lab_chroma_median,chelsa_bio04,ok,-0.04848354883225093,0.018935071477039708,-2.5605157546429713,0.01045169244430954,-0.08559560697194041,-0.011371490692561458,37249,142,0.025084061866342898,True
omit_rank_03,Cirsium palustre,taxon_specific_cyclic_doy,corolla_lab_chroma_median,chelsa_bio12,ok,0.05336532207450446,0.01658453995523206,3.217775242397898,0.0012918900796721085,0.0208602210620841,0.08587042308692482,37249,142,0.003577541759091993,True
omit_rank_03,Cirsium palustre,taxon_specific_cyclic_doy,corolla_lab_chroma_median,chelsa_bio15,ok,0.0078026993977849575,0.011253768137531636,0.6933410482985457,0.488095548499789,-0.014254280842141451,0.029859679637711366,37249,142,0.6059117153790484,False
omit_rank_03,Cirsium palustre,taxon_specific_cyclic_doy,corolla_hue_sin_median,chelsa_bio01,ok,-0.057728127662444825,0.01161218771207411,-4.971339517911885,6.649189060145358e-07,-0.08048759735982865,-0.034968657965061004,37243,142,4.787416123304658e-06,True
omit_rank_03,Cirsium palustre,taxon_specific_cyclic_doy,corolla_hue_sin_median,chelsa_bio04,ok,0.09012853642937083,0.007814636331782074,11.533298876982755,8.96416634295817e-31,0.07481213066679976,0.10544494219194189,37243,142,3.2270998834649414e-29,True
omit_rank_03,Cirsium palustre,taxon_specific_cyclic_doy,corolla_hue_sin_median,chelsa_bio12,ok,-0.0496150876902917,0.012014397511120049,-4.129635934250548,3.633381281860757e-05,-0.07316287410803465,-0.02606730127254874,37243,142,0.00013080172614698726,True
omit_rank_03,Cirsium palustre,taxon_specific_cyclic_doy,corolla_hue_sin_median,chelsa_bio15,ok,0.008314875431392492,0.018134894803636892,0.4585014427392748,0.6465922262232175,-0.027228865247158396,0.04385861610994338,37243,142,0.7502693014079258,False
omit_rank_03,Cirsium palustre,taxon_specific_cyclic_doy,corolla_hue_cos_median,chelsa_bio01,ok,0.006062225546427585,0.0066950029678832556,0.9054851171103013,0.36520844093982086,-0.007059739147012368,0.01918419023986754,37243,142,0.48694458791976114,False
omit_rank_03,Cirsium palustre,taxon_specific_cyclic_doy,corolla_hue_cos_median,chelsa_bio04,ok,-0.03319471668676739,0.0071512684843793774,-4.641794215847875,3.4539676344767055e-06,-0.04721094535992731,-0.019178488013607477,37243,142,1.7763262120165914e-05,True
omit_rank_03,Cirsium palustre,taxon_specific_cyclic_doy,corolla_hue_cos_median,chelsa_bio12,ok,-0.016053078992904184,0.0028127844345891616,-5.707184239039958,1.1486043373277805e-08,-0.0215660351809738,-0.01054012280483457,37243,142,1.5307200711588616e-07,True
omit_rank_03,Cirsium palustre,taxon_specific_cyclic_doy,corolla_hue_cos_median,chelsa_bio15,ok,0.018547011401254518,0.004849123916734316,3.824816960698575,0.00013086927984532954,0.009042903167883453,0.02805111963462558,37243,142,0.00042829946131198757,True
omit_rank_03,Cirsium palustre,taxon_specific_cyclic_doy,shape_aspect_ratio_median,chelsa_bio01,ok,-0.01439995000600553,0.007519122371069742,-1.9151104737183384,0.0554784163904075,-0.02913715904865164,0.0003372590366405824,35366,140,0.09986114950273349,False
omit_rank_03,Cirsium palustre,taxon_specific_cyclic_doy,shape_aspect_ratio_median,chelsa_bio04,ok,0.020452090870731875,0.00359483331043639,5.689301590523295,1.2756000592990512e-08,0.013406347051851654,0.027497834689612095,35366,140,1.5307200711588616e-07,True
omit_rank_03,Cirsium palustre,taxon_specific_cyclic_doy,shape_aspect_ratio_median,chelsa_bio12,ok,-0.012085910021770051,0.0037485825221891325,-3.2241280404604797,0.001263568889105056,-0.019432996758337068,-0.004738823285203034,35366,140,0.003577541759091993,True
omit_rank_03,Cirsium palustre,taxon_specific_cyclic_doy,shape_aspect_ratio_median,chelsa_bio15,ok,-0.005700694922541682,0.0023398059278631265,-2.436396478295938,0.01483441491535401,-0.010286630271966734,-0.0011147595731166304,35366,140,0.033377433559546525,True
omit_rank_03,Cirsium palustre,taxon_specific_cyclic_doy,shape_circularity_median,chelsa_bio01,ok,-0.022259801321514394,0.01299444837399191,-1.7130239530649776,0.08670813300796772,-0.0477284521335036,0.0032088494904748167,35366,140,0.14864251372794465,False
omit_rank_03,Cirsium palustre,taxon_specific_cyclic_doy,shape_circularity_median,chelsa_bio04,ok,0.031413833002957844,0.006590697896085826,4.766389462580939,1.8755655115233611e-06,0.01849630249364572,0.04433136351226997,35366,140,1.1253393069140168e-05,True
omit_rank_03,Cirsium palustre,taxon_specific_cyclic_doy,shape_circularity_median,chelsa_bio12,ok,-0.00864854453654897,0.004319350062145893,-2.002279142027283,0.04525471800655242,-0.017114315094975765,-0.0001827739781221742,35366,140,0.08574578148609932,False
omit_rank_03,Cirsium palustre,taxon_specific_cyclic_doy,shape_circularity_median,chelsa_bio15,ok,-0.010967858298630737,0.00833246736590044,-1.316279778486178,0.18808015540786482,-0.02729919423815093,0.005363477640889456,35366,140,0.27083542378732534,False
omit_rank_03,Cirsium palustre,taxon_specific_cyclic_doy,shape_solidity_median,chelsa_bio01,ok,-0.020174713129753413,0.011982323217558282,-1.6837063033144044,0.09223844256795127,-0.04365963508728574,0.003310208827778917,35366,140,0.15093563329301116,False
omit_rank_03,Cirsium palustre,taxon_specific_cyclic_doy,shape_solidity_median,chelsa_bio04,ok,0.01981584099537296,0.004701883469579572,4.214447491856881,2.5039039547205065e-05,0.010600318735492767,0.02903136325525315,35366,140,0.00010015615818882026,True
omit_rank_03,Cirsium palustre,taxon_specific_cyclic_doy,shape_solidity_median,chelsa_bio12,ok,0.00016997401668863489,0.005056789464406415,0.033613030141959266,0.9731857315896949,-0.009741151210949529,0.010081099244326798,35366,140,0.9731857315896949,False
omit_rank_03,Cirsium palustre,taxon_specific_cyclic_doy,shape_solidity_median,chelsa_bio15,ok,-0.007645093046354529,0.006873270303587182,-1.1122933783594295,0.2660120299869243,-0.02111645529739409,0.005826269204685032,35366,140,0.36832434921266444,False
omit_rank_03,Cirsium palustre,taxon_specific_cyclic_doy,shape_width_cv_median,chelsa_bio01,ok,0.029219492541719704,0.010400007767444314,2.809564492171535,0.004960857880146617,0.008835851878592035,0.04960313320484737,35366,140,0.012756491691805587,True
omit_rank_03,Cirsium palustre,taxon_specific_cyclic_doy,shape_width_cv_median,chelsa_bio04,ok,-0.028674665707504602,0.006226385875089152,-4.605346710397069,4.117792186678354e-06,-0.04087815777652825,-0.016471173638480954,35366,140,1.8530064840052595e-05,True
omit_rank_03,Cirsium palustre,taxon_specific_cyclic_doy,shape_width_cv_median,chelsa_bio12,ok,-0.0025877173717089802,0.0036154491057308453,-0.7157388462769927,0.4741526194564095,-0.009673867406878983,0.004498432663461022,35366,140,0.6059117153790484,False
omit_rank_03,Cirsium palustre,taxon_specific_cyclic_doy,shape_width_cv_median,chelsa_bio15,ok,0.002226134099241068,0.009612512118191805,0.23158713059285302,0.8168587040986603,-0.016614043453369698,0.021066311651851834,35366,140,0.8668169420703234,False
omit_rank_04,Cirsium oleraceum,taxon_mean_only,orientation_angle_degrees_median,chelsa_bio01,ok,0.01700024976125639,0.006626286525582337,2.5655772197026088,0.010300429117789799,0.004012966819871962,0.029987532702640818,35558,141,0.052973635462918965,False
omit_rank_04,Cirsium oleraceum,taxon_mean_only,orientation_angle_degrees_median,chelsa_bio04,ok,6.153068125631911e-05,0.016123805874197,0.0038161388034810653,0.9969551691570925,-0.031540548125885165,0.031663609488397804,35558,141,0.9969551691570925,False
omit_rank_04,Cirsium oleraceum,taxon_mean_only,orientation_angle_degrees_median,chelsa_bio12,ok,0.004619260607600738,0.010560091775515205,0.43742618016928875,0.6618023010945744,-0.0160781389458467,0.025316660161048173,35558,141,0.9104155842785596,False
omit_rank_04,Cirsium oleraceum,taxon_mean_only,orientation_angle_degrees_median,chelsa_bio15,ok,-0.008548935936776574,0.003995069374185843,-2.139871710868291,0.03236513586761612,-0.0163791280259198,-0.000718743847633348,35558,141,0.10592226283947093,False
omit_rank_04,Cirsium oleraceum,taxon_mean_only,corolla_lab_lightness_median,chelsa_bio01,ok,0.034530372205256746,0.018683006439417445,1.848223534966219,0.06457001211140388,-0.002087647538931356,0.07114839194944485,38642,142,0.1603198840616765,False
omit_rank_04,Cirsium oleraceum,taxon_mean_only,corolla_lab_lightness_median,chelsa_bio04,ok,0.02543989387478467,0.013878695807602488,1.833017614007303,0.0667999516923652,-0.001761850060503247,0.052641637810072583,38642,142,0.1603198840616765,False
omit_rank_04,Cirsium oleraceum,taxon_mean_only,corolla_lab_lightness_median,chelsa_bio12,ok,-0.012683234558621075,0.011913052460445125,-1.0646502733647134,0.28703422060443295,-0.0360323883270298,0.010665919209787648,38642,142,0.5438543127241887,False
omit_rank_04,Cirsium oleraceum,taxon_mean_only,corolla_lab_lightness_median,chelsa_bio15,ok,-0.024899400141342856,0.016941279784729268,-1.469747295230138,0.14163020827658973,-0.0581036983714287,0.00830489808874299,38642,142,0.2999227939974841,False
omit_rank_04,Cirsium oleraceum,taxon_mean_only,corolla_lab_chroma_median,chelsa_bio01,ok,-0.007959673708405179,0.008721955904735368,-0.9126019204114151,0.3614519439501911,-0.02505439315643296,0.009135045739622604,38642,142,0.6506134991103439,False
omit_rank_04,Cirsium oleraceum,taxon_mean_only,corolla_lab_chroma_median,chelsa_bio04,ok,-0.01983697180423554,0.008819924620278011,-2.2491089956288386,0.024505562372495383,-0.03712370640633855,-0.0025502372021325263,38642,142,0.08822002454098338,False
omit_rank_04,Cirsium oleraceum,taxon_mean_only,corolla_lab_chroma_median,chelsa_bio12,ok,0.041672484266760186,0.014947898120870917,2.7878490962267946,0.005305925297582009,0.012375142305279238,0.07096982622824113,38642,142,0.03183555178549206,True
omit_rank_04,Cirsium oleraceum,taxon_mean_only,corolla_lab_chroma_median,chelsa_bio15,ok,-0.001339837975518,0.013524389994169588,-0.09906827413995077,0.921084061707344,-0.027847155276964262,0.025167479325928263,38642,142,0.9944641942025293,False
omit_rank_04,Cirsium oleraceum,taxon_mean_only,corolla_hue_sin_median,chelsa_bio01,ok,-0.021398447159720294,0.010677682491763813,-2.0040347871577846,0.04506633412841771,-0.04232632028193127,-0.0004705740375093165,38637,142,0.12479907912484904,False
omit_rank_04,Cirsium oleraceum,taxon_mean_only,corolla_hue_sin_median,chelsa_bio04,ok,0.055819786042670023,0.005348051557577609,10.437406117295081,1.6732016212077996e-25,0.04533779760235457,0.06630177448298548,38637,142,6.023525836348079e-24,True
omit_rank_04,Cirsium oleraceum,taxon_mean_only,corolla_hue_sin_median,chelsa_bio12,ok,-0.0455176398186058,0.00806349967942739,-5.644898819148726,1.65278421297295e-08,-0.06132180877963375,-0.029713470857577844,38637,142,2.9750115833513105e-07,True
omit_rank_04,Cirsium oleraceum,taxon_mean_only,corolla_hue_sin_median,chelsa_bio15,ok,0.006944047425316555,0.013881819354727114,0.5002260329048245,0.6169159297496598,-0.020263818549839642,0.03415191340047275,38637,142,0.8883589388395101,False
omit_rank_04,Cirsium oleraceum,taxon_mean_only,corolla_hue_cos_median,chelsa_bio01,ok,-0.005272568000336286,0.007561855504100545,-0.6972584966053829,0.4856410365820262,-0.02009353244466933,0.009548396443996757,38637,142,0.8054180518235459,False
omit_rank_04,Cirsium oleraceum,taxon_mean_only,corolla_hue_cos_median,chelsa_bio04,ok,-0.02908946137668237,0.00884409695205648,-3.2891386802265123,0.0010049449452575925,-0.04642357287849354,-0.011755349874871205,38637,142,0.01205933934309111,True
omit_rank_04,Cirsium oleraceum,taxon_mean_only,corolla_hue_cos_median,chelsa_bio12,ok,-0.0043495186612844475,0.010644166061335903,-0.40862935022065583,0.6828116882089197,-0.025211700786966378,0.016512663464397483,38637,142,0.9104155842785596,False
omit_rank_04,Cirsium oleraceum,taxon_mean_only,corolla_hue_cos_median,chelsa_bio15,ok,0.020564495821993933,0.0068844822191363834,2.9870795170088513,0.0028165645279912737,0.007071158620280234,0.03405783302370763,38637,142,0.024032837187502876,True
omit_rank_04,Cirsium oleraceum,taxon_mean_only,shape_aspect_ratio_median,chelsa_bio01,ok,-0.010377465329639516,0.006205287551741839,-1.6723584915458973,0.0944536520119928,-0.022539605444768247,0.0017846747854892153,36736,140,0.2125207170269838,False
omit_rank_04,Cirsium oleraceum,taxon_mean_only,shape_aspect_ratio_median,chelsa_bio04,ok,0.013298301236803825,0.004531284439813667,2.934775208539032,0.003337894053819844,0.004417146931062283,0.022179455542545367,36736,140,0.024032837187502876,True
omit_rank_04,Cirsium oleraceum,taxon_mean_only,shape_aspect_ratio_median,chelsa_bio12,ok,-0.009120802443201155,0.003756610996880421,-2.427933701619701,0.015185118863184929,-0.016483624701013888,-0.001757980185388421,36736,140,0.06833303488433218,False
omit_rank_04,Cirsium oleraceum,taxon_mean_only,shape_aspect_ratio_median,chelsa_bio15,ok,-0.004607092023896142,0.0035730395859765395,-1.2894041370204938,0.19725762392488244,-0.011610120927746066,0.0023959368799537813,36736,140,0.3945152478497649,False
omit_rank_04,Cirsium oleraceum,taxon_mean_only,shape_circularity_median,chelsa_bio01,ok,0.001725452821267588,0.015621292194799808,0.11045519152647156,0.9120483843421295,-0.02889171727251669,0.03234262291505187,36736,140,0.9944641942025293,False
omit_rank_04,Cirsium oleraceum,taxon_mean_only,shape_circularity_median,chelsa_bio04,ok,0.011166156234667272,0.005501473658379165,2.0296663999581934,0.042390460480599045,0.00038346600234829414,0.02194884646698625,36736,140,0.12479907912484904,False
omit_rank_04,Cirsium oleraceum,taxon_mean_only,shape_circularity_median,chelsa_bio12,ok,-0.010752785421883806,0.004746269499837771,-2.2655235700904344,0.023480569303178406,-0.020055302702486774,-0.0014502681412808388,36736,140,0.08822002454098338,False
omit_rank_04,Cirsium oleraceum,taxon_mean_only,shape_circularity_median,chelsa_bio15,ok,-0.0020358406684637368,0.006446617847817641,-0.3157998064291845,0.7521544650479981,-0.014670979472279428,0.010599298135351955,36736,140,0.9670557407759975,False
omit_rank_04,Cirsium oleraceum,taxon_mean_only,shape_solidity_median,chelsa_bio01,ok,0.0028008415158657075,0.012354775584560149,0.22670112433008813,0.8206561527887957,-0.02141407366694698,0.02701575669867839,36736,140,0.9847873833465548,False
omit_rank_04,Cirsium oleraceum,taxon_mean_only,shape_solidity_median,chelsa_bio04,ok,0.0005129585172750492,0.0038591875644474966,0.13291878373589422,0.894257611442748,-0.007050910118626893,0.00807682715317699,36736,140,0.9944641942025293,False
omit_rank_04,Cirsium oleraceum,taxon_mean_only,shape_solidity_median,chelsa_bio12,ok,-0.00023933849470582792,0.005757255333189541,-0.04157163107324501,0.9668401888080146,-0.011523351597558476,0.011044674608146822,36736,140,0.9944641942025293,False
omit_rank_04,Cirsium oleraceum,taxon_mean_only,shape_solidity_median,chelsa_bio15,ok,-0.0011895896908117713,0.004719546501950242,-0.25205593171297314,0.8009978317938646,-0.010439730857996241,0.008060551476372697,36736,140,0.9847873833465548,False
omit_rank_04,Cirsium oleraceum,taxon_mean_only,shape_width_cv_median,chelsa_bio01,ok,-0.0072153869388455446,0.011071057399405702,-0.6517342181996879,0.5145726442205987,-0.02891426071245639,0.014483486834765302,36736,140,0.8054180518235459,False
omit_rank_04,Cirsium oleraceum,taxon_mean_only,shape_width_cv_median,chelsa_bio04,ok,-0.00034993451865010733,0.005961277424009611,-0.05870126379972065,0.9531900527092078,-0.012033823571560654,0.01133395453426044,36736,140,0.9944641942025293,False
omit_rank_04,Cirsium oleraceum,taxon_mean_only,shape_width_cv_median,chelsa_bio12,ok,-0.0034834438403043475,0.0060053693560740435,-0.5800548865126953,0.56187760512375,-0.01525375149206997,0.008286863811461273,36736,140,0.8428164076856249,False
omit_rank_04,Cirsium oleraceum,taxon_mean_only,shape_width_cv_median,chelsa_bio15,ok,-0.0032881395346807574,0.004832053967352286,-0.6804848532108773,0.4961975093472527,-0.01275879128204512,0.006182512212683606,36736,140,0.8054180518235459,False
omit_rank_04,Cirsium oleraceum,taxon_specific_cyclic_doy,orientation_angle_degrees_median,chelsa_bio01,ok,0.015814140980183793,0.003914608690305197,4.039775679073268,5.3502347977431636e-05,0.008141648933618097,0.023486633026749488,35558,141,0.00021400939190972654,True
omit_rank_04,Cirsium oleraceum,taxon_specific_cyclic_doy,orientation_angle_degrees_median,chelsa_bio04,ok,0.006668474982393846,0.012154805316026036,0.5486286953194965,0.5832602890918352,-0.017154505676113173,0.030491455640900868,35558,141,0.6773345292679377,False
omit_rank_04,Cirsium oleraceum,taxon_specific_cyclic_doy,orientation_angle_degrees_median,chelsa_bio12,ok,-0.000595554002106785,0.010119584210291037,-0.05885162766876733,0.9530702867544402,-0.02042957459279742,0.01923846658858385,35558,141,0.9530702867544402,False
omit_rank_04,Cirsium oleraceum,taxon_specific_cyclic_doy,orientation_angle_degrees_median,chelsa_bio15,ok,-0.010376053373258188,0.00426410698718094,-2.4333473349640182,0.01495994254754379,-0.018733549494358428,-0.002018557252157948,35558,141,0.03167987833597508,True
omit_rank_04,Cirsium oleraceum,taxon_specific_cyclic_doy,corolla_lab_lightness_median,chelsa_bio01,ok,0.021416924101385876,0.021658167459202116,0.9888613217960072,0.32273099665576077,-0.021032304089787644,0.0638661522925594,38642,142,0.46473263518429553,False
omit_rank_04,Cirsium oleraceum,taxon_specific_cyclic_doy,corolla_lab_lightness_median,chelsa_bio04,ok,0.039136306899677425,0.014238545513547895,2.7486169048966027,0.005984728884071485,0.011229270500889184,0.06704334329846567,38642,142,0.015389302844755247,True
omit_rank_04,Cirsium oleraceum,taxon_specific_cyclic_doy,corolla_lab_lightness_median,chelsa_bio12,ok,-0.013044523374669378,0.012688541242847786,-1.0280554025091142,0.3039237673912526,-0.037913607227002134,0.011824560477663379,38642,142,0.4558856510868789,False
omit_rank_04,Cirsium oleraceum,taxon_specific_cyclic_doy,corolla_lab_lightness_median,chelsa_bio15,ok,-0.027688245355556234,0.015822173903028033,-1.7499646714322412,0.08012441002429116,-0.05869913636262072,0.003322645651508249,38642,142,0.13735613147021342,False
omit_rank_04,Cirsium oleraceum,taxon_specific_cyclic_doy,corolla_lab_chroma_median,chelsa_bio01,ok,0.017285527274115496,0.026145779794550062,0.661121122029742,0.5085346406467002,-0.03395925947091768,0.06853031401914866,38642,142,0.6312843814924554,False
omit_rank_04,Cirsium oleraceum,taxon_specific_cyclic_doy,corolla_lab_chroma_median,chelsa_bio04,ok,-0.047717010595943715,0.018383383598638666,-2.59565984357076,0.009440947846712988,-0.08374778036325983,-0.011686240828627598,38642,142,0.021242132655104225,True
omit_rank_04,Cirsium oleraceum,taxon_specific_cyclic_doy,corolla_lab_chroma_median,chelsa_bio12,ok,0.04939690617579533,0.0184522887335167,2.677007003801696,0.007428308214905702,0.013231084825768388,0.08556272752582227,38642,142,0.017827939715773684,True
omit_rank_04,Cirsium oleraceum,taxon_specific_cyclic_doy,corolla_lab_chroma_median,chelsa_bio15,ok,0.006792147577832612,0.010957731249954503,0.6198498049366572,0.5353566751534833,-0.014684611024347283,0.02826890618001251,38642,142,0.6424280101841799,False
omit_rank_04,Cirsium oleraceum,taxon_specific_cyclic_doy,corolla_hue_sin_median,chelsa_bio01,ok,-0.06366799084826832,0.009425612331337442,-6.754785642582671,1.4304658519690908e-11,-0.08214185154992633,-0.04519413014661032,38637,142,2.5748385335443634e-10,True
omit_rank_04,Cirsium oleraceum,taxon_specific_cyclic_doy,corolla_hue_sin_median,chelsa_bio04,ok,0.09469530222171789,0.004493273708103583,21.0749018140016,1.3518617699169458e-98,0.08588864758115412,0.10350195686228165,38637,142,4.866702371701005e-97,True
omit_rank_04,Cirsium oleraceum,taxon_specific_cyclic_doy,corolla_hue_sin_median,chelsa_bio12,ok,-0.05225993453287349,0.010401475415598303,-5.024280926002405,5.053222453387507e-07,-0.07264645173352495,-0.03187341733222203,38637,142,3.6383201664390045e-06,True
omit_rank_04,Cirsium oleraceum,taxon_specific_cyclic_doy,corolla_hue_sin_median,chelsa_bio15,ok,0.012266709424182615,0.017543685138484366,0.6992093922886238,0.4844211817794817,-0.022118281603357333,0.04665170045172256,38637,142,0.6228272337164764,False
omit_rank_04,Cirsium oleraceum,taxon_specific_cyclic_doy,corolla_hue_cos_median,chelsa_bio01,ok,0.010284409641429635,0.006244601897418979,1.646927988424753,0.09957284824854078,-0.0019547851753020495,0.022523604458161317,38637,142,0.1629373880430667,False
omit_rank_04,Cirsium oleraceum,taxon_specific_cyclic_doy,corolla_hue_cos_median,chelsa_bio04,ok,-0.040171903676165015,0.006187697883149314,-6.492221248481345,8.457991976804748e-11,-0.0522995686743524,-0.028044238677977628,38637,142,1.0149590372165697e-09,True
omit_rank_04,Cirsium oleraceum,taxon_specific_cyclic_doy,corolla_hue_cos_median,chelsa_bio12,ok,-0.00745038188135628,0.009442565287663827,-0.7890209550459534,0.4300997590630543,-0.025957469766845473,0.011056706004132914,38637,142,0.5955227433180752,False
omit_rank_04,Cirsium oleraceum,taxon_specific_cyclic_doy,corolla_hue_cos_median,chelsa_bio15,ok,0.015491926738439632,0.005430409306782836,2.8528101406811985,0.004333450345147384,0.004848520075834152,0.02613533340104511,38637,142,0.012000324032715831,True
omit_rank_04,Cirsium oleraceum,taxon_specific_cyclic_doy,shape_aspect_ratio_median,chelsa_bio01,ok,-0.01413702046339103,0.007232148821050316,-1.9547468965576302,0.05061295183811121,-0.028311771683483464,3.77307567014009e-05,36736,140,0.09110331330860018,False
omit_rank_04,Cirsium oleraceum,taxon_specific_cyclic_doy,shape_aspect_ratio_median,chelsa_bio04,ok,0.020760160515900072,0.003456722858655167,6.0057347275959465,1.904673871887467e-09,0.013985108208399606,0.02753521282340054,36736,140,1.7142064846987204e-08,True
omit_rank_04,Cirsium oleraceum,taxon_specific_cyclic_doy,shape_aspect_ratio_median,chelsa_bio12,ok,-0.011850131460527224,0.0032253885574174104,-3.6740167113433615,0.00023876710619963535,-0.01817177686921295,-0.005528486051841499,36736,140,0.0008595615823186872,True
omit_rank_04,Cirsium oleraceum,taxon_specific_cyclic_doy,shape_aspect_ratio_median,chelsa_bio15,ok,-0.0037918842835895634,0.0030427587799258106,-1.2461994386824242,0.2126911850952956,-0.00975558190588719,0.002171813338708062,36736,140,0.3329079418882888,False
omit_rank_04,Cirsium oleraceum,taxon_specific_cyclic_doy,shape_circularity_median,chelsa_bio01,ok,-0.027853854239972595,0.014000835357783663,-1.989442310275254,0.04665240347539347,-0.055294987294703536,-0.0004127211852416532,36736,140,0.09110331330860018,False
omit_rank_04,Cirsium oleraceum,taxon_specific_cyclic_doy,shape_circularity_median,chelsa_bio04,ok,0.03689570424590517,0.007446317269746801,4.954892856339406,7.237015656764164e-07,0.022301190579742815,0.05149021791206753,36736,140,4.342209394058498e-06,True
omit_rank_04,Cirsium oleraceum,taxon_specific_cyclic_doy,shape_circularity_median,chelsa_bio12,ok,-0.012825670463070088,0.004165137702392636,-3.0792908613087304,0.002074939959180009,-0.020989190350409567,-0.004662150575730611,36736,140,0.006790712593680029,True
omit_rank_04,Cirsium oleraceum,taxon_specific_cyclic_doy,shape_circularity_median,chelsa_bio15,ok,-0.006528841470829225,0.009323778074376189,-0.7002356146562444,0.4837801733746815,-0.024803110696450775,0.011745427754792323,36736,140,0.6228272337164764,False
omit_rank_04,Cirsium oleraceum,taxon_specific_cyclic_doy,shape_solidity_median,chelsa_bio01,ok,-0.025606211198408273,0.013035510685727305,-1.96434277227395,0.049490354606989855,-0.05115534266252081,-5.70797342957334e-05,36736,140,0.09110331330860018,False
omit_rank_04,Cirsium oleraceum,taxon_specific_cyclic_doy,shape_solidity_median,chelsa_bio04,ok,0.02442417646555773,0.005662323671914263,4.313454666448031,1.607231084123224e-05,0.013326225999797181,0.03552212693131828,36736,140,8.079959653868264e-05,True
omit_rank_04,Cirsium oleraceum,taxon_specific_cyclic_doy,shape_solidity_median,chelsa_bio12,ok,-0.0022199967859086386,0.00489291591574542,-0.4537165208101536,0.6500328744760735,-0.01180993576015248,0.0073699421883352025,36736,140,0.7091267721557166,False
omit_rank_04,Cirsium oleraceum,taxon_specific_cyclic_doy,shape_solidity_median,chelsa_bio15,ok,-0.0036143335949748836,0.00767638892228848,-0.4708377378431968,0.6377566131027883,-0.018659779413982544,0.011431112224032779,36736,140,0.7091267721557166,False
omit_rank_04,Cirsium oleraceum,taxon_specific_cyclic_doy,shape_width_cv_median,chelsa_bio01,ok,0.030744806664427193,0.010390925641808506,2.9588130763561273,0.0030882636457944318,0.010378966640448774,0.05111064668840561,36736,140,0.009264790937383296,True
omit_rank_04,Cirsium oleraceum,taxon_specific_cyclic_doy,shape_width_cv_median,chelsa_bio04,ok,-0.03312986881619414,0.007724548478602111,-4.288906841347127,1.795546589748503e-05,-0.04826970563108795,-0.01799003200130033,36736,140,8.079959653868264e-05,True
omit_rank_04,Cirsium oleraceum,taxon_specific_cyclic_doy,shape_width_cv_median,chelsa_bio12,ok,0.001719573527835275,0.005939416824332783,0.28951891720925765,0.7721843056170816,-0.00992146953702824,0.013360616592698792,36736,140,0.8176069118298511,False
omit_rank_04,Cirsium oleraceum,taxon_specific_cyclic_doy,shape_width_cv_median,chelsa_bio15,ok,0.000725798651536445,0.009372000811170341,0.07744329798514069,0.9382708973739442,-0.017642985401437595,0.019094582704510487,36736,140,0.9530702867544402,False
omit_rank_05,Cirsium heterophyllum,taxon_mean_only,orientation_angle_degrees_median,chelsa_bio01,ok,0.017313729431089362,0.006499148731318204,2.6639995708449757,0.007721766120764774,0.004575631987536499,0.030051826874642223,35558,141,0.039711940049647405,True
omit_rank_05,Cirsium heterophyllum,taxon_mean_only,orientation_angle_degrees_median,chelsa_bio04,ok,-0.0013351987721187686,0.016038069420239453,-0.08325183892980266,0.9336512942578528,-0.032769237217341284,0.03009883967310375,35558,141,0.970412062276962,False
omit_rank_05,Cirsium heterophyllum,taxon_mean_only,orientation_angle_degrees_median,chelsa_bio12,ok,0.005879815558885789,0.010636513599249038,0.5527953782996072,0.5804035335913522,-0.014967368016712827,0.026726999134484404,35558,141,0.8706053003870283,False
omit_rank_05,Cirsium heterophyllum,taxon_mean_only,orientation_angle_degrees_median,chelsa_bio15,ok,-0.0072742128192245445,0.0038064656942967553,-1.911014942318679,0.05600266069177572,-0.014734748488433435,0.00018632284998434685,35558,141,0.1680079820753272,False
omit_rank_05,Cirsium heterophyllum,taxon_mean_only,corolla_lab_lightness_median,chelsa_bio01,ok,0.037509748053061266,0.019610913174157352,1.9126976760312435,0.05578676688598268,-0.0009269354722292178,0.07594643157835175,38714,142,0.1680079820753272,False
omit_rank_05,Cirsium heterophyllum,taxon_mean_only,corolla_lab_lightness_median,chelsa_bio04,ok,0.019925803104067465,0.015545552028529969,1.281768770095693,0.19992377253757554,-0.010542918991644851,0.050394525199779786,38714,142,0.3998475450751511,False
omit_rank_05,Cirsium heterophyllum,taxon_mean_only,corolla_lab_lightness_median,chelsa_bio12,ok,-0.010344897357780566,0.012245575777125834,-0.8447865209494153,0.3982300416997474,-0.03434578485090328,0.013655990135342152,38714,142,0.7168140750595453,False
omit_rank_05,Cirsium heterophyllum,taxon_mean_only,corolla_lab_lightness_median,chelsa_bio15,ok,-0.026590114482010176,0.016713791711179232,-1.5909085706880648,0.1116301534483115,-0.05934854428102555,0.006168315317005197,38714,142,0.2511678452587009,False
omit_rank_05,Cirsium heterophyllum,taxon_mean_only,corolla_lab_chroma_median,chelsa_bio01,ok,-0.011163597291968284,0.009027424161041459,-1.236631523324853,0.2162239112824681,-0.028857023520776254,0.006529828936839687,38714,142,0.4096874108509922,False
omit_rank_05,Cirsium heterophyllum,taxon_mean_only,corolla_lab_chroma_median,chelsa_bio04,ok,-0.013485591090016968,0.007682120776424474,-1.7554515845940175,0.07918209516311792,-0.028542271136695815,0.0015710889566618782,38714,142,0.219273494297865,False
omit_rank_05,Cirsium heterophyllum,taxon_mean_only,corolla_lab_chroma_median,chelsa_bio12,ok,0.03931359506140304,0.015745860537935,2.4967574790014524,0.012533464192304809,0.008452275501459963,0.07017491462134612,38714,142,0.056400588865371644,False
omit_rank_05,Cirsium heterophyllum,taxon_mean_only,corolla_lab_chroma_median,chelsa_bio15,ok,0.0005177932829871024,0.013959896707388276,0.037091483829752143,0.970412062276962,-0.026843101491393205,0.027878688057367408,38714,142,0.970412062276962,False
omit_rank_05,Cirsium heterophyllum,taxon_mean_only,corolla_hue_sin_median,chelsa_bio01,ok,-0.01888126564130398,0.011337235939748593,-1.6654205435652845,0.09582888363172036,-0.04110183976744433,0.003339308484836375,38707,142,0.22998932071612885,False
omit_rank_05,Cirsium heterophyllum,taxon_mean_only,corolla_hue_sin_median,chelsa_bio04,ok,0.05037369584698025,0.004920511620107608,10.237491491967782,1.3468309334661915e-24,0.040729670286058506,0.060017721407902,38707,142,4.84859136047829e-23,True
omit_rank_05,Cirsium heterophyllum,taxon_mean_only,corolla_hue_sin_median,chelsa_bio12,ok,-0.04241442454544882,0.009183428827364375,-4.618582595104804,3.863701849234143e-06,-0.060413614301669895,-0.02441523478922774,38707,142,6.954663328621458e-05,True
omit_rank_05,Cirsium heterophyllum,taxon_mean_only,corolla_hue_sin_median,chelsa_bio15,ok,0.00582870922142319,0.014111106088828424,0.4130582808131322,0.679563914330068,-0.021828550494704384,0.033485968937550764,38707,142,0.9329350208308046,False
omit_rank_05,Cirsium heterophyllum,taxon_mean_only,corolla_hue_cos_median,chelsa_bio01,ok,-0.004644961124339432,0.007333336595060852,-0.6334035079567881,0.5264701748005329,-0.019018036737168294,0.009728114488489429,38707,142,0.8614966496735993,False
omit_rank_05,Cirsium heterophyllum,taxon_mean_only,corolla_hue_cos_median,chelsa_bio04,ok,-0.028012638368752733,0.008997287936711095,-3.1134535835464865,0.0018491159324245223,-0.04564699868324317,-0.010378278054262294,38707,142,0.016642043391820703,True
omit_rank_05,Cirsium heterophyllum,taxon_mean_only,corolla_hue_cos_median,chelsa_bio12,ok,-0.00477859843915608,0.010673019741892257,-0.44772693714786155,0.6543502785895786,-0.025697332739549883,0.016140135861237727,38707,142,0.9329350208308046,False
omit_rank_05,Cirsium heterophyllum,taxon_mean_only,corolla_hue_cos_median,chelsa_bio15,ok,0.02138624176874008,0.006523980393646834,3.27809718581717,0.0010450940702403685,0.00859947516134684,0.03417300837613332,38707,142,0.012541128842884422,True
omit_rank_05,Cirsium heterophyllum,taxon_mean_only,shape_aspect_ratio_median,chelsa_bio01,ok,-0.009121290131576443,0.005470546641745614,-1.667345281725978,0.0954457675100767,-0.01984336452514439,0.0016007842619915023,36727,140,0.22998932071612885,False
omit_rank_05,Cirsium heterophyllum,taxon_mean_only,shape_aspect_ratio_median,chelsa_bio04,ok,0.012307291132445157,0.004156110926227593,2.961251841181295,0.003063912924688754,0.0041614634012856686,0.020453118863604645,36727,140,0.018383477548132528,True
omit_rank_05,Cirsium heterophyllum,taxon_mean_only,shape_aspect_ratio_median,chelsa_bio12,ok,-0.01224234602057932,0.004111581235936674,-2.9775274567304875,0.0029058361594671155,-0.020300897162525887,-0.004183794878632756,36727,140,0.018383477548132528,True
omit_rank_05,Cirsium heterophyllum,taxon_mean_only,shape_aspect_ratio_median,chelsa_bio15,ok,-0.004561318456897139,0.003550213900376172,-1.28480102464075,0.19886182422859255,-0.011519609839047908,0.0023969729252536296,36727,140,0.3998475450751511,False
omit_rank_05,Cirsium heterophyllum,taxon_mean_only,shape_circularity_median,chelsa_bio01,ok,0.0008779840698313972,0.01570639687198959,0.05589977618591651,0.9554216491305516,-0.02990598812616076,0.031661956265823556,36727,140,0.970412062276962,False
omit_rank_05,Cirsium heterophyllum,taxon_mean_only,shape_circularity_median,chelsa_bio04,ok,0.011810538956278881,0.005728178665464239,2.0618314556921558,0.03922378517576321,0.0005835150749582633,0.0230375628375995,36727,140,0.14120562663274755,False
omit_rank_05,Cirsium heterophyllum,taxon_mean_only,shape_circularity_median,chelsa_bio12,ok,-0.010459470528408336,0.004822599684459391,-2.1688448581194715,0.03009446429924958,-0.01991159222180297,-0.0010073488350137005,36727,140,0.12037785719699833,False
omit_rank_05,Cirsium heterophyllum,taxon_mean_only,shape_circularity_median,chelsa_bio15,ok,-0.001996236148901302,0.00643187130920609,-0.3103663075540771,0.7562824126055463,-0.014602472268141726,0.01060999997033912,36727,140,0.9558030016373713,False
omit_rank_05,Cirsium heterophyllum,taxon_mean_only,shape_solidity_median,chelsa_bio01,ok,0.0020148647545345424,0.012400960096680739,0.16247651301400803,0.870930622415657,-0.022290570408678052,0.02632029991774714,36727,140,0.970412062276962,False
omit_rank_05,Cirsium heterophyllum,taxon_mean_only,shape_solidity_median,chelsa_bio04,ok,0.000990423806211279,0.004068290330418004,0.24344963750645496,0.8076570950052684,-0.006983278720060566,0.008964126332483124,36727,140,0.969188514006322,False
omit_rank_05,Cirsium heterophyllum,taxon_mean_only,shape_solidity_median,chelsa_bio12,ok,0.0003005570924827542,0.00573343832680224,0.05242178869836846,0.9581926131135631,-0.010936775535631224,0.011537889720596732,36727,140,0.970412062276962,False
omit_rank_05,Cirsium heterophyllum,taxon_mean_only,shape_solidity_median,chelsa_bio15,ok,-0.0017595017022580337,0.004561559058364614,-0.3857237579839295,0.6997012656231034,-0.010699993170005119,0.007180989765489052,36727,140,0.9329350208308046,False
omit_rank_05,Cirsium heterophyllum,taxon_mean_only,shape_width_cv_median,chelsa_bio01,ok,-0.006248330838886038,0.011095191842356716,-0.5631566292556179,0.5733282329601876,-0.02799450725146781,0.015497845573695736,36727,140,0.8706053003870283,False
omit_rank_05,Cirsium heterophyllum,taxon_mean_only,shape_width_cv_median,chelsa_bio04,ok,-0.0009747084900376755,0.006245254106356907,-0.15607187048570867,0.8759763707260098,-0.013215181612798093,0.011265764632722743,36727,140,0.970412062276962,False
omit_rank_05,Cirsium heterophyllum,taxon_mean_only,shape_width_cv_median,chelsa_bio12,ok,-0.001872862724782242,0.0064043258984299795,-0.29243713616157074,0.7699524179856603,-0.014425110830962127,0.010679385381397642,36727,140,0.9558030016373713,False
omit_rank_05,Cirsium heterophyllum,taxon_mean_only,shape_width_cv_median,chelsa_bio15,ok,-0.003849224501065062,0.004779550312975579,-0.8053528572793014,0.4206160878317161,-0.013216970976794341,0.005518521974664217,36727,140,0.7210561505686561,False
omit_rank_05,Cirsium heterophyllum,taxon_specific_cyclic_doy,orientation_angle_degrees_median,chelsa_bio01,ok,0.015102311560375612,0.003855727657624554,3.916851214974006,8.971307869560526e-05,0.007545224217236502,0.022659398903514722,35558,141,0.00035885231478242105,True
omit_rank_05,Cirsium heterophyllum,taxon_specific_cyclic_doy,orientation_angle_degrees_median,chelsa_bio04,ok,0.004974079378264808,0.012159397995748696,0.4090728323888979,0.6824862128921143,-0.018857902767091154,0.02880606152362077,35558,141,0.7445304140641247,False
omit_rank_05,Cirsium heterophyllum,taxon_specific_cyclic_doy,orientation_angle_degrees_median,chelsa_bio12,ok,0.0013793449766964035,0.010110623264529129,0.13642531628445975,0.8914850612743022,-0.018437112483033476,0.02119580243642628,35558,141,0.9169560630249965,False
omit_rank_05,Cirsium heterophyllum,taxon_specific_cyclic_doy,orientation_angle_degrees_median,chelsa_bio15,ok,-0.008957148724197997,0.004321457160340838,-2.0727149181068216,0.038198818586071145,-0.017427049119198772,-0.0004872483291972207,35558,141,0.08089161582932713,False
omit_rank_05,Cirsium heterophyllum,taxon_specific_cyclic_doy,corolla_lab_lightness_median,chelsa_bio01,ok,0.025182113432819713,0.022583158007883658,1.1150837904968285,0.26481451699650194,-0.019080062919809567,0.06944428978544899,38714,142,0.3972217754947529,False
omit_rank_05,Cirsium heterophyllum,taxon_specific_cyclic_doy,corolla_lab_lightness_median,chelsa_bio04,ok,0.03346181338841301,0.01602329871667496,2.0883223848027197,0.0367687635430976,0.002056724990203221,0.0648669017866228,38714,142,0.08089161582932713,False
omit_rank_05,Cirsium heterophyllum,taxon_specific_cyclic_doy,corolla_lab_lightness_median,chelsa_bio12,ok,-0.010774240591281006,0.013030158859459877,-0.8268694731575681,0.4083110475644115,-0.03631288266865787,0.01476440148609586,38714,142,0.5653537581661082,False
omit_rank_05,Cirsium heterophyllum,taxon_specific_cyclic_doy,corolla_lab_lightness_median,chelsa_bio15,ok,-0.029647656017829392,0.015564660266108869,-1.9048058557619416,0.05680531242656776,-0.06015382957100439,0.0008585175353456043,38714,142,0.09738053558840186,False
omit_rank_05,Cirsium heterophyllum,taxon_specific_cyclic_doy,corolla_lab_chroma_median,chelsa_bio01,ok,0.015071934795345389,0.02640319553207227,0.5708375252168751,0.5681097834001275,-0.036677377524285126,0.0668212471149759,38714,142,0.6597403936259545,False
omit_rank_05,Cirsium heterophyllum,taxon_specific_cyclic_doy,corolla_lab_chroma_median,chelsa_bio04,ok,-0.04265950155707744,0.01847845327603301,-2.308607810395463,0.020965354148508385,-0.07887660446810832,-0.006442398646046565,38714,142,0.05031684995642012,False
omit_rank_05,Cirsium heterophyllum,taxon_specific_cyclic_doy,corolla_lab_chroma_median,chelsa_bio12,ok,0.04767016663362349,0.01908268818246005,2.498084451091108,0.012486644293779797,0.010268785067793683,0.08507154819945328,38714,142,0.032108513898290905,True
omit_rank_05,Cirsium heterophyllum,taxon_specific_cyclic_doy,corolla_lab_chroma_median,chelsa_bio15,ok,0.0079301462612868,0.011068300955491767,0.7164736749728596,0.47369891684006293,-0.013763324981527332,0.029623617504100933,38714,142,0.6090414645086524,False
omit_rank_05,Cirsium heterophyllum,taxon_specific_cyclic_doy,corolla_hue_sin_median,chelsa_bio01,ok,-0.05930956089062875,0.011145538983461828,-5.321372163215662,1.0298746962518914e-07,-0.0811544158865011,-0.0374647058947564,38707,142,9.268872266267023e-07,True
omit_rank_05,Cirsium heterophyllum,taxon_specific_cyclic_doy,corolla_hue_sin_median,chelsa_bio04,ok,0.08951022862535644,0.007621003922133992,11.745201752932871,7.474390700507965e-32,0.07457333541193532,0.10444712183877757,38707,142,2.6907806521828678e-30,True
omit_rank_05,Cirsium heterophyllum,taxon_specific_cyclic_doy,corolla_hue_sin_median,chelsa_bio12,ok,-0.049621974602133245,0.011563750648492905,-4.291166085339314,1.7773731417807733e-05,-0.07228650939938103,-0.026957439804885457,38707,142,0.0001066423885068464,True
omit_rank_05,Cirsium heterophyllum,taxon_specific_cyclic_doy,corolla_hue_sin_median,chelsa_bio15,ok,0.010495241795100627,0.01777589612638685,0.5904198427173136,0.5549092107327392,-0.02434487440554265,0.045335357995743904,38707,142,0.6597403936259545,False
omit_rank_05,Cirsium heterophyllum,taxon_specific_cyclic_doy,corolla_hue_cos_median,chelsa_bio01,ok,0.009369966352332426,0.006445410824801781,1.453742299292549,0.14601776612221126,-0.00326280672984367,0.02200273943450852,38707,142,0.23893816274543658,False
omit_rank_05,Cirsium heterophyllum,taxon_specific_cyclic_doy,corolla_hue_cos_median,chelsa_bio04,ok,-0.037797957147781634,0.006929733421551473,-5.454460489090385,4.9121755396579965e-08,-0.05137998507648604,-0.024215929219077226,38707,142,5.894610647589597e-07,True
omit_rank_05,Cirsium heterophyllum,taxon_specific_cyclic_doy,corolla_hue_cos_median,chelsa_bio12,ok,-0.008569133045289704,0.00937446430540323,-0.9140930901353637,0.3606679330372047,-0.026942745458236328,0.009804479367656918,38707,142,0.5193618235735747,False
omit_rank_05,Cirsium heterophyllum,taxon_specific_cyclic_doy,corolla_hue_cos_median,chelsa_bio15,ok,0.017285842918606735,0.00508607925480623,3.3986577976094265,0.0006771738643745753,0.007317310756670208,0.027254375080543264,38707,142,0.0022162053743167917,True
omit_rank_05,Cirsium heterophyllum,taxon_specific_cyclic_doy,shape_aspect_ratio_median,chelsa_bio01,ok,-0.013076485545403572,0.006855898981342252,-1.9073334629040068,0.056477419564267335,-0.02651380063047923,0.00036082953967208654,36727,140,0.09738053558840186,False
omit_rank_05,Cirsium heterophyllum,taxon_specific_cyclic_doy,shape_aspect_ratio_median,chelsa_bio04,ok,0.01915520271392293,0.0028109524883831506,6.814488253745239,9.45999031492315e-12,0.013645837074438711,0.02466456835340715,36727,140,1.702798256686167e-10,True
omit_rank_05,Cirsium heterophyllum,taxon_specific_cyclic_doy,shape_aspect_ratio_median,chelsa_bio12,ok,-0.014255432998744762,0.003788455383014989,-3.762861524688137,0.00016798022339666198,-0.021680669106491038,-0.006830196890998488,36727,140,0.0006047288042279832,True
omit_rank_05,Cirsium heterophyllum,taxon_specific_cyclic_doy,shape_aspect_ratio_median,chelsa_bio15,ok,-0.0038647525337781436,0.0030058688220393776,-1.2857355934634709,0.19853535469615347,-0.00975614716722716,0.002026642099670874,36727,140,0.31075098995919676,False
omit_rank_05,Cirsium heterophyllum,taxon_specific_cyclic_doy,shape_circularity_median,chelsa_bio01,ok,-0.02795531258043924,0.013980990284248334,-1.9995230675422944,0.04555178855298604,-0.05535755000577039,-0.0005530751551080931,36727,140,0.09110357710597208,False
omit_rank_05,Cirsium heterophyllum,taxon_specific_cyclic_doy,shape_circularity_median,chelsa_bio04,ok,0.036965975885901996,0.007489535728525373,4.935683228682626,7.987065446958946e-07,0.02228675559706631,0.05164519617473768,36727,140,5.750687121810441e-06,True
omit_rank_05,Cirsium heterophyllum,taxon_specific_cyclic_doy,shape_circularity_median,chelsa_bio12,ok,-0.012191887566200755,0.00437465723274679,-2.7869355054694487,0.005320906761310182,-0.02076605818709212,-0.0036177169453093898,36727,140,0.014734818723628196,True
omit_rank_05,Cirsium heterophyllum,taxon_specific_cyclic_doy,shape_circularity_median,chelsa_bio15,ok,-0.006928076691544333,0.009259073836000232,-0.7482472668710404,0.4543110254614785,-0.025075527940301913,0.011219374557213245,36727,140,0.605748033948638,False
omit_rank_05,Cirsium heterophyllum,taxon_specific_cyclic_doy,shape_solidity_median,chelsa_bio01,ok,-0.025504809269263462,0.012965113762547048,-1.9671874644818343,0.04916160265651825,-0.05091596529932027,-9.365323920665705e-05,36727,140,0.0931482997702451,False
omit_rank_05,Cirsium heterophyllum,taxon_specific_cyclic_doy,shape_solidity_median,chelsa_bio04,ok,0.024041924859383085,0.005704605110741067,4.214476618918829,2.5035808564207183e-05,0.012861104296307466,0.03522274542245871,36727,140,0.00011266113853893233,True
omit_rank_05,Cirsium heterophyllum,taxon_specific_cyclic_doy,shape_solidity_median,chelsa_bio12,ok,-0.001198159988708264,0.005017937743734111,-0.2387753794284124,0.8112797624559327,-0.0110331372430913,0.008636817265674774,36727,140,0.8590021014239287,False
omit_rank_05,Cirsium heterophyllum,taxon_specific_cyclic_doy,shape_solidity_median,chelsa_bio15,ok,-0.0046933687667414185,0.007539170655496706,-0.6225311750065702,0.5335926512028015,-0.019469871724816193,0.010083134191333356,36727,140,0.6597403936259545,False
omit_rank_05,Cirsium heterophyllum,taxon_specific_cyclic_doy,shape_width_cv_median,chelsa_bio01,ok,0.030681650308074227,0.01029208039259111,2.9810931451877134,0.002872214169540887,0.010509543412604794,0.05085375720354366,36727,140,0.008616642508622662,True
omit_rank_05,Cirsium heterophyllum,taxon_specific_cyclic_doy,shape_width_cv_median,chelsa_bio04,ok,-0.03315197851621085,0.007808257151292038,-4.245759056580913,2.178546396446981e-05,-0.04845588131477056,-0.017848075717651138,36727,140,0.00011203952896013045,True
omit_rank_05,Cirsium heterophyllum,taxon_specific_cyclic_doy,shape_width_cv_median,chelsa_bio12,ok,0.0031632391019686566,0.006050652468268793,0.5227930572045761,0.60111827158851,-0.00869582181880656,0.015022300022743872,36727,140,0.6762580555370737,False
omit_rank_05,Cirsium heterophyllum,taxon_specific_cyclic_doy,shape_width_cv_median,chelsa_bio15,ok,0.00043580090960598143,0.00923810566281958,0.04717427203284118,0.9623743326301039,-0.01767055347489592,0.01854215529410788,36727,140,0.9623743326301039,False
omit_rank_06,Cirsium horridulum,taxon_mean_only,orientation_angle_degrees_median,chelsa_bio01,ok,0.015378359456727156,0.006739311685056849,2.2818887410751105,0.02249590972951025,0.0021695512734257877,0.028587167640028523,35992,141,0.0864716679349385,False
omit_rank_06,Cirsium horridulum,taxon_mean_only,orientation_angle_degrees_median,chelsa_bio04,ok,0.000674096190641257,0.015896612941035705,0.04240502005940757,0.966175826522049,-0.03048269264996207,0.031830885031244587,35992,141,0.9892053140369116,False
omit_rank_06,Cirsium horridulum,taxon_mean_only,orientation_angle_degrees_median,chelsa_bio12,ok,0.003978142939603457,0.010362470817134066,0.3838990728954049,0.7010532535318632,-0.016331926652826654,0.02428821253203357,35992,141,0.9147309764764657,False
omit_rank_06,Cirsium horridulum,taxon_mean_only,orientation_angle_degrees_median,chelsa_bio15,ok,-0.008933630923099815,0.003958520332920491,-2.25681066958391,0.024019907759705143,-0.01669218820769348,-0.0011750736385061486,35992,141,0.0864716679349385,False
omit_rank_06,Cirsium horridulum,taxon_mean_only,corolla_lab_lightness_median,chelsa_bio01,ok,0.028973629460999274,0.01549831140133163,1.869470080366938,0.061557442478560986,-0.0014025027067972179,0.059349761628795766,39083,142,0.14773786194854635,False
omit_rank_06,Cirsium horridulum,taxon_mean_only,corolla_lab_lightness_median,chelsa_bio04,ok,0.02660732479802955,0.013841917457667916,1.9222282519312428,0.05457704339397903,-0.0005223348959757929,0.053736984492034894,39083,142,0.14034096872737464,False
omit_rank_06,Cirsium horridulum,taxon_mean_only,corolla_lab_lightness_median,chelsa_bio12,ok,-0.011194492161247118,0.012162409138730026,-0.9204173312669881,0.3573547152098875,-0.03503237603839879,0.012643391715904553,39083,142,0.6770931446082078,False
omit_rank_06,Cirsium horridulum,taxon_mean_only,corolla_lab_lightness_median,chelsa_bio15,ok,-0.034764321710990524,0.013896417120287058,-2.501675173540876,0.012360727587113877,-0.062000798780898966,-0.007527844641082079,39083,142,0.05562327414201245,False
omit_rank_06,Cirsium horridulum,taxon_mean_only,corolla_lab_chroma_median,chelsa_bio01,ok,-0.006642938659806417,0.008180560667396393,-0.812039532483615,0.41676894786820895,-0.022676542941248296,0.009390665621635463,39083,142,0.7374212549357239,False
omit_rank_06,Cirsium horridulum,taxon_mean_only,corolla_lab_chroma_median,chelsa_bio04,ok,-0.01908693161739564,0.00861448849904595,-2.215677880295447,0.026713570853887893,-0.03597101882076021,-0.002202844414031069,39083,142,0.0868292803025419,False
omit_rank_06,Cirsium horridulum,taxon_mean_only,corolla_lab_chroma_median,chelsa_bio12,ok,0.040024330645123354,0.014927184013108174,2.6813048335155742,0.007333567803457478,0.010767587588829265,0.06928107370141745,39083,142,0.037715491560638456,True
omit_rank_06,Cirsium horridulum,taxon_mean_only,corolla_lab_chroma_median,chelsa_bio15,ok,-0.00018442823391462973,0.013631517554266266,-0.013529545274796577,0.9892053140369116,-0.026901711694902034,0.02653285522707277,39083,142,0.9892053140369116,False
omit_rank_06,Cirsium horridulum,taxon_mean_only,corolla_hue_sin_median,chelsa_bio01,ok,-0.017723143623750923,0.011273109629649294,-1.5721610279684903,0.11591321110420229,-0.03981803249163521,0.004371745244133363,39076,142,0.24546327057360484,False
omit_rank_06,Cirsium horridulum,taxon_mean_only,corolla_hue_sin_median,chelsa_bio04,ok,0.052201426950622694,0.005367313917337255,9.725800978773387,2.3405598170015836e-22,0.04168168497892108,0.06272116892232431,39076,142,8.426015341205701e-21,True
omit_rank_06,Cirsium horridulum,taxon_mean_only,corolla_hue_sin_median,chelsa_bio12,ok,-0.04344230911398067,0.00886939157363211,-4.898003290680128,9.681541401887638e-07,-0.06082599716308264,-0.0260586210648787,39076,142,1.742677452339775e-05,True
omit_rank_06,Cirsium horridulum,taxon_mean_only,corolla_hue_sin_median,chelsa_bio15,ok,0.00960715573356174,0.013620115442815326,0.705365220573777,0.4805829820413775,-0.01708777999963411,0.03630209146675759,39076,142,0.7864085160677086,False
omit_rank_06,Cirsium horridulum,taxon_mean_only,corolla_hue_cos_median,chelsa_bio01,ok,-0.0027254061622298416,0.006340073966599031,-0.42986977385246744,0.6672903738849715,-0.015151722796083945,0.00970091047162426,39076,142,0.9147309764764657,False
omit_rank_06,Cirsium horridulum,taxon_mean_only,corolla_hue_cos_median,chelsa_bio04,ok,-0.030582215530791868,0.008256148381559896,-3.7041746486893614,0.00021208011072931966,-0.04676396900966792,-0.014400462051915815,39076,142,0.001908720996563877,True
omit_rank_06,Cirsium horridulum,taxon_mean_only,corolla_hue_cos_median,chelsa_bio12,ok,-0.0037125187829228834,0.010513106270353371,-0.3531324317905993,0.7239891601029571,-0.024317828438457704,0.016892790872611935,39076,142,0.9147309764764657,False
omit_rank_06,Cirsium horridulum,taxon_mean_only,corolla_hue_cos_median,chelsa_bio15,ok,0.0232069560671072,0.00521677241405443,4.448527600051265,8.646094050831583e-06,0.01298227002001844,0.033431642114195956,39076,142,0.000103753128609979,True
omit_rank_06,Cirsium horridulum,taxon_mean_only,shape_aspect_ratio_median,chelsa_bio01,ok,-0.011366254674805107,0.0065257097257630904,-1.741765287219542,0.08154952312119672,-0.024156410710863517,0.0014239013612533033,37130,140,0.18348642702269263,False
omit_rank_06,Cirsium horridulum,taxon_mean_only,shape_aspect_ratio_median,chelsa_bio04,ok,0.013889062676902212,0.004643642587798565,2.9909844296364483,0.0027807967186979916,0.004787690447740649,0.022990434906063777,37130,140,0.020021736374625537,True
omit_rank_06,Cirsium horridulum,taxon_mean_only,shape_aspect_ratio_median,chelsa_bio12,ok,-0.011500872598242274,0.004119869588688196,-2.7915622935783886,0.005245425972093564,-0.019575668613072986,-0.003426076583411564,37130,140,0.03147255583256139,True
omit_rank_06,Cirsium horridulum,taxon_mean_only,shape_aspect_ratio_median,chelsa_bio15,ok,-0.004110198160584477,0.003592070281139767,-1.1442421330576826,0.2525232342549829,-0.011150526541555086,0.0029301302203861334,37130,140,0.5050464685099658,False
omit_rank_06,Cirsium horridulum,taxon_mean_only,shape_circularity_median,chelsa_bio01,ok,0.0010815602558597727,0.01563612736366195,0.06917059644661741,0.9448538276693037,-0.029564686234598875,0.03172780674631842,37130,140,0.9892053140369116,False
omit_rank_06,Cirsium horridulum,taxon_mean_only,shape_circularity_median,chelsa_bio04,ok,0.01172724626809173,0.005574915545427127,2.1035737981198848,0.0354156415560458,0.0008006125822020895,0.022653879953981368,37130,140,0.0980740843090499,False
omit_rank_06,Cirsium horridulum,taxon_mean_only,shape_circularity_median,chelsa_bio12,ok,-0.010188792596540397,0.004664641166700063,-2.184260746416282,0.028943093434180632,-0.01933132128407542,-0.0010462639090053748,37130,140,0.0868292803025419,False
omit_rank_06,Cirsium horridulum,taxon_mean_only,shape_circularity_median,chelsa_bio15,ok,-0.00204213500252518,0.006463059546004293,-0.31597032148461407,0.7520250350014732,-0.014709498942631388,0.010625228937581027,37130,140,0.9147309764764657,False
omit_rank_06,Cirsium horridulum,taxon_mean_only,shape_solidity_median,chelsa_bio01,ok,0.0026069687407795045,0.012274612223245294,0.21238705495253893,0.8318050840708374,-0.021450829140976395,0.026664766622535405,37130,140,0.9357807195796921,False
omit_rank_06,Cirsium horridulum,taxon_mean_only,shape_solidity_median,chelsa_bio04,ok,0.0013047393667494833,0.0040861781156262605,0.3193055539502626,0.7494948215112422,-0.006704022574293732,0.0093135013077927,37130,140,0.9147309764764657,False
omit_rank_06,Cirsium horridulum,taxon_mean_only,shape_solidity_median,chelsa_bio12,ok,0.0005720324035974511,0.005520403263863298,0.10362148854993801,0.9174697340652682,-0.010247759173711977,0.011391823980906879,37130,140,0.9892053140369116,False
omit_rank_06,Cirsium horridulum,taxon_mean_only,shape_solidity_median,chelsa_bio15,ok,-0.00141199327135979,0.004667845153520304,-0.3024935971354835,0.7622758137303881,-0.010560801657669424,0.007736815114949845,37130,140,0.9147309764764657,False
omit_rank_06,Cirsium horridulum,taxon_mean_only,shape_width_cv_median,chelsa_bio01,ok,-0.005810315602473106,0.011206288176658873,-0.5184870771550547,0.6041184741598938,-0.027774236829101528,0.016153605624155316,37130,140,0.9147309764764657,False
omit_rank_06,Cirsium horridulum,taxon_mean_only,shape_width_cv_median,chelsa_bio04,ok,-0.0015770546748665056,0.006403836962096002,-0.24626714955440232,0.8054754378237667,-0.014128344483441063,0.01097423513370805,37130,140,0.9353908310211484,False
omit_rank_06,Cirsium horridulum,taxon_mean_only,shape_width_cv_median,chelsa_bio12,ok,-0.001955535486813342,0.006291974915277868,-0.3107983603152971,0.7559539162773126,-0.014287579712387422,0.010376508738760736,37130,140,0.9147309764764657,False
omit_rank_06,Cirsium horridulum,taxon_mean_only,shape_width_cv_median,chelsa_bio15,ok,-0.003829387647173613,0.004854000175974453,-0.7889137841666546,0.4301623987125056,-0.013343053173034625,0.005684277878687399,37130,140,0.7374212549357239,False
omit_rank_06,Cirsium horridulum,taxon_specific_cyclic_doy,orientation_angle_degrees_median,chelsa_bio01,ok,0.014512562194518694,0.003722274736770179,3.8988422996179097,9.665369490973719e-05,0.007217037769885834,0.021808086619151554,35992,141,0.00038661477963894875,True
omit_rank_06,Cirsium horridulum,taxon_specific_cyclic_doy,orientation_angle_degrees_median,chelsa_bio04,ok,0.006766605997725064,0.011937503843957425,0.5668359219963907,0.5708256624409422,-0.016630471601739943,0.030163683597190072,35992,141,0.6628943176733523,False
omit_rank_06,Cirsium horridulum,taxon_specific_cyclic_doy,orientation_angle_degrees_median,chelsa_bio12,ok,-0.0009581826874649994,0.009944494637937416,-0.09635308000565584,0.9232401554027364,-0.02044903402227402,0.01853266864734402,35992,141,0.9496184455571003,False
omit_rank_06,Cirsium horridulum,taxon_specific_cyclic_doy,orientation_angle_degrees_median,chelsa_bio15,ok,-0.0101861737958499,0.004256569985276341,-2.393047414017463,0.01670908165524816,-0.018528897664665717,-0.001843449927034082,35992,141,0.03341816331049632,True
omit_rank_06,Cirsium horridulum,taxon_specific_cyclic_doy,corolla_lab_lightness_median,chelsa_bio01,ok,0.017946344680325285,0.02032728265863857,0.8828698346799715,0.37730660351595335,-0.021894397234171907,0.05778708659482248,39083,142,0.5536745329025206,False
omit_rank_06,Cirsium horridulum,taxon_specific_cyclic_doy,corolla_lab_lightness_median,chelsa_bio04,ok,0.03859011112671322,0.015038284765881961,2.566124510041488,0.010284190490051002,0.009115614596327218,0.06806460765709922,39083,142,0.0246820571761224,True
omit_rank_06,Cirsium horridulum,taxon_specific_cyclic_doy,corolla_lab_lightness_median,chelsa_bio12,ok,-0.011117186056410565,0.012936806265735101,-0.859345485126105,0.3901499365233987,-0.03647286041222347,0.01423848829940234,39083,142,0.5536745329025206,False
omit_rank_06,Cirsium horridulum,taxon_specific_cyclic_doy,corolla_lab_lightness_median,chelsa_bio15,ok,-0.03545795239038469,0.014081142132439613,-2.518116219329821,0.011798438330165728,-0.06305648383115586,-0.007859420949613515,39083,142,0.024984928228586247,True
omit_rank_06,Cirsium horridulum,taxon_specific_cyclic_doy,corolla_lab_chroma_median,chelsa_bio01,ok,0.018624698651706795,0.025285053757978987,0.7365892447758613,0.461372177435865,-0.030933096061091167,0.06818249336450476,39083,142,0.5931927995603978,False
omit_rank_06,Cirsium horridulum,taxon_specific_cyclic_doy,corolla_lab_chroma_median,chelsa_bio04,ok,-0.04711431100283829,0.017903376668454613,-2.631587988977116,0.008498685722194943,-0.08220428447466403,-0.01202433753101255,39083,142,0.02185376328564414,True
omit_rank_06,Cirsium horridulum,taxon_specific_cyclic_doy,corolla_lab_chroma_median,chelsa_bio12,ok,0.04816054410242476,0.01819982540469818,2.646209127368463,0.008139947633788046,0.012489541784299216,0.08383154642055031,39083,142,0.02185376328564414,True
omit_rank_06,Cirsium horridulum,taxon_specific_cyclic_doy,corolla_lab_chroma_median,chelsa_bio15,ok,0.00626845199152267,0.010733888898906562,0.583987038673488,0.5592290323459455,-0.014769583664388488,0.02730648764743383,39083,142,0.6628943176733523,False
omit_rank_06,Cirsium horridulum,taxon_specific_cyclic_doy,corolla_hue_sin_median,chelsa_bio01,ok,-0.06069661221752668,0.010838936696815946,-5.599867765198496,2.1451537724096733e-08,-0.08194053777399547,-0.03945268666105789,39076,142,1.930638395168706e-07,True
omit_rank_06,Cirsium horridulum,taxon_specific_cyclic_doy,corolla_hue_sin_median,chelsa_bio04,ok,0.09108522229353998,0.007384349441750049,12.334901403576223,5.876080771805879e-35,0.07661216333845143,0.10555828124862852,39076,142,2.1153890778501168e-33,True
omit_rank_06,Cirsium horridulum,taxon_specific_cyclic_doy,corolla_hue_sin_median,chelsa_bio12,ok,-0.050345620203386114,0.011275567471725385,-4.465018752238661,8.006173919872278e-06,-0.07244532635321922,-0.028245914053553006,39076,142,4.803704351923367e-05,True
omit_rank_06,Cirsium horridulum,taxon_specific_cyclic_doy,corolla_hue_sin_median,chelsa_bio15,ok,0.014213790967467377,0.01754062086569546,0.8103356817469084,0.4177472729866579,-0.020165194195767507,0.04859277613070226,39076,142,0.5569963639822105,False
omit_rank_06,Cirsium horridulum,taxon_specific_cyclic_doy,corolla_hue_cos_median,chelsa_bio01,ok,0.010839509506754955,0.005924546627589382,1.8295930791189343,0.0673108094055991,-0.0007723885080484702,0.02245140752155838,39076,142,0.11014496084552579,False
omit_rank_06,Cirsium horridulum,taxon_specific_cyclic_doy,corolla_hue_cos_median,chelsa_bio04,ok,-0.03939007787643249,0.006392600074796427,-6.1618242054172105,7.191165962197674e-10,-0.05191934379060154,-0.02686081196226344,39076,142,1.216420795629885e-08,True
omit_rank_06,Cirsium horridulum,taxon_specific_cyclic_doy,corolla_hue_cos_median,chelsa_bio12,ok,-0.0077716277869339144,0.009231687247189585,-0.8418426208383349,0.39987605154070927,-0.025865402307963217,0.01032214673409539,39076,142,0.5536745329025206,False
omit_rank_06,Cirsium horridulum,taxon_specific_cyclic_doy,corolla_hue_cos_median,chelsa_bio15,ok,0.018051104897056195,0.004677309535944528,3.8592923470930787,0.00011371583624450259,0.008883746662059168,0.02721846313205322,39076,142,0.0004093770104802093,True
omit_rank_06,Cirsium horridulum,taxon_specific_cyclic_doy,shape_aspect_ratio_median,chelsa_bio01,ok,-0.014815626556732922,0.0072490509559016945,-2.043802236577055,0.040973088137463844,-0.029023505352395895,-0.0006077477610699489,37130,140,0.07763321962887886,False
omit_rank_06,Cirsium horridulum,taxon_specific_cyclic_doy,shape_aspect_ratio_median,chelsa_bio04,ok,0.020724487517308172,0.003393429049310248,6.10724055701729,1.0136839963582375e-09,0.014073488796568091,0.027375486238048252,37130,140,1.216420795629885e-08,True
omit_rank_06,Cirsium horridulum,taxon_specific_cyclic_doy,shape_aspect_ratio_median,chelsa_bio12,ok,-0.014000475902305144,0.0036922748405165185,-3.791829294145014,0.0001495416948566754,-0.021237201610740893,-0.006763750193869396,37130,140,0.0004894091831673012,True
omit_rank_06,Cirsium horridulum,taxon_specific_cyclic_doy,shape_aspect_ratio_median,chelsa_bio15,ok,-0.0031394264910544574,0.0030365063967548733,-1.0338942458377745,0.3011856053437505,-0.009090869667519501,0.0028120166854105864,37130,140,0.47142094749456603,False
omit_rank_06,Cirsium horridulum,taxon_specific_cyclic_doy,shape_circularity_median,chelsa_bio01,ok,-0.0265736834493126,0.013735061348483436,-1.93473350974488,0.0530230060365604,-0.053493909017788284,0.0003465421191630805,37130,140,0.0954414108658087,False
omit_rank_06,Cirsium horridulum,taxon_specific_cyclic_doy,shape_circularity_median,chelsa_bio04,ok,0.034948511106535955,0.007237976517533829,4.82849191647334,1.3757091748803512e-06,0.020762337811223004,0.049134684401848906,37130,140,9.905106059138528e-06,True
omit_rank_06,Cirsium horridulum,taxon_specific_cyclic_doy,shape_circularity_median,chelsa_bio12,ok,-0.011174596753519728,0.004435126632955592,-2.519566559945757,0.011749942304086528,-0.01986728522098708,-0.0024819082860523724,37130,140,0.024984928228586247,True
omit_rank_06,Cirsium horridulum,taxon_specific_cyclic_doy,shape_circularity_median,chelsa_bio15,ok,-0.005422397311545832,0.009390952482491449,-0.5774065326872204,0.5636648621999396,-0.023828325957756087,0.01298353133466442,37130,140,0.6628943176733523,False
omit_rank_06,Cirsium horridulum,taxon_specific_cyclic_doy,shape_solidity_median,chelsa_bio01,ok,-0.023863733586986798,0.012659984144721524,-1.8849734181489148,0.05943342673149642,-0.0486768465554891,0.0009493793815155069,37130,140,0.10188587439685101,False
omit_rank_06,Cirsium horridulum,taxon_specific_cyclic_doy,shape_solidity_median,chelsa_bio04,ok,0.022809843785699044,0.005467735220045928,4.171716966482412,3.0231300728475118e-05,0.012093279677407837,0.03352640789399025,37130,140,0.00013604085327813804,True
omit_rank_06,Cirsium horridulum,taxon_specific_cyclic_doy,shape_solidity_median,chelsa_bio12,ok,-0.00028996500887801236,0.004785357917968212,-0.060594215489972576,0.9516823804309495,-0.009669094181229286,0.009089164163473261,37130,140,0.9516823804309495,False
omit_rank_06,Cirsium horridulum,taxon_specific_cyclic_doy,shape_solidity_median,chelsa_bio15,ok,-0.0031503963262649428,0.007666981317720905,-0.41090439583873056,0.6811426390023798,-0.018177403579139363,0.011876610926609476,37130,140,0.7662854688776773,False
omit_rank_06,Cirsium horridulum,taxon_specific_cyclic_doy,shape_width_cv_median,chelsa_bio01,ok,0.029751140761948486,0.010098315228811551,2.946148945426596,0.0032175742243736637,0.009958806608945488,0.04954347491495148,37130,140,0.009652722673120992,True
omit_rank_06,Cirsium horridulum,taxon_specific_cyclic_doy,shape_width_cv_median,chelsa_bio04,ok,-0.03172012756903836,0.007234363224633871,-4.384646800844549,1.1617411736542143e-05,-0.0458992189404018,-0.01754103619767492,37130,140,5.9746688930788164e-05,True
omit_rank_06,Cirsium horridulum,taxon_specific_cyclic_doy,shape_width_cv_median,chelsa_bio12,ok,0.002196011793146153,0.005927867528054521,0.3704556120313415,0.7110430440296849,-0.009422395066965187,0.013814418653257492,37130,140,0.7756833207596563,False
omit_rank_06,Cirsium horridulum,taxon_specific_cyclic_doy,shape_width_cv_median,chelsa_bio15,ok,-0.0015436729727320928,0.009093284636412863,-0.1697596671010008,0.8651991474407013,-0.019366183361272705,0.01627883741580852,37130,140,0.9160932149372131,False
omit_rank_07,Cirsium discolor,taxon_mean_only,orientation_angle_degrees_median,chelsa_bio01,ok,0.018218480878812626,0.006126481469128872,2.9737265950472422,0.0029420709004889197,0.0062107978473679975,0.030226163910257252,35996,141,0.02118291048352022,True
omit_rank_07,Cirsium discolor,taxon_mean_only,orientation_angle_degrees_median,chelsa_bio04,ok,-0.0008513586629097971,0.015734116165652335,-0.05410908715472166,0.9568482523531764,-0.031689659676157826,0.02998694235033823,35996,141,0.9840414709872624,False
omit_rank_07,Cirsium discolor,taxon_mean_only,orientation_angle_degrees_median,chelsa_bio12,ok,0.005420140885707836,0.010356477398322083,0.5233575739359009,0.6007254424453241,-0.014878181821706528,0.0257184635931222,35996,141,0.9010881636679862,False
omit_rank_07,Cirsium discolor,taxon_mean_only,orientation_angle_degrees_median,chelsa_bio15,ok,-0.008874155609354511,0.003943516020049496,-2.250315597613099,0.024428918505006916,-0.016603304981108256,-0.001145006237600765,35996,141,0.09771567402002766,False
omit_rank_07,Cirsium discolor,taxon_mean_only,corolla_lab_lightness_median,chelsa_bio01,ok,0.03686386116002537,0.01929370838882057,1.9106674785955378,0.05604732665938488,-0.0009511124102812574,0.074678834730332,39148,142,0.1552079815182966,False
omit_rank_07,Cirsium discolor,taxon_mean_only,corolla_lab_lightness_median,chelsa_bio04,ok,0.020000989681682128,0.015095048477532645,1.3250033420860787,0.18517004283424132,-0.009584761679168032,0.04958674104253229,39148,142,0.37034008566848264,False
omit_rank_07,Cirsium discolor,taxon_mean_only,corolla_lab_lightness_median,chelsa_bio12,ok,-0.009426297166528574,0.011733210806499993,-0.8033859888809439,0.4217516707897424,-0.03242296777028472,0.013570373437227572,39148,142,0.7230028642109869,False
omit_rank_07,Cirsium discolor,taxon_mean_only,corolla_lab_lightness_median,chelsa_bio15,ok,-0.027092712567861048,0.01637776494150237,-1.6542374777407065,0.0980792707958753,-0.05919254200046844,0.005007116864746343,39148,142,0.22067835929071944,False
omit_rank_07,Cirsium discolor,taxon_mean_only,corolla_lab_chroma_median,chelsa_bio01,ok,-0.009328867981482296,0.008793543638479727,-1.0608769757689085,0.2887458140502732,-0.026563896809383866,0.007906160846419274,39148,142,0.5470973318847282,False
omit_rank_07,Cirsium discolor,taxon_mean_only,corolla_lab_chroma_median,chelsa_bio04,ok,-0.01728877832634154,0.00852864104869999,-2.0271433898577365,0.04264775057403369,-0.03400460761886344,-0.0005729490338196412,39148,142,0.12794325172210108,False
omit_rank_07,Cirsium discolor,taxon_mean_only,corolla_lab_chroma_median,chelsa_bio12,ok,0.03876121366972592,0.015203537627216199,2.5494864826945665,0.01078816931487634,0.008962827482782623,0.06855959985666922,39148,142,0.048546761916943536,True
omit_rank_07,Cirsium discolor,taxon_mean_only,corolla_lab_chroma_median,chelsa_bio15,ok,0.001965920111893102,0.013966416766621173,0.1407605218105422,0.8880591315039238,-0.025407753743760753,0.029339593967546956,39148,142,0.9402979039453311,False
omit_rank_07,Cirsium discolor,taxon_mean_only,corolla_hue_sin_median,chelsa_bio01,ok,-0.019622904772347863,0.01122539511251717,-1.7480814328278593,0.08044992757155578,-0.04162427490511346,0.002378465360417737,39141,142,0.19307982617173386,False
omit_rank_07,Cirsium discolor,taxon_mean_only,corolla_hue_sin_median,chelsa_bio04,ok,0.052866100461932346,0.005489632737332902,9.630170722061264,5.963032476429304e-22,0.04210661800840783,0.06362558291545686,39141,142,2.1466916915145496e-20,True
omit_rank_07,Cirsium discolor,taxon_mean_only,corolla_hue_sin_median,chelsa_bio12,ok,-0.04395728142203832,0.008859840988159869,-4.96140748810075,6.99842004365826e-07,-0.06132225066758343,-0.026592312176493216,39141,142,1.2597156078584869e-05,True
omit_rank_07,Cirsium discolor,taxon_mean_only,corolla_hue_sin_median,chelsa_bio15,ok,0.004071954432785744,0.014107739978084214,0.28863265406871375,0.7728625041844643,-0.023578707827515206,0.031722616693086694,39141,142,0.9220791615908159,False
omit_rank_07,Cirsium discolor,taxon_mean_only,corolla_hue_cos_median,chelsa_bio01,ok,-0.004381332559622918,0.0072219821566369795,-0.6066662122110738,0.5440724494163045,-0.018536157483622306,0.009773492364376468,39141,142,0.851591659955955,False
omit_rank_07,Cirsium discolor,taxon_mean_only,corolla_hue_cos_median,chelsa_bio04,ok,-0.029127850267930834,0.00873394170315123,-3.335017711123653,0.00085293966608473,-0.046246061449179664,-0.012009639086682004,39141,142,0.01023527599301676,True
omit_rank_07,Cirsium discolor,taxon_mean_only,corolla_hue_cos_median,chelsa_bio12,ok,-0.003501790150806301,0.010590677413225568,-0.33064836310029505,0.7409101105233058,-0.024259136452610235,0.017255556150997636,39141,142,0.9220791615908159,False
omit_rank_07,Cirsium discolor,taxon_mean_only,corolla_hue_cos_median,chelsa_bio15,ok,0.02013875506007835,0.006946382286130552,2.8991717170948483,0.0037414992136933336,0.006524095956415465,0.03375341416374124,39141,142,0.022448995282160003,True
omit_rank_07,Cirsium discolor,taxon_mean_only,shape_aspect_ratio_median,chelsa_bio01,ok,-0.011717020820533264,0.0066280619330345795,-1.7677898817050983,0.0770960370885371,-0.024707783496581974,0.0012737418555154433,37192,140,0.19307982617173386,False
omit_rank_07,Cirsium discolor,taxon_mean_only,shape_aspect_ratio_median,chelsa_bio04,ok,0.01385006480569401,0.004622688830580078,2.9961057975766967,0.0027345154168184147,0.004789761186021478,0.02291036842536654,37192,140,0.02118291048352022,True
omit_rank_07,Cirsium discolor,taxon_mean_only,shape_aspect_ratio_median,chelsa_bio12,ok,-0.011193069207507919,0.004119907446471661,-2.716825402739035,0.0065911367734203235,-0.019267939422230755,-0.0031181989927850824,37192,140,0.03389727483473309,True
omit_rank_07,Cirsium discolor,taxon_mean_only,shape_aspect_ratio_median,chelsa_bio15,ok,-0.004658166049445962,0.003490969458940216,-1.3343474081437774,0.18209002731577628,-0.011500340460098065,0.002184008361206141,37192,140,0.37034008566848264,False
omit_rank_07,Cirsium discolor,taxon_mean_only,shape_circularity_median,chelsa_bio01,ok,0.002361933857439452,0.015338546128475608,0.15398681450353263,0.8776201320842933,-0.027701064129579022,0.032424931844457924,37192,140,0.9402979039453311,False
omit_rank_07,Cirsium discolor,taxon_mean_only,shape_circularity_median,chelsa_bio04,ok,0.011437885943135277,0.00547277616421024,2.08996048804891,0.03662134919044835,0.0007114417658339398,0.022164330120436615,37192,140,0.11985168825964913,False
omit_rank_07,Cirsium discolor,taxon_mean_only,shape_circularity_median,chelsa_bio12,ok,-0.009846208858485295,0.004585413326172713,-2.1472892753822017,0.03177025909862835,-0.018833453832013826,-0.0008589638849567632,37192,140,0.11437293275506205,False
omit_rank_07,Cirsium discolor,taxon_mean_only,shape_circularity_median,chelsa_bio15,ok,-0.002422621724856291,0.006287973411337526,-0.38527862100819077,0.7000309992384401,-0.014746823146823304,0.009901579697110722,37192,140,0.9220791615908159,False
omit_rank_07,Cirsium discolor,taxon_mean_only,shape_solidity_median,chelsa_bio01,ok,0.003165678758682563,0.012124224609916308,0.26110360542919825,0.7940126113698693,-0.020597364817227588,0.026928722334592713,37192,140,0.9220791615908159,False
omit_rank_07,Cirsium discolor,taxon_mean_only,shape_solidity_median,chelsa_bio04,ok,0.0015554928357412777,0.004122644592734345,0.3773046161880272,0.705947242051177,-0.006524742087076838,0.009635727758559393,37192,140,0.9220791615908159,False
omit_rank_07,Cirsium discolor,taxon_mean_only,shape_solidity_median,chelsa_bio12,ok,0.00011172223567817779,0.005585446067851804,0.020002383752520385,0.9840414709872624,-0.010835550894902221,0.011058995366258578,37192,140,0.9840414709872624,False
omit_rank_07,Cirsium discolor,taxon_mean_only,shape_solidity_median,chelsa_bio15,ok,-0.0010676836372729471,0.004689239230469645,-0.22768802886732112,0.8198887796029225,-0.010258423643885769,0.008123056369339873,37192,140,0.9223748770532879,False
omit_rank_07,Cirsium discolor,taxon_mean_only,shape_width_cv_median,chelsa_bio01,ok,-0.006862673018017587,0.010931309105968658,-0.6277997403138537,0.5301351362618489,-0.028287645169590894,0.01456229913355572,37192,140,0.851591659955955,False
omit_rank_07,Cirsium discolor,taxon_mean_only,shape_width_cv_median,chelsa_bio04,ok,-0.001827449702578688,0.006401247675182091,-0.28548336126155344,0.775273850045626,-0.014373664602056337,0.01071876519689896,37192,140,0.9220791615908159,False
omit_rank_07,Cirsium discolor,taxon_mean_only,shape_width_cv_median,chelsa_bio12,ok,-0.001893389502980751,0.006214748770389577,-0.30466066657463003,0.7606246097644256,-0.014074073265908907,0.010287294259947405,37192,140,0.9220791615908159,False
omit_rank_07,Cirsium discolor,taxon_mean_only,shape_width_cv_median,chelsa_bio15,ok,-0.004133198051494611,0.004764292737151084,-0.8675365430979268,0.3856480982815451,-0.013471040228116491,0.005204644125127268,37192,140,0.6941665769067812,False
omit_rank_07,Cirsium discolor,taxon_specific_cyclic_doy,orientation_angle_degrees_median,chelsa_bio01,ok,0.017031103434736166,0.003645694269514054,4.671566559256845,2.989112055502732e-06,0.009885673967844559,0.024176532901627773,35996,141,1.7934672333016393e-05,True
omit_rank_07,Cirsium discolor,taxon_specific_cyclic_doy,orientation_angle_degrees_median,chelsa_bio04,ok,0.00559757792636998,0.011894503500353443,0.4706020664253576,0.6379249316957163,-0.017715220548308375,0.028910376401048335,35996,141,0.7044372191523675,False
omit_rank_07,Cirsium discolor,taxon_specific_cyclic_doy,orientation_angle_degrees_median,chelsa_bio12,ok,0.0003658489750774326,0.009913556604817391,0.03690390741297145,0.9705616242062367,-0.01906436492906383,0.019796062879218698,35996,141,0.9821962238783126,False
omit_rank_07,Cirsium discolor,taxon_specific_cyclic_doy,orientation_angle_degrees_median,chelsa_bio15,ok,-0.010605819488381834,0.004145392194573936,-2.5584598490497954,0.01051369604313095,-0.018730638891540204,-0.0024810000852234625,35996,141,0.025813064150003708,True
omit_rank_07,Cirsium discolor,taxon_specific_cyclic_doy,corolla_lab_lightness_median,chelsa_bio01,ok,0.023803210202427597,0.02210768702647337,1.0766938293419788,0.28161707002319014,-0.019527060150943607,0.0671334805557988,39148,142,0.4224256050347852,False
omit_rank_07,Cirsium discolor,taxon_specific_cyclic_doy,corolla_lab_lightness_median,chelsa_bio04,ok,0.03335224955935365,0.015581390538860132,2.1405181698111493,0.03231291400622697,0.0028132852741346408,0.06389121384457265,39148,142,0.06842734730730417,False
omit_rank_07,Cirsium discolor,taxon_specific_cyclic_doy,corolla_lab_lightness_median,chelsa_bio12,ok,-0.010004527459993601,0.01252493199626079,-0.7987690043331466,0.4244243663815416,-0.03455294308147812,0.014543888161490912,39148,142,0.5876645072975191,False
omit_rank_07,Cirsium discolor,taxon_specific_cyclic_doy,corolla_lab_lightness_median,chelsa_bio15,ok,-0.029666277272063155,0.01534957468638394,-1.9327100508119648,0.05327192635075906,-0.059750890835383375,0.0004183362912570654,39148,142,0.09132330231558695,False
omit_rank_07,Cirsium discolor,taxon_specific_cyclic_doy,corolla_lab_chroma_median,chelsa_bio01,ok,0.015822997953559834,0.02576948191607053,0.6140208020127946,0.5392015811207238,-0.03468425850219463,0.0663302544093143,39148,142,0.6693536869084847,False
omit_rank_07,Cirsium discolor,taxon_specific_cyclic_doy,corolla_lab_chroma_median,chelsa_bio04,ok,-0.04532661405179985,0.01793005676805278,-2.5279682400426866,0.011472472955557202,-0.08046887955794194,-0.010184348545657758,39148,142,0.025813064150003708,True
omit_rank_07,Cirsium discolor,taxon_specific_cyclic_doy,corolla_lab_chroma_median,chelsa_bio12,ok,0.046746038914566704,0.01847745491912013,2.529895979678173,0.011409634697238822,0.01053089274712879,0.08296118508200462,39148,142,0.025813064150003708,True
omit_rank_07,Cirsium discolor,taxon_specific_cyclic_doy,corolla_lab_chroma_median,chelsa_bio15,ok,0.009644458041369923,0.010909750958688933,0.8840218331188134,0.3766844269935312,-0.011738260917961714,0.03102717700070156,39148,142,0.542425574870685,False
omit_rank_07,Cirsium discolor,taxon_specific_cyclic_doy,corolla_hue_sin_median,chelsa_bio01,ok,-0.062263354774167445,0.010479615225234253,-5.941377945274289,2.8263613755267364e-09,-0.08280302318746419,-0.041723686360870704,39141,142,2.8091156030176895e-08,True
omit_rank_07,Cirsium discolor,taxon_specific_cyclic_doy,corolla_hue_sin_median,chelsa_bio04,ok,0.09174795431144586,0.0073229532137456185,12.528818856746142,5.19302999964699e-36,0.07739522975203261,0.10610067887085911,39141,142,1.8694907998729165e-34,True
omit_rank_07,Cirsium discolor,taxon_specific_cyclic_doy,corolla_hue_sin_median,chelsa_bio12,ok,-0.05088891896505345,0.011218434026937426,-4.536187389689171,5.728028982102167e-06,-0.07287664562078945,-0.028901192309317453,39141,142,2.9458434765096857e-05,True
omit_rank_07,Cirsium discolor,taxon_specific_cyclic_doy,corolla_hue_sin_median,chelsa_bio15,ok,0.010084647185243148,0.017811973861669755,0.5661723548193989,0.5712766209152398,-0.024826180077198397,0.044995474447684695,39141,142,0.6855319450982877,False
omit_rank_07,Cirsium discolor,taxon_specific_cyclic_doy,corolla_hue_cos_median,chelsa_bio01,ok,0.010898644839180193,0.005968710576763535,1.8259630281972659,0.06785583108959116,-0.0007998129254196285,0.022597102603780013,39141,142,0.11103681451024007,False
omit_rank_07,Cirsium discolor,taxon_specific_cyclic_doy,corolla_hue_cos_median,chelsa_bio04,ok,-0.039132930791890716,0.006604612301604597,-5.925091285431445,3.121239558908544e-09,-0.05207773303488592,-0.02618812854889551,39141,142,2.8091156030176895e-08,True
omit_rank_07,Cirsium discolor,taxon_specific_cyclic_doy,corolla_hue_cos_median,chelsa_bio12,ok,-0.007086018007456684,0.00934025999060877,-0.7586531868043684,0.4480600473881152,-0.025392591195290297,0.011220555180376929,39141,142,0.5900997873226183,False
omit_rank_07,Cirsium discolor,taxon_specific_cyclic_doy,corolla_hue_cos_median,chelsa_bio15,ok,0.015228115901763524,0.005420867631628504,2.8091657897923596,0.0049670060697621695,0.004603410578812715,0.025852821224714332,39141,142,0.014901018209286509,True
omit_rank_07,Cirsium discolor,taxon_specific_cyclic_doy,shape_aspect_ratio_median,chelsa_bio01,ok,-0.015538091773133145,0.00735484012973126,-2.1126348770412897,0.034632031155652866,-0.029953313539456315,-0.001122870006809976,37192,140,0.06926406231130573,False
omit_rank_07,Cirsium discolor,taxon_specific_cyclic_doy,shape_aspect_ratio_median,chelsa_bio04,ok,0.021088791658125054,0.003482486260003393,6.055671173876938,1.3983338842396902e-09,0.014263244011862814,0.027914339304387293,37192,140,2.5170009916314425e-08,True
omit_rank_07,Cirsium discolor,taxon_specific_cyclic_doy,shape_aspect_ratio_median,chelsa_bio12,ok,-0.013852056965588446,0.003682449235653733,-3.761642341589357,0.00016880131219234863,-0.021069524842366814,-0.006634589088810079,37192,140,0.000607684723892455,True
omit_rank_07,Cirsium discolor,taxon_specific_cyclic_doy,shape_aspect_ratio_median,chelsa_bio15,ok,-0.003667902961149963,0.0030007396518884704,-1.2223329534242076,0.22158174236142036,-0.009549244605832624,0.0022134386835326986,37192,140,0.3468235967396145,False
omit_rank_07,Cirsium discolor,taxon_specific_cyclic_doy,shape_circularity_median,chelsa_bio01,ok,-0.026941642052092894,0.013769950562779833,-1.956553288209773,0.05040001151322938,-0.05393024922403841,4.696511985262733e-05,37192,140,0.09132330231558695,False
omit_rank_07,Cirsium discolor,taxon_specific_cyclic_doy,shape_circularity_median,chelsa_bio04,ok,0.036016326706829076,0.007311573331809173,4.925933868451978,8.395839194731733e-07,0.021685906306159568,0.050346747107498584,37192,140,6.045004220206847e-06,True
omit_rank_07,Cirsium discolor,taxon_specific_cyclic_doy,shape_circularity_median,chelsa_bio12,ok,-0.01142795873031625,0.004381580883922762,-2.6081816205307558,0.009102464410193826,-0.02001569945815404,-0.002840218002478462,37192,140,0.02520682452053675,True
omit_rank_07,Cirsium discolor,taxon_specific_cyclic_doy,shape_circularity_median,chelsa_bio15,ok,-0.006822589475704674,0.0092128715354302,-0.7405497243141673,0.4589665012509253,-0.024879485879342092,0.011234306927932744,37192,140,0.5900997873226183,False
omit_rank_07,Cirsium discolor,taxon_specific_cyclic_doy,shape_solidity_median,chelsa_bio01,ok,-0.02486222168701648,0.012820576202382963,-1.939243704381659,0.05247167019507491,-0.04999008930473839,0.0002656459307054278,37192,140,0.09132330231558695,False
omit_rank_07,Cirsium discolor,taxon_specific_cyclic_doy,shape_solidity_median,chelsa_bio04,ok,0.024200276498252505,0.00555305080420638,4.358014603417826,1.312476283689583e-05,0.013316496917686818,0.03508405607881819,37192,140,5.249905134758332e-05,True
omit_rank_07,Cirsium discolor,taxon_specific_cyclic_doy,shape_solidity_median,chelsa_bio12,ok,-0.0012595536393272475,0.004855126635063098,-0.2594275564783241,0.7953053703263651,-0.010775426984432061,0.008256319705777566,37192,140,0.8420880391690925,False
omit_rank_07,Cirsium discolor,taxon_specific_cyclic_doy,shape_solidity_median,chelsa_bio15,ok,-0.0034980838202397155,0.007609551510520332,-0.4596964506257112,0.6457341175563368,-0.018412530719361934,0.011416363078882502,37192,140,0.7044372191523675,False
omit_rank_07,Cirsium discolor,taxon_specific_cyclic_doy,shape_width_cv_median,chelsa_bio01,ok,0.03053943254597695,0.01024155910892104,2.9819124433285933,0.0028645390991881283,0.010466345546953582,0.05061251954500032,37192,140,0.0093748552337066,True
omit_rank_07,Cirsium discolor,taxon_specific_cyclic_doy,shape_width_cv_median,chelsa_bio04,ok,-0.03337634005245387,0.007588175888882435,-4.398466843837149,1.0901827740965755e-05,-0.04824889150301866,-0.018503788601889087,37192,140,4.90582248343459e-05,True
omit_rank_07,Cirsium discolor,taxon_specific_cyclic_doy,shape_width_cv_median,chelsa_bio12,ok,0.002812610882849271,0.005881960572650026,0.478175745673537,0.6325251239104273,-0.00871581999802937,0.014341041763727913,37192,140,0.7044372191523675,False
omit_rank_07,Cirsium discolor,taxon_specific_cyclic_doy,shape_width_cv_median,chelsa_bio15,ok,-0.00020499611557512866,0.009186234437004495,-0.022315576309412704,0.9821962238783126,-0.01820968476564552,0.017799692534495263,37192,140,0.9821962238783126,False
omit_rank_08,Cirsium undulatum,taxon_mean_only,orientation_angle_degrees_median,chelsa_bio01,ok,0.016586371894361344,0.0065658593936400705,2.5261539883762216,0.011531892238672323,0.003717523955272809,0.02945521983344988,36463,141,0.046127568954689294,True
omit_rank_08,Cirsium undulatum,taxon_mean_only,orientation_angle_degrees_median,chelsa_bio04,ok,0.00025237188124835157,0.015717669386938235,0.016056571431517622,0.9871892600213178,-0.03055369403805834,0.03105843780055504,36463,141,0.9871892600213178,False
omit_rank_08,Cirsium undulatum,taxon_mean_only,orientation_angle_degrees_median,chelsa_bio12,ok,0.004877651710533374,0.010305315822178333,0.4733141414294218,0.6359890745277077,-0.015320396150246935,0.025075699571313684,36463,141,0.8806002570383645,False
omit_rank_08,Cirsium undulatum,taxon_mean_only,orientation_angle_degrees_median,chelsa_bio15,ok,-0.007399696515093705,0.0038256169533127564,-1.9342491957241064,0.05308249636647144,-0.014897767962232557,9.837493204514682e-05,36463,141,0.14699768224561324,False
omit_rank_08,Cirsium undulatum,taxon_mean_only,corolla_lab_lightness_median,chelsa_bio01,ok,0.03217574128437755,0.01780103818722616,1.8075204909939764,0.0706811626953973,-0.002713652450007896,0.06706513501876299,39641,142,0.17194518811903334,False
omit_rank_08,Cirsium undulatum,taxon_mean_only,corolla_lab_lightness_median,chelsa_bio04,ok,0.02115375172931666,0.014829682362764461,1.4264467175933029,0.15373943666537654,-0.007911891603870534,0.050219395062503856,39641,142,0.3459137324970972,False
omit_rank_08,Cirsium undulatum,taxon_mean_only,corolla_lab_lightness_median,chelsa_bio12,ok,-0.011437037188877435,0.01174620136189058,-0.9736796464245712,0.3302156263406084,-0.034459168813338305,0.011585094435583435,39641,142,0.6256717130664159,False
omit_rank_08,Cirsium undulatum,taxon_mean_only,corolla_lab_lightness_median,chelsa_bio15,ok,-0.022794997970704077,0.016850495304992802,-1.3527791057839065,0.17612620972186965,-0.055821361890151244,0.01023136594874309,39641,142,0.3729731499992534,False
omit_rank_08,Cirsium undulatum,taxon_mean_only,corolla_lab_chroma_median,chelsa_bio01,ok,-0.0050023598516933014,0.00747837840946939,-0.6689096991079155,0.5035530827509741,-0.019659712197015237,0.009654992493628636,39641,142,0.8622883036200808,False
omit_rank_08,Cirsium undulatum,taxon_mean_only,corolla_lab_chroma_median,chelsa_bio04,ok,-0.01980935671493708,0.008500588570723413,-2.330351192758794,0.019787597130221823,-0.03647020416094778,-0.003148509268926375,39641,142,0.07123534966879856,False
omit_rank_08,Cirsium undulatum,taxon_mean_only,corolla_lab_chroma_median,chelsa_bio12,ok,0.04016342869915051,0.014745964927665823,2.7236894225753514,0.006455718332597647,0.011261868523634713,0.0690649888746663,39641,142,0.038734309995585886,True
omit_rank_08,Cirsium undulatum,taxon_mean_only,corolla_lab_chroma_median,chelsa_bio15,ok,-0.003244175110680489,0.012477817390741228,-0.25999539896197926,0.794867322686293,-0.027700247802200845,0.02121189758083987,39641,142,0.8942257380220797,False
omit_rank_08,Cirsium undulatum,taxon_mean_only,corolla_hue_sin_median,chelsa_bio01,ok,-0.02456321708660477,0.009425294631456176,-2.6060954110258763,0.009158094717196074,-0.0430364551079376,-0.006089979065271943,39634,142,0.04121142622738233,True
omit_rank_08,Cirsium undulatum,taxon_mean_only,corolla_hue_sin_median,chelsa_bio04,ok,0.05437959598772848,0.005661455880991196,9.605231786811666,7.598677022789052e-22,0.04328334636092325,0.0654758456145337,39634,142,2.7355237282040585e-20,True
omit_rank_08,Cirsium undulatum,taxon_mean_only,corolla_hue_sin_median,chelsa_bio12,ok,-0.046174555701779474,0.008045028926867261,-5.739513943520384,9.49486659747664e-09,-0.061942522653022226,-0.03040658875053672,39634,142,1.7090759875457952e-07,True
omit_rank_08,Cirsium undulatum,taxon_mean_only,corolla_hue_sin_median,chelsa_bio15,ok,0.008683620706335755,0.013725514953796557,0.6326626531366545,0.5269539633233827,-0.018217894272371443,0.03558513568504295,39634,142,0.8622883036200808,False
omit_rank_08,Cirsium undulatum,taxon_mean_only,corolla_hue_cos_median,chelsa_bio01,ok,-0.0031928989806219773,0.006686718920375345,-0.47749860860649884,0.6330071114024212,-0.016298627239300208,0.009912829278056251,39634,142,0.8806002570383645,False
omit_rank_08,Cirsium undulatum,taxon_mean_only,corolla_hue_cos_median,chelsa_bio04,ok,-0.029076167209132777,0.008657240790526915,-3.3585951820756836,0.0007833973709702366,-0.046044047364056595,-0.012108287054208959,39634,142,0.00940076845164284,True
omit_rank_08,Cirsium undulatum,taxon_mean_only,corolla_hue_cos_median,chelsa_bio12,ok,-0.002762315306808529,0.010560216869185053,-0.26157751692287934,0.7936471795303387,-0.023459960039343558,0.017935329425726503,39634,142,0.8942257380220797,False
omit_rank_08,Cirsium undulatum,taxon_mean_only,corolla_hue_cos_median,chelsa_bio15,ok,0.018978805064523048,0.00712653174219969,2.6631194178425157,0.007741993356761437,0.005011059515130171,0.03294655061391592,39634,142,0.03981596583477311,True
omit_rank_08,Cirsium undulatum,taxon_mean_only,shape_aspect_ratio_median,chelsa_bio01,ok,-0.012228056001445562,0.00678817985773872,-1.8013747805319604,0.07164382838293055,-0.02553264404319368,0.001076532040302558,37676,140,0.17194518811903334,False
omit_rank_08,Cirsium undulatum,taxon_mean_only,shape_aspect_ratio_median,chelsa_bio04,ok,0.013486873151523155,0.004506252652779066,2.992924318880705,0.0027631826037694757,0.004654780246838108,0.0223189660562082,37676,140,0.024868643433925284,True
omit_rank_08,Cirsium undulatum,taxon_mean_only,shape_aspect_ratio_median,chelsa_bio12,ok,-0.011315459678611042,0.004103900177420809,-2.7572453494038216,0.0058290596153249,-0.019358956222503367,-0.00327196313471872,37676,140,0.038734309995585886,True
omit_rank_08,Cirsium undulatum,taxon_mean_only,shape_aspect_ratio_median,chelsa_bio15,ok,-0.0037948157564436295,0.003576462639104081,-1.0610528165322166,0.2886658989980222,-0.010804553721140702,0.003214922208253443,37676,140,0.5773317979960444,False
omit_rank_08,Cirsium undulatum,taxon_mean_only,shape_circularity_median,chelsa_bio01,ok,0.0014874360975798608,0.015578746319046106,0.09547854924380958,0.9239347276360039,-0.029046345612036444,0.03202121780719617,37676,140,0.9659026984843712,False
omit_rank_08,Cirsium undulatum,taxon_mean_only,shape_circularity_median,chelsa_bio04,ok,0.011382032497872965,0.005450948764310989,2.088082825579755,0.036790363995499925,0.0006983692382503143,0.022065695757495618,37676,140,0.11037109198649978,False
omit_rank_08,Cirsium undulatum,taxon_mean_only,shape_circularity_median,chelsa_bio12,ok,-0.009976266079583618,0.0046045864248744905,-2.1665932961298573,0.030265879022424787,-0.019001089636039668,-0.0009514425231275693,37676,140,0.09905196770975384,False
omit_rank_08,Cirsium undulatum,taxon_mean_only,shape_circularity_median,chelsa_bio15,ok,-0.0025808782307816204,0.006235380741869731,-0.41390868298568767,0.6789409846064507,-0.014801999914740935,0.009640243453177696,37676,140,0.8942257380220797,False
omit_rank_08,Cirsium undulatum,taxon_mean_only,shape_solidity_median,chelsa_bio01,ok,0.0026206504812531888,0.012251600602936561,0.21390270269054074,0.830622932570402,-0.021392045453471682,0.02663334641597806,37676,140,0.9061341082586204,False
omit_rank_08,Cirsium undulatum,taxon_mean_only,shape_solidity_median,chelsa_bio04,ok,0.0011623476187106532,0.004003239858524591,0.29035173004573367,0.7715471675959614,-0.006683858325472768,0.009008553562894074,37676,140,0.8942257380220797,False
omit_rank_08,Cirsium undulatum,taxon_mean_only,shape_solidity_median,chelsa_bio12,ok,0.00042057070637615103,0.005502244873293855,0.07643620305186113,0.9390720679709164,-0.010363631079399957,0.011204772492152258,37676,140,0.9659026984843712,False
omit_rank_08,Cirsium undulatum,taxon_mean_only,shape_solidity_median,chelsa_bio15,ok,-0.0021198532839750467,0.004410627394444498,-0.48062397804111817,0.6307837705177388,-0.010764524126312002,0.006524817558361909,37676,140,0.8806002570383645,False
omit_rank_08,Cirsium undulatum,taxon_mean_only,shape_width_cv_median,chelsa_bio01,ok,-0.00567874815034817,0.011178399166585048,-0.5080108578805567,0.6114457286315524,-0.02758800792166742,0.016230511620971083,37676,140,0.8806002570383645,False
omit_rank_08,Cirsium undulatum,taxon_mean_only,shape_width_cv_median,chelsa_bio04,ok,-0.002000181076035721,0.006455708239639063,-0.3098313928988139,0.7566891774332056,-0.014653136720426757,0.010652774568355314,37676,140,0.8942257380220797,False
omit_rank_08,Cirsium undulatum,taxon_mean_only,shape_width_cv_median,chelsa_bio12,ok,-0.0019412549168104204,0.0062207730712368235,-0.31206007590700574,0.7549948672824922,-0.014133746092431215,0.010251236258810373,37676,140,0.8942257380220797,False
omit_rank_08,Cirsium undulatum,taxon_mean_only,shape_width_cv_median,chelsa_bio15,ok,-0.00362327151088148,0.004781920289910133,-0.7577021972797402,0.448629283309261,-0.012995663056046674,0.005749120034283713,37676,140,0.8075327099566697,False
omit_rank_08,Cirsium undulatum,taxon_specific_cyclic_doy,orientation_angle_degrees_median,chelsa_bio01,ok,0.01584784299336508,0.0038376733450705323,4.129544536071975,3.634825902326992e-05,0.00832614145259748,0.023369544534132675,36463,141,0.00014539303609307968,True
omit_rank_08,Cirsium undulatum,taxon_specific_cyclic_doy,orientation_angle_degrees_median,chelsa_bio04,ok,0.006478428378597967,0.011825450321903637,0.5478377738053939,0.5838032989792268,-0.01669902835330075,0.029655885110496685,36463,141,0.677965121395231,False
omit_rank_08,Cirsium undulatum,taxon_specific_cyclic_doy,orientation_angle_degrees_median,chelsa_bio12,ok,1.1103066279435057e-05,0.009865647198827057,0.0011254270556882592,0.999102039317514,-0.01932521012760007,0.01934741626015894,36463,141,0.999102039317514,False
omit_rank_08,Cirsium undulatum,taxon_specific_cyclic_doy,orientation_angle_degrees_median,chelsa_bio15,ok,-0.009365541271547047,0.004287517145599386,-2.184374068605098,0.028934772101906425,-0.017768920460019818,-0.0009621620830742757,36463,141,0.06127363503933125,False
omit_rank_08,Cirsium undulatum,taxon_specific_cyclic_doy,corolla_lab_lightness_median,chelsa_bio01,ok,0.020799260984001432,0.021282885918797508,0.977276346044362,0.32843236016433874,-0.02091442890391634,0.0625129508719192,39641,142,0.4926485402465081,False
omit_rank_08,Cirsium undulatum,taxon_specific_cyclic_doy,corolla_lab_lightness_median,chelsa_bio04,ok,0.033951689670025126,0.015400252467935334,2.2046190308058584,0.027480839188958123,0.003767749480047787,0.06413562986000246,39641,142,0.06127363503933125,False
omit_rank_08,Cirsium undulatum,taxon_specific_cyclic_doy,corolla_lab_lightness_median,chelsa_bio12,ok,-0.011541548065160482,0.012506509636698023,-0.9228432552671577,0.35608889551243395,-0.036053856525391725,0.01297076039507076,39641,142,0.49304616301721627,False
omit_rank_08,Cirsium undulatum,taxon_specific_cyclic_doy,corolla_lab_lightness_median,chelsa_bio15,ok,-0.026067565828099874,0.01568087032007226,-1.662380039884148,0.09643659843809425,-0.056801506901684576,0.004666375245484824,39641,142,0.165319883036733,False
omit_rank_08,Cirsium undulatum,taxon_specific_cyclic_doy,corolla_lab_chroma_median,chelsa_bio01,ok,0.019848835490861937,0.024986841775286553,0.7943715203933294,0.42697917880872016,-0.029124474476100573,0.06882214545782445,39641,142,0.5425955476588691,False
omit_rank_08,Cirsium undulatum,taxon_specific_cyclic_doy,corolla_lab_chroma_median,chelsa_bio04,ok,-0.047858268037600814,0.017700835188565255,-2.7037293736578754,0.006856610684341312,-0.08255126750346797,-0.013165268571733654,39641,142,0.018987537279714403,True
omit_rank_08,Cirsium undulatum,taxon_specific_cyclic_doy,corolla_lab_chroma_median,chelsa_bio12,ok,0.04809992417260678,0.018039407540593723,2.6663804819736163,0.007667286338182461,0.012743335090602811,0.08345651325461075,39641,142,0.019715879155326327,True
omit_rank_08,Cirsium undulatum,taxon_specific_cyclic_doy,corolla_lab_chroma_median,chelsa_bio15,ok,0.004234333495735057,0.010118383726250298,0.41847923643672974,0.6755967644661147,-0.015597334189471717,0.02406600118094183,39641,142,0.7600463600243791,False
omit_rank_08,Cirsium undulatum,taxon_specific_cyclic_doy,corolla_hue_sin_median,chelsa_bio01,ok,-0.06327967411449593,0.009828594286849873,-6.438323962477596,1.207999545986013e-10,-0.08254336493537782,-0.044015983293614044,39634,142,2.1743991827748236e-09,True
omit_rank_08,Cirsium undulatum,taxon_specific_cyclic_doy,corolla_hue_sin_median,chelsa_bio04,ok,0.09177140463653417,0.007167657742916458,12.803541676809079,1.5664089915485368e-37,0.07772305360690826,0.10581975566616009,39634,142,5.639072369574733e-36,True
omit_rank_08,Cirsium undulatum,taxon_specific_cyclic_doy,corolla_hue_sin_median,chelsa_bio12,ok,-0.05208842521744111,0.010728452034880643,-4.855166900880925,1.2028538977847992e-06,-0.07311580481567262,-0.031061045619209592,39634,142,7.4012770701880665e-06,True
omit_rank_08,Cirsium undulatum,taxon_specific_cyclic_doy,corolla_hue_sin_median,chelsa_bio15,ok,0.012697956874813576,0.017596426029103475,0.7216213595767621,0.4705273032727527,-0.02179040439885239,0.04718631814847954,39634,142,0.5646327639273032,False
omit_rank_08,Cirsium undulatum,taxon_specific_cyclic_doy,corolla_hue_cos_median,chelsa_bio01,ok,0.008501260565537344,0.006534503960421487,1.3009802453297463,0.19326521667428387,-0.004306131853723116,0.021308652984797803,39634,142,0.3162521727397372,False
omit_rank_08,Cirsium undulatum,taxon_specific_cyclic_doy,corolla_hue_cos_median,chelsa_bio04,ok,-0.037974657391750336,0.006811321594433304,-5.575226021156587,2.4720868940410565e-08,-0.05132460240395955,-0.02462471237954112,39634,142,2.224878204636951e-07,True
omit_rank_08,Cirsium undulatum,taxon_specific_cyclic_doy,corolla_hue_cos_median,chelsa_bio12,ok,-0.007205082187358114,0.00927157644993879,-0.7771151137308134,0.4370908578363112,-0.025377038109147872,0.010966873734431646,39634,142,0.5425955476588691,False
omit_rank_08,Cirsium undulatum,taxon_specific_cyclic_doy,corolla_hue_cos_median,chelsa_bio15,ok,0.015639071806982596,0.005350774198152049,2.922768038386619,0.0034693486898558887,0.005151747089198395,0.026126396524766796,39634,142,0.011354232075891998,True
omit_rank_08,Cirsium undulatum,taxon_specific_cyclic_doy,shape_aspect_ratio_median,chelsa_bio01,ok,-0.014980630846507982,0.0073060802045725485,-2.0504333961639616,0.04032215704746425,-0.029300284915631206,-0.0006609767773847561,37676,140,0.0806443140949285,False
omit_rank_08,Cirsium undulatum,taxon_specific_cyclic_doy,shape_aspect_ratio_median,chelsa_bio04,ok,0.02023419999245247,0.0032264060992065764,6.271436195656949,3.5773288953084773e-10,0.013910560238507215,0.02655783974639772,37676,140,4.292794674370173e-09,True
omit_rank_08,Cirsium undulatum,taxon_specific_cyclic_doy,shape_aspect_ratio_median,chelsa_bio12,ok,-0.013687807165800495,0.0036682362034972556,-3.7314410540822567,0.0001903875617397897,-0.020877418011441058,-0.006498196320159933,37676,140,0.0006853952222632429,True
omit_rank_08,Cirsium undulatum,taxon_specific_cyclic_doy,shape_aspect_ratio_median,chelsa_bio15,ok,-0.0033852320699815953,0.003007590776964484,-1.125562724792719,0.2603506532663926,-0.009280001673066822,0.0025095375331036316,37676,140,0.4075053703300059,False
omit_rank_08,Cirsium undulatum,taxon_specific_cyclic_doy,shape_circularity_median,chelsa_bio01,ok,-0.024534108670033847,0.013358413533177536,-1.8366034715948767,0.06626845445965623,-0.05071611808565427,0.0016479007455865793,37676,140,0.1255612821340855,False
omit_rank_08,Cirsium undulatum,taxon_specific_cyclic_doy,shape_circularity_median,chelsa_bio04,ok,0.034904627408158945,0.0071965755507675646,4.850171746537994,1.2335461783646777e-06,0.020799598516633017,0.04900965629968487,37676,140,7.4012770701880665e-06,True
omit_rank_08,Cirsium undulatum,taxon_specific_cyclic_doy,shape_circularity_median,chelsa_bio12,ok,-0.010770235741172094,0.004391040065561786,-2.4527755566707996,0.014175875773581282,-0.019376516124345593,-0.0021639553579985964,37676,140,0.03402210185659507,True
omit_rank_08,Cirsium undulatum,taxon_specific_cyclic_doy,shape_circularity_median,chelsa_bio15,ok,-0.008362123672972427,0.008917080060532576,-0.9377647858051188,0.3483653016155662,-0.02583927943887652,0.009115032092931668,37676,140,0.49304616301721627,False
omit_rank_08,Cirsium undulatum,taxon_specific_cyclic_doy,shape_solidity_median,chelsa_bio01,ok,-0.02234338967899464,0.012357303692706297,-1.808112047305471,0.070589063544028,-0.0465632598627228,0.0018764805047335187,37676,140,0.1270603143792504,False
omit_rank_08,Cirsium undulatum,taxon_specific_cyclic_doy,shape_solidity_median,chelsa_bio04,ok,0.02277076576142789,0.005431114467475779,4.19265067930175,2.757138309860511e-05,0.012125977009260928,0.033415554513594854,37676,140,0.000124071223943723,True
omit_rank_08,Cirsium undulatum,taxon_specific_cyclic_doy,shape_solidity_median,chelsa_bio12,ok,-0.000229065665883617,0.0047269280298369385,-0.04845973207921232,0.9613498558612602,-0.00949367436187689,0.009035543030109658,37676,140,0.9888169946001534,False
omit_rank_08,Cirsium undulatum,taxon_specific_cyclic_doy,shape_solidity_median,chelsa_bio15,ok,-0.005804929830790721,0.007239136159844782,-0.8018815646803897,0.4226214710826983,-0.019993375983268086,0.008383516321686643,37676,140,0.5425955476588691,False
omit_rank_08,Cirsium undulatum,taxon_specific_cyclic_doy,shape_width_cv_median,chelsa_bio01,ok,0.028032260248075,0.009702656407956738,2.889132529220238,0.003863062240468023,0.009015403134113024,0.04704911736203698,37676,140,0.01158918672140407,True
omit_rank_08,Cirsium undulatum,taxon_specific_cyclic_doy,shape_width_cv_median,chelsa_bio04,ok,-0.032523684167155675,0.00743438897193089,-4.374762242055313,1.21564902342025e-05,-0.04709481879920198,-0.01795254953510937,37676,140,6.251909263304143e-05,True
omit_rank_08,Cirsium undulatum,taxon_specific_cyclic_doy,shape_width_cv_median,chelsa_bio12,ok,0.0019324916711404995,0.0058364041979415025,0.3311099789528094,0.7405614142787857,-0.009506650356043226,0.013371633698324224,37676,140,0.8078851792132209,False
omit_rank_08,Cirsium undulatum,taxon_specific_cyclic_doy,shape_width_cv_median,chelsa_bio15,ok,0.0017417735889222244,0.00922917055228968,0.18872482408401317,0.8503084943957291,-0.016347068300743187,0.019830615478587638,37676,140,0.9003266411248897,False
omit_rank_09,Cirsium acaulon,taxon_mean_only,orientation_angle_degrees_median,chelsa_bio01,ok,0.017051052152902202,0.006433748119465623,2.650251740709805,0.008043181492348724,0.004441137553147281,0.02966096675265712,36552,141,0.048259088954092345,True
omit_rank_09,Cirsium acaulon,taxon_mean_only,orientation_angle_degrees_median,chelsa_bio04,ok,0.00012892642299776498,0.01569005385495513,0.00821707969836243,0.9934437927534943,-0.03062301404820813,0.030880866894203655,36552,141,0.9934437927534943,False
omit_rank_09,Cirsium acaulon,taxon_mean_only,orientation_angle_degrees_median,chelsa_bio12,ok,0.004152318741970279,0.010338369434866018,0.40164155170994736,0.6879478452279958,-0.01611051300923683,0.024415150493177388,36552,141,0.8704102487312592,False
omit_rank_09,Cirsium acaulon,taxon_mean_only,orientation_angle_degrees_median,chelsa_bio15,ok,-0.007720758140306747,0.0038576160816382763,-2.001432484963057,0.045345802822697547,-0.015281546726500294,-0.0001599695541132009,36552,141,0.13603740846809265,False
omit_rank_09,Cirsium acaulon,taxon_mean_only,corolla_lab_lightness_median,chelsa_bio01,ok,0.03352352675413456,0.01810098530279318,1.8520277318252676,0.064021840799212,-0.0019537525240289205,0.06900080603229804,39702,142,0.16462759062654514,False
omit_rank_09,Cirsium acaulon,taxon_mean_only,corolla_lab_lightness_median,chelsa_bio04,ok,0.021352537234026636,0.014792698039050572,1.4434511660860678,0.14889341952296772,-0.007640618156688768,0.05034569262474204,39702,142,0.3153037119309905,False
omit_rank_09,Cirsium acaulon,taxon_mean_only,corolla_lab_lightness_median,chelsa_bio12,ok,-0.008151616288661427,0.011592885039747026,-0.7031568294443561,0.481958019542014,-0.03087325344347879,0.014570020866155936,39702,142,0.8675244351756252,False
omit_rank_09,Cirsium acaulon,taxon_mean_only,corolla_lab_lightness_median,chelsa_bio15,ok,-0.0259967870831512,0.01646245989828569,-1.579155681700908,0.11430035247759894,-0.058262615580726075,0.006269041414423672,39702,142,0.25717579307459765,False
omit_rank_09,Cirsium acaulon,taxon_mean_only,corolla_lab_chroma_median,chelsa_bio01,ok,-0.007946249206207835,0.00853410912608243,-0.9311164280665283,0.3517933415748774,-0.024672795733463995,0.008780297321048326,39702,142,0.6665558050892414,False
omit_rank_09,Cirsium acaulon,taxon_mean_only,corolla_lab_chroma_median,chelsa_bio04,ok,-0.018353436257196248,0.008571952742674527,-2.141103294448379,0.032265709078756595,-0.03515415491001766,-0.001552717604374837,39702,142,0.11178225949077703,False
omit_rank_09,Cirsium acaulon,taxon_mean_only,corolla_lab_chroma_median,chelsa_bio12,ok,0.03914121389188757,0.01512159699675325,2.588431228546268,0.009641419690083605,0.009503428389522155,0.06877899939425298,39702,142,0.04958444412042997,True
omit_rank_09,Cirsium acaulon,taxon_mean_only,corolla_lab_chroma_median,chelsa_bio15,ok,-0.0001182308435492412,0.013496958943886753,-0.008759813528423905,0.9930107694159307,-0.02657178427438304,0.02633532258728456,39702,142,0.9934437927534943,False
omit_rank_09,Cirsium acaulon,taxon_mean_only,corolla_hue_sin_median,chelsa_bio01,ok,-0.020521219089569796,0.010884595605314028,-1.8853451091514157,0.05938325966286595,-0.04185463446226824,0.0008121962831286501,39695,142,0.1644459498356288,False
omit_rank_09,Cirsium acaulon,taxon_mean_only,corolla_hue_sin_median,chelsa_bio04,ok,0.0537610249947202,0.005617652458742171,9.5700161926282,1.068889311026829e-21,0.04275062849792266,0.06477142149151774,39695,142,3.8480015196965846e-20,True
omit_rank_09,Cirsium acaulon,taxon_mean_only,corolla_hue_sin_median,chelsa_bio12,ok,-0.043851776307498966,0.008671167164461252,-5.057194201863079,4.254699075225862e-07,-0.06084695165376933,-0.02685660096122861,39695,142,7.658458335406551e-06,True
omit_rank_09,Cirsium acaulon,taxon_mean_only,corolla_hue_sin_median,chelsa_bio15,ok,0.0062925808537216835,0.013873724619464742,0.453561031829422,0.6501448062408441,-0.020899419731855877,0.03348458143929924,39695,142,0.8704102487312592,False
omit_rank_09,Cirsium acaulon,taxon_mean_only,corolla_hue_cos_median,chelsa_bio01,ok,-0.004096772160475582,0.007032635367114736,-0.5825372632900141,0.5602048494121261,-0.017880484196423085,0.009686939875471923,39695,142,0.8704102487312592,False
omit_rank_09,Cirsium acaulon,taxon_mean_only,corolla_hue_cos_median,chelsa_bio04,ok,-0.028653418786336354,0.008681073102877341,-3.3006770530292138,0.0009645183477385039,-0.04566800941513532,-0.01163882815753739,39695,142,0.011574220172862047,True
omit_rank_09,Cirsium acaulon,taxon_mean_only,corolla_hue_cos_median,chelsa_bio12,ok,-0.00444660116153597,0.010436040066679857,-0.4260812657986106,0.6700486307907367,-0.024900863833445475,0.016007661510373535,39695,142,0.8704102487312592,False
omit_rank_09,Cirsium acaulon,taxon_mean_only,corolla_hue_cos_median,chelsa_bio15,ok,0.020122809349752344,0.006825487768197523,2.948186273735918,0.003196443965282906,0.006745099147166526,0.03350051955233816,39695,142,0.02301439655003692,True
omit_rank_09,Cirsium acaulon,taxon_mean_only,shape_aspect_ratio_median,chelsa_bio01,ok,-0.01144465073554899,0.006507209497505058,-1.758764757756302,0.07861747303480827,-0.024198546990515886,0.001309245519417905,37748,140,0.18868193528353985,False
omit_rank_09,Cirsium acaulon,taxon_mean_only,shape_aspect_ratio_median,chelsa_bio04,ok,0.01342001785888584,0.004475061000168299,2.9988457941425013,0.0027100443244450828,0.004649059469936181,0.0221909762478355,37748,140,0.02301439655003692,True
omit_rank_09,Cirsium acaulon,taxon_mean_only,shape_aspect_ratio_median,chelsa_bio12,ok,-0.010270034395938939,0.004061935368302567,-2.528359873985553,0.011459682112656624,-0.01823128142534141,-0.0023087873665364675,37748,140,0.05156856950695481,False
omit_rank_09,Cirsium acaulon,taxon_mean_only,shape_aspect_ratio_median,chelsa_bio15,ok,-0.004248648289608236,0.0035161788415785534,-1.2083140480137942,0.22692648692109085,-0.011140232182303969,0.0026429356030874974,37748,140,0.4538529738421817,False
omit_rank_09,Cirsium acaulon,taxon_mean_only,shape_circularity_median,chelsa_bio01,ok,0.0005722745975880535,0.015446416877565292,0.03704901933724432,0.9704459207676903,-0.029702146172631557,0.030846695367807663,37748,140,0.9934437927534943,False
omit_rank_09,Cirsium acaulon,taxon_mean_only,shape_circularity_median,chelsa_bio04,ok,0.011639125828007866,0.005489741428106529,2.1201592061180787,0.03399262135644557,0.0008794303444815861,0.022398821311534145,37748,140,0.11178225949077703,False
omit_rank_09,Cirsium acaulon,taxon_mean_only,shape_circularity_median,chelsa_bio12,ok,-0.00970785075867205,0.00458300373292812,-2.118228856966176,0.03415569039995965,-0.01869037301622379,-0.000725328501120311,37748,140,0.11178225949077703,False
omit_rank_09,Cirsium acaulon,taxon_mean_only,shape_circularity_median,chelsa_bio15,ok,-0.0021835027210131337,0.006281536357182478,-0.347606476641094,0.7281357416209369,-0.014495087748669718,0.010128082306643452,37748,140,0.8704102487312592,False
omit_rank_09,Cirsium acaulon,taxon_mean_only,shape_solidity_median,chelsa_bio01,ok,0.0023317592905486312,0.012148217954369211,0.19194249718823936,0.8477872483540703,-0.021478310376357876,0.026141828957455135,37748,140,0.9537606543983291,False
omit_rank_09,Cirsium acaulon,taxon_mean_only,shape_solidity_median,chelsa_bio04,ok,0.0014669058579313827,0.0040711141255527,0.36032049524827153,0.7186074742495264,-0.006512331205104185,0.009446142920966951,37748,140,0.8704102487312592,False
omit_rank_09,Cirsium acaulon,taxon_mean_only,shape_solidity_median,chelsa_bio12,ok,0.0005928096434254339,0.005476679579125996,0.10824252813417985,0.9138033105408508,-0.0101412850865275,0.011326904373378369,37748,140,0.9934437927534943,False
omit_rank_09,Cirsium acaulon,taxon_mean_only,shape_solidity_median,chelsa_bio15,ok,-0.001970072985650208,0.004428269173014419,-0.444885554305439,0.6564024625969445,-0.01064932107860744,0.006709175107307023,37748,140,0.8704102487312592,False
omit_rank_09,Cirsium acaulon,taxon_mean_only,shape_width_cv_median,chelsa_bio01,ok,-0.00561500249302833,0.011048206747492868,-0.5082274998431328,0.6112938074042955,-0.02726908981186676,0.0160390848258101,37748,140,0.8704102487312592,False
omit_rank_09,Cirsium acaulon,taxon_mean_only,shape_width_cv_median,chelsa_bio04,ok,-0.0020577717385247044,0.00644519081033292,-0.319272431038921,0.7495199364074732,-0.014690113600265753,0.010574570123216344,37748,140,0.8704102487312592,False
omit_rank_09,Cirsium acaulon,taxon_mean_only,shape_width_cv_median,chelsa_bio12,ok,-0.0021753373745980026,0.006202358261289727,-0.35072746251611403,0.7257928206194175,-0.014331736185940337,0.009981061436744331,37748,140,0.8704102487312592,False
omit_rank_09,Cirsium acaulon,taxon_mean_only,shape_width_cv_median,chelsa_bio15,ok,-0.0030435354357382415,0.004712497938748454,-0.6458433457790634,0.5183808131356276,-0.012279861672904454,0.00619279080142797,37748,140,0.8704102487312592,False
omit_rank_09,Cirsium acaulon,taxon_specific_cyclic_doy,orientation_angle_degrees_median,chelsa_bio01,ok,0.015744343488198007,0.0038283961890795996,4.112516759134892,3.913690497199347e-05,0.008240824839051596,0.023247862137344418,36552,141,0.00015654761988797387,True
omit_rank_09,Cirsium acaulon,taxon_specific_cyclic_doy,orientation_angle_degrees_median,chelsa_bio04,ok,0.006563429811554194,0.011811043957196942,0.5557027672862764,0.5784140645117557,-0.016585790964371253,0.02971265058747964,36552,141,0.6507158225757252,False
omit_rank_09,Cirsium acaulon,taxon_specific_cyclic_doy,orientation_angle_degrees_median,chelsa_bio12,ok,-0.0008910214617609458,0.009909970861991786,-0.08991161267469772,0.9283574529510832,-0.0203142074391062,0.01853216451558431,36552,141,0.9283574529510832,False
omit_rank_09,Cirsium acaulon,taxon_specific_cyclic_doy,orientation_angle_degrees_median,chelsa_bio15,ok,-0.00945693773425502,0.004267233242684632,-2.216175492742788,0.02667948560510956,-0.017820561203548968,-0.001093314264961072,36552,141,0.05649773422258495,False
omit_rank_09,Cirsium acaulon,taxon_specific_cyclic_doy,corolla_lab_lightness_median,chelsa_bio01,ok,0.021138923157615844,0.021249916233414632,0.9947767758432734,0.3198448439623114,-0.020510147334369875,0.06278799364960157,39702,142,0.4797672659434671,False
omit_rank_09,Cirsium acaulon,taxon_specific_cyclic_doy,corolla_lab_lightness_median,chelsa_bio04,ok,0.03440884740811137,0.015323089480961881,2.2455554704462517,0.0247324954348796,0.0043761438935415314,0.06444155092268121,39702,142,0.05564811472847911,False
omit_rank_09,Cirsium acaulon,taxon_specific_cyclic_doy,corolla_lab_lightness_median,chelsa_bio12,ok,-0.008953372255886017,0.01245350742372021,-0.7189438245190682,0.47217553266167567,-0.033361798287579826,0.015455053775807791,39702,142,0.6005242329278825,False
omit_rank_09,Cirsium acaulon,taxon_specific_cyclic_doy,corolla_lab_lightness_median,chelsa_bio15,ok,-0.028809936369974237,0.01537264680288294,-1.8741038377705594,0.060916114476742486,-0.05893977045067961,0.0013198977107311306,39702,142,0.10442762481727283,False
omit_rank_09,Cirsium acaulon,taxon_specific_cyclic_doy,corolla_lab_chroma_median,chelsa_bio01,ok,0.017948461025892863,0.025365696186893858,0.7075879523924367,0.47920117658066985,-0.03176738994320408,0.0676643119949898,39702,142,0.6005242329278825,False
omit_rank_09,Cirsium acaulon,taxon_specific_cyclic_doy,corolla_lab_chroma_median,chelsa_bio04,ok,-0.04675935019572035,0.01783869902533357,-2.621230961367486,0.008761288412590863,-0.08172255781642392,-0.01179614257501678,39702,142,0.02252902734666222,True
omit_rank_09,Cirsium acaulon,taxon_specific_cyclic_doy,corolla_lab_chroma_median,chelsa_bio12,ok,0.04753543997392102,0.018318406653596526,2.594954947382839,0.009460331867742176,0.011632022678712932,0.08343885726912911,39702,142,0.02270479648258122,True
omit_rank_09,Cirsium acaulon,taxon_specific_cyclic_doy,corolla_lab_chroma_median,chelsa_bio15,ok,0.0069480813848763244,0.0107257548051306,0.6477941656425664,0.5171180894656766,-0.01407401174018708,0.027970174509939726,39702,142,0.6005242329278825,False
omit_rank_09,Cirsium acaulon,taxon_specific_cyclic_doy,corolla_hue_sin_median,chelsa_bio01,ok,-0.06170428006051487,0.010372599870587943,-5.9487766645159645,2.7015395098465793e-09,-0.08203420223291207,-0.04137435788811768,39695,142,3.241847411815896e-08,True
omit_rank_09,Cirsium acaulon,taxon_specific_cyclic_doy,corolla_hue_sin_median,chelsa_bio04,ok,0.09160791642068776,0.007083751625807078,12.932118637100087,2.965333005198348e-38,0.07772401835867883,0.10549181448269669,39695,142,1.0675198818714052e-36,True
omit_rank_09,Cirsium acaulon,taxon_specific_cyclic_doy,corolla_hue_sin_median,chelsa_bio12,ok,-0.05096100244286233,0.01093178757631039,-4.661726372482466,3.1356791204767728e-06,-0.0723869123790731,-0.029535092506651556,39695,142,1.8814074722860637e-05,True
omit_rank_09,Cirsium acaulon,taxon_specific_cyclic_doy,corolla_hue_sin_median,chelsa_bio15,ok,0.01139746416054729,0.017514517136978405,0.6507438413180013,0.5152118574212916,-0.022930358634539964,0.04572528695563455,39695,142,0.6005242329278825,False
omit_rank_09,Cirsium acaulon,taxon_specific_cyclic_doy,corolla_hue_cos_median,chelsa_bio01,ok,0.009950057306073696,0.006203952838130568,1.6038254264150626,0.108752538311676,-0.0022094668184472685,0.02210958143059466,39695,142,0.1779586990554698,False
omit_rank_09,Cirsium acaulon,taxon_specific_cyclic_doy,corolla_hue_cos_median,chelsa_bio04,ok,-0.03802188704105032,0.006752921888896208,-5.630434894200317,1.797557868965337e-08,-0.05125737073369908,-0.024786403348401563,39695,142,1.6178020820688036e-07,True
omit_rank_09,Cirsium acaulon,taxon_specific_cyclic_doy,corolla_hue_cos_median,chelsa_bio12,ok,-0.00810978938339885,0.009198328429271973,-0.8816590368300996,0.37796121909942015,-0.0261381818227428,0.0099186030559451,39695,142,0.5442641555031651,False
omit_rank_09,Cirsium acaulon,taxon_specific_cyclic_doy,corolla_hue_cos_median,chelsa_bio15,ok,0.015964496636173105,0.005277129589232603,3.025223536057725,0.0024844942788220057,0.005621512699526553,0.026307480572819657,39695,142,0.007453482836466017,True
omit_rank_09,Cirsium acaulon,taxon_specific_cyclic_doy,shape_aspect_ratio_median,chelsa_bio01,ok,-0.014946177479051626,0.007234895921836047,-2.0658455409070537,0.03884306642305959,-0.029126312917745992,-0.0007660420403572607,37748,140,0.07768613284611918,False
omit_rank_09,Cirsium acaulon,taxon_specific_cyclic_doy,shape_aspect_ratio_median,chelsa_bio04,ok,0.02032008254110649,0.003262777350455665,6.227848350813358,4.728844528342128e-10,0.013925156444640364,0.026715008637572615,37748,140,8.51192015101583e-09,True
omit_rank_09,Cirsium acaulon,taxon_specific_cyclic_doy,shape_aspect_ratio_median,chelsa_bio12,ok,-0.012876911404635608,0.003599108796946142,-3.5778055432949727,0.00034649107004289,-0.019931035023091327,-0.005822787786179887,37748,140,0.001247367852154404,True
omit_rank_09,Cirsium acaulon,taxon_specific_cyclic_doy,shape_aspect_ratio_median,chelsa_bio15,ok,-0.003561660439122592,0.002974805639598716,-1.19727500570526,0.23119938313807975,-0.009392172353742716,0.0022688514754975317,37748,140,0.36187729534655966,False
omit_rank_09,Cirsium acaulon,taxon_specific_cyclic_doy,shape_circularity_median,chelsa_bio01,ok,-0.02757261528026197,0.013730051465503807,-2.0081946050629917,0.04462261608624379,-0.05448302165853082,-0.00066220890199312,37748,140,0.08454811468972506,False
omit_rank_09,Cirsium acaulon,taxon_specific_cyclic_doy,shape_circularity_median,chelsa_bio04,ok,0.035486580054108596,0.007235262822370384,4.904670490253545,9.358430633433396e-07,0.02130572550358102,0.04966743460463617,37748,140,6.738070056072044e-06,True
omit_rank_09,Cirsium acaulon,taxon_specific_cyclic_doy,shape_circularity_median,chelsa_bio12,ok,-0.011465907543856353,0.004370864162375548,-2.623258723653557,0.008709310764126186,-0.020032643883429256,-0.0028991712042834485,37748,140,0.02252902734666222,True
omit_rank_09,Cirsium acaulon,taxon_specific_cyclic_doy,shape_circularity_median,chelsa_bio15,ok,-0.006977783777703037,0.009090360510515675,-0.7676025356344425,0.4427233555203053,-0.0247945629847989,0.010838995429392826,37748,140,0.6005242329278825,False
omit_rank_09,Cirsium acaulon,taxon_specific_cyclic_doy,shape_solidity_median,chelsa_bio01,ok,-0.024558187895116376,0.012678790463835837,-1.9369503711860028,0.0527514102424339,-0.0494081605717645,0.0002917847815317523,37748,140,0.09495253843638102,False
omit_rank_09,Cirsium acaulon,taxon_specific_cyclic_doy,shape_solidity_median,chelsa_bio04,ok,0.023413581012144757,0.005490261049033268,4.264566074916866,2.0029106744103974e-05,0.012652867090316456,0.03417429493397306,37748,140,9.013098034846788e-05,True
omit_rank_09,Cirsium acaulon,taxon_specific_cyclic_doy,shape_solidity_median,chelsa_bio12,ok,-0.0009131523478448948,0.0048372011253887065,-0.1887770064081253,0.8502675940297053,-0.010393892339583377,0.00856758764389359,37748,140,0.9002833348549821,False
omit_rank_09,Cirsium acaulon,taxon_specific_cyclic_doy,shape_solidity_median,chelsa_bio15,ok,-0.004802496993308839,0.007399412907318074,-0.6490375727727173,0.5163140907944153,-0.019305079798393077,0.009700085811775401,37748,140,0.6005242329278825,False
omit_rank_09,Cirsium acaulon,taxon_specific_cyclic_doy,shape_width_cv_median,chelsa_bio01,ok,0.031060999526628483,0.010249575317509049,3.030466976867606,0.0024417588726696974,0.010972201047480059,0.0511497980057769,37748,140,0.007453482836466017,True
omit_rank_09,Cirsium acaulon,taxon_specific_cyclic_doy,shape_width_cv_median,chelsa_bio04,ok,-0.033190212726065614,0.00753272526094653,-4.4061361029773005,1.0523085777784323e-05,-0.04795408294295589,-0.018426342509175336,37748,140,5.411872685717652e-05,True
omit_rank_09,Cirsium acaulon,taxon_specific_cyclic_doy,shape_width_cv_median,chelsa_bio12,ok,0.002753261543714987,0.00590746399592469,0.4660648876767334,0.6411690553480254,-0.008825155128264477,0.014331678215694452,37748,140,0.699457151288755,False
omit_rank_09,Cirsium acaulon,taxon_specific_cyclic_doy,shape_width_cv_median,chelsa_bio15,ok,0.0011491184079078251,0.009180808140176328,0.12516527852043263,0.900392704757538,-0.016844934895809932,0.019143171711625585,37748,140,0.9261182106077533,False
omit_rank_10,Cirsium altissimum,taxon_mean_only,orientation_angle_degrees_median,chelsa_bio01,ok,0.01683893922251729,0.00648579255624789,2.5962808826341526,0.009423899185822456,0.004127019401073451,0.02955085904396113,36509,141,0.04240754633620105,True
omit_rank_10,Cirsium altissimum,taxon_mean_only,orientation_angle_degrees_median,chelsa_bio04,ok,0.0007220784996329473,0.015735065355370125,0.045889768064198956,0.9633981094888742,-0.030118082891276446,0.03156223989054234,36509,141,0.9633981094888742,False
omit_rank_10,Cirsium altissimum,taxon_mean_only,orientation_angle_degrees_median,chelsa_bio12,ok,0.0039483012265012505,0.010268702490493208,0.3844985508302143,0.7006089697800915,-0.016177985822822195,0.024074588275824694,36509,141,0.9076826049000593,False
omit_rank_10,Cirsium altissimum,taxon_mean_only,orientation_angle_degrees_median,chelsa_bio15,ok,-0.005788400935594107,0.0031851465025302885,-1.8173107362552356,0.06916954695955216,-0.01203117336603719,0.0004543714948489746,36509,141,0.1778645493245627,False
omit_rank_10,Cirsium altissimum,taxon_mean_only,corolla_lab_lightness_median,chelsa_bio01,ok,0.03559530618284065,0.018802901090410083,1.8930752234289574,0.05834786656037988,-0.001257702759232017,0.07244831512491332,39705,142,0.17504359968113964,False
omit_rank_10,Cirsium altissimum,taxon_mean_only,corolla_lab_lightness_median,chelsa_bio04,ok,0.0208922827597079,0.014860222438888328,1.405919921160401,0.15974790509724768,-0.008233218022767188,0.05001778354218299,39705,142,0.33793722914432767,False
omit_rank_10,Cirsium altissimum,taxon_mean_only,corolla_lab_lightness_median,chelsa_bio12,ok,-0.010018071348218862,0.0117244067928713,-0.8544629613423232,0.3928485232854384,-0.03299748640234337,0.012961343705905648,39705,142,0.7071273419137891,False
omit_rank_10,Cirsium altissimum,taxon_mean_only,corolla_lab_lightness_median,chelsa_bio15,ok,-0.025567154481307825,0.01655712528254459,-1.5441783549383472,0.12254513097689547,-0.05801852372261279,0.006884214759997138,39705,142,0.27572654469801483,False
omit_rank_10,Cirsium altissimum,taxon_mean_only,corolla_lab_chroma_median,chelsa_bio01,ok,-0.00723914435746538,0.008329154575038777,-0.8691331505792924,0.38477430637761056,-0.0235639873462084,0.009085698631277641,39705,142,0.7071273419137891,False
omit_rank_10,Cirsium altissimum,taxon_mean_only,corolla_lab_chroma_median,chelsa_bio04,ok,-0.019712735212752658,0.008516430032374418,-2.3146711870838517,0.02063093376047956,-0.0364046313530618,-0.003020839072443514,39705,142,0.08252373504191823,False
omit_rank_10,Cirsium altissimum,taxon_mean_only,corolla_lab_chroma_median,chelsa_bio12,ok,0.04036498921066059,0.0147103932924474,2.7439775679814593,0.006069968558500497,0.0115331481590441,0.06919683026227708,39705,142,0.03641981135100299,True
omit_rank_10,Cirsium altissimum,taxon_mean_only,corolla_lab_chroma_median,chelsa_bio15,ok,-0.002218684351473901,0.012898683912336674,-0.1720085837092176,0.8634307807562617,-0.02749964026761998,0.02306227156467218,39705,142,0.9419244880977401,False
omit_rank_10,Cirsium altissimum,taxon_mean_only,corolla_hue_sin_median,chelsa_bio01,ok,-0.01945144416130255,0.01112790831409887,-1.7479874575042913,0.08046619929217827,-0.041261743680200164,0.002358855357595068,39698,142,0.19311887830122784,False
omit_rank_10,Cirsium altissimum,taxon_mean_only,corolla_hue_sin_median,chelsa_bio04,ok,0.053385981051038464,0.005590588852860212,9.549259023711887,1.3062720528595804e-21,0.042428628247061353,0.06434333385501557,39698,142,4.7025793902944895e-20,True
omit_rank_10,Cirsium altissimum,taxon_mean_only,corolla_hue_sin_median,chelsa_bio12,ok,-0.043618570051687955,0.008810294647807899,-4.9508639376255985,7.388474819590915e-07,-0.060886430254577434,-0.026350709848798472,39698,142,1.3299254675263648e-05,True
omit_rank_10,Cirsium altissimum,taxon_mean_only,corolla_hue_sin_median,chelsa_bio15,ok,0.005010258664604579,0.014023565929959736,0.3572742260868712,0.7208865230281654,-0.022475425492939453,0.03249594282214861,39698,142,0.9076826049000593,False
omit_rank_10,Cirsium altissimum,taxon_mean_only,corolla_hue_cos_median,chelsa_bio01,ok,-0.004843667884075101,0.007326749594883402,-0.6610936843614325,0.5085522352807701,-0.01920383321379,0.009516497445639798,39698,142,0.795994803048162,False
omit_rank_10,Cirsium altissimum,taxon_mean_only,corolla_hue_cos_median,chelsa_bio04,ok,-0.028606166940635457,0.008744192774731133,-3.2714474254617563,0.0010699848098984493,-0.04574446985298384,-0.011467864028287075,39698,142,0.012839817718781392,True
omit_rank_10,Cirsium altissimum,taxon_mean_only,corolla_hue_cos_median,chelsa_bio12,ok,-0.00356138729741656,0.010522048713176142,-0.3384689991937449,0.7350097850065109,-0.02418422381881782,0.0170614492239847,39698,142,0.9076826049000593,False
omit_rank_10,Cirsium altissimum,taxon_mean_only,corolla_hue_cos_median,chelsa_bio15,ok,0.01980863623428685,0.006964061803833196,2.844408449015153,0.004449397029579686,0.006159325912662744,0.03345794655591096,39698,142,0.032035658612973736,True
omit_rank_10,Cirsium altissimum,taxon_mean_only,shape_aspect_ratio_median,chelsa_bio01,ok,-0.012195869641612121,0.006680866601488832,-1.8254921657759593,0.06792679234232436,-0.02529012756604674,0.0008983882828224998,37736,140,0.1778645493245627,False
omit_rank_10,Cirsium altissimum,taxon_mean_only,shape_aspect_ratio_median,chelsa_bio04,ok,0.01366027828651131,0.004553448862569991,2.9999850001173343,0.0026999290206640193,0.004735682510429254,0.022584874062593366,37736,140,0.024299361185976174,True
omit_rank_10,Cirsium altissimum,taxon_mean_only,shape_aspect_ratio_median,chelsa_bio12,ok,-0.010766498500207042,0.004083971590943874,-2.6362814384119466,0.00838201785716274,-0.01877093573234178,-0.002762061268072302,37736,140,0.04240754633620105,True
omit_rank_10,Cirsium altissimum,taxon_mean_only,shape_aspect_ratio_median,chelsa_bio15,ok,-0.004733982932464773,0.003441581601798207,-1.375525406688394,0.16896861457216383,-0.011479358921844929,0.0020113930569153823,37736,140,0.33793722914432767,False
omit_rank_10,Cirsium altissimum,taxon_mean_only,shape_circularity_median,chelsa_bio01,ok,0.0018436964362722559,0.015280926315025777,0.12065344719706843,0.9039655332815445,-0.02810636879158863,0.03179376166413314,37736,140,0.957139976415753,False
omit_rank_10,Cirsium altissimum,taxon_mean_only,shape_circularity_median,chelsa_bio04,ok,0.011297401994283023,0.005409308422743254,2.0885113421862727,0.03675173335294628,0.0006953523044370795,0.021899451684128966,37736,140,0.12027840006418782,False
omit_rank_10,Cirsium altissimum,taxon_mean_only,shape_circularity_median,chelsa_bio12,ok,-0.009914619433966512,0.004574037428322674,-2.1675859870701277,0.030190200876999685,-0.01887956805741716,-0.0009496708105158624,37736,140,0.10868472315719886,False
omit_rank_10,Cirsium altissimum,taxon_mean_only,shape_circularity_median,chelsa_bio15,ok,-0.002722401525153956,0.00614261256370208,-0.44319928970307654,0.6576215926146618,-0.014761700920993283,0.00931689787068537,37736,140,0.9076826049000593,False
omit_rank_10,Cirsium altissimum,taxon_mean_only,shape_solidity_median,chelsa_bio01,ok,0.003144766073634314,0.012007001428510437,0.26191102685863904,0.7933900380942738,-0.020388524288567123,0.02667805643583575,37736,140,0.9213561732707695,False
omit_rank_10,Cirsium altissimum,taxon_mean_only,shape_solidity_median,chelsa_bio04,ok,0.001244686168466948,0.004012413977592818,0.31020881081011414,0.7564021707500495,-0.0066195007186800785,0.009108873055613975,37736,140,0.9076826049000593,False
omit_rank_10,Cirsium altissimum,taxon_mean_only,shape_solidity_median,chelsa_bio12,ok,0.0002742183196477527,0.005513446073876497,0.049736283981635133,0.9603325417914707,-0.010531937415853943,0.011080374055149448,37736,140,0.9633981094888742,False
omit_rank_10,Cirsium altissimum,taxon_mean_only,shape_solidity_median,chelsa_bio15,ok,-0.001921923490545814,0.004453772688283262,-0.43152707267748613,0.666085172049282,-0.010651157554909144,0.006807310573817516,37736,140,0.9076826049000593,False
omit_rank_10,Cirsium altissimum,taxon_mean_only,shape_width_cv_median,chelsa_bio01,ok,-0.007302040472769835,0.010765814821657976,-0.6782617566558973,0.4976057421139445,-0.02840264978744697,0.013798568841907303,37736,140,0.795994803048162,False
omit_rank_10,Cirsium altissimum,taxon_mean_only,shape_width_cv_median,chelsa_bio04,ok,-0.0012633779972158993,0.006179969471124311,-0.20443110651581506,0.8380166239444998,-0.013375895586176596,0.010849139591744796,37736,140,0.9419244880977401,False
omit_rank_10,Cirsium altissimum,taxon_mean_only,shape_width_cv_median,chelsa_bio12,ok,-0.002195296899342933,0.006142600622579842,-0.35738883808808103,0.7208007316720911,-0.014234572891012737,0.009843979092326871,37736,140,0.9076826049000593,False
omit_rank_10,Cirsium altissimum,taxon_mean_only,shape_width_cv_median,chelsa_bio15,ok,-0.0037083624918323485,0.004748624440272841,-0.7809340448955946,0.4348412872565779,-0.01301549537087379,0.005598770387209092,37736,140,0.745442206725562,False
omit_rank_10,Cirsium altissimum,taxon_specific_cyclic_doy,orientation_angle_degrees_median,chelsa_bio01,ok,0.015555386333545479,0.003832602513759174,4.058700655155631,4.9346521412121336e-05,0.00804362343951982,0.023067149227571138,36509,141,0.00019738608564848534,True
omit_rank_10,Cirsium altissimum,taxon_specific_cyclic_doy,orientation_angle_degrees_median,chelsa_bio04,ok,0.007200953990043409,0.011803430400803698,0.6100729826435114,0.5418134627963425,-0.015933344489557015,0.03033525246964383,36509,141,0.6465978204133781,False
omit_rank_10,Cirsium altissimum,taxon_specific_cyclic_doy,orientation_angle_degrees_median,chelsa_bio12,ok,-0.001091355759017872,0.009846942390039417,-0.11083194313412688,0.9117496144317393,-0.02039100820133589,0.018208296683300148,36509,141,0.9377996034155033,False
omit_rank_10,Cirsium altissimum,taxon_specific_cyclic_doy,orientation_angle_degrees_median,chelsa_bio15,ok,-0.007495346178954992,0.004047757049715319,-1.8517282749176225,0.06406485167947097,-0.015428804214565123,0.00043811185665513803,36509,141,0.11531673302304775,False
omit_rank_10,Cirsium altissimum,taxon_specific_cyclic_doy,corolla_lab_lightness_median,chelsa_bio01,ok,0.02284992375327575,0.02170503676997396,1.0527475256289631,0.2924567205648242,-0.019691166598990797,0.0653910141055423,39705,142,0.4386850808472363,False
omit_rank_10,Cirsium altissimum,taxon_specific_cyclic_doy,corolla_lab_lightness_median,chelsa_bio04,ok,0.03410222555791481,0.015359286169312177,2.220300161217843,0.026398399000342947,0.003998577837818772,0.06420587327801085,39705,142,0.059396397750771636,False
omit_rank_10,Cirsium altissimum,taxon_specific_cyclic_doy,corolla_lab_lightness_median,chelsa_bio12,ok,-0.010532949746455975,0.012493697548934025,-0.8430610477964273,0.3991943022304679,-0.03502014697610301,0.013954247483191065,39705,142,0.5561425302234034,False
omit_rank_10,Cirsium altissimum,taxon_specific_cyclic_doy,corolla_lab_lightness_median,chelsa_bio15,ok,-0.028277664157558738,0.015477045432529283,-1.8270712120625698,0.06768906299890429,-0.05861211579240627,0.0020567874772887997,39705,142,0.11603839371240735,False
omit_rank_10,Cirsium altissimum,taxon_specific_cyclic_doy,corolla_lab_chroma_median,chelsa_bio01,ok,0.018542711825225065,0.02517528678178652,0.7365442144095097,0.4613995702424012,-0.030799943567543793,0.06788536721799393,39705,142,0.5932280188830872,False
omit_rank_10,Cirsium altissimum,taxon_specific_cyclic_doy,corolla_lab_chroma_median,chelsa_bio04,ok,-0.048106423933015535,0.017694789205039658,-2.718677423934179,0.00655434934943288,-0.0827875734889214,-0.01342527437710967,39705,142,0.01717318635482735,True
omit_rank_10,Cirsium altissimum,taxon_specific_cyclic_doy,corolla_lab_chroma_median,chelsa_bio12,ok,0.048624524328563914,0.017926316005974406,2.712466092439659,0.0066784613602106375,0.01348959058137017,0.08375945807575766,39705,142,0.01717318635482735,True
omit_rank_10,Cirsium altissimum,taxon_specific_cyclic_doy,corolla_lab_chroma_median,chelsa_bio15,ok,0.004778618967885698,0.010299158391294347,0.4639815008501044,0.6426609995031518,-0.015407360550124705,0.0249645984858961,39705,142,0.7229936244410459,False
omit_rank_10,Cirsium altissimum,taxon_specific_cyclic_doy,corolla_hue_sin_median,chelsa_bio01,ok,-0.06093958477115767,0.010703881143051291,-5.693223229661721,1.2466322465034403e-08,-0.08191880630633563,-0.039960363235979714,39698,142,1.4959586958041285e-07,True
omit_rank_10,Cirsium altissimum,taxon_specific_cyclic_doy,corolla_hue_sin_median,chelsa_bio04,ok,0.09154167190795867,0.007220366772615102,12.678257876753777,7.80472848664562e-37,0.07739001307846337,0.10569333073745397,39698,142,2.8097022551924233e-35,True
omit_rank_10,Cirsium altissimum,taxon_specific_cyclic_doy,corolla_hue_sin_median,chelsa_bio12,ok,-0.050410023925786925,0.011186414947698915,-4.506360988884687,6.594885537971013e-06,-0.0723349943393973,-0.02848505351217654,39698,142,3.956931322782608e-05,True
omit_rank_10,Cirsium altissimum,taxon_specific_cyclic_doy,corolla_hue_sin_median,chelsa_bio15,ok,0.01038137388540032,0.017667047242865507,0.5876122785369602,0.5567925675781867,-0.024245402423783737,0.04500815019458438,39698,142,0.6465978204133781,False
omit_rank_10,Cirsium altissimum,taxon_specific_cyclic_doy,corolla_hue_cos_median,chelsa_bio01,ok,0.009660969053942453,0.0063128642885500056,1.5303622274068354,0.125927093221999,-0.0027120175909046296,0.022033955698789534,39698,142,0.20606251618145288,False
omit_rank_10,Cirsium altissimum,taxon_specific_cyclic_doy,corolla_hue_cos_median,chelsa_bio04,ok,-0.03816369461125361,0.006782845107367766,-5.626502449510288,1.8390017668844486e-08,-0.051457826734408144,-0.024869562488099073,39698,142,1.6551015901960037e-07,True
omit_rank_10,Cirsium altissimum,taxon_specific_cyclic_doy,corolla_hue_cos_median,chelsa_bio12,ok,-0.007366160358139409,0.009268403449071825,-0.7947604351294274,0.4267528698293951,-0.025531897312507004,0.010799576596228185,39698,142,0.5690038264391934,False
omit_rank_10,Cirsium altissimum,taxon_specific_cyclic_doy,corolla_hue_cos_median,chelsa_bio15,ok,0.015518900135006574,0.005365051708092199,2.892590971975005,0.0038207851569175438,0.005003592011950766,0.02603420825806238,39698,142,0.011462355470752632,True
omit_rank_10,Cirsium altissimum,taxon_specific_cyclic_doy,shape_aspect_ratio_median,chelsa_bio01,ok,-0.015776961437057677,0.0073040246847623355,-2.1600367082509444,0.030769827958530917,-0.030092586761383378,-0.0014613361127319788,37736,140,0.065159635676889,False
omit_rank_10,Cirsium altissimum,taxon_specific_cyclic_doy,shape_aspect_ratio_median,chelsa_bio04,ok,0.020636573099658342,0.00337048689933173,6.12272758091716,9.198689195370849e-10,0.014030540166604072,0.027242606032712613,37736,140,1.655764055166753e-08,True
omit_rank_10,Cirsium altissimum,taxon_specific_cyclic_doy,shape_aspect_ratio_median,chelsa_bio12,ok,-0.013331537769971705,0.0036338139907408328,-3.6687452368066253,0.00024374381788308457,-0.020453682318341503,-0.0062093932216019075,37736,140,0.0008774777443791045,True
omit_rank_10,Cirsium altissimum,taxon_specific_cyclic_doy,shape_aspect_ratio_median,chelsa_bio15,ok,-0.004011853002154373,0.0029204328826285355,-1.3737186106956532,0.1695290568875515,-0.009735796271372794,0.0017120902670640474,37736,140,0.26534982817181973,False
omit_rank_10,Cirsium altissimum,taxon_specific_cyclic_doy,shape_circularity_median,chelsa_bio01,ok,-0.02655898824013602,0.01360209104999459,-1.9525665680753244,0.05087097586700127,-0.053218596812560026,0.0001006203322879845,37736,140,0.10174195173400254,False
omit_rank_10,Cirsium altissimum,taxon_specific_cyclic_doy,shape_circularity_median,chelsa_bio04,ok,0.03533265030956996,0.007226279137644303,4.8894665756141915,1.0110958826375935e-06,0.021169403457553967,0.04949589716158595,37736,140,7.279890354990673e-06,True
omit_rank_10,Cirsium altissimum,taxon_specific_cyclic_doy,shape_circularity_median,chelsa_bio12,ok,-0.011274445100164066,0.0043606107164373235,-2.585519743293076,0.009723230403163507,-0.01982108505498062,-0.00272780514534751,37736,140,0.023335752967592417,True
omit_rank_10,Cirsium altissimum,taxon_specific_cyclic_doy,shape_circularity_median,chelsa_bio15,ok,-0.007566103036571432,0.00902162584574376,-0.8386629157471636,0.4016584940502358,-0.025248164776224907,0.010115958703082045,37736,140,0.5561425302234034,False
omit_rank_10,Cirsium altissimum,taxon_specific_cyclic_doy,shape_solidity_median,chelsa_bio01,ok,-0.023969109740937782,0.012579686588130724,-1.9053821073374981,0.05673041934832572,-0.048624842390475556,0.0006866229085999917,37736,140,0.107489215607354,False
omit_rank_10,Cirsium altissimum,taxon_specific_cyclic_doy,shape_solidity_median,chelsa_bio04,ok,0.023352512447837176,0.005488477449347633,4.254825252240561,2.0921234183101783e-05,0.012595294317155557,0.03410973057851879,37736,140,9.414555382395802e-05,True
omit_rank_10,Cirsium altissimum,taxon_specific_cyclic_doy,shape_solidity_median,chelsa_bio12,ok,-0.000892969553251519,0.004802305164407971,-0.1859460243946418,0.8524870892884555,-0.010305314718261847,0.008519375611758808,37736,140,0.9026333886583647,False
omit_rank_10,Cirsium altissimum,taxon_specific_cyclic_doy,shape_solidity_median,chelsa_bio15,ok,-0.004771589803846187,0.0074259356934690025,-0.6425573827743658,0.5205113438078646,-0.019326156314555903,0.009782976706863528,37736,140,0.6461520130028663,False
omit_rank_10,Cirsium altissimum,taxon_specific_cyclic_doy,shape_width_cv_median,chelsa_bio01,ok,0.02953222653229986,0.009996628065781915,2.9542187963747066,0.0031346168092321156,0.009939195556525005,0.04912525750807471,37736,140,0.010258745921123287,True
omit_rank_10,Cirsium altissimum,taxon_specific_cyclic_doy,shape_width_cv_median,chelsa_bio04,ok,-0.032431860426467535,0.007408567642064423,-4.377615484311119,1.199847888506357e-05,-0.04695238618194263,-0.017911334670992436,37736,140,6.170646283746979e-05,True
omit_rank_10,Cirsium altissimum,taxon_specific_cyclic_doy,shape_width_cv_median,chelsa_bio12,ok,0.002420846146750707,0.005843944415656741,0.41424866059042637,0.6786920082800683,-0.009033074435590475,0.013874766729091891,37736,140,0.7403912817600745,False
omit_rank_10,Cirsium altissimum,taxon_specific_cyclic_doy,shape_width_cv_median,chelsa_bio15,ok,0.00040058809877632984,0.00917198410519109,0.04367518458188431,0.9651633201712309,-0.01757617041417204,0.0183773466117247,37736,140,0.9651633201712309,False
omit_top_2_joint,Cirsium vulgare|Cirsium arvense,taxon_mean_only,orientation_angle_degrees_median,chelsa_bio01,ok,0.004400762695135602,0.010496034144263136,0.4192786184428474,0.675012521003342,-0.016171086208122833,0.024972611598394034,17095,140,0.8678732412900111,False
omit_top_2_joint,Cirsium vulgare|Cirsium arvense,taxon_mean_only,orientation_angle_degrees_median,chelsa_bio04,ok,0.0044068425321306,0.006787201519935779,0.6492871206470819,0.5161528089295587,-0.008895828002759041,0.01770951306702024,17095,140,0.8011656700967124,False
omit_top_2_joint,Cirsium vulgare|Cirsium arvense,taxon_mean_only,orientation_angle_degrees_median,chelsa_bio12,ok,0.010572924548505176,0.008467870551715228,1.2485930770828275,0.21181394572387335,-0.006023796758603987,0.02716964585561434,17095,140,0.5788840123193816,False
omit_top_2_joint,Cirsium vulgare|Cirsium arvense,taxon_mean_only,orientation_angle_degrees_median,chelsa_bio15,ok,-0.010395541725092881,0.010244140467284776,-1.0147793031823034,0.3102110416803634,-0.03047368809354036,0.009682604643354598,17095,140,0.6979748437808176,False
omit_top_2_joint,Cirsium vulgare|Cirsium arvense,taxon_mean_only,corolla_lab_lightness_median,chelsa_bio01,ok,0.06089349798057728,0.029478292469105046,2.06570641920312,0.03885620880890836,0.0031171064153930825,0.11866988954576146,18723,141,0.23313725285345016,False
omit_top_2_joint,Cirsium vulgare|Cirsium arvense,taxon_mean_only,corolla_lab_lightness_median,chelsa_bio04,ok,-0.0004631021387145561,0.04534182322935191,-0.010213575584996947,0.9918508874123853,-0.0893314426616259,0.08840523838419678,18723,141,0.9918508874123853,False
omit_top_2_joint,Cirsium vulgare|Cirsium arvense,taxon_mean_only,corolla_lab_lightness_median,chelsa_bio12,ok,-0.024022786080609097,0.019804087559335038,-1.2130216051930902,0.22512156034642616,-0.0628380844435835,0.014792512282365316,18723,141,0.5788840123193816,False
omit_top_2_joint,Cirsium vulgare|Cirsium arvense,taxon_mean_only,corolla_lab_lightness_median,chelsa_bio15,ok,-0.0060085159132117405,0.03334188071338032,-0.18020926788333458,0.8569882828283562,-0.0713574012882678,0.059340369461844324,18723,141,0.9666382373678225,False
omit_top_2_joint,Cirsium vulgare|Cirsium arvense,taxon_mean_only,corolla_lab_chroma_median,chelsa_bio01,ok,-0.017377185336992118,0.019092333570619558,-0.9101656050957116,0.36273518019756656,-0.05479747151623147,0.02004310084224723,18723,141,0.7527036305795174,False
omit_top_2_joint,Cirsium vulgare|Cirsium arvense,taxon_mean_only,corolla_lab_chroma_median,chelsa_bio04,ok,-0.01199540226029272,0.021510067915985247,-0.5576645460695322,0.5770734718594349,-0.05415436068063434,0.0301635561600489,18723,141,0.8011656700967124,False
omit_top_2_joint,Cirsium vulgare|Cirsium arvense,taxon_mean_only,corolla_lab_chroma_median,chelsa_bio12,ok,0.009951800796980485,0.012292206449437265,0.8096024776280972,0.4181686836552875,-0.014140481134447526,0.034044082728408497,18723,141,0.7527036305795174,False
omit_top_2_joint,Cirsium vulgare|Cirsium arvense,taxon_mean_only,corolla_lab_chroma_median,chelsa_bio15,ok,0.02353824798800249,0.02251484681275239,1.0454545031445848,0.2958129577737243,-0.02059004088242862,0.0676665368584336,18723,141,0.6979748437808176,False
omit_top_2_joint,Cirsium vulgare|Cirsium arvense,taxon_mean_only,corolla_hue_sin_median,chelsa_bio01,ok,-0.010147105426190258,0.02116381492413583,-0.4794554036010873,0.6316146871010873,-0.05162742045296778,0.03133320960058726,18718,141,0.842152916134783,False
omit_top_2_joint,Cirsium vulgare|Cirsium arvense,taxon_mean_only,corolla_hue_sin_median,chelsa_bio04,ok,0.04707396615418411,0.018739497743906132,2.5120185608758923,0.012004277477564643,0.010345225487758493,0.08380270682060972,18718,141,0.16370524693619307,False
omit_top_2_joint,Cirsium vulgare|Cirsium arvense,taxon_mean_only,corolla_hue_sin_median,chelsa_bio12,ok,-0.024666485572313396,0.013254120726481636,-1.8610427716287463,0.0627381368185194,-0.05064408484296326,0.0013111136983364677,18718,141,0.2841089256838254,False
omit_top_2_joint,Cirsium vulgare|Cirsium arvense,taxon_mean_only,corolla_hue_sin_median,chelsa_bio15,ok,-0.009015804005800751,0.027932251445456573,-0.3227739813027944,0.7468664191082856,-0.06376201084601249,0.045730402834410995,18718,141,0.8962397029299426,False
omit_top_2_joint,Cirsium vulgare|Cirsium arvense,taxon_mean_only,corolla_hue_cos_median,chelsa_bio01,ok,-0.019528196139094043,0.011403561133647103,-1.7124647213469628,0.08681106062561332,-0.04187876525654312,0.002822372978355029,18718,141,0.2841089256838254,False
omit_top_2_joint,Cirsium vulgare|Cirsium arvense,taxon_mean_only,corolla_hue_cos_median,chelsa_bio04,ok,-0.015791052019002595,0.017881123634400007,-0.8831129598938348,0.37717524263698354,-0.05083741034553456,0.019255306307529373,18718,141,0.7527036305795174,False
omit_top_2_joint,Cirsium vulgare|Cirsium arvense,taxon_mean_only,corolla_hue_cos_median,chelsa_bio12,ok,0.014966468766860684,0.017770355428707245,0.8422154991161852,0.39966733977048885,-0.019862787865881353,0.04979572539960272,18718,141,0.7527036305795174,False
omit_top_2_joint,Cirsium vulgare|Cirsium arvense,taxon_mean_only,corolla_hue_cos_median,chelsa_bio15,ok,0.0020684385533647808,0.013337673142835784,0.1550824143921854,0.8767563457320223,-0.024072920444160508,0.028209797550890068,18718,141,0.9666382373678225,False
omit_top_2_joint,Cirsium vulgare|Cirsium arvense,taxon_mean_only,shape_aspect_ratio_median,chelsa_bio01,ok,-0.019996887160630167,0.008778928433875368,-2.277827790857471,0.022736839852249037,-0.03720327071388051,-0.0027905036073798233,17961,139,0.16370524693619307,False
omit_top_2_joint,Cirsium vulgare|Cirsium arvense,taxon_mean_only,shape_aspect_ratio_median,chelsa_bio04,ok,0.02068407642127075,0.004154072159826579,4.979228965087176,6.383808379641694e-07,0.01254224459883014,0.02882590824371136,17961,139,2.29817101667101e-05,True
omit_top_2_joint,Cirsium vulgare|Cirsium arvense,taxon_mean_only,shape_aspect_ratio_median,chelsa_bio12,ok,-0.013367759995303052,0.007598717856219797,-1.7592125735213484,0.07854140942122385,-0.02826097332217526,0.0015254533315691588,17961,139,0.2841089256838254,False
omit_top_2_joint,Cirsium vulgare|Cirsium arvense,taxon_mean_only,shape_aspect_ratio_median,chelsa_bio15,ok,0.0009009292700407812,0.008054131547741893,0.11185926933281483,0.9109349922180561,-0.014884878490281172,0.016686737030362733,17961,139,0.9666382373678225,False
omit_top_2_joint,Cirsium vulgare|Cirsium arvense,taxon_mean_only,shape_circularity_median,chelsa_bio01,ok,-0.0032731206805883947,0.009219263685051295,-0.3550305959786834,0.7225666701001361,-0.021342545467266955,0.014796304106090164,17961,139,0.8962397029299426,False
omit_top_2_joint,Cirsium vulgare|Cirsium arvense,taxon_mean_only,shape_circularity_median,chelsa_bio04,ok,0.019299704892536268,0.008278961184638722,2.331174704423798,0.019744149403714016,0.0030732391412393104,0.035526170643833226,17961,139,0.16370524693619307,False
omit_top_2_joint,Cirsium vulgare|Cirsium arvense,taxon_mean_only,shape_circularity_median,chelsa_bio12,ok,-0.015046428944297481,0.008784092374711673,-1.712917886384518,0.08672764719848264,-0.03226293363560528,0.002170075747010315,17961,139,0.2841089256838254,False
omit_top_2_joint,Cirsium vulgare|Cirsium arvense,taxon_mean_only,shape_circularity_median,chelsa_bio15,ok,0.006809169531213141,0.009855985964316534,0.6908663989443216,0.48964950373166727,-0.012508207990979542,0.02612654705340582,17961,139,0.8011656700967124,False
omit_top_2_joint,Cirsium vulgare|Cirsium arvense,taxon_mean_only,shape_solidity_median,chelsa_bio01,ok,-0.003719710543655731,0.006697328810753929,-0.5554021086261998,0.5786196506254033,-0.016846233805355902,0.009406812718044442,17961,139,0.8011656700967124,False
omit_top_2_joint,Cirsium vulgare|Cirsium arvense,taxon_mean_only,shape_solidity_median,chelsa_bio04,ok,0.010777195850706415,0.005844258413111334,1.844065592056685,0.06517358164160733,-0.0006773401553370091,0.02223173185674984,17961,139,0.2841089256838254,False
omit_top_2_joint,Cirsium vulgare|Cirsium arvense,taxon_mean_only,shape_solidity_median,chelsa_bio12,ok,-0.011193567392672406,0.00682712949305429,-1.6395715657745171,0.10109427923110717,-0.024574495316850013,0.0021873605315051985,17961,139,0.30328283769332154,False
omit_top_2_joint,Cirsium vulgare|Cirsium arvense,taxon_mean_only,shape_solidity_median,chelsa_bio15,ok,0.004980539279156278,0.008504645173104066,0.5856257583687594,0.5581270346993071,-0.011688258961420107,0.02164933751973266,17961,139,0.8011656700967124,False
omit_top_2_joint,Cirsium vulgare|Cirsium arvense,taxon_mean_only,shape_width_cv_median,chelsa_bio01,ok,-0.0008424313951930877,0.007704987864590726,-0.10933584971166414,0.9129361130696101,-0.01594393011110909,0.014259067320722914,17961,139,0.9666382373678225,False
omit_top_2_joint,Cirsium vulgare|Cirsium arvense,taxon_mean_only,shape_width_cv_median,chelsa_bio04,ok,-0.018533400043859092,0.007857896796850325,-2.3585700503584905,0.018345496981573315,-0.033934594759918384,-0.003132205327799802,17961,139,0.16370524693619307,False
omit_top_2_joint,Cirsium vulgare|Cirsium arvense,taxon_mean_only,shape_width_cv_median,chelsa_bio12,ok,0.006401935945422905,0.00918301760366033,0.6971494798040143,0.4857092515462712,-0.011596447827148654,0.024400319717994463,17961,139,0.8011656700967124,False
omit_top_2_joint,Cirsium vulgare|Cirsium arvense,taxon_mean_only,shape_width_cv_median,chelsa_bio15,ok,0.00010381669271297125,0.007263478997942315,0.014292970729643698,0.9885962476050175,-0.014132340545717046,0.01433997393114299,17961,139,0.9918508874123853,False
omit_top_2_joint,Cirsium vulgare|Cirsium arvense,taxon_specific_cyclic_doy,orientation_angle_degrees_median,chelsa_bio01,ok,0.010114887336005747,0.009456914969267738,1.0695757938901038,0.28481029564669,-0.00842032540861673,0.028650100080628224,17095,140,0.572436999735616,False
omit_top_2_joint,Cirsium vulgare|Cirsium arvense,taxon_specific_cyclic_doy,orientation_angle_degrees_median,chelsa_bio04,ok,0.00501500965938855,0.006704913344711465,0.7479603988236723,0.45448404444472945,-0.008126379015707914,0.018156398334485013,17095,140,0.7206738084787083,False
omit_top_2_joint,Cirsium vulgare|Cirsium arvense,taxon_specific_cyclic_doy,orientation_angle_degrees_median,chelsa_bio12,ok,0.0030991344082249243,0.009887648339243084,0.3134349343639954,0.7539502465744046,-0.016280300228488802,0.022478569044938647,17095,140,0.935938237126847,False
omit_top_2_joint,Cirsium vulgare|Cirsium arvense,taxon_specific_cyclic_doy,orientation_angle_degrees_median,chelsa_bio15,ok,-0.006651122028250723,0.010111554199426262,-0.6577744525790222,0.5106830728084201,-0.026469404086850935,0.013167160030349487,17095,140,0.7353836248441249,False
omit_top_2_joint,Cirsium vulgare|Cirsium arvense,taxon_specific_cyclic_doy,corolla_lab_lightness_median,chelsa_bio01,ok,0.044526408415127394,0.03122835277347884,1.425832759675436,0.15391662226606737,-0.01668003831740264,0.10573285514765743,18723,141,0.415301542029544,False
omit_top_2_joint,Cirsium vulgare|Cirsium arvense,taxon_specific_cyclic_doy,corolla_lab_lightness_median,chelsa_bio04,ok,0.012806233626986662,0.046153860064079115,0.2774683116256525,0.7814205345925276,-0.07765366984610991,0.10326613710008323,18723,141,0.937704641511033,False
omit_top_2_joint,Cirsium vulgare|Cirsium arvense,taxon_specific_cyclic_doy,corolla_lab_lightness_median,chelsa_bio12,ok,-0.02449508080421056,0.021501443400248028,-1.1392296018567758,0.2546074019465653,-0.06663713548432314,0.017646973875902014,18723,141,0.572436999735616,False
omit_top_2_joint,Cirsium vulgare|Cirsium arvense,taxon_specific_cyclic_doy,corolla_lab_lightness_median,chelsa_bio15,ok,-0.011394257738307363,0.030933206712272992,-0.3683503570868584,0.7126120084219514,-0.07202222882069508,0.04923371334408035,18723,141,0.9162154393996518,False
omit_top_2_joint,Cirsium vulgare|Cirsium arvense,taxon_specific_cyclic_doy,corolla_lab_chroma_median,chelsa_bio01,ok,0.00046668398326578896,0.018221420497166227,0.025611833245293203,0.9795669476020905,-0.03524664393833994,0.03618001190487152,18723,141,0.9795669476020905,False
omit_top_2_joint,Cirsium vulgare|Cirsium arvense,taxon_specific_cyclic_doy,corolla_lab_chroma_median,chelsa_bio04,ok,-0.026945478879239062,0.01977659790367465,-1.36249313509238,0.17304230917897667,-0.06570689850717171,0.01181594074869358,18723,141,0.415301542029544,False
omit_top_2_joint,Cirsium vulgare|Cirsium arvense,taxon_specific_cyclic_doy,corolla_lab_chroma_median,chelsa_bio12,ok,0.015876044987818857,0.011429312127180302,1.3890639096349184,0.16481331702405166,-0.006524995149521408,0.03827708512515912,18723,141,0.415301542029544,False
omit_top_2_joint,Cirsium vulgare|Cirsium arvense,taxon_specific_cyclic_doy,corolla_lab_chroma_median,chelsa_bio15,ok,0.018165804824206946,0.02461030397700149,0.7381381733920485,0.4604304887502858,-0.03006950461929883,0.06640111426771272,18723,141,0.7206738084787083,False
omit_top_2_joint,Cirsium vulgare|Cirsium arvense,taxon_specific_cyclic_doy,corolla_hue_sin_median,chelsa_bio01,ok,-0.03927304820340005,0.023827468241757067,-1.648225812534081,0.09930634183069888,-0.08597402780001583,0.007427931393215723,18718,141,0.3106802403701252,False
omit_top_2_joint,Cirsium vulgare|Cirsium arvense,taxon_specific_cyclic_doy,corolla_hue_sin_median,chelsa_bio04,ok,0.058250628070818454,0.020000264175472952,2.9124929330810194,0.0035855631359555874,0.019050830605604786,0.09745042553603211,18718,141,0.03227006822360029,True
omit_top_2_joint,Cirsium vulgare|Cirsium arvense,taxon_specific_cyclic_doy,corolla_hue_sin_median,chelsa_bio12,ok,-0.023375531869364155,0.01435989865321669,-1.6278340421384463,0.10356008012337506,-0.05152041605131409,0.004769352312585785,18718,141,0.3106802403701252,False
omit_top_2_joint,Cirsium vulgare|Cirsium arvense,taxon_specific_cyclic_doy,corolla_hue_sin_median,chelsa_bio15,ok,-0.005594135589249127,0.028364346645185,-0.19722420048052688,0.8436520932901066,-0.06118723345882124,0.04999896228032298,18718,141,0.9795669476020905,False
omit_top_2_joint,Cirsium vulgare|Cirsium arvense,taxon_specific_cyclic_doy,corolla_hue_cos_median,chelsa_bio01,ok,-0.002323651324835436,0.01458843347019172,-0.15928038672440809,0.8734479726070313,-0.03091645551726989,0.026269152867599017,18718,141,0.9795669476020905,False
omit_top_2_joint,Cirsium vulgare|Cirsium arvense,taxon_specific_cyclic_doy,corolla_hue_cos_median,chelsa_bio04,ok,-0.021015257985778663,0.019705734729542748,-1.0664539168018274,0.286218499867808,-0.05963778834458259,0.017607272373025264,18718,141,0.572436999735616,False
omit_top_2_joint,Cirsium vulgare|Cirsium arvense,taxon_specific_cyclic_doy,corolla_hue_cos_median,chelsa_bio12,ok,0.006897146784589192,0.01695581550659023,0.40677175225859663,0.6841756354684139,-0.02633564093683343,0.040129934506011815,18718,141,0.9122341806245519,False
omit_top_2_joint,Cirsium vulgare|Cirsium arvense,taxon_specific_cyclic_doy,corolla_hue_cos_median,chelsa_bio15,ok,0.008616504710776997,0.013006186819075963,0.6624927682984924,0.5076554679565946,-0.016875153030811458,0.03410816245236545,18718,141,0.7353836248441249,False
omit_top_2_joint,Cirsium vulgare|Cirsium arvense,taxon_specific_cyclic_doy,shape_aspect_ratio_median,chelsa_bio01,ok,-0.01508378818329599,0.007980738794691241,-1.8900240405474331,0.05875474491860994,-0.030725748790912423,0.0005581724243204425,17961,139,0.2115170817069958,False
omit_top_2_joint,Cirsium vulgare|Cirsium arvense,taxon_specific_cyclic_doy,shape_aspect_ratio_median,chelsa_bio04,ok,0.021942744097641634,0.004746373000640206,4.623055140142152,3.781291562278757e-06,0.012640023959193525,0.031245464236089746,17961,139,0.00013612649624203526,True
omit_top_2_joint,Cirsium vulgare|Cirsium arvense,taxon_specific_cyclic_doy,shape_aspect_ratio_median,chelsa_bio12,ok,-0.016617679779110783,0.0068415783149309295,-2.4289248787585573,0.015143669699494123,-0.030026926873785637,-0.0032084326844359287,17961,139,0.09086201819696474,False
omit_top_2_joint,Cirsium vulgare|Cirsium arvense,taxon_specific_cyclic_doy,shape_aspect_ratio_median,chelsa_bio15,ok,-0.0003312516297312398,0.007744856074272937,-0.04277053395886852,0.9658844529812062,-0.015510890600752468,0.014848387341289987,17961,139,0.9795669476020905,False
omit_top_2_joint,Cirsium vulgare|Cirsium arvense,taxon_specific_cyclic_doy,shape_circularity_median,chelsa_bio01,ok,-0.02987529008693391,0.015047816856804386,-1.9853571033744188,0.04710475498608439,-0.05936846917222523,-0.00038211100164259326,17961,139,0.18841901994433757,False
omit_top_2_joint,Cirsium vulgare|Cirsium arvense,taxon_specific_cyclic_doy,shape_circularity_median,chelsa_bio04,ok,0.03186416390479386,0.012840247277157935,2.481584911645618,0.01307995427634417,0.006697741688975814,0.057030586120611904,17961,139,0.09086201819696474,False
omit_top_2_joint,Cirsium vulgare|Cirsium arvense,taxon_specific_cyclic_doy,shape_circularity_median,chelsa_bio12,ok,-0.009833450167499296,0.00965517324503273,-1.018464393951531,0.3084573136374975,-0.028757241992258167,0.009090341657259575,17961,139,0.5844454363657847,False
omit_top_2_joint,Cirsium vulgare|Cirsium arvense,taxon_specific_cyclic_doy,shape_circularity_median,chelsa_bio15,ok,-0.0011919751460417547,0.013626229195804264,-0.08747652258841963,0.9302927461435946,-0.027898893614906294,0.025514943322822788,17961,139,0.9795669476020905,False
omit_top_2_joint,Cirsium vulgare|Cirsium arvense,taxon_specific_cyclic_doy,shape_solidity_median,chelsa_bio01,ok,-0.02874387764617094,0.013537461710487824,-2.1232841326452143,0.03373004952149492,-0.05527681504081707,-0.0022109402515248094,17961,139,0.15774658051891136,False
omit_top_2_joint,Cirsium vulgare|Cirsium arvense,taxon_specific_cyclic_doy,shape_solidity_median,chelsa_bio04,ok,0.021886788429173114,0.01038408230944605,2.1077248597368534,0.035054795670869186,0.0015343610901593467,0.042239215768186886,17961,139,0.15774658051891136,False
omit_top_2_joint,Cirsium vulgare|Cirsium arvense,taxon_specific_cyclic_doy,shape_solidity_median,chelsa_bio12,ok,-0.006223029011690934,0.0073980468937757775,-0.8411718796925409,0.40025165152462905,-0.020722934479429876,0.008276876456048009,17961,139,0.6973894982755344,False
omit_top_2_joint,Cirsium vulgare|Cirsium arvense,taxon_specific_cyclic_doy,shape_solidity_median,chelsa_bio15,ok,-0.0004335293764392246,0.012474099183790699,-0.03475436342550239,0.9722756113379565,-0.02488231451624948,0.02401525576337103,17961,139,0.9795669476020905,False
omit_top_2_joint,Cirsium vulgare|Cirsium arvense,taxon_specific_cyclic_doy,shape_width_cv_median,chelsa_bio01,ok,0.032729156846097784,0.009423962735201054,3.4729718023868577,0.0005147294310274273,0.01425852929345614,0.05119978439873943,17961,139,0.009265129758493692,True
omit_top_2_joint,Cirsium vulgare|Cirsium arvense,taxon_specific_cyclic_doy,shape_width_cv_median,chelsa_bio04,ok,-0.035575944633357184,0.010947856255330035,-3.2495809045754327,0.001155751973019759,-0.0570333486017256,-0.014118540664988771,17961,139,0.013869023676237107,True
omit_top_2_joint,Cirsium vulgare|Cirsium arvense,taxon_specific_cyclic_doy,shape_width_cv_median,chelsa_bio12,ok,0.006118800114034275,0.0114209950394609,0.5357501770111177,0.5921312200954136,-0.0162659388309197,0.028503539058988253,17961,139,0.8198739970551882,False
omit_top_2_joint,Cirsium vulgare|Cirsium arvense,taxon_specific_cyclic_doy,shape_width_cv_median,chelsa_bio15,ok,0.009130327046575152,0.011006766805683289,0.8295194408825627,0.4068105406607284,-0.01244253947879507,0.030703193571945377,17961,139,0.6973894982755344,False
