condition,metric_id,metric_kind,unit,exposure_stratum,scheduled_heads,scheduled_images,scheduled_components,baseline_usable_heads,paired_usable_heads,lost_usable_heads,gained_usable_heads,neither_usable_heads,paired_images,paired_components,mean_signed_change,mean_absolute_change,median_component_absolute_change,p95_component_absolute_change,spearman_paired_component_means,component_weighted_loss_fraction
baseline,orientation_image_vertical_angle,registered_endpoint,degrees,all_cached,2853,1759,1753,995,995,0,0,1858,794,793,0.0,0.0,0.0,0.0,0.9999999999999999,0.0
baseline,orientation_image_vertical_angle,registered_endpoint,degrees,recorded_development_exposed,1406,846,842,508,508,0,0,898,396,395,0.0,0.0,0.0,0.0,1.0,0.0
baseline,orientation_image_vertical_angle,registered_endpoint,degrees,no_recorded_development_exposure,1447,913,911,487,487,0,0,960,398,398,0.0,0.0,0.0,0.0,0.9999999999999999,0.0
baseline,corolla_lab_lightness,registered_endpoint,Lab L*,all_cached,2853,1759,1753,1250,1250,0,0,1603,977,975,0.0,0.0,0.0,0.0,1.0,0.0
baseline,corolla_lab_lightness,registered_endpoint,Lab L*,recorded_development_exposed,1406,846,842,623,623,0,0,783,471,469,0.0,0.0,0.0,0.0,1.0,0.0
baseline,corolla_lab_lightness,registered_endpoint,Lab L*,no_recorded_development_exposure,1447,913,911,627,627,0,0,820,506,506,0.0,0.0,0.0,0.0,0.9999999999999998,0.0
baseline,corolla_lab_chroma,registered_endpoint,Lab chroma,all_cached,2853,1759,1753,1250,1250,0,0,1603,977,975,0.0,0.0,0.0,0.0,1.0,0.0
baseline,corolla_lab_chroma,registered_endpoint,Lab chroma,recorded_development_exposed,1406,846,842,623,623,0,0,783,471,469,0.0,0.0,0.0,0.0,1.0,0.0
baseline,corolla_lab_chroma,registered_endpoint,Lab chroma,no_recorded_development_exposure,1447,913,911,627,627,0,0,820,506,506,0.0,0.0,0.0,0.0,1.0,0.0
baseline,corolla_hue_sin,registered_endpoint,unitless,all_cached,2853,1759,1753,1250,1250,0,0,1603,977,975,0.0,0.0,0.0,0.0,1.0,0.0
baseline,corolla_hue_sin,registered_endpoint,unitless,recorded_development_exposed,1406,846,842,623,623,0,0,783,471,469,0.0,0.0,0.0,0.0,1.0,0.0
baseline,corolla_hue_sin,registered_endpoint,unitless,no_recorded_development_exposure,1447,913,911,627,627,0,0,820,506,506,0.0,0.0,0.0,0.0,1.0,0.0
baseline,corolla_hue_cos,registered_endpoint,unitless,all_cached,2853,1759,1753,1250,1250,0,0,1603,977,975,0.0,0.0,0.0,0.0,1.0,0.0
baseline,corolla_hue_cos,registered_endpoint,unitless,recorded_development_exposed,1406,846,842,623,623,0,0,783,471,469,0.0,0.0,0.0,0.0,1.0,0.0
baseline,corolla_hue_cos,registered_endpoint,unitless,no_recorded_development_exposure,1447,913,911,627,627,0,0,820,506,506,0.0,0.0,0.0,0.0,1.0,0.0
baseline,visible_floret_fraction,registered_endpoint,fraction,all_cached,2853,1759,1753,1250,1250,0,0,1603,977,975,0.0,0.0,0.0,0.0,1.0,0.0
baseline,visible_floret_fraction,registered_endpoint,fraction,recorded_development_exposed,1406,846,842,623,623,0,0,783,471,469,0.0,0.0,0.0,0.0,1.0,0.0
baseline,visible_floret_fraction,registered_endpoint,fraction,no_recorded_development_exposure,1447,913,911,627,627,0,0,820,506,506,0.0,0.0,0.0,0.0,1.0,0.0
baseline,corolla_white_pixel_fraction,registered_endpoint,fraction,all_cached,2853,1759,1753,1250,1250,0,0,1603,977,975,0.0,0.0,0.0,0.0,0.9999999999999998,0.0
baseline,corolla_white_pixel_fraction,registered_endpoint,fraction,recorded_development_exposed,1406,846,842,623,623,0,0,783,471,469,0.0,0.0,0.0,0.0,1.0,0.0
baseline,corolla_white_pixel_fraction,registered_endpoint,fraction,no_recorded_development_exposure,1447,913,911,627,627,0,0,820,506,506,0.0,0.0,0.0,0.0,1.0,0.0
baseline,corolla_redmagenta_pixel_fraction,registered_endpoint,fraction,all_cached,2853,1759,1753,1250,1250,0,0,1603,977,975,0.0,0.0,0.0,0.0,1.0,0.0
baseline,corolla_redmagenta_pixel_fraction,registered_endpoint,fraction,recorded_development_exposed,1406,846,842,623,623,0,0,783,471,469,0.0,0.0,0.0,0.0,1.0,0.0
baseline,corolla_redmagenta_pixel_fraction,registered_endpoint,fraction,no_recorded_development_exposure,1447,913,911,627,627,0,0,820,506,506,0.0,0.0,0.0,0.0,0.9999999999999998,0.0
baseline,corolla_purple_pixel_fraction,registered_endpoint,fraction,all_cached,2853,1759,1753,1250,1250,0,0,1603,977,975,0.0,0.0,0.0,0.0,1.0,0.0
baseline,corolla_purple_pixel_fraction,registered_endpoint,fraction,recorded_development_exposed,1406,846,842,623,623,0,0,783,471,469,0.0,0.0,0.0,0.0,1.0,0.0
baseline,corolla_purple_pixel_fraction,registered_endpoint,fraction,no_recorded_development_exposure,1447,913,911,627,627,0,0,820,506,506,0.0,0.0,0.0,0.0,1.0,0.0
baseline,corolla_yellow_pixel_fraction,registered_endpoint,fraction,all_cached,2853,1759,1753,1250,1250,0,0,1603,977,975,0.0,0.0,0.0,0.0,0.9999999999999998,0.0
baseline,corolla_yellow_pixel_fraction,registered_endpoint,fraction,recorded_development_exposed,1406,846,842,623,623,0,0,783,471,469,0.0,0.0,0.0,0.0,0.9999999999999998,0.0
baseline,corolla_yellow_pixel_fraction,registered_endpoint,fraction,no_recorded_development_exposure,1447,913,911,627,627,0,0,820,506,506,0.0,0.0,0.0,0.0,1.0,0.0
baseline,capitulum_outline_aspect_ratio,registered_endpoint,ratio,all_cached,2853,1759,1753,1136,1136,0,0,1717,898,896,0.0,0.0,0.0,0.0,1.0,0.0
baseline,capitulum_outline_aspect_ratio,registered_endpoint,ratio,recorded_development_exposed,1406,846,842,580,580,0,0,826,447,445,0.0,0.0,0.0,0.0,1.0,0.0
baseline,capitulum_outline_aspect_ratio,registered_endpoint,ratio,no_recorded_development_exposure,1447,913,911,556,556,0,0,891,451,451,0.0,0.0,0.0,0.0,1.0,0.0
baseline,capitulum_outline_circularity,registered_endpoint,unitless,all_cached,2853,1759,1753,1136,1136,0,0,1717,898,896,0.0,0.0,0.0,0.0,1.0,0.0
baseline,capitulum_outline_circularity,registered_endpoint,unitless,recorded_development_exposed,1406,846,842,580,580,0,0,826,447,445,0.0,0.0,0.0,0.0,0.9999999999999998,0.0
baseline,capitulum_outline_circularity,registered_endpoint,unitless,no_recorded_development_exposure,1447,913,911,556,556,0,0,891,451,451,0.0,0.0,0.0,0.0,0.9999999999999998,0.0
baseline,capitulum_outline_solidity,registered_endpoint,unitless,all_cached,2853,1759,1753,1136,1136,0,0,1717,898,896,0.0,0.0,0.0,0.0,1.0,0.0
baseline,capitulum_outline_solidity,registered_endpoint,unitless,recorded_development_exposed,1406,846,842,580,580,0,0,826,447,445,0.0,0.0,0.0,0.0,1.0,0.0
baseline,capitulum_outline_solidity,registered_endpoint,unitless,no_recorded_development_exposure,1447,913,911,556,556,0,0,891,451,451,0.0,0.0,0.0,0.0,1.0,0.0
baseline,capitulum_width_profile_cv,registered_endpoint,unitless,all_cached,2853,1759,1753,1136,1136,0,0,1717,898,896,0.0,0.0,0.0,0.0,1.0,0.0
baseline,capitulum_width_profile_cv,registered_endpoint,unitless,recorded_development_exposed,1406,846,842,580,580,0,0,826,447,445,0.0,0.0,0.0,0.0,1.0,0.0
baseline,capitulum_width_profile_cv,registered_endpoint,unitless,no_recorded_development_exposure,1447,913,911,556,556,0,0,891,451,451,0.0,0.0,0.0,0.0,1.0,0.0
baseline,involucre_length_width_ratio,registered_endpoint,ratio,all_cached,2853,1759,1753,160,160,0,0,2693,149,148,0.0,0.0,0.0,0.0,1.0,0.0
baseline,involucre_length_width_ratio,registered_endpoint,ratio,recorded_development_exposed,1406,846,842,74,74,0,0,1332,69,68,0.0,0.0,0.0,0.0,1.0,0.0
baseline,involucre_length_width_ratio,registered_endpoint,ratio,no_recorded_development_exposure,1447,913,911,86,86,0,0,1361,80,80,0.0,0.0,0.0,0.0,1.0,0.0
baseline,involucre_apical_taper_ratio,registered_endpoint,ratio,all_cached,2853,1759,1753,160,160,0,0,2693,149,148,0.0,0.0,0.0,0.0,1.0,0.0
baseline,involucre_apical_taper_ratio,registered_endpoint,ratio,recorded_development_exposed,1406,846,842,74,74,0,0,1332,69,68,0.0,0.0,0.0,0.0,1.0,0.0
baseline,involucre_apical_taper_ratio,registered_endpoint,ratio,no_recorded_development_exposure,1447,913,911,86,86,0,0,1361,80,80,0.0,0.0,0.0,0.0,1.0,0.0
baseline,involucre_basal_taper_ratio,registered_endpoint,ratio,all_cached,2853,1759,1753,160,160,0,0,2693,149,148,0.0,0.0,0.0,0.0,1.0,0.0
baseline,involucre_basal_taper_ratio,registered_endpoint,ratio,recorded_development_exposed,1406,846,842,74,74,0,0,1332,69,68,0.0,0.0,0.0,0.0,1.0,0.0
baseline,involucre_basal_taper_ratio,registered_endpoint,ratio,no_recorded_development_exposure,1447,913,911,86,86,0,0,1361,80,80,0.0,0.0,0.0,0.0,1.0,0.0
baseline,bract_projection_roughness,registered_endpoint,relative,all_cached,2853,1759,1753,160,160,0,0,2693,149,148,0.0,0.0,0.0,0.0,1.0,0.0
baseline,bract_projection_roughness,registered_endpoint,relative,recorded_development_exposed,1406,846,842,74,74,0,0,1332,69,68,0.0,0.0,0.0,0.0,1.0,0.0
baseline,bract_projection_roughness,registered_endpoint,relative,no_recorded_development_exposure,1447,913,911,86,86,0,0,1361,80,80,0.0,0.0,0.0,0.0,1.0,0.0
baseline,bract_projection_p95,registered_endpoint,relative,all_cached,2853,1759,1753,160,160,0,0,2693,149,148,0.0,0.0,0.0,0.0,1.0,0.0
baseline,bract_projection_p95,registered_endpoint,relative,recorded_development_exposed,1406,846,842,74,74,0,0,1332,69,68,0.0,0.0,0.0,0.0,1.0,0.0
baseline,bract_projection_p95,registered_endpoint,relative,no_recorded_development_exposure,1447,913,911,86,86,0,0,1361,80,80,0.0,0.0,0.0,0.0,1.0,0.0
baseline,bract_projection_maximum,registered_endpoint,relative,all_cached,2853,1759,1753,160,160,0,0,2693,149,148,0.0,0.0,0.0,0.0,1.0,0.0
baseline,bract_projection_maximum,registered_endpoint,relative,recorded_development_exposed,1406,846,842,74,74,0,0,1332,69,68,0.0,0.0,0.0,0.0,1.0,0.0
baseline,bract_projection_maximum,registered_endpoint,relative,no_recorded_development_exposure,1447,913,911,86,86,0,0,1361,80,80,0.0,0.0,0.0,0.0,1.0,0.0
baseline,bract_spread_fraction,registered_endpoint,fraction,all_cached,2853,1759,1753,160,160,0,0,2693,149,148,0.0,0.0,0.0,0.0,0.9999999999999999,0.0
baseline,bract_spread_fraction,registered_endpoint,fraction,recorded_development_exposed,1406,846,842,74,74,0,0,1332,69,68,0.0,0.0,0.0,0.0,1.0,0.0
baseline,bract_spread_fraction,registered_endpoint,fraction,no_recorded_development_exposure,1447,913,911,86,86,0,0,1361,80,80,0.0,0.0,0.0,0.0,1.0,0.0
baseline,bract_projection_peak_density,registered_endpoint,peaks per valid bin,all_cached,2853,1759,1753,160,160,0,0,2693,149,148,0.0,0.0,0.0,0.0,0.9999999999999999,0.0
baseline,bract_projection_peak_density,registered_endpoint,peaks per valid bin,recorded_development_exposed,1406,846,842,74,74,0,0,1332,69,68,0.0,0.0,0.0,0.0,1.0,0.0
baseline,bract_projection_peak_density,registered_endpoint,peaks per valid bin,no_recorded_development_exposure,1447,913,911,86,86,0,0,1361,80,80,0.0,0.0,0.0,0.0,1.0,0.0
baseline,bract_projection_asymmetry,registered_endpoint,relative,all_cached,2853,1759,1753,160,160,0,0,2693,149,148,0.0,0.0,0.0,0.0,1.0,0.0
baseline,bract_projection_asymmetry,registered_endpoint,relative,recorded_development_exposed,1406,846,842,74,74,0,0,1332,69,68,0.0,0.0,0.0,0.0,1.0,0.0
baseline,bract_projection_asymmetry,registered_endpoint,relative,no_recorded_development_exposure,1447,913,911,86,86,0,0,1361,80,80,0.0,0.0,0.0,0.0,1.0,0.0
baseline,involucre_surface_edge_density,registered_endpoint,fraction,all_cached,2853,1759,1753,53,53,0,0,2800,50,50,0.0,0.0,0.0,0.0,0.9999999999999999,0.0
baseline,involucre_surface_edge_density,registered_endpoint,fraction,recorded_development_exposed,1406,846,842,27,27,0,0,1379,24,24,0.0,0.0,0.0,0.0,0.9999999999999999,0.0
baseline,involucre_surface_edge_density,registered_endpoint,fraction,no_recorded_development_exposure,1447,913,911,26,26,0,0,1421,26,26,0.0,0.0,0.0,0.0,0.9999999999999999,0.0
baseline,involucre_surface_lbp_entropy,registered_endpoint,normalized entropy,all_cached,2853,1759,1753,53,53,0,0,2800,50,50,0.0,0.0,0.0,0.0,0.9999999999999999,0.0
baseline,involucre_surface_lbp_entropy,registered_endpoint,normalized entropy,recorded_development_exposed,1406,846,842,27,27,0,0,1379,24,24,0.0,0.0,0.0,0.0,0.9999999999999999,0.0
baseline,involucre_surface_lbp_entropy,registered_endpoint,normalized entropy,no_recorded_development_exposure,1447,913,911,26,26,0,0,1421,26,26,0.0,0.0,0.0,0.0,0.9999999999999999,0.0
baseline,involucre_surface_high_frequency_energy,registered_endpoint,relative,all_cached,2853,1759,1753,53,53,0,0,2800,50,50,0.0,0.0,0.0,0.0,0.9999999999999999,0.0
baseline,involucre_surface_high_frequency_energy,registered_endpoint,relative,recorded_development_exposed,1406,846,842,27,27,0,0,1379,24,24,0.0,0.0,0.0,0.0,1.0,0.0
baseline,involucre_surface_high_frequency_energy,registered_endpoint,relative,no_recorded_development_exposure,1447,913,911,26,26,0,0,1421,26,26,0.0,0.0,0.0,0.0,0.9999999999999999,0.0
baseline,involucre_surface_specular_fraction,registered_endpoint,fraction,all_cached,2853,1759,1753,53,53,0,0,2800,50,50,0.0,0.0,0.0,0.0,1.0,0.0
baseline,involucre_surface_specular_fraction,registered_endpoint,fraction,recorded_development_exposed,1406,846,842,27,27,0,0,1379,24,24,0.0,0.0,0.0,0.0,1.0,0.0
baseline,involucre_surface_specular_fraction,registered_endpoint,fraction,no_recorded_development_exposure,1447,913,911,26,26,0,0,1421,26,26,0.0,0.0,0.0,0.0,0.9999999999999999,0.0
baseline,joint_hue_angular_change,joint_diagnostic_not_additional_endpoint,degrees,all_cached,2853,1759,1753,1250,1250,0,0,1603,977,975,,0.0,0.0,0.0,,0.0
baseline,joint_hue_angular_change,joint_diagnostic_not_additional_endpoint,degrees,recorded_development_exposed,1406,846,842,623,623,0,0,783,471,469,,0.0,0.0,0.0,,0.0
baseline,joint_hue_angular_change,joint_diagnostic_not_additional_endpoint,degrees,no_recorded_development_exposure,1447,913,911,627,627,0,0,820,506,506,,0.0,0.0,0.0,,0.0
baseline,joint_colour_composition_total_variation,joint_diagnostic_not_additional_endpoint,fraction,all_cached,2853,1759,1753,1250,1250,0,0,1603,977,975,,0.0,0.0,0.0,,0.0
baseline,joint_colour_composition_total_variation,joint_diagnostic_not_additional_endpoint,fraction,recorded_development_exposed,1406,846,842,623,623,0,0,783,471,469,,0.0,0.0,0.0,,0.0
baseline,joint_colour_composition_total_variation,joint_diagnostic_not_additional_endpoint,fraction,no_recorded_development_exposure,1447,913,911,627,627,0,0,820,506,506,,0.0,0.0,0.0,,0.0
bbox_left_5pct,orientation_image_vertical_angle,registered_endpoint,degrees,all_cached,2853,1759,1753,995,919,76,72,1786,747,746,-0.366137211369646,4.95292959559119,2.4019598179553086,16.69350141342693,0.9720900696186692,0.07255149222362337
bbox_left_5pct,orientation_image_vertical_angle,registered_endpoint,degrees,recorded_development_exposed,1406,846,842,508,473,35,34,864,374,373,-0.3712431614492734,5.220430111776265,2.3778192477336297,17.10162545555787,0.9667432216256814,0.06729957805907173
bbox_left_5pct,orientation_image_vertical_angle,registered_endpoint,degrees,no_recorded_development_exposure,1447,913,911,487,446,41,38,922,373,373,-0.36103126129001845,4.685429079406114,2.4034294289946274,16.233599426188377,0.9756564942299357,0.07776381909547739
bbox_left_5pct,corolla_lab_lightness,registered_endpoint,Lab L*,all_cached,2853,1759,1753,1250,1226,24,11,1592,960,958,0.008923792789276061,0.2942267716553117,0.0,1.1764678955078125,0.9975779134714979,0.020427350427350426
bbox_left_5pct,corolla_lab_lightness,registered_endpoint,Lab L*,recorded_development_exposed,1406,846,842,623,609,14,7,776,462,460,0.00994594477225041,0.33660125248674033,0.196075439453125,1.1764717102050781,0.9968367404927491,0.02398720682302772
bbox_left_5pct,corolla_lab_lightness,registered_endpoint,Lab L*,no_recorded_development_exposure,1447,913,911,627,617,10,4,816,498,498,0.007979636339139111,0.2550856849435503,0.0,0.813727760314937,0.9983403265924491,0.017127799736495388
bbox_left_5pct,corolla_lab_chroma,registered_endpoint,Lab chroma,all_cached,2853,1759,1753,1250,1226,24,11,1592,960,958,-0.00474989361122572,0.24222939814140834,0.09128618240356445,1.0326093077659606,0.9987136199041355,0.020427350427350426
bbox_left_5pct,corolla_lab_chroma,registered_endpoint,Lab chroma,recorded_development_exposed,1406,846,842,623,609,14,7,776,462,460,0.021640815078348353,0.2681067468463511,0.11236011981964111,1.0817923307418813,0.9982943675262592,0.02398720682302772
bbox_left_5pct,corolla_lab_chroma,registered_endpoint,Lab chroma,no_recorded_development_exposure,1447,913,911,627,617,10,4,816,498,498,-0.02912685344496884,0.21832662624527654,0.07507991790771484,0.932318592071533,0.9989637847646443,0.017127799736495388
bbox_left_5pct,corolla_hue_sin,registered_endpoint,unitless,all_cached,2853,1759,1753,1250,1226,24,11,1592,960,958,-0.0016548144665493136,0.011418668203340589,0.0030294840397804904,0.04172503120805665,0.9967547532073636,0.020427350427350426
bbox_left_5pct,corolla_hue_sin,registered_endpoint,unitless,recorded_development_exposed,1406,846,842,623,609,14,7,776,462,460,-0.0036393376535510686,0.014402453622127645,0.003504058362789257,0.04892031204752487,0.9934929009486156,0.02398720682302772
bbox_left_5pct,corolla_hue_sin,registered_endpoint,unitless,no_recorded_development_exposure,1447,913,911,627,617,10,4,816,498,498,0.00017827924031977874,0.008662561190003146,0.002692286326749893,0.03510089043463587,0.9994268433111161,0.017127799736495388
bbox_left_5pct,corolla_hue_cos,registered_endpoint,unitless,all_cached,2853,1759,1753,1250,1226,24,11,1592,960,958,4.8916336168900284e-05,0.008539731146017068,0.002761285191957563,0.03285141505560292,0.9967596257248696,0.020427350427350426
bbox_left_5pct,corolla_hue_cos,registered_endpoint,unitless,recorded_development_exposed,1406,846,842,623,609,14,7,776,462,460,-7.987363595978615e-05,0.010244180204394679,0.003273831123523363,0.03273234608934266,0.9951969445076281,0.02398720682302772
bbox_left_5pct,corolla_hue_cos,registered_endpoint,unitless,no_recorded_development_exposure,1447,913,911,627,617,10,4,816,498,498,0.00016787896102672255,0.006965340449523693,0.002541266249969143,0.03320444704351859,0.998010517653571,0.017127799736495388
bbox_left_5pct,visible_floret_fraction,registered_endpoint,fraction,all_cached,2853,1759,1753,1250,1226,24,11,1592,960,958,0.0003752917544398588,0.009095312051298444,0.005501581621304416,0.02959939557856446,0.9961686453102678,0.020427350427350426
bbox_left_5pct,visible_floret_fraction,registered_endpoint,fraction,recorded_development_exposed,1406,846,842,623,609,14,7,776,462,460,0.0009908076566582254,0.008837716512613123,0.005658868258792388,0.02863365256372278,0.9969515348658877,0.02398720682302772
bbox_left_5pct,visible_floret_fraction,registered_endpoint,fraction,no_recorded_development_exposure,1447,913,911,627,617,10,4,816,498,498,-0.00019325707090240754,0.00933325170550577,0.005102652683402625,0.031300662384463024,0.995209152396087,0.017127799736495388
bbox_left_5pct,corolla_white_pixel_fraction,registered_endpoint,fraction,all_cached,2853,1759,1753,1250,1226,24,11,1592,960,958,0.00022778323389271285,0.003827399674447668,0.001336042701794389,0.014184436246943984,0.9979005589944908,0.020427350427350426
bbox_left_5pct,corolla_white_pixel_fraction,registered_endpoint,fraction,recorded_development_exposed,1406,846,842,623,609,14,7,776,462,460,1.458636698652383e-05,0.0041097594143398,0.0014425026972738966,0.014231952599981987,0.9987575347111737,0.02398720682302772
bbox_left_5pct,corolla_white_pixel_fraction,registered_endpoint,fraction,no_recorded_development_exposure,1447,913,911,627,617,10,4,816,498,498,0.0004247120667779477,0.003566585456876621,0.0012887043340185159,0.014154604277223455,0.996839913858407,0.017127799736495388
bbox_left_5pct,corolla_redmagenta_pixel_fraction,registered_endpoint,fraction,all_cached,2853,1759,1753,1250,1226,24,11,1592,960,958,0.0007009140312757699,0.003766806575592862,0.0010005008578076787,0.01694049548942724,0.9993200499551068,0.020427350427350426
bbox_left_5pct,corolla_redmagenta_pixel_fraction,registered_endpoint,fraction,recorded_development_exposed,1406,846,842,623,609,14,7,776,462,460,0.00021696869820151104,0.0041082240515057065,0.001250190116297109,0.01789825758991777,0.9992408133420552,0.02398720682302772
bbox_left_5pct,corolla_redmagenta_pixel_fraction,registered_endpoint,fraction,no_recorded_development_exposure,1447,913,911,627,617,10,4,816,498,498,0.0011479318088142422,0.0034514410355930467,0.0007794470810903157,0.01667846986407668,0.9992941875342364,0.017127799736495388
bbox_left_5pct,corolla_purple_pixel_fraction,registered_endpoint,fraction,all_cached,2853,1759,1753,1250,1226,24,11,1592,960,958,-0.0002008519843129681,0.004484100713958631,0.000505279689529872,0.021358593067066643,0.9987046279112859,0.020427350427350426
bbox_left_5pct,corolla_purple_pixel_fraction,registered_endpoint,fraction,recorded_development_exposed,1406,846,842,623,609,14,7,776,462,460,8.584373125275035e-05,0.004598290466571442,0.0007996058725740843,0.02140270493904905,0.998000543167699,0.02398720682302772
bbox_left_5pct,corolla_purple_pixel_fraction,registered_endpoint,fraction,no_recorded_development_exposure,1447,913,911,627,617,10,4,816,498,498,-0.0004656713199760816,0.0043786242356415785,0.00030654141392783777,0.020970280243058772,0.999406149087689,0.017127799736495388
bbox_left_5pct,corolla_yellow_pixel_fraction,registered_endpoint,fraction,all_cached,2853,1759,1753,1250,1226,24,11,1592,960,958,-0.000727845280855515,0.007017437146790141,0.0031392687052435725,0.027409351906868246,0.9984997408418805,0.020427350427350426
bbox_left_5pct,corolla_yellow_pixel_fraction,registered_endpoint,fraction,recorded_development_exposed,1406,846,842,623,609,14,7,776,462,460,-0.0003173987964407843,0.007623765584575927,0.0037433058497633176,0.028115052925421394,0.998510315494345,0.02398720682302772
bbox_left_5pct,corolla_yellow_pixel_fraction,registered_endpoint,fraction,no_recorded_development_exposure,1447,913,911,627,617,10,4,816,498,498,-0.0011069725556161092,0.006457374734377568,0.0027112160007889963,0.026580966078439232,0.9983968073825804,0.017127799736495388
bbox_left_5pct,capitulum_outline_aspect_ratio,registered_endpoint,ratio,all_cached,2853,1759,1753,1136,1101,35,44,1673,870,868,0.001922340891441432,0.04515541869480184,0.027816809851717583,0.1426623518651077,0.8650284599996263,0.03515625
bbox_left_5pct,capitulum_outline_aspect_ratio,registered_endpoint,ratio,recorded_development_exposed,1406,846,842,580,559,21,20,806,429,427,-0.0012903767822304126,0.04440576379122623,0.026342219384361654,0.14109039491411407,0.8700305886207406,0.043820224719101124
bbox_left_5pct,capitulum_outline_aspect_ratio,registered_endpoint,ratio,no_recorded_development_exposure,1447,913,911,556,542,14,24,867,441,441,0.005033067527853853,0.04588127503000995,0.029201101928374662,0.1499999999999999,0.8592999932130968,0.026607538802660754
bbox_left_5pct,capitulum_outline_circularity,registered_endpoint,unitless,all_cached,2853,1759,1753,1136,1101,35,44,1673,870,868,-0.0028621887895202425,0.03137307839343243,0.02056986482997364,0.09748963593702906,0.8984481798215761,0.03515625
bbox_left_5pct,capitulum_outline_circularity,registered_endpoint,unitless,recorded_development_exposed,1406,846,842,580,559,21,20,806,429,427,-0.0017658342429980566,0.03192585841786556,0.021671537799671486,0.09877652286513627,0.8879699030245561,0.043820224719101124
bbox_left_5pct,capitulum_outline_circularity,registered_endpoint,unitless,no_recorded_development_exposure,1447,913,911,556,542,14,24,867,441,441,-0.003923738429803629,0.030837846941203523,0.019667952291063828,0.09362023720570906,0.9078061485583884,0.026607538802660754
bbox_left_5pct,capitulum_outline_solidity,registered_endpoint,unitless,all_cached,2853,1759,1753,1136,1101,35,44,1673,870,868,-0.0011236233829423124,0.018419026924614196,0.012037384579744265,0.05825385477113116,0.9271269376079312,0.03515625
bbox_left_5pct,capitulum_outline_solidity,registered_endpoint,unitless,recorded_development_exposed,1406,846,842,580,559,21,20,806,429,427,-0.0006928133976544517,0.019273472895729483,0.01266214584257308,0.060234766231588355,0.9168971457077876,0.043820224719101124
bbox_left_5pct,capitulum_outline_solidity,registered_endpoint,unitless,no_recorded_development_exposure,1447,913,911,556,542,14,24,867,441,441,-0.0015407568607607172,0.017591706222423203,0.011753959109423284,0.056426785018725556,0.9365319751977713,0.026607538802660754
bbox_left_5pct,capitulum_width_profile_cv,registered_endpoint,unitless,all_cached,2853,1759,1753,1136,1101,35,44,1673,870,868,0.001518653838971785,0.028484871932085924,0.01774285109419871,0.09293858502183298,0.8933392232122684,0.03515625
bbox_left_5pct,capitulum_width_profile_cv,registered_endpoint,unitless,recorded_development_exposed,1406,846,842,580,559,21,20,806,429,427,0.001768437660384865,0.027555908650539647,0.01749936726395246,0.09087440435726353,0.8972516766391705,0.043820224719101124
bbox_left_5pct,capitulum_width_profile_cv,registered_endpoint,unitless,no_recorded_development_exposure,1447,913,911,556,542,14,24,867,441,441,0.0012767996626829301,0.029384344315805336,0.01800438690781092,0.0995471843799933,0.88954149749143,0.026607538802660754
bbox_left_5pct,involucre_length_width_ratio,registered_endpoint,ratio,all_cached,2853,1759,1753,160,136,24,12,2681,125,124,-0.0004578513598840273,0.03877620009436718,0.009740007412693735,0.15148137010881846,0.9858001573564121,0.16216216216216217
bbox_left_5pct,involucre_length_width_ratio,registered_endpoint,ratio,recorded_development_exposed,1406,846,842,74,65,9,8,1324,60,59,-0.002018800723343408,0.03649317021889188,0.0040963262673154865,0.15721837226609345,0.9869666861484514,0.1323529411764706
bbox_left_5pct,involucre_length_width_ratio,registered_endpoint,ratio,no_recorded_development_exposure,1447,913,911,86,71,15,4,1357,65,65,0.0009590103700252595,0.04084848875056781,0.013675817550703684,0.1458506886239998,0.9857517482517482,0.1875
bbox_left_5pct,involucre_apical_taper_ratio,registered_endpoint,ratio,all_cached,2853,1759,1753,160,136,24,12,2681,125,124,0.0040064500449282425,0.05421680514041353,0.013552898702285598,0.24858103034764056,0.941878835562549,0.16216216216216217
bbox_left_5pct,involucre_apical_taper_ratio,registered_endpoint,ratio,recorded_development_exposed,1406,846,842,74,65,9,8,1324,60,59,0.0034144761705046946,0.04962097961145601,0.012845698202684774,0.2037552172526194,0.9448275862068967,0.1323529411764706
bbox_left_5pct,involucre_apical_taper_ratio,registered_endpoint,ratio,no_recorded_development_exposure,1447,913,911,86,71,15,4,1357,65,65,0.004543780177097307,0.05838840062054422,0.014260099201886423,0.2708852005634809,0.938243006993007,0.1875
bbox_left_5pct,involucre_basal_taper_ratio,registered_endpoint,ratio,all_cached,2853,1759,1753,160,136,24,12,2681,125,124,0.007008893585253752,0.04958165225701611,0.009726624610249646,0.23087656671246903,0.9128182533438237,0.16216216216216217
bbox_left_5pct,involucre_basal_taper_ratio,registered_endpoint,ratio,recorded_development_exposed,1406,846,842,74,65,9,8,1324,60,59,-0.012095526360313507,0.04265845817208802,0.009920796135596932,0.23753091709652913,0.942957334891876,0.1323529411764706
bbox_left_5pct,involucre_basal_taper_ratio,registered_endpoint,ratio,no_recorded_development_exposure,1447,913,911,86,71,15,4,1357,65,65,0.024349828612768652,0.055865782272566236,0.009257954159243575,0.22321804239411502,0.8988199300699301,0.1875
bbox_left_5pct,bract_projection_roughness,registered_endpoint,relative,all_cached,2853,1759,1753,160,136,24,12,2681,125,124,0.001420008518596127,0.014992376205191517,0.005886497191561563,0.06697154052466826,0.8476664044059795,0.16216216216216217
bbox_left_5pct,bract_projection_roughness,registered_endpoint,relative,recorded_development_exposed,1406,846,842,74,65,9,8,1324,60,59,-0.00036596718616478744,0.015130712680634999,0.00410301468062492,0.06777724953503059,0.8696084161309178,0.1323529411764706
bbox_left_5pct,bract_projection_roughness,registered_endpoint,relative,no_recorded_development_exposure,1447,913,911,86,71,15,4,1357,65,65,0.0030411249275329568,0.014866809250558197,0.0059454492528581565,0.06583019542032233,0.8161276223776224,0.1875
bbox_left_5pct,bract_projection_p95,registered_endpoint,relative,all_cached,2853,1759,1753,160,136,24,12,2681,125,124,0.0026271127983337715,0.025646741559982842,0.007668526401840001,0.09808417134621854,0.8561384736428008,0.16216216216216217
bbox_left_5pct,bract_projection_p95,registered_endpoint,relative,recorded_development_exposed,1406,846,842,74,65,9,8,1324,60,59,0.0021565897884487303,0.02640545742262402,0.004784408971015994,0.13399542358028835,0.8822326125073058,0.1323529411764706
bbox_left_5pct,bract_projection_p95,registered_endpoint,relative,no_recorded_development_exposure,1447,913,911,86,71,15,4,1357,65,65,0.0030542029149986565,0.0249580610077393,0.011921737472381733,0.07757441121878965,0.8212849650349651,0.1875
bbox_left_5pct,bract_projection_maximum,registered_endpoint,relative,all_cached,2853,1759,1753,160,136,24,12,2681,125,124,0.005139354848528895,0.030669473502648932,0.007754416112996668,0.1582245983730285,0.8793579858379228,0.16216216216216217
bbox_left_5pct,bract_projection_maximum,registered_endpoint,relative,recorded_development_exposed,1406,846,842,74,65,9,8,1324,60,59,0.010599852825644735,0.03198703047129418,0.005273655831099067,0.16452363319414906,0.8948568088836939,0.1323529411764706
bbox_left_5pct,bract_projection_maximum,registered_endpoint,relative,no_recorded_development_exposure,1447,913,911,86,71,15,4,1357,65,65,0.00018290283853144359,0.029473537177263257,0.00892641751962478,0.11238343703510542,0.8453671328671328,0.1875
bbox_left_5pct,bract_spread_fraction,registered_endpoint,fraction,all_cached,2853,1759,1753,160,136,24,12,2681,125,124,-0.00430035017092274,0.03340465746456179,0.01904934687953555,0.10140282422891118,0.8062183601910846,0.16216216216216217
bbox_left_5pct,bract_spread_fraction,registered_endpoint,fraction,recorded_development_exposed,1406,846,842,74,65,9,8,1324,60,59,-0.009601089914035322,0.031803545498810766,0.02040816326530609,0.0961270703933747,0.8134753641909712,0.1323529411764706
bbox_left_5pct,bract_spread_fraction,registered_endpoint,fraction,no_recorded_development_exposure,1447,913,911,86,71,15,4,1357,65,65,0.0005110905189794469,0.034857974479628094,0.018867924528301883,0.11007477218481185,0.778236733980243,0.1875
bbox_left_5pct,bract_projection_peak_density,registered_endpoint,peaks per valid bin,all_cached,2853,1759,1753,160,136,24,12,2681,125,124,-0.0008433417966212704,0.012726655951044812,0.004655721636853717,0.038034930284170404,0.4814310540666846,0.16216216216216217
bbox_left_5pct,bract_projection_peak_density,registered_endpoint,peaks per valid bin,recorded_development_exposed,1406,846,842,74,65,9,8,1324,60,59,-0.002014174267508108,0.011741696234134666,0.0034976682211858706,0.03978675158006457,0.42208675062621953,0.1323529411764706
bbox_left_5pct,bract_projection_peak_density,registered_endpoint,peaks per valid bin,no_recorded_development_exposure,1447,913,911,86,71,15,4,1357,65,65,0.00021941383079909056,0.01362069630947094,0.0063492063492063405,0.036752136752136746,0.5004044781556112,0.1875
bbox_left_5pct,bract_projection_asymmetry,registered_endpoint,relative,all_cached,2853,1759,1753,160,136,24,12,2681,125,124,-0.0009826179345061323,0.01002558185769197,0.003033262433184172,0.04617021476249724,0.6865649095200628,0.16216216216216217
bbox_left_5pct,bract_projection_asymmetry,registered_endpoint,relative,recorded_development_exposed,1406,846,842,74,65,9,8,1324,60,59,-0.0014900095789759117,0.011439814580740053,0.002500673506180648,0.05080520272282769,0.6602571595558155,0.1323529411764706
bbox_left_5pct,bract_projection_asymmetry,registered_endpoint,relative,no_recorded_development_exposure,1447,913,911,86,71,15,4,1357,65,65,-0.0005220624418335626,0.00874189369369448,0.003509734471043982,0.03513877148619967,0.7075611888111888,0.1875
bbox_left_5pct,involucre_surface_edge_density,registered_endpoint,fraction,all_cached,2853,1759,1753,53,49,4,2,2798,46,46,0.0006399791739194856,0.0018832597163017247,0.0,0.008322405172044581,0.9971631205673759,0.08
bbox_left_5pct,involucre_surface_edge_density,registered_endpoint,fraction,recorded_development_exposed,1406,846,842,27,24,3,2,1377,21,21,0.0018496619502049113,0.002623430131670488,0.0,0.017021091580759096,0.9987012987012988,0.125
bbox_left_5pct,involucre_surface_edge_density,registered_endpoint,fraction,no_recorded_development_exposure,1447,913,911,26,25,1,0,1421,25,25,-0.0003761543581602719,0.001261516567391964,0.0,0.007525379275749245,0.9961538461538462,0.038461538461538464
bbox_left_5pct,involucre_surface_lbp_entropy,registered_endpoint,normalized entropy,all_cached,2853,1759,1753,53,49,4,2,2798,46,46,-0.00013717221866035734,0.0005151562097234532,0.0,0.0030767074300413477,0.9988899167437557,0.08
bbox_left_5pct,involucre_surface_lbp_entropy,registered_endpoint,normalized entropy,recorded_development_exposed,1406,846,842,27,24,3,2,1377,21,21,-0.0004164047647485791,0.0005623732283075814,0.0,0.0032651944810212497,0.9987012987012988,0.125
bbox_left_5pct,involucre_surface_lbp_entropy,registered_endpoint,normalized entropy,no_recorded_development_exposure,1447,913,911,26,25,1,0,1421,25,25,9.738312005374894e-05,0.00047549391411278564,0.0,0.002924254101003808,0.9969230769230769,0.038461538461538464
bbox_left_5pct,involucre_surface_high_frequency_energy,registered_endpoint,relative,all_cached,2853,1759,1753,53,49,4,2,2798,46,46,-0.0009439799728535833,0.007996483144858237,0.0,0.05618833955743824,0.9962989240774782,0.08
bbox_left_5pct,involucre_surface_high_frequency_energy,registered_endpoint,relative,recorded_development_exposed,1406,846,842,27,24,3,2,1377,21,21,0.004323518410047469,0.007555487935037971,0.0,0.03384426732066215,0.985705003248863,0.125
bbox_left_5pct,involucre_surface_high_frequency_energy,registered_endpoint,relative,no_recorded_development_exposure,1447,913,911,26,25,1,0,1421,25,25,-0.005368678614490467,0.008366919121107264,0.0,0.056056149732620186,0.9984609465178914,0.038461538461538464
bbox_left_5pct,involucre_surface_specular_fraction,registered_endpoint,fraction,all_cached,2853,1759,1753,53,49,4,2,2798,46,46,6.817187459411877e-05,7.114970536834191e-05,0.0,1.625683198136843e-05,1.0,0.08
bbox_left_5pct,involucre_surface_specular_fraction,registered_endpoint,fraction,recorded_development_exposed,1406,846,842,27,24,3,2,1377,21,21,0.0001220912376164524,0.00012861410502665546,0.0,0.0,1.0,0.125
bbox_left_5pct,involucre_surface_specular_fraction,registered_endpoint,fraction,no_recorded_development_exposure,1447,913,911,26,25,1,0,1421,25,25,2.2879609655358514e-05,2.2879609655358514e-05,0.0,1.7340620780126265e-05,1.0,0.038461538461538464
bbox_left_5pct,joint_hue_angular_change,joint_diagnostic_not_additional_endpoint,degrees,all_cached,2853,1759,1753,1250,1226,24,11,1592,960,958,,0.881516496821585,0.30277252197265625,3.130598449707031,,0.020427350427350426
bbox_left_5pct,joint_hue_angular_change,joint_diagnostic_not_additional_endpoint,degrees,recorded_development_exposed,1406,846,842,623,609,14,7,776,462,460,,1.0894442931465478,0.3334808349609233,3.6892623901367148,,0.02398720682302772
bbox_left_5pct,joint_hue_angular_change,joint_diagnostic_not_additional_endpoint,degrees,no_recorded_development_exposure,1447,913,911,627,617,10,4,816,498,498,,0.6894546769230245,0.269866943359375,2.869123840332058,,0.017127799736495388
bbox_left_5pct,joint_colour_composition_total_variation,joint_diagnostic_not_additional_endpoint,fraction,all_cached,2853,1759,1753,1250,1226,24,11,1592,960,958,,0.009547872055394651,0.005581908653658237,0.03198839813687221,,0.020427350427350426
bbox_left_5pct,joint_colour_composition_total_variation,joint_diagnostic_not_additional_endpoint,fraction,recorded_development_exposed,1406,846,842,623,609,14,7,776,462,460,,0.010220019758496438,0.006120975842821839,0.033396740822954026,,0.02398720682302772
bbox_left_5pct,joint_colour_composition_total_variation,joint_diagnostic_not_additional_endpoint,fraction,no_recorded_development_exposure,1447,913,911,627,617,10,4,816,498,498,,0.008927012731244407,0.005094339229939439,0.030941044127062407,,0.017127799736495388
bbox_right_5pct,orientation_image_vertical_angle,registered_endpoint,degrees,all_cached,2853,1759,1753,995,921,74,80,1778,746,745,-0.06414331283085692,5.397358131805249,2.2974404517885176,17.250114666879977,0.9595021321769797,0.07471626733921816
bbox_right_5pct,orientation_image_vertical_angle,registered_endpoint,degrees,recorded_development_exposed,1406,846,842,508,464,44,42,856,368,367,0.46803487782479386,5.460676165374335,2.2077175743250756,15.955434907790538,0.9539515848677708,0.0871308016877637
bbox_right_5pct,orientation_image_vertical_angle,registered_endpoint,degrees,no_recorded_development_exposure,1447,913,911,487,457,30,38,922,378,378,-0.580834836562666,5.335882686514628,2.4205118700820645,18.358924430265684,0.9639143092877966,0.062395309882747066
bbox_right_5pct,corolla_lab_lightness,registered_endpoint,Lab L*,all_cached,2853,1759,1753,1250,1226,24,8,1595,964,962,-0.015008223197233817,0.3357995805852709,0.0,1.1764678955078125,0.9971359916012488,0.01786324786324786
bbox_right_5pct,corolla_lab_lightness,registered_endpoint,Lab L*,recorded_development_exposed,1406,846,842,623,613,10,5,778,467,465,-0.007238703218412233,0.3083140732139669,0.1307195027669271,1.1764678955078125,0.9983160958766423,0.013681592039800995
bbox_right_5pct,corolla_lab_lightness,registered_endpoint,Lab L*,no_recorded_development_exposure,1447,913,911,627,613,14,3,817,497,497,-0.02227749239271075,0.36151539734111865,0.0,1.1764678955078125,0.9957110484589231,0.021739130434782608
bbox_right_5pct,corolla_lab_chroma,registered_endpoint,Lab chroma,all_cached,2853,1759,1753,1250,1226,24,8,1595,964,962,0.010260264557926342,0.2448977459327925,0.0892343521118164,0.9435317993164054,0.9987862482881128,0.01786324786324786
bbox_right_5pct,corolla_lab_chroma,registered_endpoint,Lab chroma,recorded_development_exposed,1406,846,842,623,613,10,5,778,467,465,-0.02051222179098369,0.26280572491307413,0.09329605102539062,1.0321792602539062,0.9985465945498898,0.013681592039800995
bbox_right_5pct,corolla_lab_chroma,registered_endpoint,Lab chroma,no_recorded_development_exposure,1447,913,911,627,613,14,3,817,497,497,0.03905142381797294,0.22814279578021512,0.08504104614257812,0.8874259948730464,0.9991414092223813,0.021739130434782608
bbox_right_5pct,corolla_hue_sin,registered_endpoint,unitless,all_cached,2853,1759,1753,1250,1226,24,8,1595,964,962,0.0010797716629904295,0.010792117617849059,0.0034031023097640762,0.04598385025370121,0.9985778749916577,0.01786324786324786
bbox_right_5pct,corolla_hue_sin,registered_endpoint,unitless,recorded_development_exposed,1406,846,842,623,613,10,5,778,467,465,0.0004102845634174048,0.011763839914347611,0.003931754644460328,0.0494398781684043,0.9980628213513348,0.013681592039800995
bbox_right_5pct,corolla_hue_sin,registered_endpoint,unitless,no_recorded_development_exposure,1447,913,911,627,613,14,3,817,497,497,0.0017061529533354122,0.009882960942050613,0.0026679897827735313,0.035012376138481696,0.9991405877941572,0.021739130434782608
bbox_right_5pct,corolla_hue_cos,registered_endpoint,unitless,all_cached,2853,1759,1753,1250,1226,24,8,1595,964,962,0.000499032898213044,0.008846689315228421,0.0027750815555339925,0.03177617220195523,0.9955822562141916,0.01786324786324786
bbox_right_5pct,corolla_hue_cos,registered_endpoint,unitless,recorded_development_exposed,1406,846,842,623,613,10,5,778,467,465,0.0007305113106685683,0.010817614403240916,0.0031281237170892595,0.0452626089428118,0.9930795781674441,0.013681592039800995
bbox_right_5pct,corolla_hue_cos,registered_endpoint,unitless,no_recorded_development_exposure,1447,913,911,627,613,14,3,817,497,497,0.0002824585284105916,0.007002664836504457,0.002595137146582771,0.0270989425094976,0.9980019057211518,0.021739130434782608
bbox_right_5pct,visible_floret_fraction,registered_endpoint,fraction,all_cached,2853,1759,1753,1250,1226,24,8,1595,964,962,-1.749316926513146e-05,0.008832407800045924,0.005531268257081104,0.02996882057430813,0.9969102037041394,0.01786324786324786
bbox_right_5pct,visible_floret_fraction,registered_endpoint,fraction,recorded_development_exposed,1406,846,842,623,613,10,5,778,467,465,0.0002231758599618285,0.00870080730081545,0.005453411201381653,0.02890048181298876,0.9972860880234119,0.013681592039800995
bbox_right_5pct,visible_floret_fraction,registered_endpoint,fraction,no_recorded_development_exposure,1447,913,911,627,613,14,3,817,497,497,-0.00024266640586580824,0.008955535027696167,0.005692606542520129,0.030371789527985957,0.9963534608349672,0.021739130434782608
bbox_right_5pct,corolla_white_pixel_fraction,registered_endpoint,fraction,all_cached,2853,1759,1753,1250,1226,24,8,1595,964,962,-8.212332706355568e-05,0.0038888789901249266,0.001261468127992214,0.01498184721975357,0.9983300405458708,0.01786324786324786
bbox_right_5pct,corolla_white_pixel_fraction,registered_endpoint,fraction,recorded_development_exposed,1406,846,842,623,613,10,5,778,467,465,0.00011607769334366637,0.00381301332888303,0.0012836983908444122,0.01634776190890912,0.998674045117201,0.013681592039800995
bbox_right_5pct,corolla_white_pixel_fraction,registered_endpoint,fraction,no_recorded_development_exposure,1447,913,911,627,613,14,3,817,497,497,-0.00026756291356125827,0.0039598599407838445,0.0011697099119418186,0.014605587682580346,0.9980683507884746,0.021739130434782608
bbox_right_5pct,corolla_redmagenta_pixel_fraction,registered_endpoint,fraction,all_cached,2853,1759,1753,1250,1226,24,8,1595,964,962,-5.470305160131182e-05,0.004393633361558108,0.0011048921206968012,0.016434649682247403,0.9971945417647983,0.01786324786324786
bbox_right_5pct,corolla_redmagenta_pixel_fraction,registered_endpoint,fraction,recorded_development_exposed,1406,846,842,623,613,10,5,778,467,465,-0.00014677727851535459,0.004436334631588069,0.0014565126924677486,0.014565110684410923,0.9972934725384551,0.013681592039800995
bbox_right_5pct,corolla_redmagenta_pixel_fraction,registered_endpoint,fraction,no_recorded_development_exposure,1447,913,911,627,613,14,3,817,497,497,3.144285486756128e-05,0.00435368146907535,0.0008651691374719911,0.017100459809857364,0.9969302551329982,0.021739130434782608
bbox_right_5pct,corolla_purple_pixel_fraction,registered_endpoint,fraction,all_cached,2853,1759,1753,1250,1226,24,8,1595,964,962,-0.00046952321409971567,0.005315109208941304,0.0006707662544678805,0.022711287866184326,0.998410136290788,0.01786324786324786
bbox_right_5pct,corolla_purple_pixel_fraction,registered_endpoint,fraction,recorded_development_exposed,1406,846,842,623,613,10,5,778,467,465,-4.5086364805336453e-05,0.005831173093705367,0.0008029090150530327,0.02275236413809163,0.997991462505687,0.013681592039800995
bbox_right_5pct,corolla_purple_pixel_fraction,registered_endpoint,fraction,no_recorded_development_exposure,1447,913,911,627,613,14,3,817,497,497,-0.0008666321374837926,0.004832272777522212,0.00044688363297927525,0.021797488663572038,0.9988179016082678,0.021739130434782608
bbox_right_5pct,corolla_yellow_pixel_fraction,registered_endpoint,fraction,all_cached,2853,1759,1753,1250,1226,24,8,1595,964,962,0.0006063495927645817,0.007708725916413514,0.0033286984762826433,0.0298005093304993,0.9972391428795773,0.01786324786324786
bbox_right_5pct,corolla_yellow_pixel_fraction,registered_endpoint,fraction,recorded_development_exposed,1406,846,842,623,613,10,5,778,467,465,7.57859499770238e-05,0.007900268340125504,0.0035157426709981343,0.03132755682177652,0.9972521303345335,0.013681592039800995
bbox_right_5pct,corolla_yellow_pixel_fraction,registered_endpoint,fraction,no_recorded_development_exposure,1447,913,911,627,613,14,3,817,497,497,0.0011027521961774881,0.007529516204087408,0.0026075023051214397,0.02868727885210185,0.9973113303417869,0.021739130434782608
bbox_right_5pct,capitulum_outline_aspect_ratio,registered_endpoint,ratio,all_cached,2853,1759,1753,1136,1092,44,24,1693,874,872,0.0008271662531848989,0.04763000176417714,0.02892733516859558,0.15307665399662804,0.8519967997026524,0.03692336309523809
bbox_right_5pct,capitulum_outline_aspect_ratio,registered_endpoint,ratio,recorded_development_exposed,1406,846,842,580,561,19,17,809,439,437,-0.003621981400236643,0.04894860318053865,0.025862068965517238,0.16786067535343208,0.8539631111062737,0.028651685393258425
bbox_right_5pct,capitulum_outline_aspect_ratio,registered_endpoint,ratio,no_recorded_development_exposure,1447,913,911,556,531,25,7,884,435,435,0.005296769757886542,0.046305337812568015,0.030530945043656832,0.14552426208960406,0.8507940328518317,0.0450849963045085
bbox_right_5pct,capitulum_outline_circularity,registered_endpoint,unitless,all_cached,2853,1759,1753,1136,1092,44,24,1693,874,872,0.0024714522025908355,0.03143076306786116,0.021660078754752843,0.09536279693762478,0.8953227207945911,0.03692336309523809
bbox_right_5pct,capitulum_outline_circularity,registered_endpoint,unitless,recorded_development_exposed,1406,846,842,580,561,19,17,809,439,437,0.0038304079388732583,0.03179227122554475,0.020553041224401714,0.10047266824981224,0.8938602681924902,0.028651685393258425
bbox_right_5pct,capitulum_outline_circularity,registered_endpoint,unitless,no_recorded_development_exposure,1447,913,911,556,531,25,7,884,435,435,0.001106248393957687,0.031067592803705458,0.022245125287460032,0.09311736114966604,0.895414326643805,0.0450849963045085
bbox_right_5pct,capitulum_outline_solidity,registered_endpoint,unitless,all_cached,2853,1759,1753,1136,1092,44,24,1693,874,872,0.0009421178781541518,0.01874726933075899,0.012124062791519397,0.061250486472640385,0.9300278194943972,0.03692336309523809
bbox_right_5pct,capitulum_outline_solidity,registered_endpoint,unitless,recorded_development_exposed,1406,846,842,580,561,19,17,809,439,437,0.0016168504226466403,0.01877588511645185,0.011622230962360258,0.058062900023100744,0.9254284739265296,0.028651685393258425
bbox_right_5pct,capitulum_outline_solidity,registered_endpoint,unitless,no_recorded_development_exposure,1447,913,911,556,531,25,7,884,435,435,0.00026428311506629615,0.01871852197823536,0.012555905294541203,0.06616220197509726,0.9341624038939903,0.0450849963045085
bbox_right_5pct,capitulum_width_profile_cv,registered_endpoint,unitless,all_cached,2853,1759,1753,1136,1092,44,24,1693,874,872,-0.0020259671806335845,0.0280083747242693,0.018489653195378847,0.085650632816796,0.8968289023613158,0.03692336309523809
bbox_right_5pct,capitulum_width_profile_cv,registered_endpoint,unitless,recorded_development_exposed,1406,846,842,580,561,19,17,809,439,437,-0.002904128281317365,0.027818016085395362,0.01759870730486232,0.08867863509164291,0.8799993327925455,0.028651685393258425
bbox_right_5pct,capitulum_width_profile_cv,registered_endpoint,unitless,no_recorded_development_exposure,1447,913,911,556,531,25,7,884,435,435,-0.0011437685576478108,0.02819960857527599,0.020036372006871916,0.08401917053279663,0.9097124883597603,0.0450849963045085
bbox_right_5pct,involucre_length_width_ratio,registered_endpoint,ratio,all_cached,2853,1759,1753,160,149,11,18,2675,139,138,0.0007733468117409032,0.05031620732516626,0.010942320414739082,0.23277831183839676,0.9524006310660769,0.07094594594594594
bbox_right_5pct,involucre_length_width_ratio,registered_endpoint,ratio,recorded_development_exposed,1406,846,842,74,69,5,10,1322,65,64,0.008303160616783635,0.04447464116054638,0.004980558918635358,0.23539586757851333,0.9757326007326007,0.0661764705882353
bbox_right_5pct,involucre_length_width_ratio,registered_endpoint,ratio,no_recorded_development_exposure,1447,913,911,86,80,6,8,1353,74,74,-0.005738924587214973,0.05536837265672939,0.018394525435694753,0.2016649554172365,0.9218363569048499,0.075
bbox_right_5pct,involucre_apical_taper_ratio,registered_endpoint,ratio,all_cached,2853,1759,1753,160,149,11,18,2675,139,138,-0.02396175580531675,0.05289552139187239,0.012800555507366196,0.2564200997376526,0.9248154634020489,0.07094594594594594
bbox_right_5pct,involucre_apical_taper_ratio,registered_endpoint,ratio,recorded_development_exposed,1406,846,842,74,69,5,10,1322,65,64,-0.024608518202883227,0.0460858298633184,0.005964181202511409,0.24880593588365293,0.9236263736263736,0.0661764705882353
bbox_right_5pct,involucre_apical_taper_ratio,registered_endpoint,ratio,no_recorded_development_exposure,1447,913,911,86,80,6,8,1353,74,74,-0.02340239373174574,0.058784984335486644,0.02003050889013369,0.27279310059797246,0.929774157719363,0.075
bbox_right_5pct,involucre_basal_taper_ratio,registered_endpoint,ratio,all_cached,2853,1759,1753,160,149,11,18,2675,139,138,-0.0006038081694507147,0.056644654478526554,0.0102205740964324,0.25783390997137046,0.870964795919532,0.07094594594594594
bbox_right_5pct,involucre_basal_taper_ratio,registered_endpoint,ratio,recorded_development_exposed,1406,846,842,74,69,5,10,1322,65,64,-0.017414835798283183,0.0536344189041138,0.007331548868739768,0.24888006165405818,0.8296703296703296,0.0661764705882353
bbox_right_5pct,involucre_basal_taper_ratio,registered_endpoint,ratio,no_recorded_development_exposure,1447,913,911,86,80,6,8,1353,74,74,0.013935458968998985,0.059248101461802455,0.019863822794725483,0.25416146289848823,0.9051906701221767,0.075
bbox_right_5pct,bract_projection_roughness,registered_endpoint,relative,all_cached,2853,1759,1753,160,149,11,18,2675,139,138,0.001046668054340161,0.012061984342803285,0.003066402960883015,0.055858144265724365,0.9112671779428249,0.07094594594594594
bbox_right_5pct,bract_projection_roughness,registered_endpoint,relative,recorded_development_exposed,1406,846,842,74,69,5,10,1322,65,64,-0.0020606982325111502,0.01198526194008896,0.0020117367826507568,0.061009261790283806,0.9121794871794873,0.0661764705882353
bbox_right_5pct,bract_projection_roughness,registered_endpoint,relative,no_recorded_development_exposure,1447,913,911,86,80,6,8,1353,74,74,0.003734119978103457,0.012128338853258917,0.003732718776289133,0.04092119494069832,0.912950758978156,0.075
bbox_right_5pct,bract_projection_p95,registered_endpoint,relative,all_cached,2853,1759,1753,160,149,11,18,2675,139,138,0.003328254097890675,0.02456069169086863,0.0071801386969085335,0.08487842656585781,0.9072533785095058,0.07094594594594594
bbox_right_5pct,bract_projection_p95,registered_endpoint,relative,recorded_development_exposed,1406,846,842,74,69,5,10,1322,65,64,-0.005236086411333511,0.023350434975174774,0.003915878062862588,0.09857543096718599,0.9317765567765568,0.0661764705882353
bbox_right_5pct,bract_projection_p95,registered_endpoint,relative,no_recorded_development_exposure,1447,913,911,86,80,6,8,1353,74,74,0.010735251295057539,0.02560740020173899,0.010503794531274369,0.07701887716681316,0.8905590522028877,0.075
bbox_right_5pct,bract_projection_maximum,registered_endpoint,relative,all_cached,2853,1759,1753,160,149,11,18,2675,139,138,-0.002336928606608187,0.02965087728913672,0.005771758701124827,0.11011274801677184,0.9102397548796886,0.07094594594594594
bbox_right_5pct,bract_projection_maximum,registered_endpoint,relative,recorded_development_exposed,1406,846,842,74,69,5,10,1322,65,64,-0.007636246947158999,0.027101611838612573,0.0021122846478968116,0.10572208564529072,0.9284340659340657,0.0661764705882353
bbox_right_5pct,bract_projection_maximum,registered_endpoint,relative,no_recorded_development_exposure,1447,913,911,86,80,6,8,1353,74,74,0.0022462656338681905,0.03185564740850895,0.008814895600513808,0.11050455748452337,0.8732025175860791,0.075
bbox_right_5pct,bract_spread_fraction,registered_endpoint,fraction,all_cached,2853,1759,1753,160,149,11,18,2675,139,138,0.0005480765638075421,0.031416337174703046,0.01732654600301657,0.11492063492063492,0.8486753023953024,0.07094594594594594
bbox_right_5pct,bract_spread_fraction,registered_endpoint,fraction,recorded_development_exposed,1406,846,842,74,69,5,10,1322,65,64,0.0031458273191466786,0.03118952329476741,0.009691232814965062,0.12162202380952376,0.8415762238402712,0.0661764705882353
bbox_right_5pct,bract_spread_fraction,registered_endpoint,fraction,no_recorded_development_exposure,1447,913,911,86,80,6,8,1353,74,74,-0.0016986267921614397,0.03161250053032306,0.02339432682464558,0.1061838363562501,0.8407379157663805,0.075
bbox_right_5pct,bract_projection_peak_density,registered_endpoint,peaks per valid bin,all_cached,2853,1759,1753,160,149,11,18,2675,139,138,0.0004952854430398596,0.012408740000969034,0.004000256016385047,0.04478162223482701,0.5386635938649067,0.07094594594594594
bbox_right_5pct,bract_projection_peak_density,registered_endpoint,peaks per valid bin,recorded_development_exposed,1406,846,842,74,69,5,10,1322,65,64,0.002357816047283622,0.012664139248663133,0.003960411569107224,0.04426641651031894,0.49648306884366156,0.0661764705882353
bbox_right_5pct,bract_projection_peak_density,registered_endpoint,peaks per valid bin,no_recorded_development_exposure,1447,913,911,86,80,6,8,1353,74,74,-0.0011155518363060966,0.012187854165125486,0.004095131111260142,0.039427217915589945,0.5594728342812539,0.075
bbox_right_5pct,bract_projection_asymmetry,registered_endpoint,relative,all_cached,2853,1759,1753,160,149,11,18,2675,139,138,-0.0005490074882277117,0.008404394998007415,0.0030145502766069573,0.03402843355557761,0.8211370605197846,0.07094594594594594
bbox_right_5pct,bract_projection_asymmetry,registered_endpoint,relative,recorded_development_exposed,1406,846,842,74,69,5,10,1322,65,64,-0.0019795454117716898,0.008223142767658495,0.0012922823936187015,0.03569781288880748,0.825,0.0661764705882353
bbox_right_5pct,bract_projection_asymmetry,registered_endpoint,relative,no_recorded_development_exposure,1447,913,911,86,80,6,8,1353,74,74,0.000688214499702215,0.008561153683714592,0.003835674090924683,0.03168072727040607,0.8076564235468343,0.075
bbox_right_5pct,involucre_surface_edge_density,registered_endpoint,fraction,all_cached,2853,1759,1753,53,53,0,2,2798,50,50,0.00286788908666327,0.003528737304253146,0.0,0.011847169740125407,0.9855942376950779,0.0
bbox_right_5pct,involucre_surface_edge_density,registered_endpoint,fraction,recorded_development_exposed,1406,846,842,27,27,0,2,1377,24,24,0.0007255402671555479,0.0008338102925990037,0.0,0.004662002529105845,0.9982608695652172,0.0
bbox_right_5pct,involucre_surface_edge_density,registered_endpoint,fraction,no_recorded_development_exposure,1447,913,911,26,26,0,0,1421,26,26,0.0048454418431319365,0.006016362238087738,0.0,0.027019052677479918,0.9658119658119657,0.0
bbox_right_5pct,involucre_surface_lbp_entropy,registered_endpoint,normalized entropy,all_cached,2853,1759,1753,53,53,0,2,2798,50,50,0.0008836710008682114,0.0018387478934966972,0.0,0.007064766270806635,0.9969267707082833,0.0
bbox_right_5pct,involucre_surface_lbp_entropy,registered_endpoint,normalized entropy,recorded_development_exposed,1406,846,842,27,27,0,2,1377,24,24,0.0003271453237877614,0.0009152675617672088,0.0,0.004724900131159733,0.9999999999999999,0.0
bbox_right_5pct,involucre_surface_lbp_entropy,registered_endpoint,normalized entropy,no_recorded_development_exposure,1447,913,911,26,26,0,0,1421,26,26,0.0013973870104809344,0.0026911912766316094,0.0,0.013344091109685624,0.9897435897435896,0.0
bbox_right_5pct,involucre_surface_high_frequency_energy,registered_endpoint,relative,all_cached,2853,1759,1753,53,53,0,2,2798,50,50,0.015874037657675127,0.02306017454941396,0.0,0.08495132046013573,0.8947911916319039,0.0
bbox_right_5pct,involucre_surface_high_frequency_energy,registered_endpoint,relative,recorded_development_exposed,1406,846,842,27,27,0,2,1377,24,24,0.0022841562628961713,0.005262544896548569,0.0,0.03229249011857701,0.9991300565463245,0.0
bbox_right_5pct,involucre_surface_high_frequency_energy,registered_endpoint,relative,no_recorded_development_exposure,1447,913,911,26,26,0,0,1421,26,26,0.028418543560548012,0.03948875576744357,0.0,0.1957304352614394,0.8021207574127767,0.0
bbox_right_5pct,involucre_surface_specular_fraction,registered_endpoint,fraction,all_cached,2853,1759,1753,53,53,0,2,2798,50,50,0.00016746579951524058,0.00016901766987993013,0.0,1.1921676786336788e-05,1.0,0.0
bbox_right_5pct,involucre_surface_specular_fraction,registered_endpoint,fraction,recorded_development_exposed,1406,846,842,27,27,0,2,1377,24,24,-1.6165316298849368e-06,1.6165316298849368e-06,0.0,0.0,1.0,0.0
bbox_right_5pct,involucre_surface_specular_fraction,registered_endpoint,fraction,no_recorded_development_exposure,1447,913,911,26,26,0,0,1421,26,26,0.0003235417974953564,0.0003235417974953564,0.0,1.625683198136843e-05,0.9999999999999999,0.0
bbox_right_5pct,joint_hue_angular_change,joint_diagnostic_not_additional_endpoint,degrees,all_cached,2853,1759,1753,1250,1226,24,8,1595,964,962,,0.8742752519318071,0.31922149658203125,3.3926071166992444,,0.01786324786324786
bbox_right_5pct,joint_hue_angular_change,joint_diagnostic_not_additional_endpoint,degrees,recorded_development_exposed,1406,846,842,623,613,10,5,778,467,465,,1.0053663821203311,0.36114501953125,3.5708190917968663,,0.013681592039800995
bbox_right_5pct,joint_hue_angular_change,joint_diagnostic_not_additional_endpoint,degrees,no_recorded_development_exposure,1447,913,911,627,613,14,3,817,497,497,,0.7516245969264476,0.267669677734375,2.951226806640624,,0.021739130434782608
bbox_right_5pct,joint_colour_composition_total_variation,joint_diagnostic_not_additional_endpoint,fraction,all_cached,2853,1759,1753,1250,1226,24,8,1595,964,962,,0.010653173738518927,0.005783751612297372,0.0370118915120392,,0.01786324786324786
bbox_right_5pct,joint_colour_composition_total_variation,joint_diagnostic_not_additional_endpoint,fraction,recorded_development_exposed,1406,846,842,623,613,10,5,778,467,465,,0.010990394697150983,0.006375248789472089,0.03742926483318909,,0.013681592039800995
bbox_right_5pct,joint_colour_composition_total_variation,joint_diagnostic_not_additional_endpoint,fraction,no_recorded_development_exposure,1447,913,911,627,613,14,3,817,497,497,,0.010337665195734407,0.005071471996273885,0.03653532735653103,,0.021739130434782608
bbox_up_5pct,orientation_image_vertical_angle,registered_endpoint,degrees,all_cached,2853,1759,1753,995,891,104,79,1779,729,728,1.6237039832908522,6.246481787424675,2.5723394701339615,23.182336254530505,0.9451412841295158,0.10151324085750316
bbox_up_5pct,orientation_image_vertical_angle,registered_endpoint,degrees,recorded_development_exposed,1406,846,842,508,453,55,41,857,360,359,2.1650313216087533,6.39887017337471,2.6198342472315588,23.583920770624733,0.9349927120129887,0.11054852320675104
bbox_up_5pct,orientation_image_vertical_angle,registered_endpoint,degrees,no_recorded_development_exposure,1447,913,911,487,438,49,38,922,369,369,1.097046762542541,6.098223168031551,2.4668174255210715,22.015012464972614,0.9526343947340766,0.09254606365159129
bbox_up_5pct,corolla_lab_lightness,registered_endpoint,Lab L*,all_cached,2853,1759,1753,1250,1231,19,21,1582,968,966,0.05740599220912977,0.33111743946746763,0.1960776646931966,1.1764717102050781,0.9977273630706663,0.01376068376068376
bbox_up_5pct,corolla_lab_lightness,registered_endpoint,Lab L*,recorded_development_exposed,1406,846,842,623,615,8,8,775,468,466,0.018759298392802007,0.3412088270010013,0.19607925415039062,1.1764717102050781,0.997824354551217,0.011194029850746268
bbox_up_5pct,corolla_lab_lightness,registered_endpoint,Lab L*,no_recorded_development_exposure,1447,913,911,627,616,11,13,807,500,500,0.09342471084594726,0.32171226628621424,0.0,1.1764717102050781,0.9976935938451925,0.01613965744400527
bbox_up_5pct,corolla_lab_chroma,registered_endpoint,Lab chroma,all_cached,2853,1759,1753,1250,1231,19,21,1582,968,966,-0.03803287765089605,0.26930490196615026,0.10927200317382812,1.0136308670043945,0.9984646485080274,0.01376068376068376
bbox_up_5pct,corolla_lab_chroma,registered_endpoint,Lab chroma,recorded_development_exposed,1406,846,842,623,615,8,8,775,468,466,-0.041615823648859344,0.29260544903118046,0.12366986274719238,1.049915075302124,0.9980128123355252,0.011194029850746268
bbox_up_5pct,corolla_lab_chroma,registered_endpoint,Lab chroma,no_recorded_development_exposure,1447,913,911,627,616,11,13,807,500,500,-0.03469357198079427,0.24758879210154217,0.09087276458740234,0.9983979225158691,0.9988268367794507,0.01613965744400527
bbox_up_5pct,corolla_hue_sin,registered_endpoint,unitless,all_cached,2853,1759,1753,1250,1231,19,21,1582,968,966,-9.254131175678318e-05,0.010860513670466627,0.0034029620613901523,0.04458708791801966,0.9993003765260248,0.01376068376068376
bbox_up_5pct,corolla_hue_sin,registered_endpoint,unitless,recorded_development_exposed,1406,846,842,623,615,8,8,775,468,466,-0.00013064638442310744,0.011610394938614255,0.003433806900302705,0.04834609102809946,0.9992096387313781,0.011194029850746268
bbox_up_5pct,corolla_hue_sin,registered_endpoint,unitless,no_recorded_development_exposure,1447,913,911,627,616,11,13,807,500,500,-5.702738403176888e-05,0.010161624328553042,0.003369588483296271,0.03975332540547723,0.9993346213384854,0.01613965744400527
bbox_up_5pct,corolla_hue_cos,registered_endpoint,unitless,all_cached,2853,1759,1753,1250,1231,19,21,1582,968,966,-0.0005256807236898398,0.008740966770627412,0.003169663512131715,0.03258760564506903,0.9974693611877237,0.01376068376068376
bbox_up_5pct,corolla_hue_cos,registered_endpoint,unitless,recorded_development_exposed,1406,846,842,623,615,8,8,775,468,466,-0.00028886144514614923,0.008914986263568467,0.0031859114312319248,0.03238455026517527,0.9966382668260828,0.011194029850746268
bbox_up_5pct,corolla_hue_cos,registered_endpoint,unitless,no_recorded_development_exposure,1447,913,911,627,616,11,13,807,500,500,-0.0007463962912925591,0.008578780603206354,0.003169663512131715,0.032668311837078634,0.9979654638618553,0.01613965744400527
bbox_up_5pct,visible_floret_fraction,registered_endpoint,fraction,all_cached,2853,1759,1753,1250,1231,19,21,1582,968,966,0.0013324887343442897,0.010467418973868754,0.006975900744878694,0.03261958695962991,0.9957586882755424,0.01376068376068376
bbox_up_5pct,visible_floret_fraction,registered_endpoint,fraction,recorded_development_exposed,1406,846,842,623,615,8,8,775,468,466,0.0011017010674865331,0.010486882774638587,0.00754352852169711,0.031375219234215324,0.9964313380318224,0.011194029850746268
bbox_up_5pct,visible_floret_fraction,registered_endpoint,fraction,no_recorded_development_exposure,1447,913,911,627,616,11,13,807,500,500,0.0015475828398557195,0.010449278711551265,0.0061708663301967975,0.03289090435530257,0.9947695150780603,0.01613965744400527
bbox_up_5pct,corolla_white_pixel_fraction,registered_endpoint,fraction,all_cached,2853,1759,1753,1250,1231,19,21,1582,968,966,0.0007556854117302284,0.004295103797957551,0.0016252738496693453,0.015124915488943787,0.9978536381500633,0.01376068376068376
bbox_up_5pct,corolla_white_pixel_fraction,registered_endpoint,fraction,recorded_development_exposed,1406,846,842,623,615,8,8,775,468,466,0.0006467109795872445,0.004515898093339189,0.0016504411502585442,0.01732109816547655,0.9983258627975958,0.011194029850746268
bbox_up_5pct,corolla_white_pixel_fraction,registered_endpoint,fraction,no_recorded_development_exposure,1447,913,911,627,616,11,13,807,500,500,0.0008572495824874893,0.004089323514661863,0.0015995595461033678,0.013407742981430762,0.9972434449737798,0.01613965744400527
bbox_up_5pct,corolla_redmagenta_pixel_fraction,registered_endpoint,fraction,all_cached,2853,1759,1753,1250,1231,19,21,1582,968,966,-0.0001673014602531961,0.004138427691176087,0.00121424543486515,0.017472292466052752,0.9989488277372066,0.01376068376068376
bbox_up_5pct,corolla_redmagenta_pixel_fraction,registered_endpoint,fraction,recorded_development_exposed,1406,846,842,623,615,8,8,775,468,466,4.229257813915831e-05,0.004278904121634023,0.0011898493049418007,0.017484042401104807,0.9986761631384019,0.011194029850746268
bbox_up_5pct,corolla_redmagenta_pixel_fraction,registered_endpoint,fraction,no_recorded_development_exposure,1447,913,911,627,616,11,13,807,500,500,-0.00036264310403487046,0.0040075036579892915,0.0012190376503380847,0.017208907189736385,0.9989911030093335,0.01613965744400527
bbox_up_5pct,corolla_purple_pixel_fraction,registered_endpoint,fraction,all_cached,2853,1759,1753,1250,1231,19,21,1582,968,966,4.2704111318077406e-05,0.005311218583504954,0.0008198235481104922,0.023311405767309,0.9982981790810584,0.01376068376068376
bbox_up_5pct,corolla_purple_pixel_fraction,registered_endpoint,fraction,recorded_development_exposed,1406,846,842,623,615,8,8,775,468,466,-3.2968301309235185e-05,0.00562576131838517,0.0009632951216462632,0.021579706274953092,0.9969024601336932,0.011194029850746268
bbox_up_5pct,corolla_purple_pixel_fraction,registered_endpoint,fraction,no_recorded_development_exposure,1447,913,911,627,616,11,13,807,500,500,0.00011323079988673268,0.0050180647545965944,0.0007205734694826502,0.024766002173174873,0.9993398668388097,0.01613965744400527
bbox_up_5pct,corolla_yellow_pixel_fraction,registered_endpoint,fraction,all_cached,2853,1759,1753,1250,1231,19,21,1582,968,966,-0.0006310880627951116,0.00811680461141621,0.003609304822296794,0.031338636547925305,0.9977009086882174,0.01376068376068376
bbox_up_5pct,corolla_yellow_pixel_fraction,registered_endpoint,fraction,recorded_development_exposed,1406,846,842,623,615,8,8,775,468,466,-0.0006560352564171683,0.008206290002266378,0.0037015207207440545,0.029969124995771472,0.9979493560221142,0.011194029850746268
bbox_up_5pct,corolla_yellow_pixel_fraction,registered_endpoint,fraction,no_recorded_development_exposure,1447,913,911,627,616,11,13,807,500,500,-0.000607837278339355,0.008033404227143857,0.0034868768432705782,0.03146072654142939,0.9974080367612578,0.01613965744400527
bbox_up_5pct,capitulum_outline_aspect_ratio,registered_endpoint,ratio,all_cached,2853,1759,1753,1136,1092,44,42,1675,872,870,0.004085191296994052,0.05236937350546991,0.038653146214255696,0.16585914960633844,0.8572507755047579,0.03813244047619048
bbox_up_5pct,capitulum_outline_aspect_ratio,registered_endpoint,ratio,recorded_development_exposed,1406,846,842,580,555,25,19,807,430,428,0.002869845117432763,0.052820831374390344,0.03862982513362695,0.17143318766541493,0.8609413615182725,0.045318352059925085
bbox_up_5pct,capitulum_outline_aspect_ratio,registered_endpoint,ratio,no_recorded_development_exposure,1447,913,911,556,537,19,23,868,442,442,0.005262042348695935,0.051932215207058256,0.03894187263692461,0.16183648656184513,0.8531316153661264,0.031042128603104215
bbox_up_5pct,capitulum_outline_circularity,registered_endpoint,unitless,all_cached,2853,1759,1753,1136,1092,44,42,1675,872,870,0.0011407157493799577,0.033137566731180915,0.022464519790802773,0.10669000647042595,0.8916010853287172,0.03813244047619048
bbox_up_5pct,capitulum_outline_circularity,registered_endpoint,unitless,recorded_development_exposed,1406,846,842,580,555,25,19,807,430,428,0.0022166916964225705,0.03232127269034137,0.021856976909208445,0.10392978074545989,0.8897999097194695,0.045318352059925085
bbox_up_5pct,capitulum_outline_circularity,registered_endpoint,unitless,no_recorded_development_exposure,1447,913,911,556,537,19,23,868,442,442,9.882048844276622e-05,0.03392800530466355,0.02259527331090544,0.107138106562793,0.8914731065650596,0.031042128603104215
bbox_up_5pct,capitulum_outline_solidity,registered_endpoint,unitless,all_cached,2853,1759,1753,1136,1092,44,42,1675,872,870,0.0006293957366162437,0.0198618810208681,0.01332266811582522,0.06315293375405287,0.9237512178354205,0.03813244047619048
bbox_up_5pct,capitulum_outline_solidity,registered_endpoint,unitless,recorded_development_exposed,1406,846,842,580,555,25,19,807,430,428,0.0017481764686370464,0.018672174093885236,0.013009582595955416,0.05678603385489537,0.9289900256482311,0.045318352059925085
bbox_up_5pct,capitulum_outline_solidity,registered_endpoint,unitless,no_recorded_development_exposure,1447,913,911,556,537,19,23,868,442,442,-0.0004539485016301441,0.021013904923014404,0.013379889363248881,0.07101392602492143,0.9197237541066878,0.031042128603104215
bbox_up_5pct,capitulum_width_profile_cv,registered_endpoint,unitless,all_cached,2853,1759,1753,1136,1092,44,42,1675,872,870,0.0008135100395469943,0.031415619091582914,0.02155571947967498,0.09823537164203586,0.8771644713927983,0.03813244047619048
bbox_up_5pct,capitulum_width_profile_cv,registered_endpoint,unitless,recorded_development_exposed,1406,846,842,580,555,25,19,807,430,428,-0.0008723629108020463,0.031483414609898994,0.022475376268838998,0.09690334414574768,0.8730736145037784,0.045318352059925085
bbox_up_5pct,capitulum_width_profile_cv,registered_endpoint,unitless,no_recorded_development_exposure,1447,913,911,556,537,19,23,868,442,442,0.002445984299160998,0.031349970942625274,0.0203665556171011,0.09903904451822312,0.8801455932789871,0.031042128603104215
bbox_up_5pct,involucre_length_width_ratio,registered_endpoint,ratio,all_cached,2853,1759,1753,160,140,20,22,2671,130,129,0.003153857416976479,0.07534936106991995,0.02856596494192587,0.3149780042455799,0.9451755366726299,0.13063063063063066
bbox_up_5pct,involucre_length_width_ratio,registered_endpoint,ratio,recorded_development_exposed,1406,846,842,74,69,5,9,1323,64,63,-0.009433328889101252,0.06436907533633018,0.024853817742845674,0.3073088154560513,0.9462845622119817,0.07352941176470588
bbox_up_5pct,involucre_length_width_ratio,registered_endpoint,ratio,no_recorded_development_exposure,1447,913,911,86,71,15,13,1348,66,66,0.01516889889095977,0.08583054290652836,0.029852394645200675,0.3349447779895487,0.9416762342135476,0.17916666666666664
bbox_up_5pct,involucre_apical_taper_ratio,registered_endpoint,ratio,all_cached,2853,1759,1753,160,140,20,22,2671,130,129,0.006507518321311564,0.11332174946972118,0.024384198103479915,0.4939753467185859,0.7877851073345261,0.13063063063063066
bbox_up_5pct,involucre_apical_taper_ratio,registered_endpoint,ratio,recorded_development_exposed,1406,846,842,74,69,5,9,1323,64,63,0.02165249229838359,0.10166814690900658,0.011617936489211278,0.5020844135617829,0.7342069892473119,0.07352941176470588
bbox_up_5pct,involucre_apical_taper_ratio,registered_endpoint,ratio,no_recorded_development_exposure,1447,913,911,86,71,15,13,1348,66,66,-0.007949047747711728,0.12444564282313056,0.0272738962370353,0.43698103062552207,0.8146748773614446,0.17916666666666664
bbox_up_5pct,involucre_basal_taper_ratio,registered_endpoint,ratio,all_cached,2853,1759,1753,160,140,20,22,2671,130,129,0.02149155728542178,0.11361681499851396,0.029144428617530138,0.5330266042209857,0.7272473166368516,0.13063063063063066
bbox_up_5pct,involucre_basal_taper_ratio,registered_endpoint,ratio,recorded_development_exposed,1406,846,842,74,69,5,9,1323,64,63,0.019982150507101917,0.1213078683040491,0.030536589912653844,0.6093787440173394,0.6671947004608295,0.07352941176470588
bbox_up_5pct,involucre_basal_taper_ratio,registered_endpoint,ratio,no_recorded_development_exposure,1447,913,911,86,71,15,13,1348,66,66,0.02293235466472711,0.10627535502504856,0.028454682189035158,0.46764247403406745,0.7955537000313122,0.17916666666666664
bbox_up_5pct,bract_projection_roughness,registered_endpoint,relative,all_cached,2853,1759,1753,160,140,20,22,2671,130,129,0.0006748623006691798,0.016622271549602042,0.008427998128381006,0.06459900154398358,0.8531809033989267,0.13063063063063066
bbox_up_5pct,bract_projection_roughness,registered_endpoint,relative,recorded_development_exposed,1406,846,842,74,69,5,9,1323,64,63,-0.0009459394210056023,0.014131735381671031,0.007035939188557189,0.05926783764053488,0.9047619047619049,0.07352941176470588
bbox_up_5pct,bract_projection_roughness,registered_endpoint,relative,no_recorded_development_exposure,1447,913,911,86,71,15,13,1348,66,66,0.002221991216813289,0.018999601528081635,0.011453420827543855,0.07103597618510654,0.7984344014194761,0.17916666666666664
bbox_up_5pct,bract_projection_p95,registered_endpoint,relative,all_cached,2853,1759,1753,160,140,20,22,2671,130,129,0.0036755042365275016,0.031726318672448885,0.012981180553611249,0.14235147841052542,0.810330948121646,0.13063063063063066
bbox_up_5pct,bract_projection_p95,registered_endpoint,relative,recorded_development_exposed,1406,846,842,74,69,5,9,1323,64,63,0.000468021296373772,0.024748983076606938,0.0112590605660631,0.0946354210673462,0.8834005376344086,0.07352941176470588
bbox_up_5pct,bract_projection_p95,registered_endpoint,relative,no_recorded_development_exposure,1447,913,911,86,71,15,13,1348,66,66,0.006737192497583336,0.03838650265029803,0.017045256538708392,0.1704176243458533,0.7466652750234841,0.17916666666666664
bbox_up_5pct,bract_projection_maximum,registered_endpoint,relative,all_cached,2853,1759,1753,160,140,20,22,2671,130,129,0.006870840274427939,0.041637170438465,0.013952674154097344,0.15566388725351515,0.8242229427549196,0.13063063063063066
bbox_up_5pct,bract_projection_maximum,registered_endpoint,relative,recorded_development_exposed,1406,846,842,74,69,5,9,1323,64,63,0.0032228427714289464,0.03313306506212665,0.012491405410800807,0.11955062321627459,0.9012096774193549,0.07352941176470588
bbox_up_5pct,bract_projection_maximum,registered_endpoint,relative,no_recorded_development_exposure,1447,913,911,86,71,15,13,1348,66,66,0.010353019709108796,0.04975472557042434,0.020530719292262245,0.21610524887538027,0.7315520300594929,0.17916666666666664
bbox_up_5pct,bract_spread_fraction,registered_endpoint,fraction,all_cached,2853,1759,1753,160,140,20,22,2671,130,129,-0.0028138440609880504,0.03946428147563803,0.026232114467408585,0.1344497607655502,0.7550739162258374,0.13063063063063066
bbox_up_5pct,bract_spread_fraction,registered_endpoint,fraction,recorded_development_exposed,1406,846,842,74,69,5,9,1323,64,63,-0.001681569175080955,0.03554700301309766,0.013154566152289382,0.13546801346801343,0.7802875738126384,0.07352941176470588
bbox_up_5pct,bract_spread_fraction,registered_endpoint,fraction,no_recorded_development_exposure,1447,913,911,86,71,15,13,1348,66,66,-0.0038946519066266412,0.04320350182624476,0.036198603055464254,0.1307788051209104,0.7161870169171045,0.17916666666666664
bbox_up_5pct,bract_projection_peak_density,registered_endpoint,peaks per valid bin,all_cached,2853,1759,1753,160,140,20,22,2671,130,129,0.0028821902996280283,0.01566526198008689,0.010204081632653059,0.04326382727003845,0.4658846441218272,0.13063063063063066
bbox_up_5pct,bract_projection_peak_density,registered_endpoint,peaks per valid bin,recorded_development_exposed,1406,846,842,74,69,5,9,1323,64,63,0.0045457353855181066,0.016865035765804743,0.008290816326530615,0.059954804561039174,0.2939749491903387,0.07352941176470588
bbox_up_5pct,bract_projection_peak_density,registered_endpoint,peaks per valid bin,no_recorded_development_exposure,1447,913,911,86,71,15,13,1348,66,66,0.001294260899460225,0.014520023366447117,0.011988337151527778,0.03813057413600893,0.6483183984446235,0.17916666666666664
bbox_up_5pct,bract_projection_asymmetry,registered_endpoint,relative,all_cached,2853,1759,1753,160,140,20,22,2671,130,129,-0.00014084944681590797,0.01003633592708804,0.004477094800131587,0.03584141307813383,0.7332233899821111,0.13063063063063066
bbox_up_5pct,bract_projection_asymmetry,registered_endpoint,relative,recorded_development_exposed,1406,846,842,74,69,5,9,1323,64,63,0.0005343482861991051,0.008077346460106095,0.0038589190532357827,0.03380278955836341,0.8095238095238096,0.07352941176470588
bbox_up_5pct,bract_projection_asymmetry,registered_endpoint,relative,no_recorded_development_exposure,1447,913,911,86,71,15,13,1348,66,66,-0.0007853563737847843,0.01190628041829808,0.005206132792754588,0.035803636493287175,0.6457572278467802,0.17916666666666664
bbox_up_5pct,involucre_surface_edge_density,registered_endpoint,fraction,all_cached,2853,1759,1753,53,46,7,9,2791,44,44,0.0025206650014360206,0.005043491903420206,0.00024550339182777964,0.01845457941027641,0.9844961240310076,0.13
bbox_up_5pct,involucre_surface_edge_density,registered_endpoint,fraction,recorded_development_exposed,1406,846,842,27,24,3,3,1376,22,22,0.0014405951243122161,0.003913878917749968,0.0,0.018996061874292577,0.9887069452286844,0.10416666666666667
bbox_up_5pct,involucre_surface_edge_density,registered_endpoint,fraction,no_recorded_development_exposure,1447,913,911,26,22,4,6,1415,22,22,0.003600734878559825,0.006173104889090444,0.001062820374978124,0.013197511478038083,0.9683794466403164,0.15384615384615385
bbox_up_5pct,involucre_surface_lbp_entropy,registered_endpoint,normalized entropy,all_cached,2853,1759,1753,53,46,7,9,2791,44,44,0.0016996556353295346,0.0028512557095985223,0.00010632680038979991,0.016919629070232096,0.986751233262861,0.13
bbox_up_5pct,involucre_surface_lbp_entropy,registered_endpoint,normalized entropy,recorded_development_exposed,1406,846,842,27,24,3,3,1376,22,22,-0.00017223182472913848,0.0014418076701283764,0.0,0.007285805301870245,0.9977413890457371,0.10416666666666667
bbox_up_5pct,involucre_surface_lbp_entropy,registered_endpoint,normalized entropy,no_recorded_development_exposure,1447,913,911,26,22,4,6,1415,22,22,0.0035715430953882077,0.004260703749068668,0.0003141075145533523,0.020803291157257018,0.9582156973461323,0.15384615384615385
bbox_up_5pct,involucre_surface_high_frequency_energy,registered_endpoint,relative,all_cached,2853,1759,1753,53,46,7,9,2791,44,44,0.01217815927971122,0.020718203644523234,0.0,0.08495209680518691,0.9521577025178202,0.13
bbox_up_5pct,involucre_surface_high_frequency_energy,registered_endpoint,relative,recorded_development_exposed,1406,846,842,27,24,3,3,1376,22,22,0.017101514278325684,0.025925572245689244,0.0,0.08708903765579888,0.9559322033898306,0.10416666666666667
bbox_up_5pct,involucre_surface_high_frequency_energy,registered_endpoint,relative,no_recorded_development_exposure,1447,913,911,26,22,4,6,1415,22,22,0.007254804281096757,0.015510835043357223,0.001634505847921082,0.04408983976529872,0.953954802259887,0.15384615384615385
bbox_up_5pct,involucre_surface_specular_fraction,registered_endpoint,fraction,all_cached,2853,1759,1753,53,46,7,9,2791,44,44,2.6596117701193353e-05,7.569825013665909e-05,0.0,0.0,1.0,0.13
bbox_up_5pct,involucre_surface_specular_fraction,registered_endpoint,fraction,recorded_development_exposed,1406,846,842,27,24,3,3,1376,22,22,0.00010229436783785244,0.00010229436783785244,0.0,0.0,1.0,0.10416666666666667
bbox_up_5pct,involucre_surface_specular_fraction,registered_endpoint,fraction,no_recorded_development_exposure,1447,913,911,26,22,4,6,1415,22,22,-4.9102132435465736e-05,4.9102132435465736e-05,0.0,0.0,1.0,0.15384615384615385
bbox_up_5pct,joint_hue_angular_change,joint_diagnostic_not_additional_endpoint,degrees,all_cached,2853,1759,1753,1250,1231,19,21,1582,968,966,,0.8676023508286468,0.33135477701822913,3.3603591918945526,,0.01376068376068376
bbox_up_5pct,joint_hue_angular_change,joint_diagnostic_not_additional_endpoint,degrees,recorded_development_exposed,1406,846,842,623,615,8,8,775,468,466,,0.9066015715592247,0.342498779296875,3.7596817016601634,,0.011194029850746268
bbox_up_5pct,joint_hue_angular_change,joint_diagnostic_not_additional_endpoint,degrees,no_recorded_development_exposure,1447,913,911,627,616,11,13,807,500,500,,0.8312550771077479,0.325897216796875,2.9463447570800723,,0.01613965744400527
bbox_up_5pct,joint_colour_composition_total_variation,joint_diagnostic_not_additional_endpoint,fraction,all_cached,2853,1759,1753,1250,1231,19,21,1582,968,966,,0.0109307773420274,0.0059632153397899705,0.037774516594270335,,0.01376068376068376
bbox_up_5pct,joint_colour_composition_total_variation,joint_diagnostic_not_additional_endpoint,fraction,recorded_development_exposed,1406,846,842,623,615,8,8,775,468,466,,0.011313426767812381,0.006385269386617748,0.03718545557714595,,0.011194029850746268
bbox_up_5pct,joint_colour_composition_total_variation,joint_diagnostic_not_additional_endpoint,fraction,no_recorded_development_exposure,1447,913,911,627,616,11,13,807,500,500,,0.010574148077195804,0.005798436960856653,0.03786986461965512,,0.01613965744400527
bbox_down_5pct,orientation_image_vertical_angle,registered_endpoint,degrees,all_cached,2853,1759,1753,995,907,88,82,1776,732,732,-1.9110725716020756,6.287074564743217,2.5701457780117014,19.997834779785443,0.939294915806397,0.0924758301807482
bbox_down_5pct,orientation_image_vertical_angle,registered_endpoint,degrees,recorded_development_exposed,1406,846,842,508,464,44,44,854,368,368,-2.0726941934097765,5.879199977319467,2.4168881142193612,23.01817134673284,0.9505465001931147,0.08776371308016877
bbox_down_5pct,orientation_image_vertical_angle,registered_endpoint,degrees,no_recorded_development_exposure,1447,913,911,487,443,44,38,922,364,364,-1.7476748880162685,6.6994312904903035,2.6253374343350018,18.679314016770352,0.9295902105366614,0.09715242881072027
bbox_down_5pct,corolla_lab_lightness,registered_endpoint,Lab L*,all_cached,2853,1759,1753,1250,1224,26,15,1588,960,959,-0.07310170321817568,0.3492199865612339,0.19607925415039062,1.1764717102050781,0.997201970407436,0.021196581196581195
bbox_down_5pct,corolla_lab_lightness,registered_endpoint,Lab L*,recorded_development_exposed,1406,846,842,623,610,13,9,774,464,463,-0.03345614873393136,0.3469840489848215,0.19607925415039062,1.1764717102050781,0.9979473785174618,0.02025586353944563
bbox_down_5pct,corolla_lab_lightness,registered_endpoint,Lab L*,no_recorded_development_exposure,1447,913,911,627,614,13,6,814,496,496,-0.1101095494403634,0.3513071621617963,0.19607830047607422,1.1764678955078125,0.9962176943684947,0.02206851119894598
bbox_down_5pct,corolla_lab_chroma,registered_endpoint,Lab chroma,all_cached,2853,1759,1753,1250,1224,26,15,1588,960,959,0.02824472142956428,0.28420467631950286,0.11972999572753906,1.0115209579467757,0.9985790568294007,0.021196581196581195
bbox_down_5pct,corolla_lab_chroma,registered_endpoint,Lab chroma,recorded_development_exposed,1406,846,842,623,610,13,9,774,464,463,0.019754433305766445,0.3183993062499275,0.14660263061523438,1.0414827346801754,0.9981689543307851,0.02025586353944563
bbox_down_5pct,corolla_lab_chroma,registered_endpoint,Lab chroma,no_recorded_development_exposure,1447,913,911,627,614,13,6,814,496,496,0.03617013151286751,0.25228509233202984,0.0982818603515625,0.9397454261779785,0.9989949619025598,0.02206851119894598
bbox_down_5pct,corolla_hue_sin,registered_endpoint,unitless,all_cached,2853,1759,1753,1250,1224,26,15,1588,960,959,0.0009360378172132615,0.0112691120834548,0.0037696310393508514,0.038366720489725024,0.9988579515892732,0.021196581196581195
bbox_down_5pct,corolla_hue_sin,registered_endpoint,unitless,recorded_development_exposed,1406,846,842,623,610,13,9,774,464,463,0.0005749639037749367,0.012349156319072544,0.003810961479122965,0.0379654290203386,0.9982126776924569,0.02025586353944563
bbox_down_5pct,corolla_hue_sin,registered_endpoint,unitless,no_recorded_development_exposure,1447,913,911,627,614,13,6,814,496,496,0.0012730886678623432,0.010260925629642266,0.003711776995421176,0.03882421040538449,0.9992348027559295,0.02206851119894598
bbox_down_5pct,corolla_hue_cos,registered_endpoint,unitless,all_cached,2853,1759,1753,1250,1224,26,15,1588,960,959,0.0013839540377483565,0.009009665757067855,0.003428205915878483,0.03260507053810787,0.9957341148900322,0.021196581196581195
bbox_down_5pct,corolla_hue_cos,registered_endpoint,unitless,recorded_development_exposed,1406,846,842,623,610,13,9,774,464,463,0.001102895945946957,0.00953466235180081,0.0035619958111109407,0.03342889977233836,0.993897375805099,0.02025586353944563
bbox_down_5pct,corolla_hue_cos,registered_endpoint,unitless,no_recorded_development_exposure,1447,913,911,627,614,13,6,814,496,496,0.0016463127000549054,0.00851959837125866,0.0031999151304823448,0.031529229656395846,0.9969994945233472,0.02206851119894598
bbox_down_5pct,visible_floret_fraction,registered_endpoint,fraction,all_cached,2853,1759,1753,1250,1224,26,15,1588,960,959,-0.0013817089672023724,0.010642929567654186,0.006950015243800345,0.03511913843855457,0.9948880618946756,0.021196581196581195
bbox_down_5pct,visible_floret_fraction,registered_endpoint,fraction,recorded_development_exposed,1406,846,842,623,610,13,9,774,464,463,-0.00104989542426596,0.011490419796803856,0.0075562473277411835,0.038586442489298066,0.9944071066343351,0.02025586353944563
bbox_down_5pct,visible_floret_fraction,registered_endpoint,fraction,no_recorded_development_exposure,1447,913,911,627,614,13,6,814,496,496,-0.0016914462058708376,0.009851824777137462,0.005862192470398445,0.030593016010978094,0.9952049540645632,0.02206851119894598
bbox_down_5pct,corolla_white_pixel_fraction,registered_endpoint,fraction,all_cached,2853,1759,1753,1250,1224,26,15,1588,960,959,-0.0006627866583930505,0.004554530201829192,0.0016736150272850525,0.016361708318636686,0.995842111180632,0.021196581196581195
bbox_down_5pct,corolla_white_pixel_fraction,registered_endpoint,fraction,recorded_development_exposed,1406,846,842,623,610,13,9,774,464,463,-0.000623789455077379,0.0044563325215459275,0.0018664454583160461,0.01797100970260804,0.9976658592400991,0.02025586353944563
bbox_down_5pct,corolla_white_pixel_fraction,registered_endpoint,fraction,no_recorded_development_exposure,1447,913,911,627,614,13,6,814,496,496,-0.0006991892897139295,0.004646194568706513,0.0015406475380974755,0.01536922621628782,0.9940520935977545,0.02206851119894598
bbox_down_5pct,corolla_redmagenta_pixel_fraction,registered_endpoint,fraction,all_cached,2853,1759,1753,1250,1224,26,15,1588,960,959,0.0007998377369843446,0.004419974194310301,0.0013067142160298126,0.01701618431778708,0.9978222707295632,0.021196581196581195
bbox_down_5pct,corolla_redmagenta_pixel_fraction,registered_endpoint,fraction,recorded_development_exposed,1406,846,842,623,610,13,9,774,464,463,0.0006999678462772913,0.0043889953589151195,0.0014858558193851998,0.017272456580779944,0.9983138510413639,0.02025586353944563
bbox_down_5pct,corolla_redmagenta_pixel_fraction,registered_endpoint,fraction,no_recorded_development_exposure,1447,913,911,627,614,13,6,814,496,496,0.0008930630583500013,0.004448891937834432,0.001180460829535858,0.015790763661029265,0.9972477912530096,0.02206851119894598
bbox_down_5pct,corolla_purple_pixel_fraction,registered_endpoint,fraction,all_cached,2853,1759,1753,1250,1224,26,15,1588,960,959,-0.0007734687557056625,0.005086535249458037,0.0006837572896089168,0.022547401140094667,0.9986647146666632,0.021196581196581195
bbox_down_5pct,corolla_purple_pixel_fraction,registered_endpoint,fraction,recorded_development_exposed,1406,846,842,623,610,13,9,774,464,463,-0.0008239955441306735,0.0059158711252279735,0.000774628228985059,0.022901755102646502,0.997985600587344,0.02025586353944563
bbox_down_5pct,corolla_purple_pixel_fraction,registered_endpoint,fraction,no_recorded_development_exposure,1447,913,911,627,614,13,6,814,496,496,-0.0007263036286073154,0.0043123769621969885,0.000661277492535528,0.0210695811463065,0.9993247678833149,0.02206851119894598
bbox_down_5pct,corolla_yellow_pixel_fraction,registered_endpoint,fraction,all_cached,2853,1759,1753,1250,1224,26,15,1588,960,959,0.0006364176771143695,0.008043999458187037,0.0037176192497342386,0.02902293850472344,0.9971426962049098,0.021196581196581195
bbox_down_5pct,corolla_yellow_pixel_fraction,registered_endpoint,fraction,recorded_development_exposed,1406,846,842,623,610,13,9,774,464,463,0.0007478171529307616,0.00858273069375783,0.0038589501229027087,0.031884890227388656,0.9968361513409608,0.02025586353944563
bbox_down_5pct,corolla_yellow_pixel_fraction,registered_endpoint,fraction,no_recorded_development_exposure,1447,913,911,627,614,13,6,814,496,496,0.0005324298599712454,0.007541111228208656,0.0036700759249766466,0.02647373646201512,0.997492333396594,0.02206851119894598
bbox_down_5pct,capitulum_outline_aspect_ratio,registered_endpoint,ratio,all_cached,2853,1759,1753,1136,1084,52,44,1673,864,862,0.0020075697932264336,0.04835734246885238,0.035708274005463614,0.1339492567138815,0.8865937008747886,0.0472470238095238
bbox_down_5pct,capitulum_outline_aspect_ratio,registered_endpoint,ratio,recorded_development_exposed,1406,846,842,580,556,24,24,802,431,429,0.0019295308998672333,0.05012933083871318,0.03550083672005744,0.14410431827754458,0.8753298548300082,0.04344569288389513
bbox_down_5pct,capitulum_outline_aspect_ratio,registered_endpoint,ratio,no_recorded_development_exposure,1447,913,911,556,528,28,20,871,433,433,0.0020848877730211155,0.04660172350656535,0.03602588884129365,0.13028171935938912,0.8990356135557258,0.050997782705099776
bbox_down_5pct,capitulum_outline_circularity,registered_endpoint,unitless,all_cached,2853,1759,1753,1136,1084,52,44,1673,864,862,-0.0034162160609773158,0.033257573843510496,0.023199398670448818,0.10119993447672704,0.8893182598531398,0.0472470238095238
bbox_down_5pct,capitulum_outline_circularity,registered_endpoint,unitless,recorded_development_exposed,1406,846,842,580,556,24,24,802,431,429,-0.0016597657030376484,0.03359933819759352,0.023290317269501648,0.10170125721214672,0.885312687136556,0.04344569288389513
bbox_down_5pct,capitulum_outline_circularity,registered_endpoint,unitless,no_recorded_development_exposure,1447,913,911,556,528,28,20,871,433,433,-0.005156440549559573,0.03291896666590861,0.023070789937550074,0.09702727114695384,0.893396533100135,0.050997782705099776
bbox_down_5pct,capitulum_outline_solidity,registered_endpoint,unitless,all_cached,2853,1759,1753,1136,1084,52,44,1673,864,862,-0.0022901748118250857,0.020077627190224434,0.013115225378698192,0.0638889498462992,0.9229577627098066,0.0472470238095238
bbox_down_5pct,capitulum_outline_solidity,registered_endpoint,unitless,recorded_development_exposed,1406,846,842,580,556,24,24,802,431,429,-0.0018723029489051426,0.02046036837384206,0.013350528055952271,0.06325029700709087,0.9171253684350916,0.04344569288389513
bbox_down_5pct,capitulum_outline_solidity,registered_endpoint,unitless,no_recorded_development_exposure,1447,913,911,556,528,28,20,871,433,433,-0.0027041864265887248,0.019698421721928917,0.012641861577472602,0.06434345528971591,0.9287512944981596,0.050997782705099776
bbox_down_5pct,capitulum_width_profile_cv,registered_endpoint,unitless,all_cached,2853,1759,1753,1136,1084,52,44,1673,864,862,0.0011373851790734061,0.02983110652835302,0.02024057075136243,0.08778888325396426,0.8804813326514828,0.0472470238095238
bbox_down_5pct,capitulum_width_profile_cv,registered_endpoint,unitless,recorded_development_exposed,1406,846,842,580,556,24,24,802,431,429,-0.0005695051414863216,0.029863940420419812,0.020641291639732606,0.0885941900116358,0.8791934914518498,0.04344569288389513
bbox_down_5pct,capitulum_width_profile_cv,registered_endpoint,unitless,no_recorded_development_exposure,1447,913,911,556,528,28,20,871,433,433,0.0028285074597203413,0.02979857595168638,0.02005922868906529,0.08511911054152566,0.8824117618518184,0.050997782705099776
bbox_down_5pct,involucre_length_width_ratio,registered_endpoint,ratio,all_cached,2853,1759,1753,160,144,16,20,2673,134,133,-0.009554146281388051,0.09212035731522665,0.0314391061854038,0.41172246933440954,0.8812958447679579,0.10472972972972973
bbox_down_5pct,involucre_length_width_ratio,registered_endpoint,ratio,recorded_development_exposed,1406,846,842,74,69,5,10,1322,65,64,-0.004820829416851809,0.09357512889247352,0.02199514577507361,0.3822917716925551,0.8626831501831501,0.0661764705882353
bbox_down_5pct,involucre_length_width_ratio,registered_endpoint,ratio,no_recorded_development_exposure,1447,913,911,86,75,11,10,1351,69,69,-0.013944469170233257,0.09077100396821501,0.041397003275577826,0.4082492285363536,0.8873218852758495,0.1375
bbox_down_5pct,involucre_apical_taper_ratio,registered_endpoint,ratio,all_cached,2853,1759,1753,160,144,16,20,2673,134,133,-0.004243799171481556,0.1208606834110704,0.0267336387102296,0.45278780113557177,0.8475122677793533,0.10472972972972973
bbox_down_5pct,involucre_apical_taper_ratio,registered_endpoint,ratio,recorded_development_exposed,1406,846,842,74,69,5,10,1322,65,64,0.0149715258019897,0.08129662678542557,0.01747091619190788,0.43044772709699114,0.7957875457875456,0.0661764705882353
bbox_down_5pct,involucre_apical_taper_ratio,registered_endpoint,ratio,no_recorded_development_exposure,1447,913,911,86,75,11,10,1351,69,69,-0.022066709291802735,0.15755777941166846,0.034512779882209355,0.8230256254509727,0.8773839970770918,0.1375
bbox_down_5pct,involucre_basal_taper_ratio,registered_endpoint,ratio,all_cached,2853,1759,1753,160,144,16,20,2673,134,133,0.014709612357455281,0.09419827416632391,0.026948802453915177,0.3622934803238596,0.769131104559227,0.10472972972972973
bbox_down_5pct,involucre_basal_taper_ratio,registered_endpoint,ratio,recorded_development_exposed,1406,846,842,74,69,5,10,1322,65,64,0.003118992096668628,0.06898941400110074,0.01903786224170556,0.3709172831454536,0.808974358974359,0.0661764705882353
bbox_down_5pct,involucre_basal_taper_ratio,registered_endpoint,ratio,no_recorded_development_exposure,1447,913,911,86,75,11,10,1351,69,69,0.025460332599344347,0.11758040533406712,0.03128299018891706,0.3493961352027236,0.7459627329192547,0.1375
bbox_down_5pct,bract_projection_roughness,registered_endpoint,relative,all_cached,2853,1759,1753,160,144,16,20,2673,134,133,-0.0007445281925258582,0.018158349865056572,0.0054203101783042995,0.0646823492738314,0.8083216861692902,0.10472972972972973
bbox_down_5pct,bract_projection_roughness,registered_endpoint,relative,recorded_development_exposed,1406,846,842,74,69,5,10,1322,65,64,-0.00198598421583369,0.01724322881448528,0.005360177829680873,0.055724049128062635,0.8433608058608058,0.0661764705882353
bbox_down_5pct,bract_projection_roughness,registered_endpoint,relative,no_recorded_development_exposure,1447,913,911,86,75,11,10,1351,69,69,0.00040696724938285437,0.01900715779602125,0.005747201236833581,0.07658643871167965,0.7766898063573257,0.1375
bbox_down_5pct,bract_projection_p95,registered_endpoint,relative,all_cached,2853,1759,1753,160,144,16,20,2673,134,133,0.0031410203360994577,0.0322237277682968,0.011136938828344517,0.14374730680569453,0.8614582589445119,0.10472972972972973
bbox_down_5pct,bract_projection_p95,registered_endpoint,relative,recorded_development_exposed,1406,846,842,74,69,5,10,1322,65,64,0.0016975677993931264,0.03592045377140864,0.00846654342690098,0.15817755769160888,0.7935897435897434,0.0661764705882353
bbox_down_5pct,bract_projection_p95,registered_endpoint,relative,no_recorded_development_exposure,1447,913,911,86,75,11,10,1351,69,69,0.004479874862899532,0.028794880461062627,0.013715955074737912,0.08024918058673175,0.9139568871026674,0.1375
bbox_down_5pct,bract_projection_maximum,registered_endpoint,relative,all_cached,2853,1759,1753,160,144,16,20,2673,134,133,0.004821892661636241,0.044564862827277424,0.013979459592309118,0.2012213770445763,0.8458442578631109,0.10472972972972973
bbox_down_5pct,bract_projection_maximum,registered_endpoint,relative,recorded_development_exposed,1406,846,842,74,69,5,10,1322,65,64,0.007546977307083175,0.041412023281374326,0.008623072947619534,0.18335744868664258,0.8604395604395604,0.0661764705882353
bbox_down_5pct,bract_projection_maximum,registered_endpoint,relative,no_recorded_development_exposure,1447,913,911,86,75,11,10,1351,69,69,0.0022942779180332904,0.04748923573941943,0.0175520093287328,0.22641729238681643,0.8328827183047134,0.1375
bbox_down_5pct,bract_spread_fraction,registered_endpoint,fraction,all_cached,2853,1759,1753,160,144,16,20,2673,134,133,0.002683307520140086,0.04351627126230407,0.029629629629629672,0.13852612012546933,0.7316379821871569,0.10472972972972973
bbox_down_5pct,bract_spread_fraction,registered_endpoint,fraction,recorded_development_exposed,1406,846,842,74,69,5,10,1322,65,64,0.008981362233995111,0.036379239265139765,0.025649350649350616,0.11776201733648535,0.796020470131277,0.0661764705882353
bbox_down_5pct,bract_spread_fraction,registered_endpoint,fraction,no_recorded_development_exposure,1447,913,911,86,75,11,10,1351,69,69,-0.0031583664173486328,0.0501361270277898,0.032926378098409204,0.155809001657529,0.6717246937352838,0.1375
bbox_down_5pct,bract_projection_peak_density,registered_endpoint,peaks per valid bin,all_cached,2853,1759,1753,160,144,16,20,2673,134,133,0.0014828533694521543,0.014380594146831783,0.007385730211817168,0.05290247678018575,0.4435065047696546,0.10472972972972973
bbox_down_5pct,bract_projection_peak_density,registered_endpoint,peaks per valid bin,recorded_development_exposed,1406,846,842,74,69,5,10,1322,65,64,0.003718572919256379,0.012375718880256101,0.0034902289828398145,0.04490705800139758,0.46021744363577893,0.0661764705882353
bbox_down_5pct,bract_projection_peak_density,registered_endpoint,peaks per valid bin,no_recorded_development_exposure,1447,913,911,86,75,11,10,1351,69,69,-0.0005908575173227793,0.016240188596988937,0.009942438513867086,0.054481424148606794,0.41804889586288935,0.1375
bbox_down_5pct,bract_projection_asymmetry,registered_endpoint,relative,all_cached,2853,1759,1753,160,144,16,20,2673,134,133,0.0008532736355355258,0.011116584560913509,0.00457173801036672,0.04086110608555547,0.7287520021219941,0.10472972972972973
bbox_down_5pct,bract_projection_asymmetry,registered_endpoint,relative,recorded_development_exposed,1406,846,842,74,69,5,10,1322,65,64,0.001224962221840551,0.01012170285641004,0.004209930118418239,0.042149396565845106,0.7042582417582417,0.0661764705882353
bbox_down_5pct,bract_projection_asymmetry,registered_endpoint,relative,no_recorded_development_exposure,1447,913,911,86,75,11,10,1351,69,69,0.0005085190047598492,0.012039373388279042,0.005720255322911719,0.03842926641329498,0.7467299963463647,0.1375
bbox_down_5pct,involucre_surface_edge_density,registered_endpoint,fraction,all_cached,2853,1759,1753,53,47,6,3,2797,44,44,0.0034826344334277478,0.005550874594720189,0.00020587088489875185,0.028944424772765938,0.9863284002818886,0.12
bbox_down_5pct,involucre_surface_edge_density,registered_endpoint,fraction,recorded_development_exposed,1406,846,842,27,25,2,1,1378,22,22,0.0035372368367285714,0.0054998734519546115,0.0,0.030173353944585715,0.9853190287972897,0.08333333333333333
bbox_down_5pct,involucre_surface_edge_density,registered_endpoint,fraction,no_recorded_development_exposure,1447,913,911,26,22,4,2,1419,22,22,0.0034280320301269237,0.005601875737485767,0.000432795483207158,0.016672773820167918,0.9875776397515529,0.15384615384615385
bbox_down_5pct,involucre_surface_lbp_entropy,registered_endpoint,normalized entropy,all_cached,2853,1759,1753,53,47,6,3,2797,44,44,-0.0008094194656878412,0.0022841393340164956,7.362662201010339e-05,0.010479064456135716,0.9974630021141648,0.12
bbox_down_5pct,involucre_surface_lbp_entropy,registered_endpoint,normalized entropy,recorded_development_exposed,1406,846,842,27,25,2,1,1378,22,22,-0.00022798468681566674,0.0017918569509258212,0.0,0.007509037913826926,0.9966120835686054,0.08333333333333333
bbox_down_5pct,involucre_surface_lbp_entropy,registered_endpoint,normalized entropy,no_recorded_development_exposure,1447,913,911,26,22,4,2,1419,22,22,-0.0013908542445600156,0.0027764217171071704,0.00011558333526745512,0.016732516262331493,0.9875776397515529,0.15384615384615385
bbox_down_5pct,involucre_surface_high_frequency_energy,registered_endpoint,relative,all_cached,2853,1759,1753,53,47,6,3,2797,44,44,0.003031498323581711,0.02182449998176504,0.0,0.09165281468338528,0.9629211899055405,0.12
bbox_down_5pct,involucre_surface_high_frequency_energy,registered_endpoint,relative,recorded_development_exposed,1406,846,842,27,25,2,1,1378,22,22,0.013839433526177584,0.02668888577622724,0.0,0.0958693335276355,0.938083458719429,0.08333333333333333
bbox_down_5pct,involucre_surface_high_frequency_energy,registered_endpoint,relative,no_recorded_development_exposure,1447,913,911,26,22,4,2,1419,22,22,-0.007776436879014162,0.01696011418730284,0.0,0.053818331636412566,0.990680638205911,0.15384615384615385
bbox_down_5pct,involucre_surface_specular_fraction,registered_endpoint,fraction,all_cached,2853,1759,1753,53,47,6,3,2797,44,44,0.00012364004028604477,0.00013892042161540877,0.0,0.0,1.0,0.12
bbox_down_5pct,involucre_surface_specular_fraction,registered_endpoint,fraction,recorded_development_exposed,1406,846,842,27,25,2,1,1378,22,22,0.00026256046190145356,0.00026256046190145356,0.0,0.0,1.0,0.08333333333333333
bbox_down_5pct,involucre_surface_specular_fraction,registered_endpoint,fraction,no_recorded_development_exposure,1447,913,911,26,22,4,2,1419,22,22,-1.528038132936401e-05,1.528038132936401e-05,0.0,0.0,1.0,0.15384615384615385
bbox_down_5pct,joint_hue_angular_change,joint_diagnostic_not_additional_endpoint,degrees,all_cached,2853,1759,1753,1250,1224,26,15,1588,960,959,,0.8876637543329233,0.3609313964843466,2.9447280883788913,,0.021196581196581195
bbox_down_5pct,joint_hue_angular_change,joint_diagnostic_not_additional_endpoint,degrees,recorded_development_exposed,1406,846,842,623,610,13,9,774,464,463,,0.9566242198793036,0.3609313964843466,3.234112548828119,,0.02025586353944563
bbox_down_5pct,joint_hue_angular_change,joint_diagnostic_not_additional_endpoint,degrees,no_recorded_development_exposure,1447,913,911,627,614,13,6,814,496,496,,0.8232913842765239,0.36330413818359375,2.753864288330064,,0.02206851119894598
bbox_down_5pct,joint_colour_composition_total_variation,joint_diagnostic_not_additional_endpoint,fraction,all_cached,2853,1759,1753,1250,1224,26,15,1588,960,959,,0.01105251955189228,0.006029317556619062,0.035558928512368075,,0.021196581196581195
bbox_down_5pct,joint_colour_composition_total_variation,joint_diagnostic_not_additional_endpoint,fraction,recorded_development_exposed,1406,846,842,623,610,13,9,774,464,463,,0.011671964849723424,0.006414080592301974,0.038370769289027565,,0.02025586353944563
bbox_down_5pct,joint_colour_composition_total_variation,joint_diagnostic_not_additional_endpoint,fraction,no_recorded_development_exposure,1447,913,911,627,614,13,6,814,496,496,,0.010474287348473294,0.0058388096549002715,0.03308067317103004,,0.02206851119894598
resolution_75pct,orientation_image_vertical_angle,registered_endpoint,degrees,all_cached,2853,1759,1753,995,662,333,108,1750,572,571,0.3273483916471192,3.5653010390179856,1.2899931016559805,12.855451310085634,0.9822095684755836,0.3200084068936528
resolution_75pct,orientation_image_vertical_angle,registered_endpoint,degrees,recorded_development_exposed,1406,846,842,508,327,181,43,855,281,280,0.8991218985353977,3.3620412943885696,1.2981192710768745,9.746615956383309,0.9880003935910261,0.340295358649789
resolution_75pct,orientation_image_vertical_angle,registered_endpoint,degrees,no_recorded_development_exposure,1447,913,911,487,335,152,65,895,291,291,-0.22281168370929988,3.7608774256029918,1.2733529883304868,15.102147915836422,0.9756327033489328,0.2998743718592965
resolution_75pct,corolla_lab_lightness,registered_endpoint,Lab L*,all_cached,2853,1759,1753,1250,902,348,62,1541,762,760,-0.5448917284346463,0.9534743346666035,0.7843132019042969,2.745098114013672,0.9922202652112091,0.26198290598290597
resolution_75pct,corolla_lab_lightness,registered_endpoint,Lab L*,recorded_development_exposed,1406,846,842,623,431,192,29,754,359,357,-0.5107010744310339,0.899013169339391,0.7843093872070312,2.745098114013672,0.9923030392317218,0.2915778251599147
resolution_75pct,corolla_lab_lightness,registered_endpoint,Lab L*,no_recorded_development_exposure,1447,913,911,627,471,156,33,787,403,403,-0.5751797271425612,1.0017190890631664,0.7843132019042969,2.745101547241211,0.9912575815388827,0.23455204216073783
resolution_75pct,corolla_lab_chroma,registered_endpoint,Lab chroma,all_cached,2853,1759,1753,1250,902,348,62,1541,762,760,0.009579246817973628,0.543718866820921,0.31194305419921875,1.7878594398498509,0.9973224969808723,0.26198290598290597
resolution_75pct,corolla_lab_chroma,registered_endpoint,Lab chroma,recorded_development_exposed,1406,846,842,623,431,192,29,754,359,357,-0.0457990962027613,0.581759349749981,0.3570213317871094,1.9065299987792963,0.9968936707132169,0.2915778251599147
resolution_75pct,corolla_lab_chroma,registered_endpoint,Lab chroma,no_recorded_development_exposure,1447,913,911,627,471,156,33,787,403,403,0.058636488650237566,0.5100204737547314,0.26982688903808594,1.614803123474121,0.9974619716304555,0.23455204216073783
resolution_75pct,corolla_hue_sin,registered_endpoint,unitless,all_cached,2853,1759,1753,1250,902,348,62,1541,762,760,-0.006923463674300318,0.017232543695801725,0.005222259987346767,0.07108626167418534,0.9955004022550338,0.26198290598290597
resolution_75pct,corolla_hue_sin,registered_endpoint,unitless,recorded_development_exposed,1406,846,842,623,431,192,29,754,359,357,-0.007908706772072262,0.018059162848141037,0.006007927396309065,0.07848726268175725,0.9947768448914939,0.2915778251599147
resolution_75pct,corolla_hue_sin,registered_endpoint,unitless,no_recorded_development_exposure,1447,913,911,627,471,156,33,787,403,403,-0.006050680086447753,0.016500278094349778,0.004699280358040736,0.05893883885972849,0.9959548619578079,0.23455204216073783
resolution_75pct,corolla_hue_cos,registered_endpoint,unitless,all_cached,2853,1759,1753,1250,902,348,62,1541,762,760,-0.006005848902159514,0.014754432814441668,0.005421194497787149,0.058871368123165214,0.9911168201650736,0.26198290598290597
resolution_75pct,corolla_hue_cos,registered_endpoint,unitless,recorded_development_exposed,1406,846,842,623,431,192,29,754,359,357,-0.00494862046235021,0.015092189440593113,0.005329735363190924,0.061685257234446005,0.9959067174669756,0.2915778251599147
resolution_75pct,corolla_hue_cos,registered_endpoint,unitless,no_recorded_development_exposure,1447,913,911,627,471,156,33,787,403,403,-0.006942401142883887,0.014455229053806274,0.005540256032323554,0.052148388567799756,0.9869344773075877,0.23455204216073783
resolution_75pct,visible_floret_fraction,registered_endpoint,fraction,all_cached,2853,1759,1753,1250,902,348,62,1541,762,760,0.011591506810055186,0.01899656265035444,0.012582746535634001,0.06046466586494237,0.9904084248578576,0.26198290598290597
resolution_75pct,visible_floret_fraction,registered_endpoint,fraction,recorded_development_exposed,1406,846,842,623,431,192,29,754,359,357,0.01096324701027023,0.01764750696700253,0.012770324068079653,0.051021602188606185,0.9923541069180168,0.2915778251599147
resolution_75pct,visible_floret_fraction,registered_endpoint,fraction,no_recorded_development_exposure,1447,913,911,627,471,156,33,787,403,403,0.012148054573140122,0.02019163182890687,0.012391099388336824,0.06358841675801487,0.9884426722735975,0.23455204216073783
resolution_75pct,corolla_white_pixel_fraction,registered_endpoint,fraction,all_cached,2853,1759,1753,1250,902,348,62,1541,762,760,-0.004040157077988717,0.011929854106307959,0.00684844090318679,0.03406856358614217,0.9928688638491797,0.26198290598290597
resolution_75pct,corolla_white_pixel_fraction,registered_endpoint,fraction,recorded_development_exposed,1406,846,842,623,431,192,29,754,359,357,-0.004299277803717441,0.012444840164726302,0.007381788939668649,0.039110569455285744,0.9937954347645412,0.2915778251599147
resolution_75pct,corolla_white_pixel_fraction,registered_endpoint,fraction,no_recorded_development_exposure,1447,913,911,627,471,156,33,787,403,403,-0.003810613407802228,0.011473650575649526,0.0061180925708471424,0.02986155836726727,0.9916829186775382,0.23455204216073783
resolution_75pct,corolla_redmagenta_pixel_fraction,registered_endpoint,fraction,all_cached,2853,1759,1753,1250,902,348,62,1541,762,760,0.0013007665683893938,0.008597977810027824,0.0031955793010867823,0.03649282502593388,0.9940087736695176,0.26198290598290597
resolution_75pct,corolla_redmagenta_pixel_fraction,registered_endpoint,fraction,recorded_development_exposed,1406,846,842,623,431,192,29,754,359,357,0.0023855201399943906,0.008291061777452782,0.003487451070177017,0.03548837485046897,0.9946209315113865,0.2915778251599147
resolution_75pct,corolla_redmagenta_pixel_fraction,registered_endpoint,fraction,no_recorded_development_exposure,1447,913,911,627,471,156,33,787,403,403,0.00033983102232739896,0.008869861243351127,0.0031690876889716724,0.036815076747802766,0.9934053182872552,0.23455204216073783
resolution_75pct,corolla_purple_pixel_fraction,registered_endpoint,fraction,all_cached,2853,1759,1753,1250,902,348,62,1541,762,760,0.005901464099174389,0.00938966286884657,0.0016520389472261892,0.04733574968203445,0.9929479305408649,0.26198290598290597
resolution_75pct,corolla_purple_pixel_fraction,registered_endpoint,fraction,recorded_development_exposed,1406,846,842,623,431,192,29,754,359,357,0.004737894082602546,0.00876513079124182,0.0017964177356455575,0.046591839275892354,0.9916569603537357,0.2915778251599147
resolution_75pct,corolla_purple_pixel_fraction,registered_endpoint,fraction,no_recorded_development_exposure,1447,913,911,627,471,156,33,787,403,403,0.006932219672167311,0.00994290840657584,0.0016104383127443223,0.05081032502762876,0.9939030340817594,0.23455204216073783
resolution_75pct,corolla_yellow_pixel_fraction,registered_endpoint,fraction,all_cached,2853,1759,1753,1250,902,348,62,1541,762,760,-0.0031620735895750668,0.014811843099513146,0.008656728951968284,0.048593951478607574,0.9961988390079539,0.26198290598290597
resolution_75pct,corolla_yellow_pixel_fraction,registered_endpoint,fraction,recorded_development_exposed,1406,846,842,623,431,192,29,754,359,357,-0.0028241364188794967,0.01582836251201542,0.009725548943888038,0.04842256712579571,0.9964695386949043,0.2915778251599147
resolution_75pct,corolla_yellow_pixel_fraction,registered_endpoint,fraction,no_recorded_development_exposure,1447,913,911,627,471,156,33,787,403,403,-0.003461437286692484,0.013911353198115347,0.007961935817253851,0.04853475844610097,0.9956343290748285,0.23455204216073783
resolution_75pct,capitulum_outline_aspect_ratio,registered_endpoint,ratio,all_cached,2853,1759,1753,1136,775,361,67,1650,657,655,0.007842554436556924,0.05255537409017796,0.025029904306220097,0.19642099573595803,0.8229145219470736,0.3065662202380953
resolution_75pct,capitulum_outline_aspect_ratio,registered_endpoint,ratio,recorded_development_exposed,1406,846,842,580,386,194,25,801,322,320,0.01058109996156347,0.055331690250982925,0.02546224055317503,0.2030900613774631,0.8259745225181656,0.3235955056179775
resolution_75pct,capitulum_outline_aspect_ratio,registered_endpoint,ratio,no_recorded_development_exposure,1447,913,911,556,389,167,42,849,335,335,0.005226630352968582,0.04990337059328963,0.02366635831020658,0.19356731805628535,0.8194270083642212,0.2897634885439764
resolution_75pct,capitulum_outline_circularity,registered_endpoint,unitless,all_cached,2853,1759,1753,1136,775,361,67,1650,657,655,-0.0240501004868624,0.057851689978552924,0.04274314626053649,0.16334990986179956,0.7551525581169971,0.3065662202380953
resolution_75pct,capitulum_outline_circularity,registered_endpoint,unitless,recorded_development_exposed,1406,846,842,580,386,194,25,801,322,320,-0.025994599598453606,0.05450059332156467,0.04034248874815956,0.15567625924773856,0.7709383321966385,0.3235955056179775
resolution_75pct,capitulum_outline_circularity,registered_endpoint,unitless,no_recorded_development_exposure,1447,913,911,556,389,167,42,849,335,335,-0.0221926684996708,0.061052737531496946,0.04475785628563467,0.1813454750546821,0.7375683668414059,0.2897634885439764
resolution_75pct,capitulum_outline_solidity,registered_endpoint,unitless,all_cached,2853,1759,1753,1136,775,361,67,1650,657,655,-0.022606586171315494,0.03560338805453697,0.0217562536213195,0.11886887393052632,0.8022172532422677,0.3065662202380953
resolution_75pct,capitulum_outline_solidity,registered_endpoint,unitless,recorded_development_exposed,1406,846,842,580,386,194,25,801,322,320,-0.024672098659193415,0.03518994873668347,0.02158109229051547,0.11930193452845887,0.8067124319733106,0.3235955056179775
resolution_75pct,capitulum_outline_solidity,registered_endpoint,unitless,no_recorded_development_exposure,1447,913,911,556,389,167,42,849,335,335,-0.020633559317223157,0.035998315164128374,0.021900098170769433,0.11418485675918322,0.7953430457297088,0.2897634885439764
resolution_75pct,capitulum_width_profile_cv,registered_endpoint,unitless,all_cached,2853,1759,1753,1136,775,361,67,1650,657,655,0.015058640261798806,0.03916021018060752,0.026258102565051455,0.12789476187034451,0.805023284740379,0.3065662202380953
resolution_75pct,capitulum_width_profile_cv,registered_endpoint,unitless,recorded_development_exposed,1406,846,842,580,386,194,25,801,322,320,0.013332260387183112,0.03809002760234604,0.026235091206661898,0.1271548516887382,0.8015296081431448,0.3235955056179775
resolution_75pct,capitulum_width_profile_cv,registered_endpoint,unitless,no_recorded_development_exposure,1447,913,911,556,389,167,42,849,335,335,0.016707719545013797,0.04018247413596178,0.02655709728384492,0.1361764234785992,0.8087360425194048,0.2897634885439764
resolution_75pct,involucre_length_width_ratio,registered_endpoint,ratio,all_cached,2853,1759,1753,160,82,78,51,2642,74,74,-0.043800654367008314,0.16048635203661937,0.06149870303435678,0.6504946118930182,0.7371640133283968,0.5067567567567568
resolution_75pct,involucre_length_width_ratio,registered_endpoint,ratio,recorded_development_exposed,1406,846,842,74,42,32,19,1313,39,39,-0.06970253308431386,0.18788696948475256,0.0750131339826916,0.6790541457906414,0.6406882591093118,0.4411764705882353
resolution_75pct,involucre_length_width_ratio,registered_endpoint,ratio,no_recorded_development_exposure,1447,913,911,86,40,46,32,1329,35,35,-0.014938560939153559,0.1299542354515566,0.05026600559992467,0.5758371837951123,0.8445378151260505,0.5625
resolution_75pct,involucre_apical_taper_ratio,registered_endpoint,ratio,all_cached,2853,1759,1753,160,82,78,51,2642,74,74,-0.011307574738741843,0.16780443671636064,0.1131498895986719,0.47635590287326574,0.48724176231025534,0.5067567567567568
resolution_75pct,involucre_apical_taper_ratio,registered_endpoint,ratio,recorded_development_exposed,1406,846,842,74,42,32,19,1313,39,39,-0.015267276434178209,0.2158152733992174,0.17896771167879189,0.6180409009985129,0.2230769230769231,0.4411764705882353
resolution_75pct,involucre_apical_taper_ratio,registered_endpoint,ratio,no_recorded_development_exposure,1447,913,911,86,40,46,32,1329,35,35,-0.0068953357066841815,0.11430664726974887,0.09180584572000938,0.3060715210143365,0.7778711484593838,0.5625
resolution_75pct,involucre_basal_taper_ratio,registered_endpoint,ratio,all_cached,2853,1759,1753,160,82,78,51,2642,74,74,-0.004080878562449978,0.15030862940742412,0.05810792440921969,0.4570712291090016,0.5752388004442798,0.5067567567567568
resolution_75pct,involucre_basal_taper_ratio,registered_endpoint,ratio,recorded_development_exposed,1406,846,842,74,42,32,19,1313,39,39,-0.03476238721522979,0.17698905354160288,0.09250276655504308,0.4702560449549412,0.5989878542510122,0.4411764705882353
resolution_75pct,involucre_basal_taper_ratio,registered_endpoint,ratio,no_recorded_development_exposure,1447,913,911,86,40,46,32,1329,35,35,0.030107088222076087,0.12057901394362491,0.05320862710979146,0.4052321759843979,0.5795518207282914,0.5625
resolution_75pct,bract_projection_roughness,registered_endpoint,relative,all_cached,2853,1759,1753,160,82,78,51,2642,74,74,0.003750543878818003,0.032161178297800845,0.02288877533887453,0.094688104868233,0.6433617178822657,0.5067567567567568
resolution_75pct,bract_projection_roughness,registered_endpoint,relative,recorded_development_exposed,1406,846,842,74,42,32,19,1313,39,39,0.008454536600192734,0.031847938588097056,0.02276296887812035,0.0765437734023981,0.7208502024291499,0.4411764705882353
resolution_75pct,bract_projection_roughness,registered_endpoint,relative,no_recorded_development_exposure,1447,913,911,86,40,46,32,1329,35,35,-0.001491048010713839,0.03251021683147078,0.024055679791353785,0.09792935073778385,0.5095238095238096,0.5625
resolution_75pct,bract_projection_p95,registered_endpoint,relative,all_cached,2853,1759,1753,160,82,78,51,2642,74,74,0.007853748010124123,0.0626645341636999,0.04536045533397579,0.18321273660026913,0.6214439096630876,0.5067567567567568
resolution_75pct,bract_projection_p95,registered_endpoint,relative,recorded_development_exposed,1406,846,842,74,42,32,19,1313,39,39,0.013354452055634196,0.07040688498347415,0.04409884336377756,0.1958931468966201,0.5844129554655871,0.4411764705882353
resolution_75pct,bract_projection_p95,registered_endpoint,relative,no_recorded_development_exposure,1447,913,911,86,40,46,32,1329,35,35,0.0017243920736986107,0.054037343250237124,0.048273511651482554,0.15734884081260359,0.6397759103641457,0.5625
resolution_75pct,bract_projection_maximum,registered_endpoint,relative,all_cached,2853,1759,1753,160,82,78,51,2642,74,74,-9.160968808283546e-05,0.08317723693012836,0.048943161642668334,0.26645293092144046,0.6761791928915214,0.5067567567567568
resolution_75pct,bract_projection_maximum,registered_endpoint,relative,recorded_development_exposed,1406,846,842,74,42,32,19,1313,39,39,0.01896090744172822,0.0811363388699893,0.060291186802555824,0.19560422814519507,0.7208502024291499,0.4411764705882353
resolution_75pct,bract_projection_maximum,registered_endpoint,relative,no_recorded_development_exposure,1447,913,911,86,40,46,32,1329,35,35,-0.021321557347015154,0.08545138048285475,0.030847718750161318,0.26481072536925604,0.6946778711484594,0.5625
resolution_75pct,bract_spread_fraction,registered_endpoint,fraction,all_cached,2853,1759,1753,160,82,78,51,2642,74,74,0.023980125242037027,0.0719507342169866,0.06033491580743269,0.2025446428571428,0.4341447520529965,0.5067567567567568
resolution_75pct,bract_spread_fraction,registered_endpoint,fraction,recorded_development_exposed,1406,846,842,74,42,32,19,1313,39,39,0.039990533032555384,0.0694768021971096,0.05934065934065935,0.21357466063348415,0.5620918406344407,0.4411764705882353
resolution_75pct,bract_spread_fraction,registered_endpoint,fraction,no_recorded_development_exposure,1447,913,911,86,40,46,32,1329,35,35,0.006139956561173717,0.07470740132484954,0.06422379826635144,0.1862120080989062,0.30884001423837376,0.5625
resolution_75pct,bract_projection_peak_density,registered_endpoint,peaks per valid bin,all_cached,2853,1759,1753,160,82,78,51,2642,74,74,0.006196408979428431,0.020748120386841106,0.015552916406806352,0.05405857362379098,0.10290730020673282,0.5067567567567568
resolution_75pct,bract_projection_peak_density,registered_endpoint,peaks per valid bin,recorded_development_exposed,1406,846,842,74,42,32,19,1313,39,39,0.007982826187247102,0.023316265399628427,0.01550868486352358,0.06725921137685845,0.05175994460205263,0.4411764705882353
resolution_75pct,bract_projection_peak_density,registered_endpoint,peaks per valid bin,no_recorded_development_exposure,1447,913,911,86,40,46,32,1329,35,35,0.0042058298050019136,0.017886473086878095,0.015597147950089124,0.04153679653679652,0.17660245227220492,0.5625
resolution_75pct,bract_projection_asymmetry,registered_endpoint,relative,all_cached,2853,1759,1753,160,82,78,51,2642,74,74,0.005380099379349204,0.018974978195939254,0.014204741336390752,0.05357451750605135,0.3812958163643095,0.5067567567567568
resolution_75pct,bract_projection_asymmetry,registered_endpoint,relative,recorded_development_exposed,1406,846,842,74,42,32,19,1313,39,39,0.0075703933837135695,0.02170799255967104,0.013899039631335125,0.062222619709990525,0.37550607287449395,0.4411764705882353
resolution_75pct,bract_projection_asymmetry,registered_endpoint,relative,no_recorded_development_exposure,1447,913,911,86,40,46,32,1329,35,35,0.0029394860602003406,0.015929619333495265,0.014964921814212901,0.033983891865448944,0.3812324929971989,0.5625
resolution_75pct,involucre_surface_edge_density,registered_endpoint,fraction,all_cached,2853,1759,1753,53,3,50,2,2798,3,3,0.02380309573173764,0.02380309573173764,0.030480304162058713,0.03136468960327825,1.0,0.94
resolution_75pct,involucre_surface_edge_density,registered_endpoint,fraction,recorded_development_exposed,1406,846,842,27,1,26,0,1379,1,1,0.00946602838085156,0.00946602838085156,0.00946602838085156,0.00946602838085156,,0.9583333333333334
resolution_75pct,involucre_surface_edge_density,registered_endpoint,fraction,no_recorded_development_exposure,1447,913,911,26,2,24,2,1419,2,2,0.03097162940718068,0.03097162940718068,0.03097162940718068,0.031413822127790446,,0.9230769230769231
resolution_75pct,involucre_surface_lbp_entropy,registered_endpoint,normalized entropy,all_cached,2853,1759,1753,53,3,50,2,2798,3,3,-0.012448440331592758,0.014058729727897864,0.012566807126961232,0.02573123387874335,1.0,0.94
resolution_75pct,involucre_surface_lbp_entropy,registered_endpoint,normalized entropy,recorded_development_exposed,1406,846,842,27,1,26,0,1379,1,1,0.002415434094457658,0.002415434094457658,0.002415434094457658,0.002415434094457658,,0.9583333333333334
resolution_75pct,involucre_surface_lbp_entropy,registered_endpoint,normalized entropy,no_recorded_development_exposure,1447,913,911,26,2,24,2,1419,2,2,-0.019880377544617966,0.019880377544617966,0.019880377544617966,0.026462590920509028,,0.9230769230769231
resolution_75pct,involucre_surface_high_frequency_energy,registered_endpoint,relative,all_cached,2853,1759,1753,53,3,50,2,2798,3,3,0.018013654538437677,0.026972221167777,0.01747881355932203,0.04674788135593219,1.0,0.94
resolution_75pct,involucre_surface_high_frequency_energy,registered_endpoint,relative,recorded_development_exposed,1406,846,842,27,1,26,0,1379,1,1,0.04999999999999999,0.04999999999999999,0.04999999999999999,0.04999999999999999,,0.9583333333333334
resolution_75pct,involucre_surface_high_frequency_energy,registered_endpoint,relative,no_recorded_development_exposure,1447,913,911,26,2,24,2,1419,2,2,0.0020204818076565226,0.015458331751665506,0.015458331751665506,0.017276765378556377,,0.9230769230769231
resolution_75pct,involucre_surface_specular_fraction,registered_endpoint,fraction,all_cached,2853,1759,1753,53,3,50,2,2798,3,3,0.0,0.0,0.0,0.0,,0.94
resolution_75pct,involucre_surface_specular_fraction,registered_endpoint,fraction,recorded_development_exposed,1406,846,842,27,1,26,0,1379,1,1,0.0,0.0,0.0,0.0,,0.9583333333333334
resolution_75pct,involucre_surface_specular_fraction,registered_endpoint,fraction,no_recorded_development_exposure,1447,913,911,26,2,24,2,1419,2,2,0.0,0.0,0.0,0.0,,0.9230769230769231
resolution_75pct,joint_hue_angular_change,joint_diagnostic_not_additional_endpoint,degrees,all_cached,2853,1759,1753,1250,902,348,62,1541,762,760,,1.3872711482800935,0.4954681396484517,5.628863525390623,,0.26198290598290597
resolution_75pct,joint_hue_angular_change,joint_diagnostic_not_additional_endpoint,degrees,recorded_development_exposed,1406,846,842,623,431,192,29,754,359,357,,1.4453540235674336,0.4953613281250284,5.6735687255859375,,0.2915778251599147
resolution_75pct,joint_hue_angular_change,joint_diagnostic_not_additional_endpoint,degrees,no_recorded_development_exposure,1447,913,911,627,471,156,33,787,403,403,,1.3358180800975115,0.496246337890625,5.035411071777342,,0.23455204216073783
resolution_75pct,joint_colour_composition_total_variation,joint_diagnostic_not_additional_endpoint,fraction,all_cached,2853,1759,1753,1250,902,348,62,1541,762,760,,0.022364668942347756,0.015689366038700907,0.0638850128275402,,0.26198290598290597
resolution_75pct,joint_colour_composition_total_variation,joint_diagnostic_not_additional_endpoint,fraction,recorded_development_exposed,1406,846,842,623,431,192,29,754,359,357,,0.022664697622718163,0.016686172930888487,0.07118477945015801,,0.2915778251599147
resolution_75pct,joint_colour_composition_total_variation,joint_diagnostic_not_additional_endpoint,fraction,no_recorded_development_exposure,1447,913,911,627,471,156,33,787,403,403,,0.02209888671184592,0.014384508004686727,0.06049535310939199,,0.23455204216073783
resolution_50pct,orientation_image_vertical_angle,registered_endpoint,degrees,all_cached,2853,1759,1753,995,417,578,85,1773,386,386,-0.04487367609702119,3.88133807636317,1.6546504215702988,14.125015696278297,0.9835705444091997,0.5524379991593106
resolution_50pct,orientation_image_vertical_angle,registered_endpoint,degrees,recorded_development_exposed,1406,846,842,508,202,306,38,860,185,185,0.10465108562948398,3.7912190366978478,1.6570805950845369,11.393107745304325,0.982493082142451,0.5755274261603376
resolution_50pct,orientation_image_vertical_angle,registered_endpoint,degrees,no_recorded_development_exposure,1447,913,911,487,215,272,47,913,201,201,-0.1824959692283816,3.9642834611297593,1.6543226620340477,14.43304675768496,0.9849652726466677,0.5295226130653267
resolution_50pct,corolla_lab_lightness,registered_endpoint,Lab L*,all_cached,2853,1759,1753,1250,593,657,92,1511,540,538,-0.6215224874654816,1.1493792007994623,0.7843170166015625,3.137257194519043,0.9878683731312996,0.4923931623931624
resolution_50pct,corolla_lab_lightness,registered_endpoint,Lab L*,recorded_development_exposed,1406,846,842,623,276,347,47,736,248,246,-0.5490462295408172,1.1247941459097512,0.7843132019042969,3.1372594833374023,0.9857936496707793,0.5252309879175551
resolution_50pct,corolla_lab_lightness,registered_endpoint,Lab L*,no_recorded_development_exposure,1447,913,911,627,317,310,45,775,292,292,-0.6825812527033837,1.1700912675901092,0.7843170166015625,3.1372528076171875,0.9883824765715208,0.46195652173913043
resolution_50pct,corolla_lab_chroma,registered_endpoint,Lab chroma,all_cached,2853,1759,1753,1250,593,657,92,1511,540,538,0.07148558440557053,0.6819469216735538,0.39479994773864746,2.157716369628905,0.9958626080588682,0.4923931623931624
resolution_50pct,corolla_lab_chroma,registered_endpoint,Lab chroma,recorded_development_exposed,1406,846,842,623,276,347,47,736,248,246,0.04293120004297272,0.7211326312243453,0.4348621368408203,2.3744611740112305,0.9960667886346594,0.5252309879175551
resolution_50pct,corolla_lab_chroma,registered_endpoint,Lab chroma,no_recorded_development_exposure,1447,913,911,627,317,310,45,775,292,292,0.09554167534118373,0.6489343033533662,0.36879825592041016,2.0489603042602527,0.99544524454892,0.46195652173913043
resolution_50pct,corolla_hue_sin,registered_endpoint,unitless,all_cached,2853,1759,1753,1250,593,657,92,1511,540,538,-0.0063879014514258954,0.01724854040297183,0.006675341020145942,0.07021563221129952,0.99465626627798,0.4923931623931624
resolution_50pct,corolla_hue_sin,registered_endpoint,unitless,recorded_development_exposed,1406,846,842,623,276,347,47,736,248,246,-0.007243157346517564,0.020558042754260472,0.006924377116028446,0.07376703110857813,0.9891395602380378,0.5252309879175551
resolution_50pct,corolla_hue_sin,registered_endpoint,unitless,no_recorded_development_exposure,1447,913,911,627,317,310,45,775,292,292,-0.005667377649396614,0.014460398011132766,0.00613364952746831,0.06920447514359221,0.9987526105768791,0.46195652173913043
resolution_50pct,corolla_hue_cos,registered_endpoint,unitless,all_cached,2853,1759,1753,1250,593,657,92,1511,540,538,-0.006374115888281665,0.01578548281382724,0.0062724467994688116,0.06039610335622199,0.994703504810104,0.4923931623931624
resolution_50pct,corolla_hue_cos,registered_endpoint,unitless,recorded_development_exposed,1406,846,842,623,276,347,47,736,248,246,-0.006018805475805793,0.016823979887467845,0.0065540450999347355,0.055758830856940556,0.9942187282733769,0.5252309879175551
resolution_50pct,corolla_hue_cos,registered_endpoint,unitless,no_recorded_development_exposure,1447,913,911,627,317,310,45,775,292,292,-0.006673452742627777,0.014910584594253304,0.005908894313124691,0.06127818981798187,0.9945443582379033,0.46195652173913043
resolution_50pct,visible_floret_fraction,registered_endpoint,fraction,all_cached,2853,1759,1753,1250,593,657,92,1511,540,538,0.014382320397767661,0.02304060639395514,0.016017907885577137,0.06779112511197805,0.9903361368336135,0.4923931623931624
resolution_50pct,visible_floret_fraction,registered_endpoint,fraction,recorded_development_exposed,1406,846,842,623,276,347,47,736,248,246,0.014581309734691609,0.023344588674919706,0.017239775147421255,0.06322905843546305,0.9902705033825517,0.5252309879175551
resolution_50pct,visible_floret_fraction,registered_endpoint,fraction,no_recorded_development_exposure,1447,913,911,627,317,310,45,775,292,292,0.014214678696112561,0.022784511732594586,0.015432617401561793,0.06928571213630932,0.9888742310456334,0.46195652173913043
resolution_50pct,corolla_white_pixel_fraction,registered_endpoint,fraction,all_cached,2853,1759,1753,1250,593,657,92,1511,540,538,-0.0061582561396287495,0.013721211820767661,0.008173795072134137,0.04255400910974545,0.988674480270772,0.4923931623931624
resolution_50pct,corolla_white_pixel_fraction,registered_endpoint,fraction,recorded_development_exposed,1406,846,842,623,276,347,47,736,248,246,-0.005806097535302194,0.014631724209090181,0.008571300092370605,0.04480391876682924,0.9884331466723253,0.5252309879175551
resolution_50pct,corolla_white_pixel_fraction,registered_endpoint,fraction,no_recorded_development_exposure,1447,913,911,627,317,310,45,775,292,292,-0.006454937703547697,0.012954136315537042,0.007965931083315232,0.03981410179967801,0.9877502250894276,0.46195652173913043
resolution_50pct,corolla_redmagenta_pixel_fraction,registered_endpoint,fraction,all_cached,2853,1759,1753,1250,593,657,92,1511,540,538,0.0021448468211715047,0.008799077284206749,0.003635903551440313,0.035940836238994606,0.9934727896599524,0.4923931623931624
resolution_50pct,corolla_redmagenta_pixel_fraction,registered_endpoint,fraction,recorded_development_exposed,1406,846,842,623,276,347,47,736,248,246,0.002322437352851651,0.008557607853495075,0.003578490184062807,0.031033253417605308,0.9946811679725936,0.5252309879175551
resolution_50pct,corolla_redmagenta_pixel_fraction,registered_endpoint,fraction,no_recorded_development_exposure,1447,913,911,627,317,310,45,775,292,292,0.001995232880098505,0.009002507010080282,0.003842351968767513,0.03748877372582209,0.9921732310132021,0.46195652173913043
resolution_50pct,corolla_purple_pixel_fraction,registered_endpoint,fraction,all_cached,2853,1759,1753,1250,593,657,92,1511,540,538,0.005794174342169178,0.009079058038925218,0.0015763156173229315,0.04229859349786333,0.9913806963046823,0.4923931623931624
resolution_50pct,corolla_purple_pixel_fraction,registered_endpoint,fraction,recorded_development_exposed,1406,846,842,623,276,347,47,736,248,246,0.0043610774804452735,0.008056138827216308,0.0015044063194291468,0.03275596429823694,0.9881584884189853,0.5252309879175551
resolution_50pct,corolla_purple_pixel_fraction,registered_endpoint,fraction,no_recorded_development_exposure,1447,913,911,627,317,310,45,775,292,292,0.00700150936951192,0.009940832443310121,0.0016833871407636609,0.04677043222230349,0.9943290856519389,0.46195652173913043
resolution_50pct,corolla_yellow_pixel_fraction,registered_endpoint,fraction,all_cached,2853,1759,1753,1250,593,657,92,1511,540,538,-0.0017807650237119325,0.017106386759106456,0.00974807220790759,0.05636793586774993,0.9943569003936082,0.4923931623931624
resolution_50pct,corolla_yellow_pixel_fraction,registered_endpoint,fraction,recorded_development_exposed,1406,846,842,623,276,347,47,736,248,246,-0.0008774172979947275,0.017524312154853103,0.009953064757125596,0.05605478909671355,0.9949572963249166,0.5252309879175551
resolution_50pct,corolla_yellow_pixel_fraction,registered_endpoint,fraction,no_recorded_development_exposure,1447,913,911,627,317,310,45,775,292,292,-0.002541804546062729,0.01675429892570346,0.009610299284568427,0.05644301240018597,0.9937688367611641,0.46195652173913043
resolution_50pct,capitulum_outline_aspect_ratio,registered_endpoint,ratio,all_cached,2853,1759,1753,1136,472,664,101,1616,429,427,0.004893887923382495,0.0640350229451302,0.034914890028088896,0.2330882870015394,0.7672511658877974,0.5611049107142857
resolution_50pct,capitulum_outline_aspect_ratio,registered_endpoint,ratio,recorded_development_exposed,1406,846,842,580,230,350,40,786,205,203,0.0005169956804003249,0.06906701343159602,0.037154121863799405,0.23351677423934303,0.749923612216881,0.5823970037453182
resolution_50pct,capitulum_outline_aspect_ratio,registered_endpoint,ratio,no_recorded_development_exposure,1447,913,911,556,242,314,61,830,224,224,0.008860446518585089,0.05947478156677054,0.0321791174601313,0.2213873259591135,0.7821002387980276,0.5400960827790096
resolution_50pct,capitulum_outline_circularity,registered_endpoint,unitless,all_cached,2853,1759,1753,1136,472,664,101,1616,429,427,-0.048061094779860196,0.07818573158256922,0.052627048120479636,0.24544782466643053,0.620528903465222,0.5611049107142857
resolution_50pct,capitulum_outline_circularity,registered_endpoint,unitless,recorded_development_exposed,1406,846,842,580,230,350,40,786,205,203,-0.0473448202434754,0.08211635102186295,0.0524615750753995,0.2744891212745103,0.5346563343671371,0.5823970037453182
resolution_50pct,capitulum_outline_circularity,registered_endpoint,unitless,no_recorded_development_exposure,1447,913,911,556,242,314,61,830,224,224,-0.04871021857845892,0.07462360771570926,0.052929414360776,0.23188708471874117,0.7009566517189836,0.5400960827790096
resolution_50pct,capitulum_outline_solidity,registered_endpoint,unitless,all_cached,2853,1759,1753,1136,472,664,101,1616,429,427,-0.03813512073572215,0.050451058622651465,0.03495099362563081,0.15824477075907273,0.6633032452413269,0.5611049107142857
resolution_50pct,capitulum_outline_solidity,registered_endpoint,unitless,recorded_development_exposed,1406,846,842,580,230,350,40,786,205,203,-0.04086008288985449,0.05285347743318719,0.0318286514568229,0.1652670167457259,0.5358971857776912,0.5823970037453182
resolution_50pct,capitulum_outline_solidity,registered_endpoint,unitless,no_recorded_development_exposure,1447,913,911,556,242,314,61,830,224,224,-0.03566562378353973,0.04827386657560346,0.03640021017924461,0.13951438407400643,0.7578197736493701,0.5400960827790096
resolution_50pct,capitulum_width_profile_cv,registered_endpoint,unitless,all_cached,2853,1759,1753,1136,472,664,101,1616,429,427,0.02813985752440826,0.05197191523684585,0.033875401229040536,0.15035375278458984,0.7562437594773481,0.5611049107142857
resolution_50pct,capitulum_width_profile_cv,registered_endpoint,unitless,recorded_development_exposed,1406,846,842,580,230,350,40,786,205,203,0.03290167878357558,0.054512778987680116,0.03277344444518507,0.1687050627615709,0.7094083792615715,0.5823970037453182
resolution_50pct,capitulum_width_profile_cv,registered_endpoint,unitless,no_recorded_development_exposure,1447,913,911,556,242,314,61,830,224,224,0.023824457008287867,0.04966925746265228,0.035145495247484546,0.13061360021061677,0.7961723254324153,0.5400960827790096
resolution_50pct,involucre_length_width_ratio,registered_endpoint,ratio,all_cached,2853,1759,1753,160,31,129,101,2592,30,30,0.07949698283713762,0.3294753654728597,0.21925265709463293,0.9762365057481874,0.5096774193548387,0.8085585585585585
resolution_50pct,involucre_length_width_ratio,registered_endpoint,ratio,recorded_development_exposed,1406,846,842,74,17,57,45,1287,16,16,0.024658139051502256,0.29375385408163546,0.21925265709463293,0.8911532085629031,0.3852941176470588,0.7647058823529411
resolution_50pct,involucre_length_width_ratio,registered_endpoint,ratio,no_recorded_development_exposure,1447,913,911,86,14,72,56,1305,14,14,0.14216994716357798,0.3702999499199732,0.17474789492580134,1.1039964277615213,0.5648351648351648,0.8458333333333332
resolution_50pct,involucre_apical_taper_ratio,registered_endpoint,ratio,all_cached,2853,1759,1753,160,31,129,101,2592,30,30,-0.03920625262510701,0.192615305658704,0.12764005850278626,0.5551683945140531,0.4002224694104561,0.8085585585585585
resolution_50pct,involucre_apical_taper_ratio,registered_endpoint,ratio,recorded_development_exposed,1406,846,842,74,17,57,45,1287,16,16,-0.016288825701531368,0.20053021795941425,0.16323669393999735,0.45757256929290324,0.3382352941176471,0.7647058823529411
resolution_50pct,involucre_apical_taper_ratio,registered_endpoint,ratio,no_recorded_development_exposure,1447,913,911,86,14,72,56,1305,14,14,-0.06539759768062205,0.18356969160074943,0.09645563059331835,0.5311021223632949,0.49890109890109896,0.8458333333333332
resolution_50pct,involucre_basal_taper_ratio,registered_endpoint,ratio,all_cached,2853,1759,1753,160,31,129,101,2592,30,30,0.055809163788562245,0.17301418255634687,0.1090723407238916,0.4240465469411687,0.37352614015572855,0.8085585585585585
resolution_50pct,involucre_basal_taper_ratio,registered_endpoint,ratio,recorded_development_exposed,1406,846,842,74,17,57,45,1287,16,16,0.0028156124755383607,0.1554772391990284,0.1090723407238916,0.39601139006769975,0.6852941176470588,0.7647058823529411
resolution_50pct,involucre_basal_taper_ratio,registered_endpoint,ratio,no_recorded_development_exposure,1447,913,911,86,14,72,56,1305,14,14,0.1163732224320181,0.19305640353613948,0.1320573042608007,0.4206186902546459,-0.006593406593406593,0.8458333333333332
resolution_50pct,bract_projection_roughness,registered_endpoint,relative,all_cached,2853,1759,1753,160,31,129,101,2592,30,30,0.01792354065750956,0.04233481795548374,0.031803399155516165,0.1039190139128895,0.5230255839822024,0.8085585585585585
resolution_50pct,bract_projection_roughness,registered_endpoint,relative,recorded_development_exposed,1406,846,842,74,17,57,45,1287,16,16,0.019982664695192852,0.04633813971131423,0.035680028487705046,0.0966524370868942,0.33529411764705885,0.7647058823529411
resolution_50pct,bract_projection_roughness,registered_endpoint,relative,no_recorded_development_exposure,1447,913,911,86,14,72,56,1305,14,14,0.015570256043014366,0.03775959309167747,0.0306632697149907,0.10006758377294658,0.6615384615384616,0.8458333333333332
resolution_50pct,bract_projection_p95,registered_endpoint,relative,all_cached,2853,1759,1753,160,31,129,101,2592,30,30,0.02927498323356711,0.08139925801021691,0.05974134544852673,0.2190296631609979,0.43448275862068964,0.8085585585585585
resolution_50pct,bract_projection_p95,registered_endpoint,relative,recorded_development_exposed,1406,846,842,74,17,57,45,1287,16,16,0.03057382986218927,0.08334713381122322,0.05517403180282937,0.19948870318632955,0.25,0.7647058823529411
resolution_50pct,bract_projection_p95,registered_endpoint,relative,no_recorded_development_exposure,1447,913,911,86,14,72,56,1305,14,14,0.02779058708657037,0.07917311423763827,0.06665370712685093,0.2249228285327518,0.6527472527472528,0.8458333333333332
resolution_50pct,bract_projection_maximum,registered_endpoint,relative,all_cached,2853,1759,1753,160,31,129,101,2592,30,30,0.034325457346301644,0.14555730730813377,0.11012244599088208,0.4740494631398139,0.26184649610678534,0.8085585585585585
resolution_50pct,bract_projection_maximum,registered_endpoint,relative,recorded_development_exposed,1406,846,842,74,17,57,45,1287,16,16,0.020410740127378584,0.09759514700825263,0.07661967355771636,0.23839880519004597,0.31764705882352945,0.7647058823529411
resolution_50pct,bract_projection_maximum,registered_endpoint,relative,no_recorded_development_exposure,1447,913,911,86,14,72,56,1305,14,14,0.05022799131078514,0.20037120479371212,0.13126071292618902,0.6286088052303973,0.24395604395604395,0.8458333333333332
resolution_50pct,bract_spread_fraction,registered_endpoint,fraction,all_cached,2853,1759,1753,160,31,129,101,2592,30,30,0.029364541620620358,0.06627427814854324,0.045366641639933564,0.198713289868149,0.282599020916778,0.8085585585585585
resolution_50pct,bract_spread_fraction,registered_endpoint,fraction,recorded_development_exposed,1406,846,842,74,17,57,45,1287,16,16,0.053895387391387356,0.06651727747060349,0.04061550151975685,0.18845389507154212,0.2735294117647059,0.7647058823529411
resolution_50pct,bract_spread_fraction,registered_endpoint,fraction,no_recorded_development_exposure,1447,913,911,86,14,72,56,1305,14,14,0.0013292893111723453,0.06599656463761726,0.050415252949815165,0.17468474952393803,0.42464272120673824,0.8458333333333332
resolution_50pct,bract_projection_peak_density,registered_endpoint,peaks per valid bin,all_cached,2853,1759,1753,160,31,129,101,2592,30,30,0.0016307115318589791,0.02009367343137147,0.018569165471066476,0.04579491255961844,0.2747718270591189,0.8085585585585585
resolution_50pct,bract_projection_peak_density,registered_endpoint,peaks per valid bin,recorded_development_exposed,1406,846,842,74,17,57,45,1287,16,16,0.0009965785271955768,0.017437887914138167,0.013578358120448775,0.042607313195548495,0.5945549806823128,0.7647058823529411
resolution_50pct,bract_projection_peak_density,registered_endpoint,peaks per valid bin,no_recorded_development_exposure,1447,913,911,86,14,72,56,1305,14,14,0.0023554349657600106,0.02312885687963811,0.024746921123250908,0.048073380867498516,-0.08397918225669414,0.8458333333333332
resolution_50pct,bract_projection_asymmetry,registered_endpoint,relative,all_cached,2853,1759,1753,160,31,129,101,2592,30,30,0.011174727558873214,0.021614358456961073,0.01517628459937908,0.05898922790025902,0.20622914349276972,0.8085585585585585
resolution_50pct,bract_projection_asymmetry,registered_endpoint,relative,recorded_development_exposed,1406,846,842,74,17,57,45,1287,16,16,0.01030220240852792,0.020841808950776503,0.01608225225043708,0.042398920591619094,0.1264705882352941,0.7647058823529411
resolution_50pct,bract_projection_asymmetry,registered_endpoint,relative,no_recorded_development_exposure,1447,913,911,86,14,72,56,1305,14,14,0.012171899159267833,0.02249727217831487,0.014335060372774537,0.07350135280347286,0.3230769230769231,0.8458333333333332
resolution_50pct,involucre_surface_edge_density,registered_endpoint,fraction,all_cached,2853,1759,1753,53,0,53,0,2800,0,0,,,,,,1.0
resolution_50pct,involucre_surface_edge_density,registered_endpoint,fraction,recorded_development_exposed,1406,846,842,27,0,27,0,1379,0,0,,,,,,1.0
resolution_50pct,involucre_surface_edge_density,registered_endpoint,fraction,no_recorded_development_exposure,1447,913,911,26,0,26,0,1421,0,0,,,,,,1.0
resolution_50pct,involucre_surface_lbp_entropy,registered_endpoint,normalized entropy,all_cached,2853,1759,1753,53,0,53,0,2800,0,0,,,,,,1.0
resolution_50pct,involucre_surface_lbp_entropy,registered_endpoint,normalized entropy,recorded_development_exposed,1406,846,842,27,0,27,0,1379,0,0,,,,,,1.0
resolution_50pct,involucre_surface_lbp_entropy,registered_endpoint,normalized entropy,no_recorded_development_exposure,1447,913,911,26,0,26,0,1421,0,0,,,,,,1.0
resolution_50pct,involucre_surface_high_frequency_energy,registered_endpoint,relative,all_cached,2853,1759,1753,53,0,53,0,2800,0,0,,,,,,1.0
resolution_50pct,involucre_surface_high_frequency_energy,registered_endpoint,relative,recorded_development_exposed,1406,846,842,27,0,27,0,1379,0,0,,,,,,1.0
resolution_50pct,involucre_surface_high_frequency_energy,registered_endpoint,relative,no_recorded_development_exposure,1447,913,911,26,0,26,0,1421,0,0,,,,,,1.0
resolution_50pct,involucre_surface_specular_fraction,registered_endpoint,fraction,all_cached,2853,1759,1753,53,0,53,0,2800,0,0,,,,,,1.0
resolution_50pct,involucre_surface_specular_fraction,registered_endpoint,fraction,recorded_development_exposed,1406,846,842,27,0,27,0,1379,0,0,,,,,,1.0
resolution_50pct,involucre_surface_specular_fraction,registered_endpoint,fraction,no_recorded_development_exposure,1447,913,911,26,0,26,0,1421,0,0,,,,,,1.0
resolution_50pct,joint_hue_angular_change,joint_diagnostic_not_additional_endpoint,degrees,all_cached,2853,1759,1753,1250,593,657,92,1511,540,538,,1.440588619038371,0.6655120849609517,5.585795593261711,,0.4923931623931624
resolution_50pct,joint_hue_angular_change,joint_diagnostic_not_additional_endpoint,degrees,recorded_development_exposed,1406,846,842,623,276,347,47,736,248,246,,1.6263985982755351,0.72412109375,5.459716796875007,,0.5252309879175551
resolution_50pct,joint_hue_angular_change,joint_diagnostic_not_additional_endpoint,degrees,no_recorded_development_exposure,1447,913,911,627,317,310,45,775,292,292,,1.2840500748865136,0.6199493408203125,5.6296096801757916,,0.46195652173913043
resolution_50pct,joint_colour_composition_total_variation,joint_diagnostic_not_additional_endpoint,fraction,all_cached,2853,1759,1753,1250,593,657,92,1511,540,538,,0.02435286695150304,0.017739712157552316,0.07264047998985526,,0.4923931623931624
resolution_50pct,joint_colour_composition_total_variation,joint_diagnostic_not_additional_endpoint,fraction,recorded_development_exposed,1406,846,842,623,276,347,47,736,248,246,,0.024384891522327333,0.01837673454860513,0.06332131365174232,,0.5252309879175551
resolution_50pct,joint_colour_composition_total_variation,joint_diagnostic_not_additional_endpoint,fraction,no_recorded_development_exposure,1447,913,911,627,317,310,45,775,292,292,,0.02432588734731545,0.016902918846350454,0.07626542699262817,,0.46195652173913043
gamma_0p8,orientation_image_vertical_angle,registered_endpoint,degrees,all_cached,2853,1759,1753,995,901,94,89,1769,725,724,0.5771806480685654,4.712178040695695,1.0586668877910341,11.125368480904665,0.9315332618186906,0.10056746532156369
gamma_0p8,orientation_image_vertical_angle,registered_endpoint,degrees,recorded_development_exposed,1406,846,842,508,458,50,46,852,362,361,-0.23527730064455085,4.341966154520102,0.8990379041218546,9.455325900587649,0.9399381705208061,0.10316455696202531
gamma_0p8,orientation_image_vertical_angle,registered_endpoint,degrees,no_recorded_development_exposure,1447,913,911,487,443,44,43,917,363,363,1.385162244447174,5.0803501919612275,1.1341052123343456,16.474598354403884,0.9251484326823353,0.09798994974874371
gamma_0p8,corolla_lab_lightness,registered_endpoint,Lab L*,all_cached,2853,1759,1753,1250,1199,51,54,1549,943,941,3.4534599524459813,3.6813498887194838,3.5294113159179688,6.274513244628906,0.98054299231465,0.041709401709401704
gamma_0p8,corolla_lab_lightness,registered_endpoint,Lab L*,recorded_development_exposed,1406,846,842,623,594,29,27,756,455,453,3.473646998317738,3.7661053844898214,3.5294113159179688,6.666665649414062,0.9795282301106532,0.04619758351101634
gamma_0p8,corolla_lab_lightness,registered_endpoint,Lab L*,no_recorded_development_exposure,1447,913,911,627,605,22,27,793,488,488,3.4347207479789605,3.602673168260543,3.5294113159179688,6.274509429931641,0.9818316328367341,0.037549407114624504
gamma_0p8,corolla_lab_chroma,registered_endpoint,Lab chroma,all_cached,2853,1759,1753,1250,1199,51,54,1549,943,941,-2.6670970042208766,2.822980323202678,2.2360076904296875,6.473461151123047,0.990359425970351,0.041709401709401704
gamma_0p8,corolla_lab_chroma,registered_endpoint,Lab chroma,recorded_development_exposed,1406,846,842,623,594,29,27,756,455,453,-2.7546138709042336,2.9122441429000636,2.353933334350586,6.488462829589843,0.990351086992961,0.04619758351101634
gamma_0p8,corolla_lab_chroma,registered_endpoint,Lab chroma,no_recorded_development_exposure,1447,913,911,627,605,22,27,793,488,488,-2.5858569619922687,2.7401186217212943,2.205265522003174,6.398612213134766,0.9904860209835695,0.037549407114624504
gamma_0p8,corolla_hue_sin,registered_endpoint,unitless,all_cached,2853,1759,1753,1250,1199,51,54,1549,943,941,0.028294795191403356,0.039109415675898006,0.015576394135211558,0.14210509861694556,0.9905929153286914,0.041709401709401704
gamma_0p8,corolla_hue_sin,registered_endpoint,unitless,recorded_development_exposed,1406,846,842,623,594,29,27,756,455,453,0.030752843729223246,0.04076169263435468,0.01689518921936406,0.15496634311740404,0.9896206104302248,0.04619758351101634
gamma_0p8,corolla_hue_sin,registered_endpoint,unitless,no_recorded_development_exposure,1447,913,911,627,605,22,27,793,488,488,0.026013041118386124,0.037575642187822444,0.014200925923175844,0.1235073443364714,0.9914466256429617,0.037549407114624504
gamma_0p8,corolla_hue_cos,registered_endpoint,unitless,all_cached,2853,1759,1753,1250,1199,51,54,1549,943,941,0.00022839916694308892,0.03364411151671982,0.015513720103047524,0.11770764570115252,0.979018969736186,0.041709401709401704
gamma_0p8,corolla_hue_cos,registered_endpoint,unitless,recorded_development_exposed,1406,846,842,623,594,29,27,756,455,453,-0.001070957622663387,0.03438354007165327,0.015513720103047524,0.12248618590640548,0.9797405365604172,0.04619758351101634
gamma_0p8,corolla_hue_cos,registered_endpoint,unitless,no_recorded_development_exposure,1447,913,911,627,605,22,27,793,488,488,0.0014345643835245096,0.03295771574748854,0.015448559821808816,0.10472001236395156,0.9786624622772805,0.037549407114624504
gamma_0p8,visible_floret_fraction,registered_endpoint,fraction,all_cached,2853,1759,1753,1250,1199,51,54,1549,943,941,0.04129834764937289,0.04926256753864655,0.03911143607848144,0.12205232330199844,0.9667530382843925,0.041709401709401704
gamma_0p8,visible_floret_fraction,registered_endpoint,fraction,recorded_development_exposed,1406,846,842,623,594,29,27,756,455,453,0.039040040043090536,0.04653608889458736,0.03704041018369797,0.11084798073880928,0.971857467312765,0.04619758351101634
gamma_0p8,visible_floret_fraction,registered_endpoint,fraction,no_recorded_development_exposure,1447,913,911,627,605,22,27,793,488,488,0.04339468647241778,0.0517934995586441,0.04268983197187132,0.12630299317593233,0.9619141219943413,0.037549407114624504
gamma_0p8,corolla_white_pixel_fraction,registered_endpoint,fraction,all_cached,2853,1759,1753,1250,1199,51,54,1549,943,941,0.04505007467507715,0.04688849110483495,0.034069330963410825,0.13474806832845043,0.9825295418774491,0.041709401709401704
gamma_0p8,corolla_white_pixel_fraction,registered_endpoint,fraction,recorded_development_exposed,1406,846,842,623,594,29,27,756,455,453,0.047304805412385256,0.04919009080368874,0.03691299606874626,0.13868509073491028,0.9844637667539693,0.04619758351101634
gamma_0p8,corolla_white_pixel_fraction,registered_endpoint,fraction,no_recorded_development_exposure,1447,913,911,627,605,22,27,793,488,488,0.04295705618327268,0.044751965154874354,0.03188524564073501,0.12677195418052764,0.9800925852306818,0.037549407114624504
gamma_0p8,corolla_redmagenta_pixel_fraction,registered_endpoint,fraction,all_cached,2853,1759,1753,1250,1199,51,54,1549,943,941,-0.008381290975238525,0.015547339940702056,0.006905920904876295,0.05763098032070629,0.9919016461542316,0.041709401709401704
gamma_0p8,corolla_redmagenta_pixel_fraction,registered_endpoint,fraction,recorded_development_exposed,1406,846,842,623,594,29,27,756,455,453,-0.008535910241454952,0.01566804318908889,0.0072342485413396385,0.05620694034608343,0.9929187909738423,0.04619758351101634
gamma_0p8,corolla_redmagenta_pixel_fraction,registered_endpoint,fraction,no_recorded_development_exposure,1447,913,911,627,605,22,27,793,488,488,-0.008237761205574507,0.015435293687588869,0.006828802936132427,0.062023504267197355,0.9905125575084439,0.037549407114624504
gamma_0p8,corolla_purple_pixel_fraction,registered_endpoint,fraction,all_cached,2853,1759,1753,1250,1199,51,54,1549,943,941,-0.020505052543013873,0.02396302011294188,0.009117873284181652,0.0935484962921154,0.99297622679605,0.041709401709401704
gamma_0p8,corolla_purple_pixel_fraction,registered_endpoint,fraction,recorded_development_exposed,1406,846,842,623,594,29,27,756,455,453,-0.02001818855034378,0.023660900806719953,0.009008861443305108,0.09065619803058009,0.9912931413742198,0.04619758351101634
gamma_0p8,corolla_purple_pixel_fraction,registered_endpoint,fraction,no_recorded_development_exposure,1447,913,911,627,605,22,27,793,488,488,-0.020956998011619512,0.02424347102629953,0.009250440056221172,0.09485273870606688,0.9944632442558986,0.037549407114624504
gamma_0p8,corolla_yellow_pixel_fraction,registered_endpoint,fraction,all_cached,2853,1759,1753,1250,1199,51,54,1549,943,941,-0.016163731156824748,0.033690630341017165,0.02208150386257096,0.11172690878744768,0.987647096943513,0.041709401709401704
gamma_0p8,corolla_yellow_pixel_fraction,registered_endpoint,fraction,recorded_development_exposed,1406,846,842,623,594,29,27,756,455,453,-0.018750706620586532,0.03545969278779473,0.02449297387163707,0.11708185808312802,0.9882214011012845,0.04619758351101634
gamma_0p8,corolla_yellow_pixel_fraction,registered_endpoint,fraction,no_recorded_development_exposure,1447,913,911,627,605,22,27,793,488,488,-0.013762296966078669,0.03204844737300438,0.020774504392613934,0.1033818825918726,0.9866383078817782,0.037549407114624504
gamma_0p8,capitulum_outline_aspect_ratio,registered_endpoint,ratio,all_cached,2853,1759,1753,1136,1084,52,44,1673,857,855,-0.0006351109106321533,0.027166213105812027,0.010750791497060153,0.10220048661375619,0.9193545394161003,0.05133928571428571
gamma_0p8,capitulum_outline_aspect_ratio,registered_endpoint,ratio,recorded_development_exposed,1406,846,842,580,548,32,17,809,420,418,-8.106806606367905e-06,0.02497486131585366,0.009983609825245265,0.09622041494097097,0.9281703941401603,0.0651685393258427
gamma_0p8,capitulum_outline_aspect_ratio,registered_endpoint,ratio,no_recorded_development_exposure,1447,913,911,556,536,20,27,864,437,437,-0.0012348539666568168,0.029262288730989586,0.012028521924563496,0.10668043789606683,0.9110199728520288,0.037694013303769404
gamma_0p8,capitulum_outline_circularity,registered_endpoint,unitless,all_cached,2853,1759,1753,1136,1084,52,44,1673,857,855,-0.0011014943353400532,0.02294353618128933,0.01317415832377522,0.08261090914807652,0.9372430635485796,0.05133928571428571
gamma_0p8,capitulum_outline_circularity,registered_endpoint,unitless,recorded_development_exposed,1406,846,842,580,548,32,17,809,420,418,-0.0022266323896945454,0.023972214887451316,0.013480587442084621,0.09154066331597548,0.9241536189303193,0.0651685393258427
gamma_0p8,capitulum_outline_circularity,registered_endpoint,unitless,no_recorded_development_exposure,1447,913,911,556,536,20,27,864,437,437,-2.5275326827060625e-05,0.02195958263626482,0.012990105681103148,0.07174745180435371,0.948816793236174,0.037694013303769404
gamma_0p8,capitulum_outline_solidity,registered_endpoint,unitless,all_cached,2853,1759,1753,1136,1084,52,44,1673,857,855,0.0004972368996406576,0.013184727297332352,0.006622499310633911,0.050340366515495345,0.9522359120126095,0.05133928571428571
gamma_0p8,capitulum_outline_solidity,registered_endpoint,unitless,recorded_development_exposed,1406,846,842,580,548,32,17,809,420,418,6.65469462433135e-06,0.013536475388383198,0.007018600038209533,0.05051654185602268,0.939598280338791,0.0651685393258427
gamma_0p8,capitulum_outline_solidity,registered_endpoint,unitless,no_recorded_development_exposure,1447,913,911,556,536,20,27,864,437,437,0.0009664894435693175,0.012848272601544588,0.006143396862100377,0.048397868658373935,0.9620995749891897,0.037694013303769404
gamma_0p8,capitulum_width_profile_cv,registered_endpoint,unitless,all_cached,2853,1759,1753,1136,1084,52,44,1673,857,855,-0.0006963073041654184,0.020248178404066803,0.01034635161019165,0.07370865414509498,0.9229675792918062,0.05133928571428571
gamma_0p8,capitulum_width_profile_cv,registered_endpoint,unitless,recorded_development_exposed,1406,846,842,580,548,32,17,809,420,418,-0.00020448437595286167,0.02028529702520797,0.010128701312826283,0.07550119281263554,0.9251969100737614,0.0651685393258427
gamma_0p8,capitulum_width_profile_cv,registered_endpoint,unitless,no_recorded_development_exposure,1447,913,911,556,536,20,27,864,437,437,-0.001166746626803516,0.020212673636018738,0.010952011084426005,0.07267604468659893,0.9239910419750941,0.037694013303769404
gamma_0p8,involucre_length_width_ratio,registered_endpoint,ratio,all_cached,2853,1759,1753,160,113,47,28,2665,107,107,-0.03470835289164333,0.12601491708441212,0.04460353820858731,0.464702453371539,0.8423656419600698,0.28378378378378377
gamma_0p8,involucre_length_width_ratio,registered_endpoint,ratio,recorded_development_exposed,1406,846,842,74,55,19,13,1319,52,52,-0.0442781070748645,0.15707722195716464,0.04858272237707145,0.8449996988150907,0.7398616921369418,0.25
gamma_0p8,involucre_length_width_ratio,registered_endpoint,ratio,no_recorded_development_exposure,1447,913,911,86,58,28,15,1346,55,55,-0.0256605853002342,0.09664691975017341,0.04331638818177819,0.29830671849288287,0.9363636363636365,0.3125
gamma_0p8,involucre_apical_taper_ratio,registered_endpoint,ratio,all_cached,2853,1759,1753,160,113,47,28,2665,107,107,-0.04362422461273591,0.1873316837484516,0.07597641081240625,0.5999374448214273,0.610249025255197,0.28378378378378377
gamma_0p8,involucre_apical_taper_ratio,registered_endpoint,ratio,recorded_development_exposed,1406,846,842,74,55,19,13,1319,52,52,-0.008786668417572585,0.15522275465792995,0.06322253796783883,0.5415174054535464,0.5785025185691113,0.25
gamma_0p8,involucre_apical_taper_ratio,registered_endpoint,ratio,no_recorded_development_exposure,1447,913,911,86,58,28,15,1346,55,55,-0.07656155046998124,0.21768921670676306,0.08120758666042494,0.9271681342390451,0.5948051948051949,0.3125
gamma_0p8,involucre_basal_taper_ratio,registered_endpoint,ratio,all_cached,2853,1759,1753,160,113,47,28,2665,107,107,-0.007146922333043496,0.11181057518951824,0.04644243782659174,0.40433321132388655,0.7607417856932933,0.28378378378378377
gamma_0p8,involucre_basal_taper_ratio,registered_endpoint,ratio,recorded_development_exposed,1406,846,842,74,55,19,13,1319,52,52,0.017016921184142424,0.12057421545400084,0.042151898820656175,0.4270868762014517,0.7820370528472637,0.25
gamma_0p8,involucre_basal_taper_ratio,registered_endpoint,ratio,no_recorded_development_exposure,1447,913,911,86,58,28,15,1346,55,55,-0.029992738022019284,0.10352495166673471,0.04646383766816742,0.3398400538844517,0.6995670995670997,0.3125
gamma_0p8,bract_projection_roughness,registered_endpoint,relative,all_cached,2853,1759,1753,160,113,47,28,2665,107,107,-0.014689367997635143,0.03994615374272045,0.02402341101389832,0.1019200429162847,0.5562608985285762,0.28378378378378377
gamma_0p8,bract_projection_roughness,registered_endpoint,relative,recorded_development_exposed,1406,846,842,74,55,19,13,1319,52,52,-0.023470176644206926,0.0423237843403742,0.024415718711344292,0.11552020276690668,0.5145564757107487,0.25
gamma_0p8,bract_projection_roughness,registered_endpoint,relative,no_recorded_development_exposure,1447,913,911,86,58,28,15,1346,55,55,-0.006387512549967272,0.03769821208675692,0.02402341101389832,0.09164026848989738,0.563997113997114,0.3125
gamma_0p8,bract_projection_p95,registered_endpoint,relative,all_cached,2853,1759,1753,160,113,47,28,2665,107,107,-0.025074960937332406,0.061574145934689094,0.037274427901403284,0.19922034748758502,0.6207899841297831,0.28378378378378377
gamma_0p8,bract_projection_p95,registered_endpoint,relative,recorded_development_exposed,1406,846,842,74,55,19,13,1319,52,52,-0.044038511758926153,0.06590618713985887,0.030235555315665914,0.2813573804232081,0.542047297874157,0.25
gamma_0p8,bract_projection_p95,registered_endpoint,relative,no_recorded_development_exposure,1447,913,911,86,58,28,15,1346,55,55,-0.007145785615098309,0.05747839788616494,0.04087657171335011,0.17457871460803545,0.7031746031746033,0.3125
gamma_0p8,bract_projection_maximum,registered_endpoint,relative,all_cached,2853,1759,1753,160,113,47,28,2665,107,107,-0.040058895262645666,0.08556843796897587,0.051518742104436854,0.2805192838221975,0.6647073806304982,0.28378378378378377
gamma_0p8,bract_projection_maximum,registered_endpoint,relative,recorded_development_exposed,1406,846,842,74,55,19,13,1319,52,52,-0.051553584672938024,0.09014307575027806,0.06751541584459157,0.2854005278450689,0.6680611286604627,0.25
gamma_0p8,bract_projection_maximum,registered_endpoint,relative,no_recorded_development_exposure,1447,913,911,86,58,28,15,1346,55,55,-0.029191188911096528,0.08124332588483558,0.050580886868350605,0.2508378949602589,0.6362193362193362,0.3125
gamma_0p8,bract_spread_fraction,registered_endpoint,fraction,all_cached,2853,1759,1753,160,113,47,28,2665,107,107,-0.013309677815392917,0.08014193981821034,0.055660974067046176,0.21537168713639301,0.3632974580472506,0.28378378378378377
gamma_0p8,bract_spread_fraction,registered_endpoint,fraction,recorded_development_exposed,1406,846,842,74,55,19,13,1319,52,52,-0.024172894466768038,0.0924649975592208,0.06701578779290249,0.26322321342301463,0.32543443947515016,0.25
gamma_0p8,bract_spread_fraction,registered_endpoint,fraction,no_recorded_development_exposure,1447,913,911,86,58,28,15,1346,55,55,-0.003039000254092802,0.06849104886307321,0.0523429710867398,0.18839811980544235,0.4138192325405908,0.3125
gamma_0p8,bract_projection_peak_density,registered_endpoint,peaks per valid bin,all_cached,2853,1759,1753,160,113,47,28,2665,107,107,0.005827561083460112,0.022152683681750558,0.018534482758620685,0.055989304812834206,0.16431896132504029,0.28378378378378377
gamma_0p8,bract_projection_peak_density,registered_endpoint,peaks per valid bin,recorded_development_exposed,1406,846,842,74,55,19,13,1319,52,52,0.011580273841521228,0.023452365355736533,0.013310879907518558,0.06559829059829055,0.14847954337305397,0.25
gamma_0p8,bract_projection_peak_density,registered_endpoint,peaks per valid bin,no_recorded_development_exposure,1447,913,911,86,58,28,15,1346,55,55,0.00038863265765687354,0.02092389373543654,0.019393939393939394,0.05392225350075894,0.21416711840680525,0.3125
gamma_0p8,bract_projection_asymmetry,registered_endpoint,relative,all_cached,2853,1759,1753,160,113,47,28,2665,107,107,-0.0037331313144665927,0.020183932791225764,0.01455904126210752,0.06489996894906476,0.2634847861439292,0.28378378378378377
gamma_0p8,bract_projection_asymmetry,registered_endpoint,relative,recorded_development_exposed,1406,846,842,74,55,19,13,1319,52,52,-0.004313296838490014,0.021111818340236448,0.01429176616754261,0.07055197756089195,0.30145991633228036,0.25
gamma_0p8,bract_projection_asymmetry,registered_endpoint,relative,no_recorded_development_exposure,1447,913,911,86,58,28,15,1346,55,55,-0.0031846111826626306,0.01930665918125203,0.015295477628783145,0.051817656860784954,0.21486291486291492,0.3125
gamma_0p8,involucre_surface_edge_density,registered_endpoint,fraction,all_cached,2853,1759,1753,53,37,16,10,2790,35,35,-0.03162328364845195,0.033342742552423144,0.02197330398826003,0.09346603051869912,0.9747899159663865,0.3
gamma_0p8,involucre_surface_edge_density,registered_endpoint,fraction,recorded_development_exposed,1406,846,842,27,20,7,6,1373,18,18,-0.031119537705471392,0.03323130489436971,0.023418924073171254,0.09242280540473627,0.9711042311661506,0.25
gamma_0p8,involucre_surface_edge_density,registered_endpoint,fraction,no_recorded_development_exposure,1447,913,911,26,17,9,4,1417,17,17,-0.032156661705725474,0.03346073536683268,0.020144295593913404,0.08723866463753856,0.9779411764705883,0.34615384615384615
gamma_0p8,involucre_surface_lbp_entropy,registered_endpoint,normalized entropy,all_cached,2853,1759,1753,53,37,16,10,2790,35,35,-0.0068959820884980875,0.010683157569371483,0.0045553180828026285,0.03824594810331022,0.900560224089636,0.3
gamma_0p8,involucre_surface_lbp_entropy,registered_endpoint,normalized entropy,recorded_development_exposed,1406,846,842,27,20,7,6,1373,18,18,-0.0069949733005298265,0.00888405008944431,0.0029394257437516114,0.03599956865375778,0.9318885448916409,0.25
gamma_0p8,involucre_surface_lbp_entropy,registered_endpoint,normalized entropy,no_recorded_development_exposure,1447,913,911,26,17,9,4,1417,17,17,-0.006791167863993893,0.012588094901059074,0.008067170686842706,0.034925058504785327,0.752450980392157,0.34615384615384615
gamma_0p8,involucre_surface_high_frequency_energy,registered_endpoint,relative,all_cached,2853,1759,1753,53,37,16,10,2790,35,35,0.033222503446742505,0.07320517499073438,0.04117647058823526,0.1811825396825395,0.8211433375367803,0.3
gamma_0p8,involucre_surface_high_frequency_energy,registered_endpoint,relative,recorded_development_exposed,1406,846,842,27,20,7,6,1373,18,18,0.018308318807781186,0.04876455108322632,0.030561829474872987,0.15078386167550137,0.9369839710531539,0.25
gamma_0p8,involucre_surface_high_frequency_energy,registered_endpoint,relative,no_recorded_development_exposure,1447,913,911,26,17,9,4,1417,17,17,0.04901399306446626,0.09908348265750763,0.05555555555555555,0.2884234906675854,0.6539877300613498,0.34615384615384615
gamma_0p8,involucre_surface_specular_fraction,registered_endpoint,fraction,all_cached,2853,1759,1753,53,37,16,10,2790,35,35,0.00022494035293431561,0.0017431175162727689,0.0,0.014944117162937549,0.8757752470445118,0.3
gamma_0p8,involucre_surface_specular_fraction,registered_endpoint,fraction,recorded_development_exposed,1406,846,842,27,20,7,6,1373,18,18,0.0006698620265856448,0.0006698620265856448,0.0,0.0018086274717812238,1.0,0.25
gamma_0p8,involucre_surface_specular_fraction,registered_endpoint,fraction,no_recorded_development_exposure,1447,913,911,26,17,9,4,1417,17,17,-0.0002461531838729741,0.0028795056818238414,0.0,0.022657235079573786,0.8355263157894737,0.34615384615384615
gamma_0p8,joint_hue_angular_change,joint_diagnostic_not_additional_endpoint,degrees,all_cached,2853,1759,1753,1250,1199,51,54,1549,943,941,,3.275789761517938,1.4859313964844034,10.806671142578125,,0.041709401709401704
gamma_0p8,joint_hue_angular_change,joint_diagnostic_not_additional_endpoint,degrees,recorded_development_exposed,1406,846,842,623,594,29,27,756,455,453,,3.3609453640587645,1.502960205078125,10.81734619140626,,0.04619758351101634
gamma_0p8,joint_hue_angular_change,joint_diagnostic_not_additional_endpoint,degrees,no_recorded_development_exposure,1447,913,911,627,605,22,27,793,488,488,,3.1967416304708185,1.4649429321289134,10.365988159179688,,0.037549407114624504
gamma_0p8,joint_colour_composition_total_variation,joint_diagnostic_not_additional_endpoint,fraction,all_cached,2853,1759,1753,1250,1199,51,54,1549,943,941,,0.06004474074974802,0.04929119016693155,0.14916200183484046,,0.041709401709401704
gamma_0p8,joint_colour_composition_total_variation,joint_diagnostic_not_additional_endpoint,fraction,recorded_development_exposed,1406,846,842,623,594,29,27,756,455,453,,0.06198936379364615,0.04994558032585342,0.15012068556484237,,0.04619758351101634
gamma_0p8,joint_colour_composition_total_variation,joint_diagnostic_not_additional_endpoint,fraction,no_recorded_development_exposure,1447,913,911,627,605,22,27,793,488,488,,0.05823958862088356,0.04920871306681786,0.1481604748451377,,0.037549407114624504
gamma_1p2,orientation_image_vertical_angle,registered_endpoint,degrees,all_cached,2853,1759,1753,995,911,84,87,1771,732,731,-0.7747072478615736,3.7050290240188075,0.9669846620794971,10.748673352810071,0.9627334651657394,0.0906893652795292
gamma_1p2,orientation_image_vertical_angle,registered_endpoint,degrees,recorded_development_exposed,1406,846,842,508,473,35,47,851,372,371,-0.7427512638260372,3.206088594632112,0.8477913852748742,10.748673352810071,0.9730018776275623,0.07236286919831224
gamma_1p2,orientation_image_vertical_angle,registered_endpoint,degrees,no_recorded_development_exposure,1447,913,911,487,438,49,40,920,360,360,-0.8076396647426402,4.219214855414539,1.0899425343856786,10.601516781017185,0.9527257154761996,0.10887772194304858
gamma_1p2,corolla_lab_lightness,registered_endpoint,Lab L*,all_cached,2853,1759,1753,1250,1187,63,34,1569,929,928,-2.9729124724179847,3.126732586992198,3.1372528076171875,5.2941163063049315,0.9874168358980178,0.055213675213675206
gamma_1p2,corolla_lab_lightness,registered_endpoint,Lab L*,recorded_development_exposed,1406,846,842,623,594,29,19,764,452,451,-2.996826271964988,3.095952356117176,3.1372528076171875,5.0980377197265625,0.990769058818555,0.04832977967306325
gamma_1p2,corolla_lab_lightness,registered_endpoint,Lab L*,no_recorded_development_exposure,1447,913,911,627,593,34,15,805,477,477,-2.950302150414425,3.1558350694337816,3.1372528076171875,5.333333587646482,0.9839086148824435,0.06159420289855072
gamma_1p2,corolla_lab_chroma,registered_endpoint,Lab chroma,all_cached,2853,1759,1753,1250,1187,63,34,1569,929,928,2.1688592822558577,2.3367092346836777,1.9811983108520508,5.433051490783691,0.9937211745686851,0.055213675213675206
gamma_1p2,corolla_lab_chroma,registered_endpoint,Lab chroma,recorded_development_exposed,1406,846,842,623,594,29,19,764,452,451,2.2568424428205356,2.4126139806097555,2.0249080657958984,5.519872665405273,0.9933539746396933,0.04832977967306325
gamma_1p2,corolla_lab_chroma,registered_endpoint,Lab chroma,no_recorded_development_exposure,1447,913,911,627,593,34,15,805,477,477,2.0856718495207014,2.2649418543636344,1.9373588562011719,5.414692687988281,0.993939449224887,0.06159420289855072
gamma_1p2,corolla_hue_sin,registered_endpoint,unitless,all_cached,2853,1759,1753,1250,1187,63,34,1569,929,928,-0.018465973999131545,0.027861635019100713,0.012941065177310085,0.09968081040844504,0.9957044303571666,0.055213675213675206
gamma_1p2,corolla_hue_sin,registered_endpoint,unitless,recorded_development_exposed,1406,846,842,623,594,29,19,764,452,451,-0.02254865183509846,0.03173844350544808,0.013066607965648819,0.10194776664991556,0.9942864431057823,0.04832977967306325
gamma_1p2,corolla_hue_sin,registered_endpoint,unitless,no_recorded_development_exposure,1447,913,911,627,593,34,15,805,477,477,-0.01460583206198044,0.024196141041443145,0.012696329651314175,0.09137889773809081,0.9965960648094399,0.06159420289855072
gamma_1p2,corolla_hue_cos,registered_endpoint,unitless,all_cached,2853,1759,1753,1250,1187,63,34,1569,929,928,-0.0001595071603349367,0.024157749096095627,0.012133966150938952,0.07712365963060898,0.9874229092723174,0.055213675213675206
gamma_1p2,corolla_hue_cos,registered_endpoint,unitless,recorded_development_exposed,1406,846,842,623,594,29,19,764,452,451,0.0005308258238085739,0.025031974640908866,0.012153704135167531,0.08419538055530035,0.9809525865170154,0.04832977967306325
gamma_1p2,corolla_hue_cos,registered_endpoint,unitless,no_recorded_development_exposure,1447,913,911,627,593,34,15,805,477,477,-0.0008122119315062646,0.023331175258127557,0.011868662853532386,0.07555208224210758,0.9927065165688916,0.06159420289855072
gamma_1p2,visible_floret_fraction,registered_endpoint,fraction,all_cached,2853,1759,1753,1250,1187,63,34,1569,929,928,-0.03673837775374935,0.04225301625436723,0.035613761342685596,0.10153304209032263,0.9792256998362356,0.055213675213675206
gamma_1p2,visible_floret_fraction,registered_endpoint,fraction,recorded_development_exposed,1406,846,842,623,594,29,19,764,452,451,-0.03461157163898327,0.041014275945622417,0.036081536894235766,0.09470514354821402,0.9811713072882938,0.04832977967306325
gamma_1p2,visible_floret_fraction,registered_endpoint,fraction,no_recorded_development_exposure,1447,913,911,627,593,34,15,805,477,477,-0.03874925732976508,0.043424236126995974,0.03515576997415054,0.10697359585564338,0.9759435786630115,0.06159420289855072
gamma_1p2,corolla_white_pixel_fraction,registered_endpoint,fraction,all_cached,2853,1759,1753,1250,1187,63,34,1569,929,928,-0.030186007821463013,0.03161054628807554,0.020951539070375197,0.09884568010534271,0.9883810566461493,0.055213675213675206
gamma_1p2,corolla_white_pixel_fraction,registered_endpoint,fraction,recorded_development_exposed,1406,846,842,623,594,29,19,764,452,451,-0.03188914225063869,0.03294113068418014,0.022125809087801915,0.09901794685687759,0.9879499269744489,0.04832977967306325
gamma_1p2,corolla_white_pixel_fraction,registered_endpoint,fraction,no_recorded_development_exposure,1447,913,911,627,593,34,15,805,477,477,-0.02857570671547091,0.030352488504756515,0.020113155445276032,0.09808275536479077,0.9878266963324833,0.06159420289855072
gamma_1p2,corolla_redmagenta_pixel_fraction,registered_endpoint,fraction,all_cached,2853,1759,1753,1250,1187,63,34,1569,929,928,0.006766458456670445,0.013284894927268235,0.005962344383367967,0.04976366747486887,0.9938674904991093,0.055213675213675206
gamma_1p2,corolla_redmagenta_pixel_fraction,registered_endpoint,fraction,recorded_development_exposed,1406,846,842,623,594,29,19,764,452,451,0.007069864632651858,0.013847006373972482,0.00606701196058158,0.05202429430295952,0.9930408960118605,0.04832977967306325
gamma_1p2,corolla_redmagenta_pixel_fraction,registered_endpoint,fraction,no_recorded_development_exposure,1447,913,911,627,593,34,15,805,477,477,0.006479590143530786,0.012753422678916836,0.005927691654152439,0.04803338260261671,0.9943037445130689,0.06159420289855072
gamma_1p2,corolla_purple_pixel_fraction,registered_endpoint,fraction,all_cached,2853,1759,1753,1250,1187,63,34,1569,929,928,0.013674093053751982,0.017356455755320337,0.006952894146571723,0.0649138878080438,0.9946258261849903,0.055213675213675206
gamma_1p2,corolla_purple_pixel_fraction,registered_endpoint,fraction,recorded_development_exposed,1406,846,842,623,594,29,19,764,452,451,0.014718319476727753,0.018087199246090133,0.006797839435039338,0.066631419254224,0.992578984058729,0.04832977967306325
gamma_1p2,corolla_purple_pixel_fraction,registered_endpoint,fraction,no_recorded_development_exposure,1447,913,911,627,593,34,15,805,477,477,0.012686784632867137,0.016665543146647012,0.007570646761529029,0.06209167733876725,0.9963448058303859,0.06159420289855072
gamma_1p2,corolla_yellow_pixel_fraction,registered_endpoint,fraction,all_cached,2853,1759,1753,1250,1187,63,34,1569,929,928,0.009745456311040585,0.024386163432254703,0.015524399571730435,0.08309463682115918,0.9937050252330338,0.055213675213675206
gamma_1p2,corolla_yellow_pixel_fraction,registered_endpoint,fraction,recorded_development_exposed,1406,846,842,623,594,29,19,764,452,451,0.010100958141259084,0.026016671848717973,0.016405963453818062,0.0875362161651469,0.9932941998140113,0.04832977967306325
gamma_1p2,corolla_yellow_pixel_fraction,registered_endpoint,fraction,no_recorded_development_exposure,1447,913,911,627,593,34,15,805,477,477,0.009409331939072991,0.02284452968838692,0.015156484856073654,0.07060502979696916,0.9938641206955865,0.06159420289855072
gamma_1p2,capitulum_outline_aspect_ratio,registered_endpoint,ratio,all_cached,2853,1759,1753,1136,1104,32,57,1660,874,872,0.004451313127962267,0.02843652460751845,0.01044896998057332,0.11374684301683177,0.9103962575767073,0.031063988095238092
gamma_1p2,capitulum_outline_aspect_ratio,registered_endpoint,ratio,recorded_development_exposed,1406,846,842,580,568,12,28,798,439,437,0.0015790478555330906,0.02760780655728951,0.009158931130980838,0.1111561778368899,0.9149144025609905,0.022097378277153554
gamma_1p2,capitulum_outline_aspect_ratio,registered_endpoint,ratio,no_recorded_development_exposure,1447,913,911,556,536,20,29,862,435,435,0.007336784217735945,0.029269052855679475,0.011415229565613805,0.11416442040033362,0.9066396363117433,0.03991130820399113
gamma_1p2,capitulum_outline_circularity,registered_endpoint,unitless,all_cached,2853,1759,1753,1136,1104,32,57,1660,874,872,0.0023046749369238467,0.024423848427962143,0.013954102522207537,0.07361044710951636,0.9340099219697835,0.031063988095238092
gamma_1p2,capitulum_outline_circularity,registered_endpoint,unitless,recorded_development_exposed,1406,846,842,580,568,12,28,798,439,437,0.0016282002185698048,0.02391796585192061,0.0140581021676503,0.0733883877059007,0.9356724540751709,0.022097378277153554
gamma_1p2,capitulum_outline_circularity,registered_endpoint,unitless,no_recorded_development_exposure,1447,913,911,556,536,20,29,862,435,435,0.0029842598838680213,0.024932056900905025,0.013859964881449693,0.07429254932951743,0.9324154753819361,0.03991130820399113
gamma_1p2,capitulum_outline_solidity,registered_endpoint,unitless,all_cached,2853,1759,1753,1136,1104,32,57,1660,874,872,0.0010556409471129684,0.013326466327014667,0.007225384197419471,0.04449447720491826,0.9550656266863734,0.031063988095238092
gamma_1p2,capitulum_outline_solidity,registered_endpoint,unitless,recorded_development_exposed,1406,846,842,580,568,12,28,798,439,437,0.0007491401028929171,0.013018063437613601,0.00645847988829229,0.04289860694898222,0.9557223329435933,0.022097378277153554
gamma_1p2,capitulum_outline_solidity,registered_endpoint,unitless,no_recorded_development_exposure,1447,913,911,556,536,20,29,862,435,435,0.0013635509906167894,0.013636287160734815,0.007915231393634148,0.04547887967420045,0.9550166674480247,0.03991130820399113
gamma_1p2,capitulum_width_profile_cv,registered_endpoint,unitless,all_cached,2853,1759,1753,1136,1104,32,57,1660,874,872,0.0002614115270322039,0.019174388013657947,0.009799451126675157,0.07268678398627725,0.9369235442168112,0.031063988095238092
gamma_1p2,capitulum_width_profile_cv,registered_endpoint,unitless,recorded_development_exposed,1406,846,842,580,568,12,28,798,439,437,-0.0017051741541359684,0.017793726362561966,0.00924843480269541,0.06442905383098368,0.9415018024530583,0.022097378277153554
gamma_1p2,capitulum_width_profile_cv,registered_endpoint,unitless,no_recorded_development_exposure,1447,913,911,556,536,20,29,862,435,435,0.0022370389814471273,0.02056139753441414,0.010942532841571095,0.07388268803701738,0.9342737828512446,0.03991130820399113
gamma_1p2,involucre_length_width_ratio,registered_endpoint,ratio,all_cached,2853,1759,1753,160,127,33,42,2651,117,116,0.0013962730417201193,0.1406179730332026,0.0581325093895787,0.5461782583064078,0.8698727559297275,0.21621621621621623
gamma_1p2,involucre_length_width_ratio,registered_endpoint,ratio,recorded_development_exposed,1406,846,842,74,63,11,23,1309,59,58,-0.0077489396223507844,0.12249105122596429,0.05722607752554976,0.47118980762894647,0.852348580393122,0.14705882352941177
gamma_1p2,involucre_length_width_ratio,registered_endpoint,ratio,no_recorded_development_exposure,1447,913,911,86,64,22,19,1342,58,58,0.01054148570579101,0.15874489484044083,0.06034312730316732,0.6237858091813454,0.8892614352948415,0.275
gamma_1p2,involucre_apical_taper_ratio,registered_endpoint,ratio,all_cached,2853,1759,1753,160,127,33,42,2651,117,116,0.020353266464629885,0.15748960904827822,0.06267268990220848,0.7036472691311524,0.7159650943758891,0.21621621621621623
gamma_1p2,involucre_apical_taper_ratio,registered_endpoint,ratio,recorded_development_exposed,1406,846,842,74,63,11,23,1309,59,58,0.029093827335385798,0.15638423976852048,0.052632457308724234,0.5182216901991974,0.5803008397674491,0.14705882352941177
gamma_1p2,involucre_apical_taper_ratio,registered_endpoint,ratio,no_recorded_development_exposure,1447,913,911,86,64,22,19,1342,58,58,0.011612705593873953,0.15859497832803593,0.068465639700032,0.696975547911235,0.8385677812298133,0.275
gamma_1p2,involucre_basal_taper_ratio,registered_endpoint,ratio,all_cached,2853,1759,1753,160,127,33,42,2651,117,116,0.003135602088117309,0.11070543095599766,0.05342691524994439,0.4487921174610334,0.8306539038173221,0.21621621621621623
gamma_1p2,involucre_basal_taper_ratio,registered_endpoint,ratio,recorded_development_exposed,1406,846,842,74,63,11,23,1309,59,58,-0.006170419752696107,0.12516356145632238,0.05921892540376594,0.5436602994523462,0.8263250176874097,0.14705882352941177
gamma_1p2,involucre_basal_taper_ratio,registered_endpoint,ratio,no_recorded_development_exposure,1447,913,911,86,64,22,19,1342,58,58,0.012441623928930725,0.09624730045567294,0.041568745288427855,0.3101595581853378,0.8343228029161156,0.275
gamma_1p2,bract_projection_roughness,registered_endpoint,relative,all_cached,2853,1759,1753,160,127,33,42,2651,117,116,0.0036833767521929285,0.031091627054953032,0.023134917719629472,0.08619915781731088,0.7757275208549572,0.21621621621621623
gamma_1p2,bract_projection_roughness,registered_endpoint,relative,recorded_development_exposed,1406,846,842,74,63,11,23,1309,59,58,0.00645854187876403,0.03310714288359383,0.02358858390421313,0.10767779979930543,0.7634501215048141,0.14705882352941177
gamma_1p2,bract_projection_roughness,registered_endpoint,relative,no_recorded_development_exposure,1447,913,911,86,64,22,19,1342,58,58,0.0009082116256218266,0.029076111226312235,0.02282282893407578,0.06434030405450866,0.7568058076225046,0.275
gamma_1p2,bract_projection_p95,registered_endpoint,relative,all_cached,2853,1759,1753,160,127,33,42,2651,117,116,0.020540744675499295,0.05604128838016944,0.03154352309787768,0.16271479655936524,0.7844001076384884,0.21621621621621623
gamma_1p2,bract_projection_p95,registered_endpoint,relative,recorded_development_exposed,1406,846,842,74,63,11,23,1309,59,58,0.025844924428826084,0.05757888245494257,0.03233631929596888,0.17640610489662112,0.8071303331385156,0.14705882352941177
gamma_1p2,bract_projection_p95,registered_endpoint,relative,no_recorded_development_exposure,1447,913,911,86,64,22,19,1342,58,58,0.015236564922172503,0.05450369430539632,0.03130243320729501,0.13514660917447857,0.7521917007597897,0.275
gamma_1p2,bract_projection_maximum,registered_endpoint,relative,all_cached,2853,1759,1753,160,127,33,42,2651,117,116,0.017032457514085532,0.07792031025478711,0.045651880692238855,0.23106389849266865,0.7742744012609081,0.21621621621621623
gamma_1p2,bract_projection_maximum,registered_endpoint,relative,recorded_development_exposed,1406,846,842,74,63,11,23,1309,59,58,0.0355349661103264,0.07440257459760515,0.04250580193824178,0.1908461931535238,0.7807991633086222,0.14705882352941177
gamma_1p2,bract_projection_maximum,registered_endpoint,relative,no_recorded_development_exposure,1447,913,911,86,64,22,19,1342,58,58,-0.0014700510821553257,0.08143804591196913,0.048648000100416325,0.23062006834456042,0.7437632655572304,0.275
gamma_1p2,bract_spread_fraction,registered_endpoint,fraction,all_cached,2853,1759,1753,160,127,33,42,2651,117,116,-0.0016897593669407518,0.06962849154793314,0.05516312697128742,0.19040628018956196,0.5112576721915244,0.21621621621621623
gamma_1p2,bract_spread_fraction,registered_endpoint,fraction,recorded_development_exposed,1406,846,842,74,63,11,23,1309,59,58,0.00196311876642975,0.07071567782859735,0.057105056139598126,0.19292646542646538,0.5016690515594813,0.14705882352941177
gamma_1p2,bract_spread_fraction,registered_endpoint,fraction,no_recorded_development_exposure,1447,913,911,86,64,22,19,1342,58,58,-0.005342637500311257,0.06854130526726894,0.053068385554512085,0.16985423116615062,0.49847706459935026,0.275
gamma_1p2,bract_projection_peak_density,registered_endpoint,peaks per valid bin,all_cached,2853,1759,1753,160,127,33,42,2651,117,116,0.0008184137450301527,0.021662952738725278,0.020673076923076926,0.047869205860213225,0.24384523050768978,0.21621621621621623
gamma_1p2,bract_projection_peak_density,registered_endpoint,peaks per valid bin,recorded_development_exposed,1406,846,842,74,63,11,23,1309,59,58,0.002049877714288301,0.024202582660408204,0.023524209946623742,0.050766687543035885,0.19306047532113532,0.14705882352941177
gamma_1p2,bract_projection_peak_density,registered_endpoint,peaks per valid bin,no_recorded_development_exposure,1447,913,911,86,64,22,19,1342,58,58,-0.00041305022422799445,0.019123322817042366,0.015253037395990682,0.04329175610243098,0.3235669800977712,0.275
gamma_1p2,bract_projection_asymmetry,registered_endpoint,relative,all_cached,2853,1759,1753,160,127,33,42,2651,117,116,-0.0016011059720746961,0.018326038752074215,0.011885579363740378,0.0594528000455442,0.5177718832891247,0.21621621621621623
gamma_1p2,bract_projection_asymmetry,registered_endpoint,relative,recorded_development_exposed,1406,846,842,74,63,11,23,1309,59,58,0.002210134583977433,0.019438185808887846,0.013114951604151845,0.061314187895074694,0.46291796117998096,0.14705882352941177
gamma_1p2,bract_projection_asymmetry,registered_endpoint,relative,no_recorded_development_exposure,1447,913,911,86,64,22,19,1342,58,58,-0.005412346528126825,0.017213891695260587,0.01129758761086469,0.05829393409421348,0.6087852594666093,0.275
gamma_1p2,involucre_surface_edge_density,registered_endpoint,fraction,all_cached,2853,1759,1753,53,39,14,22,2778,37,37,0.015053575155863681,0.032366101197563446,0.018859520382722927,0.11165621777174581,0.9051683262209577,0.26
gamma_1p2,involucre_surface_edge_density,registered_endpoint,fraction,recorded_development_exposed,1406,846,842,27,20,7,10,1369,18,18,0.01865265155736162,0.03306445222705312,0.016481405972943897,0.11124175659694509,0.8740970072239421,0.25
gamma_1p2,involucre_surface_edge_density,registered_endpoint,fraction,no_recorded_development_exposure,1447,913,911,26,19,7,12,1409,19,19,0.011643923828128793,0.031704505485415355,0.019706633207469286,0.07495387740333578,0.9421052631578948,0.2692307692307692
gamma_1p2,involucre_surface_lbp_entropy,registered_endpoint,normalized entropy,all_cached,2853,1759,1753,53,39,14,22,2778,37,37,0.004342960955548869,0.012535727243934015,0.008790328313865614,0.040346965700692364,0.8862019914651493,0.26
gamma_1p2,involucre_surface_lbp_entropy,registered_endpoint,normalized entropy,recorded_development_exposed,1406,846,842,27,20,7,10,1369,18,18,0.010418276939025885,0.013903089924897027,0.008641056339106057,0.04009892878000288,0.9463364293085655,0.25
gamma_1p2,involucre_surface_lbp_entropy,registered_endpoint,normalized entropy,no_recorded_development_exposure,1447,913,911,26,19,7,12,1409,19,19,-0.0014126015551135678,0.011240331019863792,0.008790328313865614,0.021801910152938215,0.8122807017543859,0.2692307692307692
gamma_1p2,involucre_surface_high_frequency_energy,registered_endpoint,relative,all_cached,2853,1759,1753,53,39,14,22,2778,37,37,0.016097963007299165,0.07385093655203083,0.033333333333333326,0.3027450980392156,0.8053711225688287,0.26
gamma_1p2,involucre_surface_high_frequency_energy,registered_endpoint,relative,recorded_development_exposed,1406,846,842,27,20,7,10,1369,18,18,0.041175953481274036,0.09938411577596652,0.03788515406162471,0.32314547250776837,0.6332644628099173,0.25
gamma_1p2,involucre_surface_high_frequency_energy,registered_endpoint,relative,no_recorded_development_exposure,1447,913,911,26,19,7,12,1409,19,19,-0.007660133231203336,0.049661608866197055,0.024999999999999967,0.19672755645883017,0.8960071068797784,0.2692307692307692
gamma_1p2,involucre_surface_specular_fraction,registered_endpoint,fraction,all_cached,2853,1759,1753,53,39,14,22,2778,37,37,-0.002353728610322713,0.002374859984073321,0.0,0.0069005519540186085,0.8265821284233981,0.26
gamma_1p2,involucre_surface_specular_fraction,registered_endpoint,fraction,recorded_development_exposed,1406,846,842,27,20,7,10,1369,18,18,-0.0018299465618082655,0.0018299465618082655,0.0,0.00494085571688227,1.0,0.25
gamma_1p2,involucre_surface_specular_fraction,registered_endpoint,fraction,no_recorded_development_exposure,1447,913,911,26,19,7,12,1409,19,19,-0.0028499431825995594,0.0028910937525349527,0.0,0.0058058224613252865,0.7264831572567788,0.2692307692307692
gamma_1p2,joint_hue_angular_change,joint_diagnostic_not_additional_endpoint,degrees,all_cached,2853,1759,1753,1250,1187,63,34,1569,929,928,,2.315625128526796,1.1381301879882812,7.516720581054677,,0.055213675213675206
gamma_1p2,joint_hue_angular_change,joint_diagnostic_not_additional_endpoint,degrees,recorded_development_exposed,1406,846,842,623,594,29,19,764,452,451,,2.5378900148739914,1.12969970703125,8.714599609375,,0.04832977967306325
gamma_1p2,joint_hue_angular_change,joint_diagnostic_not_additional_endpoint,degrees,no_recorded_development_exposure,1447,913,911,627,593,34,15,805,477,477,,2.1054753093599516,1.1809082031250284,6.703961181640613,,0.06159420289855072
gamma_1p2,joint_colour_composition_total_variation,joint_diagnostic_not_additional_endpoint,fraction,all_cached,2853,1759,1753,1250,1187,63,34,1569,929,928,,0.04331903020145941,0.03600301997885113,0.10995944334766097,,0.055213675213675206
gamma_1p2,joint_colour_composition_total_variation,joint_diagnostic_not_additional_endpoint,fraction,recorded_development_exposed,1406,846,842,623,594,29,19,764,452,451,,0.04544600407648037,0.0365899739343876,0.12129350767444554,,0.04832977967306325
gamma_1p2,joint_colour_composition_total_variation,joint_diagnostic_not_additional_endpoint,fraction,no_recorded_development_exposure,1447,913,911,627,593,34,15,805,477,477,,0.04130799200935364,0.03505617158146412,0.10427022002559302,,0.06159420289855072
intensity_0p8,orientation_image_vertical_angle,registered_endpoint,degrees,all_cached,2853,1759,1753,995,891,104,75,1783,714,713,0.07246822729408871,3.336672569733562,0.37431643025398387,6.582306758079116,0.9425693942420877,0.11370323665405631
intensity_0p8,orientation_image_vertical_angle,registered_endpoint,degrees,recorded_development_exposed,1406,846,842,508,450,58,39,859,354,353,-0.030806999909703644,2.524862516697524,0.34933163143864476,5.807213294455523,0.9656902971230528,0.12362869198312235
intensity_0p8,orientation_image_vertical_angle,registered_endpoint,degrees,no_recorded_development_exposure,1447,913,911,487,441,46,36,924,360,360,0.17373532508002962,4.132697427293899,0.4061599029739824,8.079279801814057,0.9205757760476546,0.10385259631490786
intensity_0p8,corolla_lab_lightness,registered_endpoint,Lab L*,all_cached,2853,1759,1753,1250,1091,159,17,1586,855,854,-10.087554147334698,10.099493345741552,10.294118881225586,13.725491905212403,0.9670249248154431,0.13827350427350427
intensity_0p8,corolla_lab_lightness,registered_endpoint,Lab L*,recorded_development_exposed,1406,846,842,623,552,71,9,774,427,426,-10.178971404014433,10.178971404014433,10.522875467936199,13.72549057006836,0.9714744642057555,0.11353944562899787
intensity_0p8,corolla_lab_lightness,registered_endpoint,Lab L*,no_recorded_development_exposure,1447,913,911,627,539,88,8,812,428,428,-9.996564074097392,10.02038668026434,10.19607925415039,13.725494384765625,0.9625204232133825,0.16119894598155468
intensity_0p8,corolla_lab_chroma,registered_endpoint,Lab chroma,all_cached,2853,1759,1753,1250,1091,159,17,1586,855,854,-3.6903528840070954,3.872484761462558,3.6067066192626953,7.810272598266601,0.9878779943759022,0.13827350427350427
intensity_0p8,corolla_lab_chroma,registered_endpoint,Lab chroma,recorded_development_exposed,1406,846,842,623,552,71,9,774,427,426,-3.5627247604405934,3.7287825970955666,3.500973701477051,7.672603607177734,0.9890646719294828,0.11353944562899787
intensity_0p8,corolla_lab_chroma,registered_endpoint,Lab chroma,no_recorded_development_exposure,1447,913,911,627,539,88,8,812,428,428,-3.81738461447282,4.0155154203885814,3.848465919494629,7.825300312042236,0.9861264488321492,0.16119894598155468
intensity_0p8,corolla_hue_sin,registered_endpoint,unitless,all_cached,2853,1759,1753,1250,1091,159,17,1586,855,854,-0.040120167935550566,0.0436192333316722,0.021775660349162895,0.1500673769351176,0.9936569076295181,0.13827350427350427
intensity_0p8,corolla_hue_sin,registered_endpoint,unitless,recorded_development_exposed,1406,846,842,623,552,71,9,774,427,426,-0.04314524107715551,0.04594774569679059,0.022366059570508676,0.15604179182315123,0.9954280747163794,0.11353944562899787
intensity_0p8,corolla_hue_sin,registered_endpoint,unitless,no_recorded_development_exposure,1447,913,911,627,539,88,8,812,428,428,-0.03710923064974751,0.041301601865456235,0.02107709073804237,0.13336023504938677,0.9919438612559496,0.16119894598155468
intensity_0p8,corolla_hue_cos,registered_endpoint,unitless,all_cached,2853,1759,1753,1250,1091,159,17,1586,855,854,-0.0032872119318636357,0.03145138491848582,0.018381273364979633,0.10266420481388233,0.9790829677349062,0.13827350427350427
intensity_0p8,corolla_hue_cos,registered_endpoint,unitless,recorded_development_exposed,1406,846,842,623,552,71,9,774,427,426,-0.0037953079840494625,0.030311278339319504,0.018214435207397045,0.09436954296811147,0.9810734028083642,0.11353944562899787
intensity_0p8,corolla_hue_cos,registered_endpoint,unitless,no_recorded_development_exposure,1447,913,911,627,539,88,8,812,428,428,-0.0027814901602954993,0.03258616389681491,0.018798376493039365,0.10531891746096622,0.9763158551269475,0.16119894598155468
intensity_0p8,visible_floret_fraction,registered_endpoint,fraction,all_cached,2853,1759,1753,1250,1091,159,17,1586,855,854,-0.10413328845411819,0.1041575759553238,0.09792797399687969,0.20363786407423587,0.9609070145237982,0.13827350427350427
intensity_0p8,visible_floret_fraction,registered_endpoint,fraction,recorded_development_exposed,1406,846,842,623,552,71,9,774,427,426,-0.1039538004550058,0.10400248948324427,0.09773435237396827,0.19687686087368061,0.9660549992335886,0.11353944562899787
intensity_0p8,visible_floret_fraction,registered_endpoint,fraction,no_recorded_development_exposure,1447,913,911,627,539,88,8,812,428,428,-0.10431193772426277,0.10431193772426277,0.09841606164096689,0.20503020310505,0.9544717577504463,0.16119894598155468
intensity_0p8,corolla_white_pixel_fraction,registered_endpoint,fraction,all_cached,2853,1759,1753,1250,1091,159,17,1586,855,854,-0.038930284782813546,0.040971527205988505,0.024146875549952693,0.1468319499000476,0.9300637910683098,0.13827350427350427
intensity_0p8,corolla_white_pixel_fraction,registered_endpoint,fraction,recorded_development_exposed,1406,846,842,623,552,71,9,774,427,426,-0.0403389894935717,0.0420003796854723,0.024567353340736117,0.15284234722520584,0.9208088685474962,0.11353944562899787
intensity_0p8,corolla_white_pixel_fraction,registered_endpoint,fraction,no_recorded_development_exposure,1447,913,911,627,539,88,8,812,428,428,-0.03752816280434865,0.03994748244837146,0.02410915275407289,0.13783015812709942,0.9380068591237749,0.16119894598155468
intensity_0p8,corolla_redmagenta_pixel_fraction,registered_endpoint,fraction,all_cached,2853,1759,1753,1250,1091,159,17,1586,855,854,0.012867789674914828,0.020445861661189543,0.007125467168737782,0.09135831963724622,0.9918108532394337,0.13827350427350427
intensity_0p8,corolla_redmagenta_pixel_fraction,registered_endpoint,fraction,recorded_development_exposed,1406,846,842,623,552,71,9,774,427,426,0.01388002608934398,0.021015946100582394,0.007064821004735074,0.09289774601169809,0.9907762799004493,0.11353944562899787
intensity_0p8,corolla_redmagenta_pixel_fraction,registered_endpoint,fraction,no_recorded_development_exposure,1447,913,911,627,539,88,8,812,428,428,0.011860283337188617,0.019878441167775162,0.007210846623939964,0.08794195790712374,0.9919042024371618,0.16119894598155468
intensity_0p8,corolla_purple_pixel_fraction,registered_endpoint,fraction,all_cached,2853,1759,1753,1250,1091,159,17,1586,855,854,0.02924765842827262,0.02972250505806686,0.01534798430168804,0.10897420406254002,0.9958384435657512,0.13827350427350427
intensity_0p8,corolla_purple_pixel_fraction,registered_endpoint,fraction,recorded_development_exposed,1406,846,842,623,552,71,9,774,427,426,0.029027360688339297,0.029333411740934102,0.015406940223751798,0.10503014332202956,0.994949481594257,0.11353944562899787
intensity_0p8,corolla_purple_pixel_fraction,registered_endpoint,fraction,no_recorded_development_exposure,1447,913,911,627,539,88,8,812,428,428,0.029466926739514673,0.030109780182128912,0.015268937341822886,0.11184372808269868,0.9963454938009045,0.16119894598155468
intensity_0p8,corolla_yellow_pixel_fraction,registered_endpoint,fraction,all_cached,2853,1759,1753,1250,1091,159,17,1586,855,854,-0.0031851633203739027,0.03210578120216219,0.01835689204162024,0.11096740910990004,0.9885259154036244,0.13827350427350427
intensity_0p8,corolla_yellow_pixel_fraction,registered_endpoint,fraction,recorded_development_exposed,1406,846,842,623,552,71,9,774,427,426,-0.0025683972841115724,0.03520133005188839,0.020439502079190177,0.12386144031060377,0.987583149216764,0.11353944562899787
intensity_0p8,corolla_yellow_pixel_fraction,registered_endpoint,fraction,no_recorded_development_exposure,1447,913,911,627,539,88,8,812,428,428,-0.003799047272354633,0.029024697533976775,0.01672953110848359,0.09606046922427752,0.9889024931538906,0.16119894598155468
intensity_0p8,capitulum_outline_aspect_ratio,registered_endpoint,ratio,all_cached,2853,1759,1753,1136,1105,31,8,1709,877,875,0.0002772298887616644,0.014188236709809315,0.004068447947060294,0.06746554824783808,0.9653728467621998,0.02883184523809524
intensity_0p8,capitulum_outline_aspect_ratio,registered_endpoint,ratio,recorded_development_exposed,1406,846,842,580,562,18,6,820,435,433,0.0009496583037731524,0.014049396674359041,0.003773268489015713,0.06356295892481063,0.964617181359887,0.03333333333333333
intensity_0p8,capitulum_outline_aspect_ratio,registered_endpoint,ratio,no_recorded_development_exposure,1447,913,911,556,543,13,2,889,442,442,-0.000381506544948685,0.014324249685714219,0.004237288135593209,0.0685608904171322,0.9669004183824816,0.024390243902439025
intensity_0p8,capitulum_outline_circularity,registered_endpoint,unitless,all_cached,2853,1759,1753,1136,1105,31,8,1709,877,875,-0.00019165561053800426,0.014459936576384296,0.0064623226609983875,0.058668648466118474,0.9688639151487531,0.02883184523809524
intensity_0p8,capitulum_outline_circularity,registered_endpoint,unitless,recorded_development_exposed,1406,846,842,580,562,18,6,820,435,433,0.0017106008549948478,0.015281790668515184,0.006742226325682055,0.06427644270970592,0.9580651340939533,0.03333333333333333
intensity_0p8,capitulum_outline_circularity,registered_endpoint,unitless,no_recorded_development_exposure,1447,913,911,556,543,13,2,889,442,442,-0.002055178347134667,0.013654817069839783,0.006056230795098205,0.0527801599860028,0.9789984592514607,0.024390243902439025
intensity_0p8,capitulum_outline_solidity,registered_endpoint,unitless,all_cached,2853,1759,1753,1136,1105,31,8,1709,877,875,-3.601629192619685e-05,0.007227103326472814,0.0028883183467629525,0.02819638077624099,0.9804585795332056,0.02883184523809524
intensity_0p8,capitulum_outline_solidity,registered_endpoint,unitless,recorded_development_exposed,1406,846,842,580,562,18,6,820,435,433,0.0007668073522883299,0.007355586615646441,0.00291371887990007,0.029658737794441368,0.9743466088760278,0.03333333333333333
intensity_0p8,capitulum_outline_solidity,registered_endpoint,unitless,no_recorded_development_exposure,1447,913,911,556,543,13,2,889,442,442,-0.0008224928483625998,0.0071012362128705965,0.002872804889562819,0.025843917426775852,0.9850479196996911,0.024390243902439025
intensity_0p8,capitulum_width_profile_cv,registered_endpoint,unitless,all_cached,2853,1759,1753,1136,1105,31,8,1709,877,875,0.00032507868489701407,0.010527531752708253,0.004803501739717775,0.040037991108313714,0.9753851089504127,0.02883184523809524
intensity_0p8,capitulum_width_profile_cv,registered_endpoint,unitless,recorded_development_exposed,1406,846,842,580,562,18,6,820,435,433,-0.0010228424912618141,0.010587842950000393,0.004807528435032349,0.03477526351289816,0.9705809639888312,0.03333333333333333
intensity_0p8,capitulum_width_profile_cv,registered_endpoint,unitless,no_recorded_development_exposure,1447,913,911,556,543,13,2,889,442,442,0.0016455535022652772,0.01046844861146957,0.0047661495443744595,0.0439868492111797,0.9800804303851086,0.024390243902439025
intensity_0p8,involucre_length_width_ratio,registered_endpoint,ratio,all_cached,2853,1759,1753,160,144,16,90,2603,133,132,-0.0324123166389736,0.09403970988191954,0.03277753406065459,0.5181819516415836,0.9224379477493175,0.10810810810810811
intensity_0p8,involucre_length_width_ratio,registered_endpoint,ratio,recorded_development_exposed,1406,846,842,74,66,8,47,1285,61,60,-0.012594871317530598,0.10601389419941117,0.040544510947521595,0.5622492357772126,0.8825229230341763,0.11764705882352941
intensity_0p8,involucre_length_width_ratio,registered_endpoint,ratio,no_recorded_development_exposure,1447,913,911,86,78,8,43,1318,72,72,-0.04892685440684277,0.08406122295067651,0.02839811801462172,0.33029165339914807,0.9542735867258346,0.1
intensity_0p8,involucre_apical_taper_ratio,registered_endpoint,ratio,all_cached,2853,1759,1753,160,144,16,90,2603,133,132,0.03453520367468923,0.1276748336555431,0.06959714924149207,0.4336992378604207,0.8099116632664239,0.10810810810810811
intensity_0p8,involucre_apical_taper_ratio,registered_endpoint,ratio,recorded_development_exposed,1406,846,842,74,66,8,47,1285,61,60,0.044200336234582596,0.138825572090598,0.07532781739007993,0.5568568043445911,0.7009724923589886,0.11764705882352941
intensity_0p8,involucre_apical_taper_ratio,registered_endpoint,ratio,no_recorded_development_exposure,1447,913,911,86,78,8,43,1318,72,72,0.026480926541444783,0.1183825516263307,0.06378745634790167,0.37743552836929706,0.8841404591935174,0.1
intensity_0p8,involucre_basal_taper_ratio,registered_endpoint,ratio,all_cached,2853,1759,1753,160,144,16,90,2603,133,132,-0.024321396532287272,0.11364531282272189,0.04571469427668495,0.4842035537162633,0.7872352637318485,0.10810810810810811
intensity_0p8,involucre_basal_taper_ratio,registered_endpoint,ratio,recorded_development_exposed,1406,846,842,74,66,8,47,1285,61,60,-0.064141761712529,0.13547710317393227,0.057873177672709025,0.518156879304881,0.6976938038343985,0.11764705882352941
intensity_0p8,involucre_basal_taper_ratio,registered_endpoint,ratio,no_recorded_development_exposure,1447,913,911,86,78,8,43,1318,72,72,0.008862241117914173,0.09545215419671321,0.03448895441094374,0.26879357403098325,0.8890282333269022,0.1
intensity_0p8,bract_projection_roughness,registered_endpoint,relative,all_cached,2853,1759,1753,160,144,16,90,2603,133,132,0.008760766841374739,0.03212046593364381,0.018910554958164356,0.09371750080783188,0.6798223873354448,0.10810810810810811
intensity_0p8,bract_projection_roughness,registered_endpoint,relative,recorded_development_exposed,1406,846,842,74,66,8,47,1285,61,60,-0.0003253617937984151,0.030362495453980867,0.019219785141862206,0.09104579377493777,0.7323701028063352,0.11764705882352941
intensity_0p8,bract_projection_roughness,registered_endpoint,relative,no_recorded_development_exposure,1447,913,911,86,78,8,43,1318,72,72,0.016332540704019034,0.03358544133336293,0.018385096161507734,0.10263446193027823,0.6422277959997429,0.1
intensity_0p8,bract_projection_p95,registered_endpoint,relative,all_cached,2853,1759,1753,160,144,16,90,2603,133,132,0.021531445569059615,0.05993432619103006,0.040585663550853246,0.21437434692174193,0.6817164354327873,0.10810810810810811
intensity_0p8,bract_projection_p95,registered_endpoint,relative,recorded_development_exposed,1406,846,842,74,66,8,47,1285,61,60,0.011241904557059956,0.05802020436787469,0.0464507996165614,0.14829213092259044,0.7151986662961936,0.11764705882352941
intensity_0p8,bract_projection_p95,registered_endpoint,relative,no_recorded_development_exposure,1447,913,911,86,78,8,43,1318,72,72,0.030106063079059324,0.06152942771032621,0.033085942558426014,0.21908093885666108,0.6365039552382791,0.1
intensity_0p8,bract_projection_maximum,registered_endpoint,relative,all_cached,2853,1759,1753,160,144,16,90,2603,133,132,0.03970927377785915,0.0893851231613899,0.045863258983010136,0.30163342868657095,0.654855389688656,0.10810810810810811
intensity_0p8,bract_projection_maximum,registered_endpoint,relative,recorded_development_exposed,1406,846,842,74,66,8,47,1285,61,60,0.0334981964250453,0.07818411029428148,0.05058699253704918,0.2442547506646126,0.7046957488191166,0.11764705882352941
intensity_0p8,bract_projection_maximum,registered_endpoint,relative,no_recorded_development_exposure,1447,913,911,86,78,8,43,1318,72,72,0.04488517157187069,0.09871930055064691,0.04308295841341135,0.3846495723516779,0.6159560100327997,0.1
intensity_0p8,bract_spread_fraction,registered_endpoint,fraction,all_cached,2853,1759,1753,160,144,16,90,2603,133,132,0.003712292938478578,0.07098294395992338,0.04650637939335581,0.22286199095022619,0.4487005710159599,0.10810810810810811
intensity_0p8,bract_spread_fraction,registered_endpoint,fraction,recorded_development_exposed,1406,846,842,74,66,8,47,1285,61,60,-0.006856602336910477,0.06900455350493824,0.04405143467643466,0.1829921736586316,0.5433438481383965,0.11764705882352941
intensity_0p8,bract_spread_fraction,registered_endpoint,fraction,no_recorded_development_exposure,1447,913,911,86,78,8,43,1318,72,72,0.012519705667969457,0.07263160267241103,0.047215758126928076,0.22286199095022624,0.37816842589838207,0.1
intensity_0p8,bract_projection_peak_density,registered_endpoint,peaks per valid bin,all_cached,2853,1759,1753,160,144,16,90,2603,133,132,0.002823003971489932,0.021400053242219864,0.017510404088321545,0.04634484930016887,0.2762000958984717,0.10810810810810811
intensity_0p8,bract_projection_peak_density,registered_endpoint,peaks per valid bin,recorded_development_exposed,1406,846,842,74,66,8,47,1285,61,60,0.004173400184171505,0.021676109029880295,0.017984985001304233,0.04633623795114477,0.2757930546686326,0.11764705882352941
intensity_0p8,bract_projection_peak_density,registered_endpoint,peaks per valid bin,no_recorded_development_exposure,1447,913,911,86,78,8,43,1318,72,72,0.0016976737942552883,0.021170006752502843,0.016509205426356595,0.046052201394943336,0.27443330901700097,0.1
intensity_0p8,bract_projection_asymmetry,registered_endpoint,relative,all_cached,2853,1759,1753,160,144,16,90,2603,133,132,-0.0026595907785834003,0.020468955198981505,0.013888219995724201,0.05848355579911304,0.38514920194309504,0.10810810810810811
intensity_0p8,bract_projection_asymmetry,registered_endpoint,relative,recorded_development_exposed,1406,846,842,74,66,8,47,1285,61,60,-0.005528231632166795,0.01928162135365197,0.013927919492969948,0.05155022596175278,0.38766323978883027,0.11764705882352941
intensity_0p8,bract_projection_asymmetry,registered_endpoint,relative,no_recorded_development_exposure,1447,913,911,86,78,8,43,1318,72,72,-0.0002690567339305724,0.02145840007008945,0.01374907961755988,0.07126517006485815,0.3898642999549811,0.1
intensity_0p8,involucre_surface_edge_density,registered_endpoint,fraction,all_cached,2853,1759,1753,53,46,7,35,2765,43,43,0.005148338988256707,0.027596244871699233,0.009888173254240074,0.1348503335115114,0.8725460585925702,0.14
intensity_0p8,involucre_surface_edge_density,registered_endpoint,fraction,recorded_development_exposed,1406,846,842,27,22,5,19,1360,19,19,0.003890378657330987,0.029316423637388015,0.009486724280386771,0.12600235086315725,0.7912280701754386,0.20833333333333334
intensity_0p8,involucre_surface_edge_density,registered_endpoint,fraction,no_recorded_development_exposure,1447,913,911,26,24,2,16,1405,24,24,0.006144224250239569,0.026234436682195616,0.009896413500270429,0.13184795567708263,0.9278260869565217,0.07692307692307693
intensity_0p8,involucre_surface_lbp_entropy,registered_endpoint,normalized entropy,all_cached,2853,1759,1753,53,46,7,35,2765,43,43,0.008989939288592402,0.016952274856833115,0.006588261402339812,0.05895978630063009,0.8668076109936574,0.14
intensity_0p8,involucre_surface_lbp_entropy,registered_endpoint,normalized entropy,recorded_development_exposed,1406,846,842,27,22,5,19,1360,19,19,0.013286503625523667,0.019461235366810693,0.006588261402339812,0.048026571037342466,0.8912280701754386,0.20833333333333334
intensity_0p8,involucre_surface_lbp_entropy,registered_endpoint,normalized entropy,no_recorded_development_exposure,1447,913,911,26,24,2,16,1405,24,24,0.005588492521855152,0.014966014453100862,0.00662276520419397,0.057587425152829386,0.8721739130434782,0.07692307692307693
intensity_0p8,involucre_surface_high_frequency_energy,registered_endpoint,relative,all_cached,2853,1759,1753,53,46,7,35,2765,43,43,0.020186945213563793,0.06709161759874348,0.0389428263214671,0.21912293853073464,0.890512888777757,0.14
intensity_0p8,involucre_surface_high_frequency_energy,registered_endpoint,relative,recorded_development_exposed,1406,846,842,27,22,5,19,1360,19,19,0.04963892919076396,0.09056464398261477,0.05978260869565216,0.23836224418710794,0.8644142999770633,0.20833333333333334
intensity_0p8,involucre_surface_high_frequency_energy,registered_endpoint,relative,no_recorded_development_exposure,1447,913,911,26,24,2,16,1405,24,24,-0.003129208768386347,0.04850880504484536,0.02867378876030137,0.13363095238095238,0.9297215849822895,0.07692307692307693
intensity_0p8,involucre_surface_specular_fraction,registered_endpoint,fraction,all_cached,2853,1759,1753,53,46,7,35,2765,43,43,-0.004737450603961307,0.004737450603961307,0.0,0.04768392370572199,,0.14
intensity_0p8,involucre_surface_specular_fraction,registered_endpoint,fraction,recorded_development_exposed,1406,846,842,27,22,5,19,1360,19,19,-0.0027885335500422263,0.0027885335500422263,0.0,0.005298213745080117,,0.20833333333333334
intensity_0p8,involucre_surface_specular_fraction,registered_endpoint,fraction,no_recorded_development_exposure,1447,913,911,26,24,2,16,1405,24,24,-0.006280343271647247,0.006280343271647247,0.0,0.0537440027416037,,0.07692307692307693
intensity_0p8,joint_hue_angular_change,joint_diagnostic_not_additional_endpoint,degrees,all_cached,2853,1759,1753,1250,1091,159,17,1586,855,854,,3.356454043719658,1.8853302001953267,9.863150405883781,,0.13827350427350427
intensity_0p8,joint_hue_angular_change,joint_diagnostic_not_additional_endpoint,degrees,recorded_development_exposed,1406,846,842,623,552,71,9,774,427,426,,3.433414662201453,1.8721771240234375,10.191997528076172,,0.11353944562899787
intensity_0p8,joint_hue_angular_change,joint_diagnostic_not_additional_endpoint,degrees,no_recorded_development_exposure,1447,913,911,627,539,88,8,812,428,428,,3.27985305429619,1.8930130004882812,9.304206085205085,,0.16119894598155468
intensity_0p8,joint_colour_composition_total_variation,joint_diagnostic_not_additional_endpoint,fraction,all_cached,2853,1759,1753,1250,1091,159,17,1586,855,854,,0.061622837563703556,0.048619733323780806,0.16888404869705184,,0.13827350427350427
intensity_0p8,joint_colour_composition_total_variation,joint_diagnostic_not_additional_endpoint,fraction,recorded_development_exposed,1406,846,842,623,552,71,9,774,427,426,,0.0637755337894386,0.04947735386019542,0.1808052901912215,,0.11353944562899787
intensity_0p8,joint_colour_composition_total_variation,joint_diagnostic_not_additional_endpoint,fraction,no_recorded_development_exposure,1447,913,911,627,539,88,8,812,428,428,,0.05948020066612615,0.04779802851623481,0.15916181165254675,,0.16119894598155468
intensity_1p2,orientation_image_vertical_angle,registered_endpoint,degrees,all_cached,2853,1759,1753,995,893,102,85,1773,721,721,1.5841526378076385,5.09001169975766,0.723497140765005,16.3588473590314,0.9172477053645868,0.10655737704918032
intensity_1p2,orientation_image_vertical_angle,registered_endpoint,degrees,recorded_development_exposed,1406,846,842,508,449,59,45,853,355,355,0.42985869096322776,4.559599282935419,0.6910838084166109,10.322932864500592,0.9247217833759366,0.12067510548523207
intensity_1p2,orientation_image_vertical_angle,registered_endpoint,degrees,no_recorded_development_exposure,1447,913,911,487,444,43,40,920,366,366,2.7037546900747578,5.604482759790162,0.7382671020923794,21.651570538744828,0.9116938585321348,0.09254606365159128
intensity_1p2,corolla_lab_lightness,registered_endpoint,Lab L*,all_cached,2853,1759,1753,1250,1222,28,81,1522,959,957,8.24953380340236,8.33620169635269,8.431371688842773,11.398694356282544,0.9726292436270376,0.02222222222222222
intensity_1p2,corolla_lab_lightness,registered_endpoint,Lab L*,recorded_development_exposed,1406,846,842,623,607,16,43,740,462,460,8.24289562529412,8.330278397988582,8.333333969116211,11.372550964355469,0.9761988383961112,0.024164889836531624
intensity_1p2,corolla_lab_lightness,registered_endpoint,Lab L*,no_recorded_development_exposure,1447,913,911,627,615,12,38,782,497,497,8.25567779118866,8.341684024818466,8.431373596191406,11.764703369140625,0.9692358791936257,0.020421607378129116
intensity_1p2,corolla_lab_chroma,registered_endpoint,Lab chroma,all_cached,2853,1759,1753,1250,1222,28,81,1522,959,957,2.0335945529499275,3.147743346623866,2.8284263610839844,6.677580261230466,0.9713997397575751,0.02222222222222222
intensity_1p2,corolla_lab_chroma,registered_endpoint,Lab chroma,recorded_development_exposed,1406,846,842,623,607,16,43,740,462,460,1.8119176018065302,3.0877970377604163,2.7121739387512207,6.7217264175414915,0.9696449000586523,0.024164889836531624
intensity_1p2,corolla_lab_chroma,registered_endpoint,Lab chroma,no_recorded_development_exposure,1447,913,911,627,615,12,38,782,497,497,2.238768391030335,3.2032268518093527,2.94915771484375,6.40157470703125,0.9733220832616999,0.020421607378129116
intensity_1p2,corolla_hue_sin,registered_endpoint,unitless,all_cached,2853,1759,1753,1250,1222,28,81,1522,959,957,0.04425969173402364,0.05019173348117188,0.025141345211143584,0.16536549116770458,0.9910391011209123,0.02222222222222222
intensity_1p2,corolla_hue_sin,registered_endpoint,unitless,recorded_development_exposed,1406,846,842,623,607,16,43,740,462,460,0.04464212901860737,0.05124138734073018,0.025342775236239568,0.16386144033868502,0.9908555908766729,0.024164889836531624
intensity_1p2,corolla_hue_sin,registered_endpoint,unitless,no_recorded_development_exposure,1447,913,911,627,615,12,38,782,497,497,0.04390572563561617,0.04922022286669136,0.02464513659709,0.16794970383471083,0.9911002157523455,0.020421607378129116
intensity_1p2,corolla_hue_cos,registered_endpoint,unitless,all_cached,2853,1759,1753,1250,1222,28,81,1522,959,957,0.0130713111279322,0.04759601542348924,0.02353061797131173,0.16041009176617013,0.9664158551505123,0.02222222222222222
intensity_1p2,corolla_hue_cos,registered_endpoint,unitless,recorded_development_exposed,1406,846,842,623,607,16,43,740,462,460,0.009229886707726523,0.046662416554776855,0.02299190428802403,0.16046571702090737,0.9709932877549147,0.024164889836531624
intensity_1p2,corolla_hue_cos,registered_endpoint,unitless,no_recorded_development_exposure,1447,913,911,627,615,12,38,782,497,497,0.016626754253273472,0.04846011095589911,0.023897646575528064,0.16033516437064832,0.9612027978207373,0.020421607378129116
intensity_1p2,visible_floret_fraction,registered_endpoint,fraction,all_cached,2853,1759,1753,1250,1222,28,81,1522,959,957,0.04116790942454354,0.05484013972404203,0.04777650252333254,0.1255851575240084,0.9569317179269922,0.02222222222222222
intensity_1p2,visible_floret_fraction,registered_endpoint,fraction,recorded_development_exposed,1406,846,842,623,607,16,43,740,462,460,0.04125375015402392,0.054133721388439304,0.047658657734455684,0.12401909016812379,0.9626374086998439,0.024164889836531624
intensity_1p2,visible_floret_fraction,registered_endpoint,fraction,no_recorded_development_exposure,1447,913,911,627,615,12,38,782,497,497,0.04108845925238867,0.05549396755981115,0.04788794938140167,0.12628213140439606,0.9501723711878736,0.020421607378129116
intensity_1p2,corolla_white_pixel_fraction,registered_endpoint,fraction,all_cached,2853,1759,1753,1250,1222,28,81,1522,959,957,0.03434672411167078,0.04001238756541188,0.025639721769564472,0.12048448286208513,0.962795422555486,0.02222222222222222
intensity_1p2,corolla_white_pixel_fraction,registered_endpoint,fraction,recorded_development_exposed,1406,846,842,623,607,16,43,740,462,460,0.03586950141373664,0.041177842970084776,0.028032124504908804,0.12634256399275476,0.9610252075686148,0.024164889836531624
intensity_1p2,corolla_white_pixel_fraction,registered_endpoint,fraction,no_recorded_development_exposure,1447,913,911,627,615,12,38,782,497,497,0.032937312524245636,0.03893369644639872,0.024939410397001344,0.1175512170934314,0.963311935350932,0.020421607378129116
intensity_1p2,corolla_redmagenta_pixel_fraction,registered_endpoint,fraction,all_cached,2853,1759,1753,1250,1222,28,81,1522,959,957,-0.012546309915220278,0.01709995679931454,0.005750053603986741,0.07295065895733167,0.9933014059138412,0.02222222222222222
intensity_1p2,corolla_redmagenta_pixel_fraction,registered_endpoint,fraction,recorded_development_exposed,1406,846,842,623,607,16,43,740,462,460,-0.012807249217643087,0.017513548579549194,0.006235203463398974,0.07558632913578127,0.9942511609538263,0.024164889836531624
intensity_1p2,corolla_redmagenta_pixel_fraction,registered_endpoint,fraction,no_recorded_development_exposure,1447,913,911,627,615,12,38,782,497,497,-0.012304796677565366,0.01671715555402694,0.00555026966353217,0.06527486756058916,0.9924627520619367,0.020421607378129116
intensity_1p2,corolla_purple_pixel_fraction,registered_endpoint,fraction,all_cached,2853,1759,1753,1250,1222,28,81,1522,959,957,-0.02943852767952761,0.031410615748299724,0.009821043342205696,0.13055142359513283,0.993491902043212,0.02222222222222222
intensity_1p2,corolla_purple_pixel_fraction,registered_endpoint,fraction,recorded_development_exposed,1406,846,842,623,607,16,43,740,462,460,-0.028302175416377095,0.03079479958745759,0.009844436333210011,0.12362949380852666,0.9928318905109407,0.024164889836531624
intensity_1p2,corolla_purple_pixel_fraction,registered_endpoint,fraction,no_recorded_development_exposure,1447,913,911,627,615,12,38,782,497,497,-0.030490282289284628,0.03198058644042725,0.009431808383808573,0.13244228993076015,0.9938895587592163,0.020421607378129116
intensity_1p2,corolla_yellow_pixel_fraction,registered_endpoint,fraction,all_cached,2853,1759,1753,1250,1222,28,81,1522,959,957,0.00763811348307711,0.023747666854382624,0.015137202046529852,0.07319896441356309,0.9932065146097954,0.02222222222222222
intensity_1p2,corolla_yellow_pixel_fraction,registered_endpoint,fraction,recorded_development_exposed,1406,846,842,623,607,16,43,740,462,460,0.005239923220283541,0.025125213424677457,0.015592440364265107,0.07820548706710088,0.993402894855747,0.024164889836531624
intensity_1p2,corolla_yellow_pixel_fraction,registered_endpoint,fraction,no_recorded_development_exposure,1447,913,911,627,615,12,38,782,497,497,0.009857766442604355,0.022472674052902496,0.014335041771544717,0.06526615600286685,0.9928936454382895,0.020421607378129116
intensity_1p2,capitulum_outline_aspect_ratio,registered_endpoint,ratio,all_cached,2853,1759,1753,1136,1097,39,35,1682,870,868,-0.0009451730871368337,0.020948252130169678,0.0062290525131667995,0.09893681593653032,0.9446200556875836,0.036830357142857144
intensity_1p2,capitulum_outline_aspect_ratio,registered_endpoint,ratio,recorded_development_exposed,1406,846,842,580,561,19,16,810,433,431,-0.002488559360808196,0.02048945192043115,0.005921855921855901,0.1005740155568644,0.9518478234287724,0.035955056179775284
intensity_1p2,capitulum_outline_aspect_ratio,registered_endpoint,ratio,no_recorded_development_exposure,1447,913,911,556,536,20,19,872,437,437,0.0005770225283147839,0.02140075302352735,0.0066734001875767834,0.093959473178194,0.9385034236453903,0.037694013303769404
intensity_1p2,capitulum_outline_circularity,registered_endpoint,unitless,all_cached,2853,1759,1753,1136,1097,39,35,1682,870,868,-0.0031433101443367434,0.01936861670948756,0.008958446721292451,0.06979509599516995,0.949662339476314,0.036830357142857144
intensity_1p2,capitulum_outline_circularity,registered_endpoint,unitless,recorded_development_exposed,1406,846,842,580,561,19,16,810,433,431,-0.00278022461276106,0.019068848826943378,0.008952946832915754,0.06965767957397823,0.9496426977584547,0.035955056179775284
intensity_1p2,capitulum_outline_circularity,registered_endpoint,unitless,no_recorded_development_exposure,1447,913,911,556,536,20,19,872,437,437,-0.0035014105198724866,0.019664268785864088,0.009020691880779363,0.06994721841319641,0.9497416759569255,0.037694013303769404
intensity_1p2,capitulum_outline_solidity,registered_endpoint,unitless,all_cached,2853,1759,1753,1136,1097,39,35,1682,870,868,-0.001591527984813419,0.010863955361970181,0.004796022028750457,0.04309647798701076,0.9646195633545022,0.036830357142857144
intensity_1p2,capitulum_outline_solidity,registered_endpoint,unitless,recorded_development_exposed,1406,846,842,580,561,19,16,810,433,431,-0.001395291454035908,0.010920419663733612,0.0048564240244329815,0.04340309237999575,0.9611278200996267,0.035955056179775284
intensity_1p2,capitulum_outline_solidity,registered_endpoint,unitless,no_recorded_development_exposure,1447,913,911,556,536,20,19,872,437,437,-0.0017850701925138936,0.010808266313777872,0.004695446613924625,0.042461122843352454,0.9677888429613074,0.037694013303769404
intensity_1p2,capitulum_width_profile_cv,registered_endpoint,unitless,all_cached,2853,1759,1753,1136,1097,39,35,1682,870,868,-0.00038232947234997385,0.015897449697189692,0.007440072849388829,0.055907630616445735,0.947287101409672,0.036830357142857144
intensity_1p2,capitulum_width_profile_cv,registered_endpoint,unitless,recorded_development_exposed,1406,846,842,580,561,19,16,810,433,431,-0.0009642920547140959,0.016037486285269405,0.007474630544600069,0.05743843816095451,0.9386125614000704,0.035955056179775284
intensity_1p2,capitulum_width_profile_cv,registered_endpoint,unitless,no_recorded_development_exposure,1447,913,911,556,536,20,19,872,437,437,0.00019164277707551042,0.01575933580825982,0.007410234211791766,0.05532112587347431,0.9550817806226728,0.037694013303769404
intensity_1p2,involucre_length_width_ratio,registered_endpoint,ratio,all_cached,2853,1759,1753,160,117,43,22,2671,111,111,-0.009353574654858901,0.11992585718243022,0.041436376498109495,0.4221981232214713,0.827018252018252,0.2635135135135135
intensity_1p2,involucre_length_width_ratio,registered_endpoint,ratio,recorded_development_exposed,1406,846,842,74,58,16,12,1320,55,55,-0.01988667471123442,0.15187996797322792,0.04506716449428527,0.7970950943411219,0.7532467532467534,0.21323529411764705
intensity_1p2,involucre_length_width_ratio,registered_endpoint,ratio,no_recorded_development_exposure,1447,913,911,86,59,27,10,1351,56,56,0.0009914343290813488,0.08854235551289677,0.041424112939016544,0.26438130906560053,0.8818181818181818,0.30625
intensity_1p2,involucre_apical_taper_ratio,registered_endpoint,ratio,all_cached,2853,1759,1753,160,117,43,22,2671,111,111,-0.059326177809073864,0.20310907142877146,0.06956897887302982,0.7349346015504197,0.5544489294489293,0.2635135135135135
intensity_1p2,involucre_apical_taper_ratio,registered_endpoint,ratio,recorded_development_exposed,1406,846,842,74,58,16,12,1320,55,55,-0.053338421328929714,0.13169404797446738,0.05116177372628383,0.4728364809966569,0.6505050505050507,0.21323529411764705
intensity_1p2,involucre_apical_taper_ratio,registered_endpoint,ratio,no_recorded_development_exposure,1447,913,911,86,59,27,10,1351,56,56,-0.06520701006635825,0.27324882660710587,0.09941350676647914,1.166727362155792,0.42863978127136027,0.30625
intensity_1p2,involucre_basal_taper_ratio,registered_endpoint,ratio,all_cached,2853,1759,1753,160,117,43,22,2671,111,111,-0.0206959428906481,0.15093497094194697,0.05211222382033559,0.6025650839324329,0.6911372411372412,0.2635135135135135
intensity_1p2,involucre_basal_taper_ratio,registered_endpoint,ratio,recorded_development_exposed,1406,846,842,74,58,16,12,1320,55,55,-0.051294084390602034,0.1690582840746937,0.05676755597006067,0.7168860822215241,0.7413419913419915,0.21323529411764705
intensity_1p2,involucre_basal_taper_ratio,registered_endpoint,ratio,no_recorded_development_exposure,1447,913,911,86,59,27,10,1351,56,56,0.009355803225378096,0.13313528840085645,0.045226126423353885,0.45776389713185334,0.6010936431989063,0.30625
intensity_1p2,bract_projection_roughness,registered_endpoint,relative,all_cached,2853,1759,1753,160,117,43,22,2671,111,111,-0.009259452426914875,0.0293776402949647,0.020756676777023503,0.08164874649890451,0.7146630396630397,0.2635135135135135
intensity_1p2,bract_projection_roughness,registered_endpoint,relative,recorded_development_exposed,1406,846,842,74,58,16,12,1320,55,55,-0.015404606143519345,0.03307308700459148,0.02088074226440735,0.09492552032634756,0.6826118326118328,0.21323529411764705
intensity_1p2,bract_projection_roughness,registered_endpoint,relative,no_recorded_development_exposure,1447,913,911,86,59,27,10,1351,56,56,-0.003224033598106911,0.02574818370515267,0.020677611234367684,0.06420548804526907,0.7550922761449078,0.30625
intensity_1p2,bract_projection_p95,registered_endpoint,relative,all_cached,2853,1759,1753,160,117,43,22,2671,111,111,-0.016558440800626524,0.04765030330632148,0.036097296093398595,0.1584831429702478,0.7228939978939979,0.2635135135135135
intensity_1p2,bract_projection_p95,registered_endpoint,relative,recorded_development_exposed,1406,846,842,74,58,16,12,1320,55,55,-0.02500404721061208,0.05696033985800986,0.04813447173232771,0.16193497797371234,0.6777777777777779,0.21323529411764705
intensity_1p2,bract_projection_p95,registered_endpoint,relative,no_recorded_development_exposure,1447,913,911,86,59,27,10,1351,56,56,-0.008263648790819282,0.0385065174073418,0.02372307622052637,0.12084412698794936,0.7714969241285031,0.30625
intensity_1p2,bract_projection_maximum,registered_endpoint,relative,all_cached,2853,1759,1753,160,117,43,22,2671,111,111,-0.02727039112127704,0.07159897923055934,0.042776607855975424,0.22726025321188723,0.7333713583713584,0.2635135135135135
intensity_1p2,bract_projection_maximum,registered_endpoint,relative,recorded_development_exposed,1406,846,842,74,58,16,12,1320,55,55,-0.03621827441823239,0.08433404618918168,0.0701574128558689,0.22370910712074882,0.6812409812409814,0.21323529411764705
intensity_1p2,bract_projection_maximum,registered_endpoint,relative,no_recorded_development_exposure,1447,913,911,86,59,27,10,1351,56,56,-0.01848229145462447,0.059091324181912416,0.028330011966305794,0.19635516906286724,0.8038961038961039,0.30625
intensity_1p2,bract_spread_fraction,registered_endpoint,fraction,all_cached,2853,1759,1753,160,117,43,22,2671,111,111,-0.004359127147406148,0.07188928686989388,0.056980056980056926,0.18186257676147383,0.5437845949321022,0.2635135135135135
intensity_1p2,bract_spread_fraction,registered_endpoint,fraction,recorded_development_exposed,1406,846,842,74,58,16,12,1320,55,55,-0.014857614411713212,0.07528153173569375,0.05043816942551116,0.19083158530383929,0.4933523372584867,0.21323529411764705
intensity_1p2,bract_spread_fraction,registered_endpoint,fraction,no_recorded_development_exposure,1447,913,911,86,59,27,10,1351,56,56,0.005951887130038289,0.06855761780526902,0.06079304845185063,0.16797102229157979,0.6094647251845776,0.30625
intensity_1p2,bract_projection_peak_density,registered_endpoint,peaks per valid bin,all_cached,2853,1759,1753,160,117,43,22,2671,111,111,0.002580326073583636,0.021293680844620196,0.01772287862513426,0.05447800741918389,0.13830977905324213,0.2635135135135135
intensity_1p2,bract_projection_peak_density,registered_endpoint,peaks per valid bin,recorded_development_exposed,1406,846,842,74,58,16,12,1320,55,55,0.006719035943371912,0.024071516702171225,0.021198156682027652,0.05544526143790849,-0.014170187397338985,0.21323529411764705
intensity_1p2,bract_projection_peak_density,registered_endpoint,peaks per valid bin,no_recorded_development_exposure,1447,913,911,86,59,27,10,1351,56,56,-0.0014844782628155653,0.018565449198811142,0.01433691756272401,0.04494693077053927,0.30018293768017196,0.30625
intensity_1p2,bract_projection_asymmetry,registered_endpoint,relative,all_cached,2853,1759,1753,160,117,43,22,2671,111,111,-0.004467759850156383,0.01817486570098685,0.012248795059562657,0.04402798260106394,0.4104510354510354,0.2635135135135135
intensity_1p2,bract_projection_asymmetry,registered_endpoint,relative,recorded_development_exposed,1406,846,842,74,58,16,12,1320,55,55,-0.0019028688498702747,0.020322123484364366,0.014540034815555967,0.044547557552785,0.32878787878787885,0.21323529411764705
intensity_1p2,bract_projection_asymmetry,registered_endpoint,relative,no_recorded_development_exposure,1447,913,911,86,59,27,10,1351,56,56,-0.00698684922543738,0.01606595180659821,0.009629385569833986,0.040819755870451745,0.5045796308954205,0.30625
intensity_1p2,involucre_surface_edge_density,registered_endpoint,fraction,all_cached,2853,1759,1753,53,38,15,6,2794,36,36,-0.016978470995504882,0.023031569185262075,0.00903824800957942,0.0837075905382192,0.9420849420849422,0.29
intensity_1p2,involucre_surface_edge_density,registered_endpoint,fraction,recorded_development_exposed,1406,846,842,27,21,6,4,1375,19,19,-0.017436485625618846,0.026125631209390106,0.014379111398684363,0.07693968661086427,0.9368421052631579,0.22916666666666666
intensity_1p2,involucre_surface_edge_density,registered_endpoint,fraction,no_recorded_development_exposure,1447,913,911,26,17,9,2,1419,17,17,-0.01646657229125986,0.01957349986417781,0.008620920593555237,0.08394859007253255,0.9632352941176472,0.34615384615384615
intensity_1p2,involucre_surface_lbp_entropy,registered_endpoint,normalized entropy,all_cached,2853,1759,1753,53,38,15,6,2794,36,36,-0.029183781638476704,0.034018180782306305,0.005568107082886353,0.12549475969436494,0.8759330759330759,0.29
intensity_1p2,involucre_surface_lbp_entropy,registered_endpoint,normalized entropy,recorded_development_exposed,1406,846,842,27,21,6,4,1375,19,19,-0.019643424380645324,0.02390295567622549,0.0050723617044894365,0.120388640399617,0.9245614035087718,0.22916666666666666
intensity_1p2,involucre_surface_lbp_entropy,registered_endpoint,normalized entropy,no_recorded_development_exposure,1447,913,911,26,17,9,2,1419,17,17,-0.03984653386781764,0.04532343237145545,0.00606385246128327,0.16716728967218064,0.7573529411764707,0.34615384615384615
intensity_1p2,involucre_surface_high_frequency_energy,registered_endpoint,relative,all_cached,2853,1759,1753,53,38,15,6,2794,36,36,-0.008865105314893885,0.07843647794329273,0.04025080906148871,0.31904324229691877,0.8247489123229437,0.29
intensity_1p2,involucre_surface_high_frequency_energy,registered_endpoint,relative,recorded_development_exposed,1406,846,842,27,21,6,4,1375,19,19,-0.007025618441919425,0.09062094398612112,0.055335968379446626,0.24948926606215557,0.8194994202685868,0.22916666666666666
intensity_1p2,involucre_surface_high_frequency_energy,registered_endpoint,relative,no_recorded_development_exposure,1447,913,911,26,17,9,2,1419,17,17,-0.010921002408218269,0.06481854530719039,0.036273115220483654,0.31491596638655456,0.8252607314483615,0.34615384615384615
intensity_1p2,involucre_surface_specular_fraction,registered_endpoint,fraction,all_cached,2853,1759,1753,53,38,15,6,2794,36,36,0.04379312202365947,0.04379312202365947,0.0,0.18768693918245266,0.507180307887146,0.29
intensity_1p2,involucre_surface_specular_fraction,registered_endpoint,fraction,recorded_development_exposed,1406,846,842,27,21,6,4,1375,19,19,0.023481918869810346,0.023481918869810346,0.0,0.1303543719957903,0.6457628064504701,0.22916666666666666
intensity_1p2,involucre_surface_specular_fraction,registered_endpoint,fraction,no_recorded_development_exposure,1447,913,911,26,17,9,2,1419,17,17,0.06649387848972613,0.06649387848972613,0.0,0.2923039215686269,0.4570660457742325,0.34615384615384615
intensity_1p2,joint_hue_angular_change,joint_diagnostic_not_additional_endpoint,degrees,all_cached,2853,1759,1753,1250,1222,28,81,1522,959,957,,4.3748559104736096,2.349822998046875,13.691058349609346,,0.02222222222222222
intensity_1p2,joint_hue_angular_change,joint_diagnostic_not_additional_endpoint,degrees,recorded_development_exposed,1406,846,842,623,607,16,43,740,462,460,,4.361866503176484,2.4155654907226634,14.048205375671373,,0.024164889836531624
intensity_1p2,joint_hue_angular_change,joint_diagnostic_not_additional_endpoint,degrees,no_recorded_development_exposure,1447,913,911,627,615,12,38,782,497,497,,4.38687829952125,2.233551025390625,13.384777832031247,,0.020421607378129116
intensity_1p2,joint_colour_composition_total_variation,joint_diagnostic_not_additional_endpoint,fraction,all_cached,2853,1759,1753,1250,1222,28,81,1522,959,957,,0.05613531348370439,0.0422096411390505,0.15362769982203467,,0.02222222222222222
intensity_1p2,joint_colour_composition_total_variation,joint_diagnostic_not_additional_endpoint,fraction,recorded_development_exposed,1406,846,842,623,607,16,43,740,462,460,,0.05730570228088452,0.04186791794156765,0.15448280116424093,,0.024164889836531624
intensity_1p2,joint_colour_composition_total_variation,joint_diagnostic_not_additional_endpoint,fraction,no_recorded_development_exposure,1447,913,911,627,615,12,38,782,497,497,,0.0550520562468777,0.042391162689488615,0.15095476921416282,,0.020421607378129116
channel_warm,orientation_image_vertical_angle,registered_endpoint,degrees,all_cached,2853,1759,1753,995,859,136,113,1745,699,699,-0.2793232213376718,7.570128443616405,0.6801361469329947,47.068014436039746,0.86094280057412,0.14155107187894073
channel_warm,orientation_image_vertical_angle,registered_endpoint,degrees,recorded_development_exposed,1406,846,842,508,434,74,56,842,347,347,0.33475842961997165,7.931164872555437,0.6330418947764684,48.35758671482464,0.8445185504730601,0.14957805907172994
channel_warm,orientation_image_vertical_angle,registered_endpoint,degrees,no_recorded_development_exposure,1447,913,911,487,425,62,57,903,352,352,-0.8846821215714851,7.214220373042983,0.7180981455731379,40.64707737086586,0.8755700940545131,0.13358458961474037
channel_warm,corolla_lab_lightness,registered_endpoint,Lab L*,all_cached,2853,1759,1753,1250,1206,44,264,1339,948,947,0.601866243557794,1.9952861603948693,1.5686264038085938,5.882350921630859,0.9597090423699953,0.03487179487179487
channel_warm,corolla_lab_lightness,registered_endpoint,Lab L*,recorded_development_exposed,1406,846,842,623,602,21,128,655,460,459,0.608028357844467,1.965056227529577,1.5686264038085938,5.0980377197265625,0.9631499541429522,0.028784648187633263
channel_warm,corolla_lab_lightness,registered_endpoint,Lab L*,no_recorded_development_exposure,1447,913,911,627,604,23,136,684,488,488,0.5960703204889767,2.0237196423316917,1.4705867767333984,6.274509429931641,0.9557877308635437,0.040513833992094864
channel_warm,corolla_lab_chroma,registered_endpoint,Lab chroma,all_cached,2853,1759,1753,1250,1206,44,264,1339,948,947,3.212824677330052,6.537629360835429,6.634990692138672,11.803798739115395,0.8481589684518666,0.03487179487179487
channel_warm,corolla_lab_chroma,registered_endpoint,Lab chroma,recorded_development_exposed,1406,846,842,623,602,21,128,655,460,459,2.9988334249913384,6.511829317351918,6.62141227722168,11.685755920410154,0.8466759348153697,0.028784648187633263
channel_warm,corolla_lab_chroma,registered_endpoint,Lab chroma,no_recorded_development_exposure,1447,913,911,627,604,23,136,684,488,488,3.4140992363945384,6.561896205013566,6.6940717697143555,11.904259308179215,0.8496919701380709,0.040513833992094864
channel_warm,corolla_hue_sin,registered_endpoint,unitless,all_cached,2853,1759,1753,1250,1206,44,264,1339,948,947,0.19312559263778026,0.26917748082505055,0.16840618521160466,0.7827302744595552,0.9482383263764999,0.03487179487179487
channel_warm,corolla_hue_sin,registered_endpoint,unitless,recorded_development_exposed,1406,846,842,623,602,21,128,655,460,459,0.18905486224659576,0.2685945605703588,0.1685012123809546,0.7873052006145085,0.9426174317584762,0.028784648187633263
channel_warm,corolla_hue_sin,registered_endpoint,unitless,no_recorded_development_exposure,1447,913,911,627,604,23,136,684,488,488,0.19695441487047222,0.26972576032690204,0.16219430475130991,0.7790766293283635,0.9520174646408556,0.040513833992094864
channel_warm,corolla_hue_cos,registered_endpoint,unitless,all_cached,2853,1759,1753,1250,1206,44,264,1339,948,947,0.1986894016427406,0.21587946818838405,0.11570535181783687,0.74761230672805,0.5800403989662853,0.03487179487179487
channel_warm,corolla_hue_cos,registered_endpoint,unitless,recorded_development_exposed,1406,846,842,623,602,21,128,655,460,459,0.1943005937891272,0.2126933771130955,0.1158620908029056,0.7364936220213991,0.6012570562051792,0.028784648187633263
channel_warm,corolla_hue_cos,registered_endpoint,unitless,no_recorded_development_exposure,1447,913,911,627,604,23,136,684,488,488,0.20281739919357786,0.21887622188419853,0.11420996474477257,0.7663527016046836,0.5571240671416398,0.040513833992094864
channel_warm,visible_floret_fraction,registered_endpoint,fraction,all_cached,2853,1759,1753,1250,1206,44,264,1339,948,947,0.1366107678578419,0.1383504183742022,0.11515440178867331,0.3228939772215533,0.8446595625925547,0.03487179487179487
channel_warm,visible_floret_fraction,registered_endpoint,fraction,recorded_development_exposed,1406,846,842,623,602,21,128,655,460,459,0.1354324691647683,0.1370590910118762,0.1184464759248895,0.3054253246844546,0.8550450393435014,0.028784648187633263
channel_warm,visible_floret_fraction,registered_endpoint,fraction,no_recorded_development_exposure,1447,913,911,627,604,23,136,684,488,488,0.1377190447023517,0.13956500702032443,0.11374306002339878,0.33491482089994024,0.8330867877084186,0.040513833992094864
channel_warm,corolla_white_pixel_fraction,registered_endpoint,fraction,all_cached,2853,1759,1753,1250,1206,44,264,1339,948,947,-0.14033960349763402,0.14331119693538868,0.08100118209522156,0.5209533693716255,0.747717386313716,0.03487179487179487
channel_warm,corolla_white_pixel_fraction,registered_endpoint,fraction,recorded_development_exposed,1406,846,842,623,602,21,128,655,460,459,-0.14262946166903548,0.14595764874351058,0.08545510562110165,0.48330836762356366,0.745555867276514,0.028784648187633263
channel_warm,corolla_white_pixel_fraction,registered_endpoint,fraction,no_recorded_development_exposure,1447,913,911,627,604,23,136,684,488,488,-0.13818582296346746,0.14082201377979867,0.07753088218043509,0.5675263765071074,0.7445598247926465,0.040513833992094864
channel_warm,corolla_redmagenta_pixel_fraction,registered_endpoint,fraction,all_cached,2853,1759,1753,1250,1206,44,264,1339,948,947,0.10405967293489564,0.1287529660053314,0.06768250679062471,0.4295823799492798,0.829244465384659,0.03487179487179487
channel_warm,corolla_redmagenta_pixel_fraction,registered_endpoint,fraction,recorded_development_exposed,1406,846,842,623,602,21,128,655,460,459,0.10182452493467622,0.12624475584609418,0.0762799241150387,0.41631665730845685,0.8378112967649197,0.028784648187633263
channel_warm,corolla_redmagenta_pixel_fraction,registered_endpoint,fraction,no_recorded_development_exposure,1447,913,911,627,604,23,136,684,488,488,0.10616199451706923,0.13111212269199102,0.06253446964739644,0.4444158843241923,0.8224668506159094,0.040513833992094864
channel_warm,corolla_purple_pixel_fraction,registered_endpoint,fraction,all_cached,2853,1759,1753,1250,1206,44,264,1339,948,947,-0.14282221065169448,0.14282221065169448,0.06265251321057996,0.4679220183012133,0.9318737401743686,0.03487179487179487
channel_warm,corolla_purple_pixel_fraction,registered_endpoint,fraction,recorded_development_exposed,1406,846,842,623,602,21,128,655,460,459,-0.13954929429881102,0.13954929429881102,0.07893264742025237,0.4491379258495788,0.9345147435636415,0.028784648187633263
channel_warm,corolla_purple_pixel_fraction,registered_endpoint,fraction,no_recorded_development_exposure,1447,913,911,627,604,23,136,684,488,488,-0.14590062992623032,0.14590062992623032,0.05368817578385377,0.49134072712571336,0.9296505444249296,0.040513833992094864
channel_warm,corolla_yellow_pixel_fraction,registered_endpoint,fraction,all_cached,2853,1759,1753,1250,1206,44,264,1339,948,947,0.17910214121443285,0.17935162457523468,0.1278232963221091,0.548369668147389,0.9051711687139657,0.03487179487179487
channel_warm,corolla_yellow_pixel_fraction,registered_endpoint,fraction,recorded_development_exposed,1406,846,842,623,602,21,128,655,460,459,0.18035423103317028,0.1806729329454352,0.13176978345895463,0.5125878392177108,0.9023427442913113,0.028784648187633263
channel_warm,corolla_yellow_pixel_fraction,registered_endpoint,fraction,no_recorded_development_exposure,1447,913,911,627,604,23,136,684,488,488,0.17792445837262855,0.17810883657949284,0.12333098067006554,0.5786441755949843,0.9078353769904659,0.040513833992094864
channel_warm,capitulum_outline_aspect_ratio,registered_endpoint,ratio,all_cached,2853,1759,1753,1136,1111,25,22,1695,882,880,0.0008928862136179026,0.020488548844959244,0.006690382487878677,0.0954360688504901,0.9430480027772552,0.02269345238095238
channel_warm,capitulum_outline_aspect_ratio,registered_endpoint,ratio,recorded_development_exposed,1406,846,842,580,566,14,11,815,438,436,0.0013883144645301716,0.01766513878558622,0.0064506676546006725,0.07911878685039386,0.9644114027865738,0.025468164794007493
channel_warm,capitulum_outline_aspect_ratio,registered_endpoint,ratio,no_recorded_development_exposure,1447,913,911,556,545,11,11,880,444,444,0.00040638459785720583,0.02326108665101022,0.0070516367816635395,0.10598885885005664,0.9229767107378305,0.019955654101995565
channel_warm,capitulum_outline_circularity,registered_endpoint,unitless,all_cached,2853,1759,1753,1136,1111,25,22,1695,882,880,-0.003271037932364452,0.01898305903390795,0.010059167761439086,0.06806005348616449,0.9562936934255928,0.02269345238095238
channel_warm,capitulum_outline_circularity,registered_endpoint,unitless,recorded_development_exposed,1406,846,842,580,566,14,11,815,438,436,-0.0022539990747108577,0.019872002144978425,0.010470603167211656,0.06821082312571744,0.9486130647082032,0.025468164794007493
channel_warm,capitulum_outline_circularity,registered_endpoint,unitless,no_recorded_development_exposure,1447,913,911,556,545,11,11,880,444,444,-0.004269751765555819,0.01811013291582974,0.009659708349098461,0.06703742071389357,0.9621611116842629,0.019955654101995565
channel_warm,capitulum_outline_solidity,registered_endpoint,unitless,all_cached,2853,1759,1753,1136,1111,25,22,1695,882,880,-0.0009073683650146862,0.00997435960089045,0.00523110980593175,0.0381217796233216,0.9722249871093909,0.02269345238095238
channel_warm,capitulum_outline_solidity,registered_endpoint,unitless,recorded_development_exposed,1406,846,842,580,566,14,11,815,438,436,-0.0006669725890290085,0.00979103122587944,0.005131946872964199,0.03682884680771015,0.9680243936958339,0.025468164794007493
channel_warm,capitulum_outline_solidity,registered_endpoint,unitless,no_recorded_development_exposure,1447,913,911,556,545,11,11,880,444,444,-0.0011434326855771983,0.010154384761937299,0.0053182710625785945,0.037905033233339984,0.9748480536575361,0.019955654101995565
channel_warm,capitulum_width_profile_cv,registered_endpoint,unitless,all_cached,2853,1759,1753,1136,1111,25,22,1695,882,880,0.0007152843808852417,0.015507358275303943,0.007704783675217292,0.05652979615817248,0.9545495534798845,0.02269345238095238
channel_warm,capitulum_width_profile_cv,registered_endpoint,unitless,recorded_development_exposed,1406,846,842,580,566,14,11,815,438,436,0.0007832796216727047,0.014273945190328442,0.0069964828326046224,0.04914030939237407,0.960918542531693,0.025468164794007493
channel_warm,capitulum_width_profile_cv,registered_endpoint,unitless,no_recorded_development_exposure,1447,913,911,556,545,11,11,880,444,444,0.000648514279571426,0.016718547701090696,0.008224841400678695,0.06150272826817485,0.9480483211170961,0.019955654101995565
channel_warm,involucre_length_width_ratio,registered_endpoint,ratio,all_cached,2853,1759,1753,160,90,70,10,2683,84,84,0.003891545988741199,0.11503292969380106,0.05022221320564674,0.3209925912991054,0.8624076136478688,0.4448198198198199
channel_warm,involucre_length_width_ratio,registered_endpoint,ratio,recorded_development_exposed,1406,846,842,74,44,30,4,1328,42,42,0.00232280758858401,0.14821351440282463,0.04891103504861394,0.4330141532375309,0.7967749777165547,0.39705882352941174
channel_warm,involucre_length_width_ratio,registered_endpoint,ratio,no_recorded_development_exposure,1447,913,911,86,46,40,6,1355,42,42,0.00546028438889839,0.08185234498477752,0.05388725970084124,0.26543914205815905,0.9144315695648652,0.4854166666666667
channel_warm,involucre_apical_taper_ratio,registered_endpoint,ratio,all_cached,2853,1759,1753,160,90,70,10,2683,84,84,-0.007972064072609678,0.1705292337726323,0.06347807472008399,0.6052394108566779,0.6665789207249164,0.4448198198198199
channel_warm,involucre_apical_taper_ratio,registered_endpoint,ratio,recorded_development_exposed,1406,846,842,74,44,30,4,1328,42,42,-0.029616178467342297,0.12885903028289614,0.05425974282149876,0.398251957084425,0.6604813224211976,0.39705882352941174
channel_warm,involucre_apical_taper_ratio,registered_endpoint,ratio,no_recorded_development_exposure,1447,913,911,86,46,40,6,1355,42,42,0.013672050322122946,0.2121994372623685,0.0649755974441536,1.0159519416763831,0.6637225508467709,0.4854166666666667
channel_warm,involucre_basal_taper_ratio,registered_endpoint,ratio,all_cached,2853,1759,1753,160,90,70,10,2683,84,84,0.01560119779873854,0.14632253227910091,0.04814011837060156,0.6214678966508554,0.6000809962539233,0.4448198198198199
channel_warm,involucre_basal_taper_ratio,registered_endpoint,ratio,recorded_development_exposed,1406,846,842,74,44,30,4,1328,42,42,-0.008945716159429589,0.16425467958402437,0.051082982005000055,0.6313405383985198,0.6063528077141237,0.39705882352941174
channel_warm,involucre_basal_taper_ratio,registered_endpoint,ratio,no_recorded_development_exposure,1447,913,911,86,46,40,6,1355,42,42,0.040148111756906676,0.1283903849741774,0.04814011837060156,0.37481817844663207,0.576209383356292,0.4854166666666667
channel_warm,bract_projection_roughness,registered_endpoint,relative,all_cached,2853,1759,1753,160,90,70,10,2683,84,84,-0.00946885089581865,0.03498599727857768,0.022432354630006493,0.10642135685236416,0.5673180115419663,0.4448198198198199
channel_warm,bract_projection_roughness,registered_endpoint,relative,recorded_development_exposed,1406,846,842,74,44,30,4,1328,42,42,-0.013281777887708658,0.035446146051878645,0.024249569877792407,0.1069054422179001,0.6434648731869379,0.39705882352941174
channel_warm,bract_projection_roughness,registered_endpoint,relative,no_recorded_development_exposure,1447,913,911,86,46,40,6,1355,42,42,-0.005655923903928641,0.03452584850527672,0.021969393921212388,0.08388780682820854,0.46827647678470147,0.4854166666666667
channel_warm,bract_projection_p95,registered_endpoint,relative,all_cached,2853,1759,1753,160,90,70,10,2683,84,84,-0.004844270799679159,0.05618211329746597,0.029476640098478113,0.17881952330136977,0.5808646350106307,0.4448198198198199
channel_warm,bract_projection_p95,registered_endpoint,relative,recorded_development_exposed,1406,846,842,74,44,30,4,1328,42,42,-0.005933739046156039,0.05540627352652355,0.024500911235985343,0.14192781820544143,0.6953245279961107,0.39705882352941174
channel_warm,bract_projection_p95,registered_endpoint,relative,no_recorded_development_exposure,1447,913,911,86,46,40,6,1355,42,42,-0.003754802553202282,0.05695795306840838,0.03348630801498933,0.18089938613301954,0.4297058585203793,0.4854166666666667
channel_warm,bract_projection_maximum,registered_endpoint,relative,all_cached,2853,1759,1753,160,90,70,10,2683,84,84,-0.02690713104676068,0.09028522804760045,0.0495798036062681,0.34237723651018326,0.49225473321858865,0.4448198198198199
channel_warm,bract_projection_maximum,registered_endpoint,relative,recorded_development_exposed,1406,846,842,74,44,30,4,1328,42,42,-0.021198913353926145,0.08576576248771313,0.04272696180057754,0.3482878119182613,0.579612673203144,0.39705882352941174
channel_warm,bract_projection_maximum,registered_endpoint,relative,no_recorded_development_exposure,1447,913,911,86,46,40,6,1355,42,42,-0.03261534873959523,0.09480469360748779,0.0546556721590552,0.33881954340717657,0.3199902763147233,0.4854166666666667
channel_warm,bract_spread_fraction,registered_endpoint,fraction,all_cached,2853,1759,1753,160,90,70,10,2683,84,84,3.735066246316714e-05,0.06042437035021176,0.04252607871028924,0.16477713178294565,0.5044805590341869,0.4448198198198199
channel_warm,bract_spread_fraction,registered_endpoint,fraction,recorded_development_exposed,1406,846,842,74,44,30,4,1328,42,42,-0.0063643319854679,0.06656052147696633,0.04267978377791795,0.18085514142215164,0.5157225058756788,0.39705882352941174
channel_warm,bract_spread_fraction,registered_endpoint,fraction,no_recorded_development_exposure,1447,913,911,86,46,40,6,1355,42,42,0.006439033310394234,0.05428821922345718,0.04252607871028924,0.13603896103896096,0.47027355970675494,0.4854166666666667
channel_warm,bract_projection_peak_density,registered_endpoint,peaks per valid bin,all_cached,2853,1759,1753,160,90,70,10,2683,84,84,-0.0015609563276652774,0.01756259617390072,0.01473526473526474,0.042491209880995306,0.38776947139972684,0.4448198198198199
channel_warm,bract_projection_peak_density,registered_endpoint,peaks per valid bin,recorded_development_exposed,1406,846,842,74,44,30,4,1328,42,42,0.0014231179896557072,0.01691892352227357,0.010402933421226106,0.05574500986835406,0.37429059857061575,0.39705882352941174
channel_warm,bract_projection_peak_density,registered_endpoint,peaks per valid bin,no_recorded_development_exposure,1447,913,911,86,46,40,6,1355,42,42,-0.0045450306449862626,0.018206268825527866,0.016762416604892506,0.03994896176684814,0.45004256341809973,0.4854166666666667
channel_warm,bract_projection_asymmetry,registered_endpoint,relative,all_cached,2853,1759,1753,160,90,70,10,2683,84,84,0.001487962735448847,0.018832585851900698,0.010071123349581459,0.0573289836727547,0.5387465829705377,0.4448198198198199
channel_warm,bract_projection_asymmetry,registered_endpoint,relative,recorded_development_exposed,1406,846,842,74,44,30,4,1328,42,42,0.003180134543287697,0.018501631898858548,0.009283779975677583,0.039737340439807985,0.5470383275261324,0.39705882352941174
channel_warm,bract_projection_asymmetry,registered_endpoint,relative,no_recorded_development_exposure,1447,913,911,86,46,40,6,1355,42,42,-0.00020420907239000223,0.019163539804942856,0.010433509387277714,0.06801954415482854,0.5405558706749858,0.4854166666666667
channel_warm,involucre_surface_edge_density,registered_endpoint,fraction,all_cached,2853,1759,1753,53,27,26,4,2796,26,26,-0.009394976424048783,0.01621336118042862,0.012484056068234772,0.048177941101632836,0.974017094017094,0.49
channel_warm,involucre_surface_edge_density,registered_endpoint,fraction,recorded_development_exposed,1406,846,842,27,16,11,3,1376,15,15,-0.010873846143620776,0.01613105525641363,0.01424685054789615,0.049386111707808135,0.982142857142857,0.3958333333333333
channel_warm,involucre_surface_edge_density,registered_endpoint,fraction,no_recorded_development_exposure,1447,913,911,26,11,15,1,1420,11,11,-0.0073783358973597,0.016325596531358143,0.01196235630197895,0.04190200604342735,0.990909090909091,0.5769230769230769
channel_warm,involucre_surface_lbp_entropy,registered_endpoint,normalized entropy,all_cached,2853,1759,1753,53,27,26,4,2796,26,26,-0.008591345806047167,0.013705056867918073,0.006878254767423431,0.042951694154277464,0.7798290598290597,0.49
channel_warm,involucre_surface_lbp_entropy,registered_endpoint,normalized entropy,recorded_development_exposed,1406,846,842,27,16,11,3,1376,15,15,-0.0039262352680109695,0.012128031131267591,0.007670629266717244,0.03172383257460011,0.6607142857142856,0.3958333333333333
channel_warm,involucre_surface_lbp_entropy,registered_endpoint,normalized entropy,no_recorded_development_exposure,1447,913,911,26,11,15,1,1420,11,11,-0.014952860176096528,0.015855546508805093,0.006101225824325374,0.054996329607439665,0.7454545454545456,0.5769230769230769
channel_warm,involucre_surface_high_frequency_energy,registered_endpoint,relative,all_cached,2853,1759,1753,53,27,26,4,2796,26,26,-0.024805460222780427,0.0696203223460703,0.04268028323500589,0.27067468540896833,0.8235294599255867,0.49
channel_warm,involucre_surface_high_frequency_energy,registered_endpoint,relative,recorded_development_exposed,1406,846,842,27,16,11,3,1376,15,15,-0.03327951424274751,0.09441382535325275,0.07843137254901955,0.3230450854789336,0.7453086086009535,0.3958333333333333
channel_warm,involucre_surface_high_frequency_energy,registered_endpoint,relative,no_recorded_development_exposure,1447,913,911,26,11,15,1,1420,11,11,-0.013249932013734396,0.035811000063548766,0.025287356321839094,0.06695240243627343,0.9272727272727275,0.5769230769230769
channel_warm,involucre_surface_specular_fraction,registered_endpoint,fraction,all_cached,2853,1759,1753,53,27,26,4,2796,26,26,0.0,0.0,0.0,0.0,,0.49
channel_warm,involucre_surface_specular_fraction,registered_endpoint,fraction,recorded_development_exposed,1406,846,842,27,16,11,3,1376,15,15,0.0,0.0,0.0,0.0,,0.3958333333333333
channel_warm,involucre_surface_specular_fraction,registered_endpoint,fraction,no_recorded_development_exposure,1447,913,911,26,11,15,1,1420,11,11,0.0,0.0,0.0,0.0,,0.5769230769230769
channel_warm,joint_hue_angular_change,joint_diagnostic_not_additional_endpoint,degrees,all_cached,2853,1759,1753,1250,1206,44,264,1339,948,947,,22.12886332022141,13.846603393554673,63.678836059570294,,0.03487179487179487
channel_warm,joint_hue_angular_change,joint_diagnostic_not_additional_endpoint,degrees,recorded_development_exposed,1406,846,842,623,602,21,128,655,460,459,,22.10835679718439,14.60662841796875,63.405664062499945,,0.028784648187633263
channel_warm,joint_hue_angular_change,joint_diagnostic_not_additional_endpoint,degrees,no_recorded_development_exposure,1447,913,911,627,604,23,136,684,488,488,,22.14815121791402,13.219284057617202,64.31531410217285,,0.040513833992094864
channel_warm,joint_colour_composition_total_variation,joint_diagnostic_not_additional_endpoint,fraction,all_cached,2853,1759,1753,1250,1206,44,264,1339,948,947,,0.29711899908382466,0.27141689237016364,0.6724955547241015,,0.03487179487179487
channel_warm,joint_colour_composition_total_variation,joint_diagnostic_not_additional_endpoint,fraction,recorded_development_exposed,1406,846,842,623,602,21,128,655,460,459,,0.29621231591692554,0.27287493810845176,0.6545198901611449,,0.028784648187633263
channel_warm,joint_colour_composition_total_variation,joint_diagnostic_not_additional_endpoint,fraction,no_recorded_development_exposure,1447,913,911,627,604,23,136,684,488,488,,0.29797180148875635,0.2667072584488259,0.6986635154667389,,0.040513833992094864
channel_cool,orientation_image_vertical_angle,registered_endpoint,degrees,all_cached,2853,1759,1753,995,884,111,103,1755,709,709,-0.42592715457535285,7.975597004877191,0.8258542253877552,51.79229178891093,0.8556601159393549,0.12084909625893232
channel_cool,orientation_image_vertical_angle,registered_endpoint,degrees,recorded_development_exposed,1406,846,842,508,448,60,50,848,350,350,-0.9325043213021112,7.343660873725496,0.7472189156062115,45.27173936263993,0.8719036073763866,0.13037974683544304
channel_cool,orientation_image_vertical_angle,registered_endpoint,degrees,no_recorded_development_exposure,1447,913,911,487,436,51,53,907,359,359,0.06795030602176504,8.591690726055724,0.9469560477106759,53.80416368454123,0.8400048240768118,0.11139028475711893
channel_cool,corolla_lab_lightness,registered_endpoint,Lab L*,all_cached,2853,1759,1753,1250,1060,190,103,1500,832,830,0.05492546855206469,2.636152452445892,1.764707088470459,8.23529052734375,0.9461320958552417,0.1622905982905983
channel_cool,corolla_lab_lightness,registered_endpoint,Lab L*,recorded_development_exposed,1406,846,842,623,538,85,52,731,410,408,0.20865361285365489,2.6519446583355175,1.960784912109375,8.09803638458251,0.9459729611463702,0.14534470504619756
channel_cool,corolla_lab_lightness,registered_endpoint,Lab L*,no_recorded_development_exposure,1447,913,911,627,522,105,51,769,422,422,-0.09370268991961486,2.6208841585999982,1.5686302185058594,8.215682983398432,0.9467278626275311,0.17799736495388668
channel_cool,corolla_lab_chroma,registered_endpoint,Lab chroma,all_cached,2853,1759,1753,1250,1060,190,103,1500,832,830,0.25439114005690117,5.273814010332866,4.9683661460876465,10.103229868412015,0.8929175594627814,0.1622905982905983
channel_cool,corolla_lab_chroma,registered_endpoint,Lab chroma,recorded_development_exposed,1406,846,842,623,538,85,52,731,410,408,0.18107108158223761,5.244085062952602,4.851051330566406,9.98407621383667,0.8951956319819312,0.14534470504619756
channel_cool,corolla_lab_chroma,registered_endpoint,Lab chroma,no_recorded_development_exposure,1447,913,911,627,522,105,51,769,422,422,0.32527877953003564,5.302556689316628,5.004300117492676,10.146931934356688,0.8898540488915867,0.17799736495388668
channel_cool,corolla_hue_sin,registered_endpoint,unitless,all_cached,2853,1759,1753,1250,1060,190,103,1500,832,830,-0.3443001418559054,0.4088894449644946,0.2855853914425585,1.1605402110457397,0.8229722135461934,0.1622905982905983
channel_cool,corolla_hue_sin,registered_endpoint,unitless,recorded_development_exposed,1406,846,842,623,538,85,52,731,410,408,-0.3674940342645185,0.42968736416585646,0.31830411487458943,1.1948274282839753,0.8298463074818603,0.14534470504619756
channel_cool,corolla_hue_sin,registered_endpoint,unitless,no_recorded_development_exposure,1447,913,911,627,522,105,51,769,422,422,-0.3218757150722227,0.38878150412526324,0.2757483014127937,1.07671517727514,0.8121885920759088,0.17799736495388668
channel_cool,corolla_hue_cos,registered_endpoint,unitless,all_cached,2853,1759,1753,1250,1060,190,103,1500,832,830,-0.6839962300782494,0.6907472219563915,0.5973295329210451,1.6679346735769753,0.5070658949306172,0.1622905982905983
channel_cool,corolla_hue_cos,registered_endpoint,unitless,recorded_development_exposed,1406,846,842,623,538,85,52,731,410,408,-0.7023958863228985,0.7095489736885094,0.6012795623337608,1.6575535001758037,0.4982474466150577,0.14534470504619756
channel_cool,corolla_hue_cos,registered_endpoint,unitless,no_recorded_development_exposure,1447,913,911,627,522,105,51,769,422,422,-0.6662069889696788,0.6725692250210739,0.5950406278681121,1.6839824290502368,0.5213393892985574,0.17799736495388668
channel_cool,visible_floret_fraction,registered_endpoint,fraction,all_cached,2853,1759,1753,1250,1060,190,103,1500,832,830,-0.0916014924819966,0.11585310487947034,0.0915501645489025,0.3161960983611132,0.7836212932537351,0.1622905982905983
channel_cool,visible_floret_fraction,registered_endpoint,fraction,recorded_development_exposed,1406,846,842,623,538,85,52,731,410,408,-0.08931869532434288,0.11463426611053527,0.09222291829691859,0.3130826791110706,0.804533846242461,0.14534470504619756
channel_cool,visible_floret_fraction,registered_endpoint,fraction,no_recorded_development_exposure,1447,913,911,627,522,105,51,769,422,422,-0.09380855703252436,0.11703150823900946,0.09011711842011749,0.3175646134191438,0.7606510921088424,0.17799736495388668
channel_cool,corolla_white_pixel_fraction,registered_endpoint,fraction,all_cached,2853,1759,1753,1250,1060,190,103,1500,832,830,0.08138282402826767,0.15225622880095108,0.07347722642622381,0.5528899597084267,0.7080374561020325,0.1622905982905983
channel_cool,corolla_white_pixel_fraction,registered_endpoint,fraction,recorded_development_exposed,1406,846,842,623,538,85,52,731,410,408,0.08146613562178062,0.15584672692794813,0.07804832865433758,0.5832812270153986,0.7194141922748873,0.14534470504619756
channel_cool,corolla_white_pixel_fraction,registered_endpoint,fraction,no_recorded_development_exposure,1447,913,911,627,522,105,51,769,422,422,0.0813022763264826,0.1487848467255606,0.06941606263881281,0.537345369279464,0.694595786356929,0.17799736495388668
channel_cool,corolla_redmagenta_pixel_fraction,registered_endpoint,fraction,all_cached,2853,1759,1753,1250,1060,190,103,1500,832,830,-0.09501305724123998,0.10032149570390718,0.058005790978814906,0.33570969662854017,0.8559644768537349,0.1622905982905983
channel_cool,corolla_redmagenta_pixel_fraction,registered_endpoint,fraction,recorded_development_exposed,1406,846,842,623,538,85,52,731,410,408,-0.09102479621129976,0.09652434521641527,0.0568800967181205,0.3128319648977964,0.8723521881385543,0.14534470504619756
channel_cool,corolla_redmagenta_pixel_fraction,registered_endpoint,fraction,no_recorded_development_exposure,1447,913,911,627,522,105,51,769,422,422,-0.09886900629388364,0.10399267437427853,0.058818258159549254,0.3504510551141627,0.840856268897776,0.17799736495388668
channel_cool,corolla_purple_pixel_fraction,registered_endpoint,fraction,all_cached,2853,1759,1753,1250,1060,190,103,1500,832,830,0.19578209078908113,0.1963949347747234,0.15758322605756309,0.5602426798696043,0.9415568593071323,0.1622905982905983
channel_cool,corolla_purple_pixel_fraction,registered_endpoint,fraction,recorded_development_exposed,1406,846,842,623,538,85,52,731,410,408,0.2029467218675621,0.2029467218675621,0.16456969178228387,0.5813985738274932,0.9366268232767198,0.14534470504619756
channel_cool,corolla_purple_pixel_fraction,registered_endpoint,fraction,no_recorded_development_exposure,1447,913,911,627,522,105,51,769,422,422,0.1888551488932985,0.1900605055475239,0.15299387636917805,0.5382431294950971,0.9444565636228298,0.17799736495388668
channel_cool,corolla_yellow_pixel_fraction,registered_endpoint,fraction,all_cached,2853,1759,1753,1250,1060,190,103,1500,832,830,-0.18215185757610874,0.18215185757610874,0.13018368182100593,0.5556109547817712,0.8908126149945838,0.1622905982905983
channel_cool,corolla_yellow_pixel_fraction,registered_endpoint,fraction,recorded_development_exposed,1406,846,842,623,538,85,52,731,410,408,-0.19338806127804298,0.19338806127804298,0.13968293394966544,0.5674776251641105,0.889795296524467,0.14534470504619756
channel_cool,corolla_yellow_pixel_fraction,registered_endpoint,fraction,no_recorded_development_exposure,1447,913,911,627,522,105,51,769,422,422,-0.17128841892589747,0.17128841892589747,0.11756460383723247,0.5482858096045177,0.8905035908826718,0.17799736495388668
channel_cool,capitulum_outline_aspect_ratio,registered_endpoint,ratio,all_cached,2853,1759,1753,1136,1116,20,21,1696,884,882,0.002440901114743651,0.020081005892867234,0.006265212725625691,0.09458361807775287,0.9433236527389491,0.018973214285714284
channel_cool,capitulum_outline_aspect_ratio,registered_endpoint,ratio,recorded_development_exposed,1406,846,842,580,572,8,11,815,442,440,0.0012826320480053557,0.01967310060445908,0.005875232054455393,0.08585648077078074,0.9515630895345006,0.014606741573033709
channel_cool,capitulum_outline_aspect_ratio,registered_endpoint,ratio,no_recorded_development_exposure,1447,913,911,556,544,12,10,881,442,442,0.0035939291449808668,0.020487065455988475,0.006972673893405612,0.09879621535871538,0.9348837173922526,0.02328159645232816
channel_cool,capitulum_outline_circularity,registered_endpoint,unitless,all_cached,2853,1759,1753,1136,1116,20,21,1696,884,882,0.0016969151591393111,0.017958523665118624,0.009213650747599778,0.06711628872929662,0.9572273441960433,0.018973214285714284
channel_cool,capitulum_outline_circularity,registered_endpoint,unitless,recorded_development_exposed,1406,846,842,580,572,8,11,815,442,440,0.0008608084947264423,0.019464083894506344,0.00981310910296651,0.06812127341044184,0.9470374523498933,0.014606741573033709
channel_cool,capitulum_outline_circularity,registered_endpoint,unitless,no_recorded_development_exposure,1447,913,911,556,544,12,10,881,442,442,0.0025292385354779134,0.01645977592545664,0.008418038317226179,0.058862126826372534,0.966862302495618,0.02328159645232816
channel_cool,capitulum_outline_solidity,registered_endpoint,unitless,all_cached,2853,1759,1753,1136,1116,20,21,1696,884,882,0.0011097320327883226,0.009982177849652206,0.004881450443996238,0.037877883787501024,0.9707098395393765,0.018973214285714284
channel_cool,capitulum_outline_solidity,registered_endpoint,unitless,recorded_development_exposed,1406,846,842,580,572,8,11,815,442,440,0.0011791159351306859,0.010406778293184971,0.005058667447054965,0.04108893224007955,0.9602262293800246,0.014606741573033709
channel_cool,capitulum_outline_solidity,registered_endpoint,unitless,no_recorded_development_exposure,1447,913,911,556,544,12,10,881,442,442,0.0010406620847552015,0.0095594986750947,0.004376108045828275,0.036537370569901084,0.9798024900122126,0.02328159645232816
channel_cool,capitulum_width_profile_cv,registered_endpoint,unitless,all_cached,2853,1759,1753,1136,1116,20,21,1696,884,882,0.0006856404885417977,0.014437010543304702,0.006830200578143153,0.05191178342766575,0.9582973655052749,0.018973214285714284
channel_cool,capitulum_width_profile_cv,registered_endpoint,unitless,recorded_development_exposed,1406,846,842,580,572,8,11,815,442,440,-0.0002676842216093985,0.014768101069417805,0.006619909876021429,0.05199023208834098,0.9566488778162012,0.014606741573033709
channel_cool,capitulum_width_profile_cv,registered_endpoint,unitless,no_recorded_development_exposure,1447,913,911,556,544,12,10,881,442,442,0.0016346515122217208,0.01410741816436858,0.007015011730511805,0.05176198862232914,0.9608790586937803,0.02328159645232816
channel_cool,involucre_length_width_ratio,registered_endpoint,ratio,all_cached,2853,1759,1753,160,132,28,74,2619,121,120,-0.02481823535543104,0.11311419803890897,0.04534767419283886,0.5259269301246428,0.8909785401764011,0.1891891891891892
channel_cool,involucre_length_width_ratio,registered_endpoint,ratio,recorded_development_exposed,1406,846,842,74,58,16,45,1287,53,52,-0.021161104504581488,0.1209885924031532,0.041951400468878464,0.5939592051105173,0.8874754546230682,0.23529411764705882
channel_cool,involucre_length_width_ratio,registered_endpoint,ratio,no_recorded_development_exposure,1447,913,911,86,74,12,29,1332,68,68,-0.02761486482961012,0.10709260234860456,0.052023871309586134,0.33775151567172335,0.8904454708554415,0.15
channel_cool,involucre_apical_taper_ratio,registered_endpoint,ratio,all_cached,2853,1759,1753,160,132,28,74,2619,121,120,0.01690944736861088,0.1445817914005693,0.0687121037866556,0.469565668571243,0.726890756302521,0.1891891891891892
channel_cool,involucre_apical_taper_ratio,registered_endpoint,ratio,recorded_development_exposed,1406,846,842,74,58,16,45,1287,53,52,0.058425021614628155,0.14432465773506348,0.06312323811929993,0.6489689786198161,0.6217877571928626,0.23529411764705882
channel_cool,involucre_apical_taper_ratio,registered_endpoint,ratio,no_recorded_development_exposure,1447,913,911,86,74,12,29,1332,68,68,-0.014837756466578797,0.14477842302713256,0.07158677147116027,0.3874496605469597,0.793755010115662,0.15
channel_cool,involucre_basal_taper_ratio,registered_endpoint,ratio,all_cached,2853,1759,1753,160,132,28,74,2619,121,120,0.014172306681677887,0.1457793157955433,0.07187886302757593,0.44091476254356016,0.7340857003958607,0.1891891891891892
channel_cool,involucre_basal_taper_ratio,registered_endpoint,ratio,recorded_development_exposed,1406,846,842,74,58,16,45,1287,53,52,-0.0065530068097979614,0.13776175671290763,0.0858323927517986,0.46429239874459705,0.793135831981559,0.23529411764705882
channel_cool,involucre_basal_taper_ratio,registered_endpoint,ratio,no_recorded_development_exposure,1447,913,911,86,74,12,29,1332,68,68,0.03002107582221824,0.15191039038814708,0.059350469274454865,0.4305870084636793,0.7021796388899492,0.15
channel_cool,bract_projection_roughness,registered_endpoint,relative,all_cached,2853,1759,1753,160,132,28,74,2619,121,120,0.008819333148715136,0.03372955137702559,0.017959209454348292,0.11335520811998843,0.6787415792763385,0.1891891891891892
channel_cool,bract_projection_roughness,registered_endpoint,relative,recorded_development_exposed,1406,846,842,74,58,16,45,1287,53,52,0.0009961799248313541,0.030710365216595852,0.02152356768325135,0.0730827805216607,0.7013574660633483,0.23529411764705882
channel_cool,bract_projection_roughness,registered_endpoint,relative,no_recorded_development_exposure,1447,913,911,86,74,12,29,1332,68,68,0.014801744437567436,0.036038340793824786,0.017654849438738435,0.12078805257635364,0.650685192961026,0.15
channel_cool,bract_projection_p95,registered_endpoint,relative,all_cached,2853,1759,1753,160,132,28,74,2619,121,120,0.01908165831604951,0.06045448074451678,0.03172823710732044,0.21998931164145114,0.6309535384401694,0.1891891891891892
channel_cool,bract_projection_p95,registered_endpoint,relative,recorded_development_exposed,1406,846,842,74,58,16,45,1287,53,52,0.004953640735474494,0.06289938552378778,0.05219144905930763,0.1484036459922881,0.653291214889439,0.23529411764705882
channel_cool,bract_projection_p95,registered_endpoint,relative,no_recorded_development_exposure,1447,913,911,86,74,12,29,1332,68,68,0.029885436465901,0.05858484767801543,0.020616581228254542,0.24527853627836607,0.5982746115967477,0.15
channel_cool,bract_projection_maximum,registered_endpoint,relative,all_cached,2853,1759,1753,160,132,28,74,2619,121,120,0.034998771082551866,0.08693450189436046,0.04776969111056992,0.26924513249663806,0.7018751302173761,0.1891891891891892
channel_cool,bract_projection_maximum,registered_endpoint,relative,recorded_development_exposed,1406,846,842,74,58,16,45,1287,53,52,0.011848234375875146,0.06422842017790975,0.04301068339079963,0.18582712513804817,0.7953555878084179,0.23529411764705882
channel_cool,bract_projection_maximum,registered_endpoint,relative,no_recorded_development_exposure,1447,913,911,86,74,12,29,1332,68,68,0.05270212268177526,0.10429797614811687,0.0500237719199379,0.28540603001266573,0.629728594877276,0.15
channel_cool,bract_spread_fraction,registered_endpoint,fraction,all_cached,2853,1759,1753,160,132,28,74,2619,121,120,-0.00044914703978288115,0.06898199846423747,0.06060390525027706,0.16795010236692298,0.5751671781601903,0.1891891891891892
channel_cool,bract_spread_fraction,registered_endpoint,fraction,recorded_development_exposed,1406,846,842,74,58,16,45,1287,53,52,0.006487891910389282,0.06766962129863816,0.059963608738152915,0.1830051898441116,0.6061181800418016,0.23529411764705882
channel_cool,bract_spread_fraction,registered_endpoint,fraction,no_recorded_development_exposure,1447,913,911,86,74,12,29,1332,68,68,-0.005753941531091004,0.06998558100263694,0.06368917898370915,0.1599653866841771,0.540082092795374,0.15
channel_cool,bract_projection_peak_density,registered_endpoint,peaks per valid bin,all_cached,2853,1759,1753,160,132,28,74,2619,121,120,-0.0009438661527048763,0.020697448547883846,0.016436067987721723,0.05455048574613792,0.23508570239936993,0.1891891891891892
channel_cool,bract_projection_peak_density,registered_endpoint,peaks per valid bin,recorded_development_exposed,1406,846,842,74,58,16,45,1287,53,52,0.00043344020531188934,0.021754411271711863,0.016204269368826338,0.05628646376111758,0.1984798063858589,0.23529411764705882
channel_cool,bract_projection_peak_density,registered_endpoint,peaks per valid bin,no_recorded_development_exposure,1447,913,911,86,74,12,29,1332,68,68,-0.001997100426482403,0.019889182935544775,0.016457348426534752,0.05240601503759398,0.2839070049553484,0.15
channel_cool,bract_projection_asymmetry,registered_endpoint,relative,all_cached,2853,1759,1753,160,132,28,74,2619,121,120,-0.0035238020478308998,0.02154804724983989,0.015882433274286976,0.05359527813726443,0.3577748454753802,0.1891891891891892
channel_cool,bract_projection_asymmetry,registered_endpoint,relative,recorded_development_exposed,1406,846,842,74,58,16,45,1287,53,52,-0.005435011270324342,0.022309082589402934,0.019435653388149107,0.052475335166292277,0.2190728250661658,0.23529411764705882
channel_cool,bract_projection_asymmetry,registered_endpoint,relative,no_recorded_development_exposure,1447,913,911,86,74,12,29,1332,68,68,-0.0020622891129829725,0.020966079048997555,0.013739127750379289,0.055213362928785384,0.4581058899874031,0.15
channel_cool,involucre_surface_edge_density,registered_endpoint,fraction,all_cached,2853,1759,1753,53,45,8,33,2767,42,42,0.008614322287329564,0.022211890023958576,0.011233095753108437,0.12633705443108775,0.8500931853172353,0.16
channel_cool,involucre_surface_edge_density,registered_endpoint,fraction,recorded_development_exposed,1406,846,842,27,23,4,19,1360,20,20,0.0029757242964622323,0.026868304212496884,0.011233095753108437,0.13056499597532398,0.875187969924812,0.16666666666666666
channel_cool,involucre_surface_edge_density,registered_endpoint,fraction,no_recorded_development_exposure,1447,913,911,26,22,4,14,1407,22,22,0.013740320460845314,0.017978786216196477,0.010665631630604522,0.045783867194812304,0.8622247317899493,0.15384615384615385
channel_cool,involucre_surface_lbp_entropy,registered_endpoint,normalized entropy,all_cached,2853,1759,1753,53,45,8,33,2767,42,42,0.012331286970184223,0.015969765610389857,0.006764315686715261,0.03898725405408772,0.9035734543391947,0.16
channel_cool,involucre_surface_lbp_entropy,registered_endpoint,normalized entropy,recorded_development_exposed,1406,846,842,27,23,4,19,1360,20,20,0.015202105235726498,0.01951715950384935,0.008813431384750048,0.045192714355439645,0.9172932330827066,0.16666666666666666
channel_cool,involucre_surface_lbp_entropy,registered_endpoint,normalized entropy,no_recorded_development_exposure,1447,913,911,26,22,4,14,1407,22,22,0.00972145218332761,0.012744862070881224,0.006143705780011499,0.03671899231941581,0.8531902879728968,0.15384615384615385
channel_cool,involucre_surface_high_frequency_energy,registered_endpoint,relative,all_cached,2853,1759,1753,53,45,8,33,2767,42,42,0.040743572948619446,0.08613582340011643,0.02573256541607241,0.3076818682022422,0.7223955643147015,0.16
channel_cool,involucre_surface_high_frequency_energy,registered_endpoint,relative,recorded_development_exposed,1406,846,842,27,23,4,19,1360,20,20,0.02444999246689278,0.07766966604883112,0.03158392342924152,0.2964538347130337,0.8401655351580484,0.16666666666666666
channel_cool,involucre_surface_high_frequency_energy,registered_endpoint,relative,no_recorded_development_exposure,1447,913,911,26,22,4,14,1407,22,22,0.05555591884109823,0.09383233008310307,0.02573256541607241,0.5437549442646528,0.5693307202460424,0.15384615384615385
channel_cool,involucre_surface_specular_fraction,registered_endpoint,fraction,all_cached,2853,1759,1753,53,45,8,33,2767,42,42,0.004355190257292883,0.007023377068391122,0.0,0.03987337120000505,0.7661208608772675,0.16
channel_cool,involucre_surface_specular_fraction,registered_endpoint,fraction,recorded_development_exposed,1406,846,842,27,23,4,19,1360,20,20,0.0024552560613697967,0.0024552560613697967,0.0,0.009537587849569295,0.7254762501100117,0.16666666666666666
channel_cool,involucre_surface_specular_fraction,registered_endpoint,fraction,no_recorded_development_exposure,1447,913,911,26,22,4,14,1407,22,22,0.00608240316267751,0.011176214347501417,0.0,0.053929627580710515,0.7961874286580329,0.15384615384615385
channel_cool,joint_hue_angular_change,joint_diagnostic_not_additional_endpoint,degrees,all_cached,2853,1759,1753,1250,1060,190,103,1500,832,830,,56.13542384718317,42.17284202575684,157.2350662231445,,0.1622905982905983
channel_cool,joint_hue_angular_change,joint_diagnostic_not_additional_endpoint,degrees,recorded_development_exposed,1406,846,842,623,538,85,52,731,410,408,,58.62635845608182,42.93157958984372,162.86255798339843,,0.14534470504619756
channel_cool,joint_hue_angular_change,joint_diagnostic_not_additional_endpoint,degrees,no_recorded_development_exposure,1447,913,911,627,522,105,51,769,422,422,,53.72712687933802,41.56899642944337,153.77874031066895,,0.17799736495388668
channel_cool,joint_colour_composition_total_variation,joint_diagnostic_not_additional_endpoint,fraction,all_cached,2853,1759,1753,1250,1060,190,103,1500,832,830,,0.31556225842784513,0.2948191272943852,0.6531470211190626,,0.1622905982905983
channel_cool,joint_colour_composition_total_variation,joint_diagnostic_not_additional_endpoint,fraction,recorded_development_exposed,1406,846,842,623,538,85,52,731,410,408,,0.3243529276449842,0.31387530876282865,0.6629710067899093,,0.14534470504619756
channel_cool,joint_colour_composition_total_variation,joint_diagnostic_not_additional_endpoint,fraction,no_recorded_development_exposure,1447,913,911,627,522,105,51,769,422,422,,0.30706322278663023,0.2818703352604409,0.6343599232348291,,0.17799736495388668
blur_sigma1,orientation_image_vertical_angle,registered_endpoint,degrees,all_cached,2853,1759,1753,995,926,69,201,1657,753,752,-0.36397523355750355,9.848918290917814,2.916904062431449,42.400245092062995,0.8794583120333354,0.06746532156368222
blur_sigma1,orientation_image_vertical_angle,registered_endpoint,degrees,recorded_development_exposed,1406,846,842,508,473,35,93,805,376,375,-1.910680871379888,11.01037878839665,2.8692925195182917,56.656749332562036,0.845987711912618,0.06835443037974684
blur_sigma1,orientation_image_vertical_angle,registered_endpoint,degrees,no_recorded_development_exposure,1447,913,911,487,453,34,108,852,377,377,1.174525069316221,8.693619387590056,3.1098640431071445,30.862104557779354,0.9077796948303186,0.06658291457286432
blur_sigma1,corolla_lab_lightness,registered_endpoint,Lab L*,all_cached,2853,1759,1753,1250,1232,18,134,1469,967,965,-1.4485759727201313,1.8397168357466993,1.2745094299316406,5.490196228027344,0.9781079518274126,0.013846153846153847
blur_sigma1,corolla_lab_lightness,registered_endpoint,Lab L*,recorded_development_exposed,1406,846,842,623,614,9,73,710,468,466,-1.3792813168745353,1.8081853086174131,1.1764755249023438,5.490196228027344,0.9787309723611611,0.012082444918265812
blur_sigma1,corolla_lab_lightness,registered_endpoint,Lab L*,no_recorded_development_exposure,1447,913,911,627,618,9,61,759,499,499,-1.513288016054896,1.8691631115828662,1.5686264038085938,5.124185180664053,0.9774930534212639,0.015480895915678524
blur_sigma1,corolla_lab_chroma,registered_endpoint,Lab chroma,all_cached,2853,1759,1753,1250,1232,18,134,1469,967,965,-0.04179007960107042,1.027253361604786,0.6256370544433594,2.9214973449707027,0.989498784714338,0.013846153846153847
blur_sigma1,corolla_lab_chroma,registered_endpoint,Lab chroma,recorded_development_exposed,1406,846,842,623,614,9,73,710,468,466,-0.11432731850805543,1.0734565738956303,0.6597585678100586,2.9144227504730225,0.9868047014769915,0.012082444918265812
blur_sigma1,corolla_lab_chroma,registered_endpoint,Lab chroma,no_recorded_development_exposure,1447,913,911,627,618,9,61,759,499,499,0.02595010743431036,0.9841056723712521,0.6005268096923828,3.0262332916259767,0.9911528174408667,0.015480895915678524
blur_sigma1,corolla_hue_sin,registered_endpoint,unitless,all_cached,2853,1759,1753,1250,1232,18,134,1469,967,965,-0.01168642959345832,0.030021209373703905,0.011461026920990713,0.11602565081908751,0.9939131957097948,0.013846153846153847
blur_sigma1,corolla_hue_sin,registered_endpoint,unitless,recorded_development_exposed,1406,846,842,623,614,9,73,710,468,466,-0.012596985514686848,0.03369328024382151,0.013069530444521194,0.1289309935323175,0.9905665372422913,0.012082444918265812
blur_sigma1,corolla_hue_sin,registered_endpoint,unitless,no_recorded_development_exposure,1447,913,911,627,618,9,61,759,499,499,-0.010836090797280977,0.026591980865738357,0.00966152140752452,0.09769965372561815,0.996739406523891,0.015480895915678524
blur_sigma1,corolla_hue_cos,registered_endpoint,unitless,all_cached,2853,1759,1753,1250,1232,18,134,1469,967,965,-0.009595188041236557,0.024844927306431654,0.011294448314837724,0.08805808387647603,0.9856354858649683,0.013846153846153847
blur_sigma1,corolla_hue_cos,registered_endpoint,unitless,recorded_development_exposed,1406,846,842,623,614,9,73,710,468,466,-0.006273661015174151,0.02518243617244774,0.011557813127256455,0.09032368360700645,0.9884953519583083,0.012082444918265812
blur_sigma1,corolla_hue_cos,registered_endpoint,unitless,no_recorded_development_exposure,1447,913,911,627,618,9,61,759,499,499,-0.012697054963370986,0.024529738666023843,0.011055333806346046,0.08441349837177108,0.9826328319289178,0.015480895915678524
blur_sigma1,visible_floret_fraction,registered_endpoint,fraction,all_cached,2853,1759,1753,1250,1232,18,134,1469,967,965,0.0297296584715214,0.039734013479799636,0.030760902568879422,0.1076629709998312,0.979052406773876,0.013846153846153847
blur_sigma1,visible_floret_fraction,registered_endpoint,fraction,recorded_development_exposed,1406,846,842,623,614,9,73,710,468,466,0.029293073003820995,0.03972163814360942,0.030741886946815095,0.10344183612710325,0.9816108487608434,0.012082444918265812
blur_sigma1,visible_floret_fraction,registered_endpoint,fraction,no_recorded_development_exposure,1447,913,911,627,618,9,61,759,499,499,0.030137371553582305,0.039745570406983295,0.030760902568879422,0.1086987068396265,0.9754858150035008,0.015480895915678524
blur_sigma1,corolla_white_pixel_fraction,registered_endpoint,fraction,all_cached,2853,1759,1753,1250,1232,18,134,1469,967,965,-0.011401283731676013,0.027084867974416685,0.018288972602076875,0.07933996689712416,0.962824489840064,0.013846153846153847
blur_sigma1,corolla_white_pixel_fraction,registered_endpoint,fraction,recorded_development_exposed,1406,846,842,623,614,9,73,710,468,466,-0.010461491563585728,0.02834504225671843,0.01956666277074367,0.0824627939768329,0.9676825728977488,0.012082444918265812
blur_sigma1,corolla_white_pixel_fraction,registered_endpoint,fraction,no_recorded_development_exposure,1447,913,911,627,618,9,61,759,499,499,-0.012278925315503819,0.025908031871104836,0.01670125482120342,0.07452968409677059,0.9569531054413986,0.015480895915678524
blur_sigma1,corolla_redmagenta_pixel_fraction,registered_endpoint,fraction,all_cached,2853,1759,1753,1250,1232,18,134,1469,967,965,0.005667533206680964,0.01792342227981495,0.00849514563106796,0.06955533671267686,0.9873062238315085,0.013846153846153847
blur_sigma1,corolla_redmagenta_pixel_fraction,registered_endpoint,fraction,recorded_development_exposed,1406,846,842,623,614,9,73,710,468,466,0.006658474590086336,0.019136605700355244,0.00974756551382535,0.07271979205353551,0.9861578849076533,0.012082444918265812
blur_sigma1,corolla_redmagenta_pixel_fraction,registered_endpoint,fraction,no_recorded_development_exposure,1447,913,911,627,618,9,61,759,499,499,0.004742125020975748,0.0167904694261641,0.0068622500601505775,0.06444986504901429,0.9880147207184972,0.015480895915678524
blur_sigma1,corolla_purple_pixel_fraction,registered_endpoint,fraction,all_cached,2853,1759,1753,1250,1232,18,134,1469,967,965,0.009720304885393759,0.019400593994320654,0.005656367937175111,0.07642176805079341,0.988972384806137,0.013846153846153847
blur_sigma1,corolla_purple_pixel_fraction,registered_endpoint,fraction,recorded_development_exposed,1406,846,842,623,614,9,73,710,468,466,0.007250379385318291,0.017738773943172744,0.0055951249211975695,0.0678683247198104,0.988998012349768,0.012082444918265812
blur_sigma1,corolla_purple_pixel_fraction,registered_endpoint,fraction,no_recorded_development_exposure,1447,913,911,627,618,9,61,759,499,499,0.012026888618931168,0.02095251412224635,0.0059392996063067915,0.09531302697675555,0.9888185301857156,0.015480895915678524
blur_sigma1,corolla_yellow_pixel_fraction,registered_endpoint,fraction,all_cached,2853,1759,1753,1250,1232,18,134,1469,967,965,-0.003986554360398707,0.028806955813994665,0.01850460237407936,0.08798189038295674,0.9892094315740302,0.013846153846153847
blur_sigma1,corolla_yellow_pixel_fraction,registered_endpoint,fraction,recorded_development_exposed,1406,846,842,623,614,9,73,710,468,466,-0.0034473624118188987,0.029914962969936287,0.018977506425038464,0.09363763501306158,0.9895750515695716,0.012082444918265812
blur_sigma1,corolla_yellow_pixel_fraction,registered_endpoint,fraction,no_recorded_development_exposure,1447,913,911,627,618,9,61,759,499,499,-0.004490088324403099,0.027772223680389854,0.01795339958927634,0.08364853285296697,0.9885255172644688,0.015480895915678524
blur_sigma1,capitulum_outline_aspect_ratio,registered_endpoint,ratio,all_cached,2853,1759,1753,1136,1083,53,174,1543,854,852,0.004159424661375177,0.07689843099329798,0.04422995216733899,0.25661902663463054,0.742784687354855,0.05226934523809523
blur_sigma1,capitulum_outline_aspect_ratio,registered_endpoint,ratio,recorded_development_exposed,1406,846,842,580,555,25,83,743,426,424,-0.001564343451885286,0.07581699547188912,0.04200406790779748,0.2513244109314804,0.7677969834689217,0.04906367041198502
blur_sigma1,capitulum_outline_aspect_ratio,registered_endpoint,ratio,no_recorded_development_exposure,1447,913,911,556,528,28,91,800,428,428,0.009829699614698624,0.07796975964067496,0.04428048963357567,0.257405195762233,0.7194080984444632,0.05543237250554324
blur_sigma1,capitulum_outline_circularity,registered_endpoint,unitless,all_cached,2853,1759,1753,1136,1083,53,174,1543,854,852,-0.031466460785082084,0.07232737275013176,0.05066962448583698,0.21881497463945962,0.6685482958765138,0.05226934523809523
blur_sigma1,capitulum_outline_circularity,registered_endpoint,unitless,recorded_development_exposed,1406,846,842,580,555,25,83,743,426,424,-0.035510618535159154,0.07250035115502428,0.052047510361713914,0.20147532577604238,0.6759198998748435,0.04906367041198502
blur_sigma1,capitulum_outline_circularity,registered_endpoint,unitless,no_recorded_development_exposure,1447,913,911,556,528,28,91,800,428,428,-0.02746009890182818,0.07215601096584572,0.04983170396595445,0.23010844085141455,0.6628862175054913,0.05543237250554324
blur_sigma1,capitulum_outline_solidity,registered_endpoint,unitless,all_cached,2853,1759,1753,1136,1083,53,174,1543,854,852,-0.027636715614878633,0.046963126973551504,0.03560872686368982,0.1363846713285874,0.7463112406645056,0.05226934523809523
blur_sigma1,capitulum_outline_solidity,registered_endpoint,unitless,recorded_development_exposed,1406,846,842,580,555,25,83,743,426,424,-0.030635396706368494,0.04778206693926999,0.0352512514356553,0.13963357334663715,0.7390952030877912,0.04906367041198502
blur_sigma1,capitulum_outline_solidity,registered_endpoint,unitless,no_recorded_development_exposure,1447,913,911,556,528,28,91,800,428,428,-0.024666059580318585,0.046151840652372454,0.03580922550668511,0.1296962831855095,0.75148379854724,0.05543237250554324
blur_sigma1,capitulum_width_profile_cv,registered_endpoint,unitless,all_cached,2853,1759,1753,1136,1083,53,174,1543,854,852,0.022699877910292602,0.05356292375490841,0.037051492816014636,0.16695699201148348,0.7001592023983426,0.05226934523809523
blur_sigma1,capitulum_width_profile_cv,registered_endpoint,unitless,recorded_development_exposed,1406,846,842,580,555,25,83,743,426,424,0.02125441889697888,0.05539868948550657,0.03598857990627112,0.1831323597933305,0.664763842569086,0.04906367041198502
blur_sigma1,capitulum_width_profile_cv,registered_endpoint,unitless,no_recorded_development_exposure,1447,913,911,556,528,28,91,800,428,428,0.024131827960865073,0.05174431471338127,0.03799749499084065,0.1485372694803207,0.7381511065214515,0.05543237250554324
blur_sigma1,involucre_length_width_ratio,registered_endpoint,ratio,all_cached,2853,1759,1753,160,94,66,112,2581,88,88,-0.024403493082345906,0.2006956479907263,0.08823628145265544,0.6849088820916026,0.7132718114895567,0.4177927927927928
blur_sigma1,involucre_length_width_ratio,registered_endpoint,ratio,recorded_development_exposed,1406,846,842,74,41,33,53,1279,38,38,-0.09351518872018756,0.20752444475965862,0.07215210967031588,0.8776197572612886,0.6969033811139075,0.45588235294117646
blur_sigma1,involucre_length_width_ratio,registered_endpoint,ratio,no_recorded_development_exposure,1447,913,911,86,53,33,59,1302,50,50,0.028121395602413737,0.1955057624463378,0.1066819013870498,0.6728001614930669,0.7173589435774309,0.38541666666666663
blur_sigma1,involucre_apical_taper_ratio,registered_endpoint,ratio,all_cached,2853,1759,1753,160,94,66,112,2581,88,88,-0.03628557467741392,0.23279741624992886,0.1317101682693031,0.8697127974960848,0.4084216829276884,0.4177927927927928
blur_sigma1,involucre_apical_taper_ratio,registered_endpoint,ratio,recorded_development_exposed,1406,846,842,74,41,33,53,1279,38,38,0.010224909188972743,0.2745559990428194,0.16325243569019354,0.941811855564241,0.20166320166320167,0.45588235294117646
blur_sigma1,involucre_apical_taper_ratio,registered_endpoint,ratio,no_recorded_development_exposure,1447,913,911,86,53,33,59,1302,50,50,-0.07163354241586779,0.20106089332733199,0.11906330168157786,0.7198303995933756,0.5565906362545018,0.38541666666666663
blur_sigma1,involucre_basal_taper_ratio,registered_endpoint,ratio,all_cached,2853,1759,1753,160,94,66,112,2581,88,88,-0.005881339495686044,0.17104618415210715,0.0929449277773075,0.4825429067416204,0.5152513120355042,0.4177927927927928
blur_sigma1,involucre_basal_taper_ratio,registered_endpoint,ratio,recorded_development_exposed,1406,846,842,74,41,33,53,1279,38,38,-0.01749047366208422,0.17769597384876756,0.09699586551629047,0.5268651332429665,0.6100229784440311,0.45588235294117646
blur_sigma1,involucre_basal_taper_ratio,registered_endpoint,ratio,no_recorded_development_exposure,1447,913,911,86,53,33,59,1302,50,50,0.00294160247077657,0.1659923439826452,0.08951925214947476,0.47354616756464973,0.4307803121248499,0.38541666666666663
blur_sigma1,bract_projection_roughness,registered_endpoint,relative,all_cached,2853,1759,1753,160,94,66,112,2581,88,88,0.016949805890415157,0.04421315239616916,0.03550647346652402,0.13712235386812405,0.5975132964671904,0.4177927927927928
blur_sigma1,bract_projection_roughness,registered_endpoint,relative,recorded_development_exposed,1406,846,842,74,41,33,53,1279,38,38,0.01515577651550163,0.04479800458547232,0.034163689753402046,0.13295662499633498,0.5614399824926141,0.45588235294117646
blur_sigma1,bract_projection_roughness,registered_endpoint,relative,no_recorded_development_exposure,1447,913,911,86,53,33,59,1302,50,50,0.018313268215349444,0.04376866473229876,0.03620104843680129,0.13525725788564524,0.6212244897959184,0.38541666666666663
blur_sigma1,bract_projection_p95,registered_endpoint,relative,all_cached,2853,1759,1753,160,94,66,112,2581,88,88,0.029092496662570945,0.07343693594799011,0.04558312098311887,0.2355680712091893,0.6156176253037936,0.4177927927927928
blur_sigma1,bract_projection_p95,registered_endpoint,relative,recorded_development_exposed,1406,846,842,74,41,33,53,1279,38,38,0.022880564460061713,0.0740869758569486,0.029784195604008586,0.2091938664943683,0.6529160739687055,0.45588235294117646
blur_sigma1,bract_projection_p95,registered_endpoint,relative,no_recorded_development_exposure,1447,913,911,86,53,33,59,1302,50,50,0.03381356513647796,0.07294290561718167,0.054117058180409607,0.2470727170145328,0.5974069627851141,0.38541666666666663
blur_sigma1,bract_projection_maximum,registered_endpoint,relative,all_cached,2853,1759,1753,160,94,66,112,2581,88,88,0.02761409734545103,0.10450430657367765,0.07359714568817036,0.31565583657102375,0.6609312810397662,0.4177927927927928
blur_sigma1,bract_projection_maximum,registered_endpoint,relative,recorded_development_exposed,1406,846,842,74,41,33,53,1279,38,38,0.021940211156560346,0.09343843705546044,0.07467660979614206,0.25269501224057417,0.6612320822847139,0.45588235294117646
blur_sigma1,bract_projection_maximum,registered_endpoint,relative,no_recorded_development_exposure,1447,913,911,86,53,33,59,1302,50,50,0.03192625084900795,0.1129143674075227,0.07341238372129807,0.313720071031016,0.6207442977190877,0.38541666666666663
blur_sigma1,bract_spread_fraction,registered_endpoint,fraction,all_cached,2853,1759,1753,160,94,66,112,2581,88,88,0.031956825394012255,0.0818548492982754,0.07157882011605415,0.2034602635621309,0.46782212017662106,0.4177927927927928
blur_sigma1,bract_spread_fraction,registered_endpoint,fraction,recorded_development_exposed,1406,846,842,74,41,33,53,1279,38,38,0.03210220560689181,0.08229702314404974,0.06817028602804309,0.19061176514487205,0.4709101862452422,0.45588235294117646
blur_sigma1,bract_spread_fraction,registered_endpoint,fraction,no_recorded_development_exposure,1447,913,911,86,53,33,59,1302,50,50,0.03184633643222378,0.08151879717548689,0.07724171539961011,0.2297435897435895,0.4795504249372155,0.38541666666666663
blur_sigma1,bract_projection_peak_density,registered_endpoint,peaks per valid bin,all_cached,2853,1759,1753,160,94,66,112,2581,88,88,0.0034791729203810253,0.019827976521876286,0.013125592212938242,0.05645326561525438,0.2711577697652252,0.4177927927927928
blur_sigma1,bract_projection_peak_density,registered_endpoint,peaks per valid bin,recorded_development_exposed,1406,846,842,74,41,33,53,1279,38,38,0.0023941754279297317,0.02171525794160868,0.019684344207414023,0.05195746126271971,0.21965796524869033,0.45588235294117646
blur_sigma1,bract_projection_peak_density,registered_endpoint,peaks per valid bin,no_recorded_development_exposure,1447,913,911,86,53,33,59,1302,50,50,0.00430377101464401,0.01839364264287966,0.010164945496270797,0.05974747474747474,0.3073688834744567,0.38541666666666663
blur_sigma1,bract_projection_asymmetry,registered_endpoint,relative,all_cached,2853,1759,1753,160,94,66,112,2581,88,88,0.0031347013827177474,0.02201769142906178,0.01770822428362749,0.06678146429657492,0.17225529217005392,0.4177927927927928
blur_sigma1,bract_projection_asymmetry,registered_endpoint,relative,recorded_development_exposed,1406,846,842,74,41,33,53,1279,38,38,0.00756755107361402,0.023678686802668367,0.021532326623624788,0.0723910882208703,0.014334172228909071,0.45588235294117646
blur_sigma1,bract_projection_asymmetry,registered_endpoint,relative,no_recorded_development_exposure,1447,913,911,86,53,33,59,1302,50,50,-0.00023426438236341787,0.02075533494512078,0.015247566551044707,0.05541306617152866,0.31755102040816324,0.38541666666666663
blur_sigma1,involucre_surface_edge_density,registered_endpoint,fraction,all_cached,2853,1759,1753,53,17,36,66,2734,15,15,-0.0700469512857234,0.07613645790048276,0.06428364616330368,0.14765788831437396,0.907142857142857,0.7
blur_sigma1,involucre_surface_edge_density,registered_endpoint,fraction,recorded_development_exposed,1406,846,842,27,10,17,24,1355,8,8,-0.07709933517157658,0.08270320658587826,0.0832936864724921,0.14675834000470592,0.7380952380952381,0.6666666666666666
blur_sigma1,involucre_surface_edge_density,registered_endpoint,fraction,no_recorded_development_exposure,1447,913,911,26,7,19,42,1379,7,7,-0.06198708398760549,0.06863160226003073,0.06345161017258294,0.13096240866766984,0.9642857142857145,0.7307692307692307
blur_sigma1,involucre_surface_lbp_entropy,registered_endpoint,normalized entropy,all_cached,2853,1759,1753,53,17,36,66,2734,15,15,-0.11126101752285017,0.11126101752285017,0.12100071546082425,0.14312764150992774,0.8035714285714284,0.7
blur_sigma1,involucre_surface_lbp_entropy,registered_endpoint,normalized entropy,recorded_development_exposed,1406,846,842,27,10,17,24,1355,8,8,-0.11904938735331544,0.11904938735331544,0.11766398583725696,0.15132768199069085,0.7380952380952381,0.6666666666666666
blur_sigma1,involucre_surface_lbp_entropy,registered_endpoint,normalized entropy,no_recorded_development_exposure,1447,913,911,26,7,19,42,1379,7,7,-0.10236002343088987,0.10236002343088987,0.12100071546082425,0.13466468439764334,0.8928571428571429,0.7307692307692307
blur_sigma1,involucre_surface_high_frequency_energy,registered_endpoint,relative,all_cached,2853,1759,1753,53,17,36,66,2734,15,15,-0.1998755229010462,0.2262897320817406,0.19374999999999998,0.5673353283430305,0.31814132453469957,0.7
blur_sigma1,involucre_surface_high_frequency_energy,registered_endpoint,relative,recorded_development_exposed,1406,846,842,27,10,17,24,1355,8,8,-0.17338503784799125,0.2229116800617933,0.185576195478817,0.5007722254307044,-0.3832404038122429,0.6666666666666666
blur_sigma1,involucre_surface_high_frequency_energy,registered_endpoint,relative,no_recorded_development_exposure,1447,913,911,26,7,19,42,1379,7,7,-0.23015036296168048,0.23015036296168048,0.19374999999999998,0.4951401139695149,0.8571428571428573,0.7307692307692307
blur_sigma1,involucre_surface_specular_fraction,registered_endpoint,fraction,all_cached,2853,1759,1753,53,17,36,66,2734,15,15,0.0036991011348122757,0.00892363788327558,0.0,0.05582998072012996,0.9999999999999998,0.7
blur_sigma1,involucre_surface_specular_fraction,registered_endpoint,fraction,recorded_development_exposed,1406,846,842,27,10,17,24,1355,8,8,-0.004898003201684347,0.004898003201684347,0.0,0.025469616648758582,0.9999999999999999,0.6666666666666666
blur_sigma1,involucre_surface_specular_fraction,registered_endpoint,fraction,no_recorded_development_exposure,1447,913,911,26,7,19,42,1379,7,7,0.013524363233665558,0.013524363233665558,0.0,0.06626937984496117,0.9999999999999998,0.7307692307692307
blur_sigma1,joint_hue_angular_change,joint_diagnostic_not_additional_endpoint,degrees,all_cached,2853,1759,1753,1250,1232,18,134,1469,967,965,,2.4235393459603367,1.153411865234375,8.793554687499997,,0.013846153846153847
blur_sigma1,joint_hue_angular_change,joint_diagnostic_not_additional_endpoint,degrees,recorded_development_exposed,1406,846,842,623,614,9,73,710,468,466,,2.5985599157636257,1.157958984375007,8.874641418457031,,0.012082444918265812
blur_sigma1,joint_hue_angular_change,joint_diagnostic_not_additional_endpoint,degrees,no_recorded_development_exposure,1447,913,911,627,618,9,61,759,499,499,,2.260093282777306,1.148193359375,7.26247253417966,,0.015480895915678524
blur_sigma1,joint_colour_composition_total_variation,joint_diagnostic_not_additional_endpoint,fraction,all_cached,2853,1759,1753,1250,1232,18,134,1469,967,965,,0.046607920031273474,0.03641080571142188,0.12791265304738916,,0.013846153846153847
blur_sigma1,joint_colour_composition_total_variation,joint_diagnostic_not_additional_endpoint,fraction,recorded_development_exposed,1406,846,842,623,614,9,73,710,468,466,,0.047567692435091354,0.037062467663090085,0.13044779514349264,,0.012082444918265812
blur_sigma1,joint_colour_composition_total_variation,joint_diagnostic_not_additional_endpoint,fraction,no_recorded_development_exposure,1447,913,911,627,618,9,61,759,499,499,,0.045711619549952565,0.03476557918982768,0.12332929042137752,,0.015480895915678524
